spec,features,n_features,alpha,in_mape_pct,in_p50_pct,in_p90_pct,in_p95_pct,in_max_pct,in_bias_pct,in_rmse_pct,lobo_mape_pct,lobo_p50_pct,lobo_p90_pct,lobo_p95_pct,lobo_max_pct,lobo_bias_pct,lobo_rmse_pct,lowo_mape_pct,lowo_p50_pct,lowo_p90_pct,lowo_p95_pct,lowo_max_pct,lowo_bias_pct,lowo_rmse_pct,cv_score_pct,cv_max_score_pct,lobo_mean_fold_mape_pct,lowo_mean_fold_mape_pct,nonnegative,nonzero_terms
v7_reference,1;dupL;min_L_64;max_WL_minus_3072;dup_cross,5,1.0,23.95086327336501,16.234145232092203,58.98721592707889,74.16118963888835,140.38205002162988,4.027144387460195e-14,33.025704824355195,30.502885882542536,19.11818893322036,67.16208978450776,83.15517845663915,639.8316890682181,5.0783487641248195,54.75728004818996,24.74157187086726,17.216304896359794,60.438212152307585,72.23382148984078,161.16111722552873,-1.7375042097806073,34.0569217848124,27.6222288767049,400.49640314687343,30.502885882542536,24.74157187086726,True,5
v7_reference,1;dupL;min_L_64;max_WL_minus_3072;dup_cross,5,1.5,21.118067346201293,13.635656654043228,55.72810220740565,69.838320670176,127.03637797365471,-4.622498900742691,30.054598463363728,26.93966566479451,14.999977254803266,65.68418622748669,78.75211344502854,573.2426368410174,0.17009656175126286,49.16990735212868,21.96505901391221,14.080094936772293,58.977581690732016,71.9311546834943,132.98132768716528,-5.147778538292204,31.288140907786904,24.45236233935336,353.11198226409135,26.93966566479451,21.965059013912214,True,5
v7_reference,1;dupL;min_L_64;max_WL_minus_3072;dup_cross,5,2.0,20.48336216137473,13.246091563436053,54.36423010149446,68.64443263360313,113.25894004326082,-8.642972469036218,29.398932751098663,25.705256743375283,14.835671081278363,63.40510815455022,74.81748199079789,543.9053142435953,-3.9385832938691996,46.72244045657546,21.081512037621405,13.56822894465775,57.366922850251704,71.29313569430188,118.28334057837462,-8.731310756112048,30.324769617135473,23.393384390498344,331.09432741098493,25.705256743375283,21.081512037621405,True,5
v8_linear,1;K;min_L_64;max_L_minus_64;max_WL_minus_3072;dupL;cross;dup_cross,8,1.0,19.896521625040627,12.369300832258817,52.40288204965016,68.51065045415116,164.75611353779138,6.675129738118954e-14,29.810921375599552,25.890331936602188,14.09489986295367,63.229574787448605,78.77106383308107,533.0704731052384,4.944581601745524,49.03822370459751,21.47241619558545,13.881855809648513,57.926572549483616,71.7429842993524,172.71870307892777,-2.038751657766215,31.404379663589122,23.681374066093817,352.8945880920831,25.890331936602188,21.47241619558545,True,6
v8_linear,1;K;min_L_64;max_L_minus_64;max_WL_minus_3072;dupL;cross;dup_cross,8,1.5,17.67871277381638,11.241282917113132,49.31144252281091,66.50232205249563,138.31879312523324,-3.890212626269534,27.18987648900978,22.897475974207694,12.099877264530235,61.12999080280749,75.14628383559943,435.3715193140629,0.8453486001010065,42.664188821187366,18.99752434006382,12.096712174379443,56.12607974569709,71.03624163224453,139.04845852174637,-4.765324874605688,29.053446938482512,20.947500157135757,287.20998891790464,22.897475974207694,18.99752434006382,True,6
v8_linear,1;K;min_L_64;max_L_minus_64;max_WL_minus_3072;dupL;cross;dup_cross,8,2.0,17.540319391479553,10.63800595771584,49.52906179379125,67.44723141770892,116.5764944121277,-7.124236409837911,26.691265256329906,22.12206762561479,12.237620341988574,58.08692297584238,73.96881950659464,365.2834125724281,-2.5822650104584426,39.169935593550996,18.534818213590327,11.384014244917601,54.84119554959735,70.2698359543375,116.09662992927827,-7.536641939511202,28.194665376462375,20.32844291960256,240.6900212508532,22.12206762561479,18.53481821359033,True,6
v8_cross,1;K;min_L_64;max_L_minus_64;max_WL_minus_3072;dup;dupL_minL;cross,8,1.0,17.414795750607645,10.514913726712255,43.95280590879115,63.20503594119351,150.19614198667804,-2.312573872908649e-12,26.61035410254284,19.310287723853683,11.427020480250683,48.57520143412262,65.14090662643785,207.01836793706582,1.932674299976599,30.74228745186438,19.57489651787014,11.687892338405941,57.60223104063679,68.13264830251168,158.70499024241744,-2.1369519891437454,29.70431202033781,19.44259212086191,182.86167908974164,19.310287723853687,19.57489651787014,True,6
v8_cross,1;K;min_L_64;max_L_minus_64;max_WL_minus_3072;dup;dupL_minL;cross,8,1.5,16.558335441154867,10.248189382202188,42.711011773060875,63.305950791354654,131.056583773863,-3.2802079456706283,25.206152683643378,18.482076203071024,11.56986110015999,46.15056668535064,66.07461628252561,198.01947254744877,-1.1201689161318096,29.67316251656751,18.149233217594833,10.427779312274865,54.71811048672747,66.1477696357362,133.41661512950714,-4.557988842420866,27.664479337793658,18.31565471033293,165.71804383847797,18.482076203071024,18.149233217594833,True,6
v8_cross,1;K;min_L_64;max_L_minus_64;max_WL_minus_3072;dup;dupL_minL;cross,8,2.0,16.472548906827242,10.27994325465515,43.85055999352377,64.60797512688241,112.90922298371142,-6.159190454749221,24.817716363012376,18.30045560088837,11.05408038277254,47.164399380620324,66.94222719497353,191.62262787063787,-3.90088532650344,29.254985253898436,17.622148209710875,10.776954762004149,54.17401891991439,66.3122984208641,113.80613186209119,-6.897735515331107,26.616946596697815,17.96130190529962,152.71437986636454,18.30045560088837,17.622148209710875,True,6
v8_nocross,1;K;min_L_64;max_L_minus_64;max_WL_minus_3072;dup;dupL_minL,7,1.0,20.23786051861785,12.843977887979063,52.43846746960208,65.64093353374984,113.08714444773926,1.8657263449849836e-12,28.95736432500143,21.44342965187972,13.486515842564955,54.10067844505851,66.38242106666395,155.10840768839677,0.8574121679266612,30.562669218431722,21.97164365442124,13.082918728220893,58.46158522005651,70.04095578360774,117.76518670437764,-1.8847245179302834,31.627600776834974,21.707536653150477,136.4367971963872,21.44342965187972,21.97164365442124,True,5
v8_nocross,1;K;min_L_64;max_L_minus_64;max_WL_minus_3072;dup;dupL_minL,7,1.5,19.220206282698804,12.3063990082173,49.745114573504544,65.01221086747753,104.20388530772956,-3.900845322415673,27.45895025914016,20.339021342245736,13.05720808273283,50.535090502723115,66.3842677708193,153.49203634070895,-2.7011939223017216,29.120818357178457,20.563811931146926,12.745026997724718,55.06895125128973,66.97573599222832,109.99074585274316,-4.955493970074923,29.563544379062417,20.45141663669633,131.74139109672606,20.339021342245736,20.563811931146923,True,5
v8_nocross,1;K;min_L_64;max_L_minus_64;max_WL_minus_3072;dup;dupL_minL,7,2.0,18.98566741354018,12.337414969164746,47.8651199401091,63.81662184989064,93.80966657385719,-7.298471816493995,27.015683993736328,20.013617679678855,12.953273266884942,48.72823298605895,66.56685147282423,141.57441369679827,-5.645371241536342,28.550173048991446,19.952665573793883,12.840144404577437,53.5909994248473,66.3207400032342,97.95428566474784,-7.868148696762944,28.534613366515437,19.98314162673637,119.76434968077305,20.013617679678852,19.952665573793883,True,5
v8_quadratic,1;K;min_L_64;max_L_minus_64;max_WL_minus_3072;dup;dupL_L;cross,8,1.0,17.14221565028517,10.310478596187451,47.03568530025822,64.53617115468455,153.69828927159523,4.3195261032621003e-13,26.987686475391726,19.184281472665162,11.634909734513998,52.26536573142563,66.59058833087775,213.2735538486658,0.3980024783827316,31.198380966222384,19.04842172852994,11.519591282472108,54.898091173398896,70.71101612591644,157.61055263401195,-1.7831711624848985,29.573809591253376,19.116351600597554,185.4420532413389,19.184281472665162,19.04842172852995,True,6
v8_quadratic,1;K;min_L_64;max_L_minus_64;max_WL_minus_3072;dup;dupL_L;cross,8,1.5,16.274723143688615,9.084647999175132,47.09671641441326,64.81930818857252,131.51639425178954,-3.612542276323831,25.750951799400156,18.531007576908518,10.942227811901372,50.13366982742669,66.8510122919588,201.9201168656868,-2.4605602258795196,30.01027109691112,17.871554631107863,10.266052546939575,53.055910244001964,69.10893265231554,149.19521499030574,-4.473890327727233,28.065852898686174,18.20128110400819,175.55766592799625,18.53100757690852,17.871554631107863,True,6
v8_quadratic,1;K;min_L_64;max_L_minus_64;max_WL_minus_3072;dup;dupL_L;cross,8,2.0,16.463655229406484,9.712484281294802,46.89561361542282,65.8735735021385,111.81291573051757,-6.474445674637909,25.444932058546964,18.653726311186347,11.481837805172463,49.93435586148733,67.54652624892287,193.98619178571553,-4.972856091450783,29.663108979986387,17.764712354500134,10.459344501265265,50.60636142966047,69.09796632661894,149.16513900553275,-6.760607680188402,27.46570025264552,18.20921933284324,171.57566539562413,18.653726311186347,17.764712354500134,True,7
v8_l32_t32_d64_p32,1;min_L_32;max_L_minus_32;dupL_minL_64;cross_minL_32,5,1.0,17.4825837597716,11.853947412872406,42.43187025411439,61.647272870769044,93.26912485228343,5.113921708459727e-13,24.930737375930534,18.305883445783138,12.621946551019208,43.55221031979021,62.069019278957,101.71008976470776,0.7889011280517074,25.76480429818791,19.777853204937845,12.629906362512388,57.627120225377766,66.07755348630026,106.74755104620198,-2.1590531829209256,28.249620402333512,19.04186832536049,104.22882040545487,18.30588344578314,19.777853204937845,True,5
v8_l32_t32_d64_p32,1;min_L_32;max_L_minus_32;dupL_minL_64;cross_minL_32,5,1.5,16.195361185096974,11.149903830358998,41.247533496317295,60.34947999776491,84.48171450935821,-2.9867464972323723,23.52226685734451,16.94285947871133,11.722064012958139,40.719806538741324,60.25361691908284,94.07376641112806,-2.19388160219999,24.194250611605117,17.87355479386742,11.635415583747033,53.14855666912826,63.50118665553031,93.76406175929357,-4.226176569452979,26.009078569202043,17.408207136289377,93.91891408521082,16.942859478711334,17.87355479386742,True,5
v8_l32_t32_d64_p32,1;min_L_32;max_L_minus_32;dupL_minL_64;cross_minL_32,5,2.0,15.615879127385941,10.455693748361483,44.79408773524468,60.06443724138342,84.46102059504513,-5.369122560474982,23.171367159655347,16.284273432805467,10.915878298005982,44.98747306336402,60.069999374576376,87.91586675983952,-4.602907494311086,23.71114695998436,16.739837723678313,10.860020614554355,49.54192373383845,62.4275607008162,84.67973646509601,-6.0785049895040455,24.765593725020217,16.512055578241892,86.29780161246777,16.284273432805463,16.73983772367831,True,5
v8_l32_t32_d64_p32_lowW2,1;min_L_32;max_L_minus_32;dupL_minL_64;cross_minL_32;lowW_2_L,6,1.0,16.633357643564487,11.41463559846671,40.15795739369928,56.81716317496832,126.9878246416813,5.466986421880895e-13,24.060409083013727,17.53114305916202,12.016883159515828,41.781246062432174,57.97082507593003,152.19217287978952,0.6748834806563817,25.041585343449235,19.333467754904845,12.89094555725222,55.386783296004914,66.65998420972913,102.26504005825832,-4.453722342967893,27.4847421747255,18.432305407033432,127.22860646902393,17.53114305916202,19.33346775490484,True,6
v8_l32_t32_d64_p32_lowW2,1;min_L_32;max_L_minus_32;dupL_minL_64;cross_minL_32;lowW_2_L,6,1.5,15.478064017086293,10.621297753889959,39.466404517820095,56.09812298803842,103.04794400698553,-2.7086359998939464,22.620254275462536,16.19913477410942,10.993850645530895,39.65659690474353,56.98772461126693,122.49014250090494,-2.0065297345417554,23.33060187141339,17.68694712071463,11.958882104604834,52.72870734108864,62.70246577602954,88.17065604526142,-5.876792686551743,25.599022622279843,16.943040947412026,105.33039927308317,16.199134774109417,17.68694712071464,True,6
v8_l32_t32_d64_p32_lowW2,1;min_L_32;max_L_minus_32;dupL_minL_64;cross_minL_32;lowW_2_L,6,2.0,14.977147733448566,10.045613495190807,42.61407688487168,56.12028507097631,84.78234029947525,-4.953852759176773,22.25725220951003,15.583693174754817,10.408752063462362,42.47589150796714,56.85690269499242,100.98624730300583,-4.2707387096173814,22.806212747303046,16.711645150376334,11.133217155180454,48.378707790920984,61.976338174325605,84.94964147330552,-7.310771938033238,24.546626288069092,16.147669162565577,92.96794438815567,15.583693174754819,16.711645150376334,True,6
v8_l32_t32_d64_p32_lowW4,1;min_L_32;max_L_minus_32;dupL_minL_64;cross_minL_32;lowW_4_L,6,1.0,16.36404272589765,11.066634848511642,39.72493269453805,56.8674846017643,107.20481026231919,1.965025795634687e-12,23.839386405298725,17.31450802513251,12.311319334098942,41.42207338700437,57.41342159601797,119.77134835823135,0.4892349855158052,24.811176834364325,17.939432274808905,11.48141903958194,53.302278096073714,61.23368194692498,114.7069448418828,-2.3472268398396676,26.218170587315914,17.62697014997071,117.23914660005707,17.314508025132508,17.939432274808905,True,6
v8_l32_t32_d64_p32_lowW4,1;min_L_32;max_L_minus_32;dupL_minL_64;cross_minL_32;lowW_4_L,6,1.5,15.281165888692192,10.391191695827455,38.05729122627121,56.07323601842814,85.80689244120103,-2.6330677510726677,22.363818840998405,16.007607288980072,10.88050048343872,38.19861974744114,56.86954078338231,95.25658565895955,-2.1161606821159022,23.01499967587131,16.498685946555227,10.818443910726806,48.035246664749614,58.85820014260715,95.92264035325138,-4.001813908503478,24.322106983915663,16.253146617767648,95.58961300610547,16.00760728898007,16.498685946555224,True,6
v8_l32_t32_d64_p32_lowW4,1;min_L_32;max_L_minus_32;dupL_minL_64;cross_minL_32;lowW_4_L,6,2.0,14.794480448004675,9.948927505460942,38.6672429290304,55.913119547081365,84.05124060069195,-4.836562419421937,21.9921859291517,15.409618258952843,10.09742974754053,40.302261587855185,56.54802192845233,84.27525217840355,-4.333160285580908,22.479557988518323,15.638556098379313,10.159585339304144,41.95055924642468,58.49765208240753,84.06254137080651,-5.6153697419453845,23.275316303724594,15.524087178666079,84.16889677460503,15.409618258952843,15.638556098379315,True,6
v8_l32_t32_d64_p32_lowW8,1;min_L_32;max_L_minus_32;dupL_minL_64;cross_minL_32;lowW_8_L,6,1.0,16.574982970310117,11.050946682728824,40.69489582626848,58.4147710163446,109.27793623300053,1.4894917597455517e-13,24.24515129713587,17.772105164234535,12.113774401066951,43.507581430572095,59.94258292917661,118.60654845249492,0.35503003701007935,25.60002067973648,18.39632141666156,11.75202693190584,54.33122099367426,64.57710244983753,133.60224375319225,-2.251163804791804,26.98704220275007,18.084213290448048,126.1043961028436,17.77210516423454,18.396321416661557,True,6
v8_l32_t32_d64_p32_lowW8,1;min_L_32;max_L_minus_32;dupL_minL_64;cross_minL_32;lowW_8_L,6,1.5,15.487633820934844,10.307612820619205,38.75776086756673,56.56936016414015,93.49254864885192,-2.7337279511016686,22.741165810454945,16.403900732227097,11.126372409858238,39.77392264073605,57.299698069841256,104.64979529003178,-2.312629327956987,23.62001560578404,16.87908765783449,11.008746164706407,51.03405987809011,60.29427791999774,116.4878334952057,-4.0518467043441175,24.976863992581773,16.641494195030795,110.56881439261875,16.403900732227093,16.879087657834493,True,6
v8_l32_t32_d64_p32_lowW8,1;min_L_32;max_L_minus_32;dupL_minL_64;cross_minL_32;lowW_8_L,6,2.0,14.97098591201846,9.870256090907425,40.491864576670096,56.83405361611236,84.15472191710262,-5.001156899444418,22.363266531177228,15.71363320766914,10.295818001594414,41.67154198552852,57.7755407715861,94.94050173734092,-4.567034571155042,22.990637122410696,15.959567662733068,10.503704201846764,46.527132295127736,60.242594593229015,103.17005548758166,-5.753382811048584,23.87927171203609,15.836600435201104,99.0552786124613,15.71363320766914,15.959567662733066,True,6
v8_l32_t32_d64_p32_lowW16,1;min_L_32;max_L_minus_32;dupL_minL_64;cross_minL_32;lowW_16_L,6,1.0,16.99993953054082,11.58855372016318,42.031880623879275,59.51994199266204,108.20760986814486,1.6003761463043873e-12,24.70213546909591,18.381632448025055,12.44965236949604,45.87894205123953,61.08068353251546,138.05886818204263,0.6354986572702317,26.50739774565488,19.058215779407288,12.13792858662719,54.400300282539156,65.01355867262193,137.04407403731378,-2.2581840361400998,27.714878470952254,18.71992411371617,137.5514711096782,18.38163244802505,19.058215779407284,True,6
v8_l32_t32_d64_p32_lowW16,1;min_L_32;max_L_minus_32;dupL_minL_64;cross_minL_32;lowW_16_L,6,1.5,15.862360002241395,10.644557523428745,39.44275032208661,57.685451187704146,89.24716619245183,-2.849950887725544,23.168687333348327,17.00112048717427,11.592396308676069,42.16575437908495,59.6511524931076,113.11577734640808,-2.427408262691426,24.37368141653097,17.504455780600452,11.340403113320185,51.140795782416625,62.51361542201157,113.79757146552794,-4.303475268789643,25.649399806029034,17.25278813388736,113.45667440596802,17.001120487174266,17.50445578060045,True,6
v8_l32_t32_d64_p32_lowW16,1;min_L_32;max_L_minus_32;dupL_minL_64;cross_minL_32;lowW_16_L,6,2.0,15.304085972202403,10.256321805265511,40.93470052374833,57.907205336921805,84.3087173271544,-5.191391485290831,22.784625266374505,16.275178867332954,10.96924904511819,43.680730357495214,59.63377652643951,97.48738502276362,-4.884352066327942,23.671429875271592,16.516099305635098,10.79036360628356,47.387880309261625,61.47382774293316,96.86055397346587,-6.125453680706089,24.516509079405544,16.395639086484024,97.17396949811474,16.275178867332954,16.516099305635098,True,6
v8_l32_t32_d64_p32_wl3072,1;min_L_32;max_L_minus_32;dupL_minL_64;cross_minL_32;max_WL_minus_3072,6,1.0,16.98423405621885,11.632609964285063,40.24596729311924,61.613606086568225,96.4261479116937,-3.7568292162471136e-13,24.42133024764665,18.40931054293963,12.661213635111878,45.53985737829629,62.9188881527796,161.82702068868963,1.5083155374806514,26.546519711776334,19.26597851655896,12.562953737289506,56.61063181683419,66.9576737734323,118.08625244086208,-2.1199559894216566,27.786618843288863,18.837644529749294,139.95663656477586,18.40931054293963,19.26597851655896,True,6
v8_l32_t32_d64_p32_wl3072,1;min_L_32;max_L_minus_32;dupL_minL_64;cross_minL_32;max_WL_minus_3072,6,1.5,15.918222891183431,10.953439842458867,38.93741786676855,60.230089011619945,84.3495546182069,-2.966297691627426,23.25301031540646,17.25836404465868,11.704137330202274,41.66746734998659,62.35583405297673,157.65039358445256,-1.2785343912775031,25.35286767363542,17.64430338340054,11.486226618444705,54.312742116116425,63.19246814956114,109.64711569081338,-4.254386658555972,25.943106917381755,17.45133371402961,133.64875463763298,17.25836404465868,17.644303383400537,True,6
v8_l32_t32_d64_p32_wl3072,1;min_L_32;max_L_minus_32;dupL_minL_64;cross_minL_32;max_WL_minus_3072,6,2.0,15.414586916504811,10.479664438979686,40.94684757795455,60.61651715142413,84.38455035407219,-5.279506505992268,22.977176732558082,16.502910454542246,10.992544869251075,44.21795554714968,63.12237906167097,139.6457662457244,-3.630499123313264,24.583823269442828,16.702583051166414,10.930980290553538,52.29555404994123,62.672885863179104,95.04128420605731,-6.042705752750127,24.928663837881214,16.60274675285433,117.34352522589086,16.50291045454225,16.70258305116641,True,6
v8_l32_t32_d64_p32_wl3072_lowW2,1;min_L_32;max_L_minus_32;dupL_minL_64;cross_minL_32;max_WL_minus_3072;lowW_2_L,7,1.0,16.14701635686411,11.002929458345628,38.21776962107295,56.84620790914633,122.4588601851325,-7.828106692884954e-13,23.396786618141284,17.58968188746635,12.13145051204209,41.715758464141885,59.27078619641518,148.9743803550564,1.359577146876133,25.365399375432933,18.745887164183927,12.509976550544987,54.52945089338612,66.27461620979507,111.85456779052343,-4.596315886462749,26.903931107108264,18.16778452582514,130.41447407278991,17.58968188746635,18.745887164183927,True,7
v8_l32_t32_d64_p32_wl3072_lowW2,1;min_L_32;max_L_minus_32;dupL_minL_64;cross_minL_32;max_WL_minus_3072;lowW_2_L,7,1.5,15.188534033113909,10.416788922619848,36.836369602298056,56.777547270822666,98.73350697971237,-2.666150012110057,22.247358054755566,16.45187644986129,11.054927538903154,39.51961813229941,58.87216889961065,149.18697117453425,-1.113271920584748,24.1619487902924,17.450149517873157,11.600548468621463,52.210331620884155,62.535993205295796,107.4526718162585,-6.026349461115058,25.46650869042307,16.951012983867223,128.31982149539638,16.451876449861288,17.45014951787316,True,7
v8_l32_t32_d64_p32_wl3072_lowW2,1;min_L_32;max_L_minus_32;dupL_minL_64;cross_minL_32;max_WL_minus_3072;lowW_2_L,7,2.0,14.735872997498182,10.095267064467928,37.81650334498247,56.87090535920374,84.58217050094554,-4.8255902272117766,21.96722610438527,15.719905525141522,10.3807454439367,41.33089147212165,58.45022100703225,133.9498056739939,-3.3013385414875493,23.456104912205646,16.658584924751334,11.057236245149316,51.36644588703008,61.93708238298649,95.55184851617224,-7.338492347369876,24.671659468171402,16.18924522494643,114.75082709508307,15.719905525141527,16.658584924751334,True,7
v8_l32_t32_d64_p32_wl3072_lowW4,1;min_L_32;max_L_minus_32;dupL_minL_64;cross_minL_32;max_WL_minus_3072;lowW_4_L,7,1.0,15.937142145257209,10.980518069199025,36.881435407868466,55.32764992289278,104.51360017896243,-6.984061362362476e-13,22.9929697293139,17.378483975846837,12.191811875445353,39.990193174778874,57.07203413527726,138.51792823965826,1.1675937698703869,24.692136601111123,17.4207609077342,11.387517389449268,48.63850398835577,58.914065702245274,106.29174792393799,-2.4010946224256147,25.3030659742824,17.39962244179052,122.40483808179812,17.378483975846837,17.420760907734202,True,7
v8_l32_t32_d64_p32_wl3072_lowW4,1;min_L_32;max_L_minus_32;dupL_minL_64;cross_minL_32;max_WL_minus_3072;lowW_4_L,7,1.5,14.948529370028806,10.362635441431623,35.418222024082446,55.99527440351983,83.76950440351213,-2.558395243285288,21.837878175596224,16.140269666520474,11.048689770859522,37.76535744764131,57.466093256714274,142.04191426486838,-1.198737960869764,23.49763922825831,16.24757019615693,10.79443170605336,44.363348543044445,58.0561411250778,105.32911309961261,-4.0954581909563545,23.890657382089202,16.1939199313387,123.6855136822405,16.140269666520474,16.247570196156932,True,7
v8_l32_t32_d64_p32_wl3072_lowW4,1;min_L_32;max_L_minus_32;dupL_minL_64;cross_minL_32;max_WL_minus_3072;lowW_4_L,7,2.0,14.508774954723064,9.96510182762388,35.65442833702634,55.20799134264991,83.89500616716558,-4.647910538887047,21.55901328652848,15.415282213063083,10.45737258378101,37.686048323810546,56.797990070692755,129.4486924561363,-3.3025166471814202,22.86758734977987,15.525063160075833,10.378616991297541,42.14158968340579,58.13756900827983,96.40646063113833,-5.5809443953126046,23.12952176763959,15.470172686569459,112.92757654363731,15.415282213063083,15.525063160075831,True,7
v8_l32_t32_d64_p32_wl3072_lowW8,1;min_L_32;max_L_minus_32;dupL_minL_64;cross_minL_32;max_WL_minus_3072;lowW_8_L,7,1.0,15.802197750685076,10.57418542162047,37.03254781864067,57.41126435241421,96.84333329241845,-1.0180952009668206e-12,23.094287787522727,17.071315940935325,11.752468424203183,40.0405098907334,58.441799308758114,133.00193184938908,1.3184973819059964,24.74165234729579,17.302760718845306,11.300453218151258,47.661350532112365,60.412804400169314,112.8807802363501,-1.8165744492414548,25.344122968910572,17.187038329890314,122.94135604286959,17.07131594093532,17.302760718845306,True,6
v8_l32_t32_d64_p32_wl3072_lowW8,1;min_L_32;max_L_minus_32;dupL_minL_64;cross_minL_32;max_WL_minus_3072;lowW_8_L,7,1.5,14.903838503699816,10.103102957529615,35.83233010333272,56.73906379961986,83.81824055141003,-2.6106629992347212,21.980143007044774,16.010691981280225,10.852581244796145,38.185142517055276,58.81599196708526,136.10229325582816,-1.2419910942809138,23.504548426655457,16.095033417368136,10.654210864094066,44.07998372809106,58.704086277683935,103.33025654721988,-3.735233514788712,23.91232502237263,16.05286269932418,119.71627490152402,16.010691981280225,16.095033417368136,True,6
v8_l32_t32_d64_p32_wl3072_lowW8,1;min_L_32;max_L_minus_32;dupL_minL_64;cross_minL_32;max_WL_minus_3072;lowW_8_L,7,2.0,14.513914976654236,9.957611670570643,34.92031093944829,56.10949863277551,83.92168302238439,-4.717678011751439,21.72021641639482,15.408219305422993,10.231196853438462,37.63511576956366,57.82946357526018,124.6756310186571,-3.4565128539245364,22.89905074698728,15.439683583719688,10.400679153625308,41.17863119796022,59.55916296872941,97.69671294172578,-5.417653707570357,23.262017756256835,15.42395144457134,111.18617198019143,15.408219305422994,15.439683583719686,True,6
v8_l32_t32_d64_p32_wl3072_lowW16,1;min_L_32;max_L_minus_32;dupL_minL_64;cross_minL_32;max_WL_minus_3072;lowW_16_L,7,1.0,15.98426446111796,10.592859935634902,37.89651293854906,58.88459187667571,104.7652790994397,-1.152976954766001e-13,23.42633993438127,17.370449976504954,11.78227272838604,42.00667720266717,59.83973525449381,131.31077030299184,1.6398344684634751,25.437567357784,17.65920800840219,11.446301606355352,50.41483083996355,62.37151641827392,131.75689843281268,-1.5999525394786978,25.930232287555512,17.514828992453573,131.53383436790227,17.370449976504954,17.659208008402185,True,6
v8_l32_t32_d64_p32_wl3072_lowW16,1;min_L_32;max_L_minus_32;dupL_minL_64;cross_minL_32;max_WL_minus_3072;lowW_16_L,7,1.5,15.073028548972353,10.335246068674238,36.15876018692836,58.32955789971167,86.01516072216211,-2.7007601662218286,22.30065284437775,16.306850102277902,10.856744460460321,39.508105984575884,60.04129484460442,135.38308288255476,-1.0489815027047995,24.070262250313824,16.36667233186131,10.846995257023767,45.77882213537555,61.02815789520881,108.80913447021183,-3.609619374123449,24.347424700573974,16.336761217069608,122.0961086763833,16.306850102277902,16.366672331861317,True,6
v8_l32_t32_d64_p32_wl3072_lowW16,1;min_L_32;max_L_minus_32;dupL_minL_64;cross_minL_32;max_WL_minus_3072;lowW_16_L,7,2.0,14.67879158233035,9.791862638937543,35.674723358054614,58.547836998875205,84.11220752089037,-4.856593750170064,22.037680799417785,15.684245852041064,10.302283288427688,38.98345074175112,60.28885946591787,124.92705826203361,-3.3310599121612237,23.39881557628264,15.616232843136798,10.375169316678246,42.97691721268256,60.675333345966735,93.86832788240866,-5.302495590564931,23.545916862611023,15.650239347588931,109.39769307222113,15.684245852041064,15.616232843136798,True,6
v8_l32_t32_d64_p64,1;min_L_32;max_L_minus_32;dupL_minL_64;cross_minL_64,5,1.0,17.998095298660083,11.831683767869006,45.004709879825654,61.10292573081159,94.02037842675594,6.178632484870437e-13,25.396396290228424,18.741142188625414,12.6445153755407,45.78466868082734,62.02231686102846,102.7209519697482,0.27611030713012574,26.11258616015534,20.10587145432781,12.191838445482233,57.44143255799251,67.21768434262127,100.5741942027726,-2.169324383119427,28.662917191078947,19.423506821476614,101.6475730862604,18.741142188625417,20.105871454327815,True,5
v8_l32_t32_d64_p64,1;min_L_32;max_L_minus_32;dupL_minL_64;cross_minL_64,5,1.5,16.815899054464882,11.543133777787906,41.576306214132295,60.460571895910256,84.26543568612782,-3.162205881657512,23.990740468416018,17.56960060312965,12.249426671162023,42.913696871896704,60.608176740487906,84.56127581069227,-2.956606454853825,24.60178964538229,18.38912742591701,11.645321184974577,51.278149421146246,63.40815112850401,86.1132920272234,-4.394397859523395,26.436393461944913,17.97936401452333,85.33728391895784,17.569600603129654,18.389127425917014,True,5
v8_l32_t32_d64_p64,1;min_L_32;max_L_minus_32;dupL_minL_64;cross_minL_64,5,2.0,16.319452707032372,11.059531480421537,44.675131258421956,56.94998794243814,84.32752794442291,-5.592086615409614,23.647593144779698,17.053360357420573,11.592213807287887,45.55567877663493,58.053096277339286,84.59490043367386,-5.4898248844890185,24.22692819757449,17.38528541411536,11.409606686829088,49.071492861456775,61.59128624106257,84.55079016600251,-6.284136443085296,25.20294784830584,17.219322885767966,84.57284529983818,17.053360357420573,17.38528541411536,True,5
v8_l32_t32_d64_p64_lowW2,1;min_L_32;max_L_minus_32;dupL_minL_64;cross_minL_64;lowW_2_L,6,1.0,17.170357158073084,11.113410010206891,41.1876197276609,57.78333893366201,123.96143215599973,6.299998480108963e-13,24.5192201515631,18.103106035009727,12.27719551080828,43.07361294243526,59.4278447503969,139.91765644759693,0.19609111046930938,25.534873481122343,19.47876600152783,12.022453154098695,54.87691750560884,67.07958649978887,100.861336221806,-4.470345074856185,27.843333064053017,18.79093601826878,120.38949633470146,18.10310603500973,19.478766001527827,True,6
v8_l32_t32_d64_p64_lowW2,1;min_L_32;max_L_minus_32;dupL_minL_64;cross_minL_64;lowW_2_L,6,1.5,16.131953559128096,10.797844861644757,40.263982139684316,55.043488726614,99.3589955269372,-2.881636328219664,23.09671722000069,16.994116802492787,11.782561806473073,41.16143306477714,55.44148533188835,105.86923029645554,-2.7345621082009957,23.862440993255056,18.076783510822246,11.45622847985568,51.979673357434265,63.642604922374154,84.93099823162412,-6.050020747207341,26.01312173247973,17.535450156657518,95.40011426403983,16.994116802492783,18.07678351082225,True,6
v8_l32_t32_d64_p64_lowW2,1;min_L_32;max_L_minus_32;dupL_minL_64;cross_minL_64;lowW_2_L,6,2.0,15.691780381856915,10.427098587204064,43.267827715489034,54.506014343089724,84.53262902020177,-5.173333478251406,22.744963130882688,16.524185718557245,11.194567245811188,43.16032346258256,55.52607529111667,84.78298803126971,-5.124355137842052,23.41280775259759,17.24564381982222,11.23329146583063,48.63760738537991,61.078628309576004,84.82346542165355,-7.5208871609614,24.986816910143304,16.884914769189734,84.80322672646163,16.52418571855724,17.24564381982222,True,6
v8_l32_t32_d64_p64_lowW4,1;min_L_32;max_L_minus_32;dupL_minL_64;cross_minL_64;lowW_4_L,6,1.0,16.987294048288437,11.096861947756942,42.31992196341715,55.794295926548045,104.11318169508318,2.2083094497264605e-12,24.31169283772588,18.220413588859227,12.356294280621437,43.11066330029921,58.326492537708646,110.94455262839942,0.02312179590068235,25.4383967464635,18.281947791088754,11.12874106003246,52.173458996276,60.86563520583866,111.53774769315991,-2.3571544826079665,26.638819321697397,18.251180689973992,111.24115016077967,18.220413588859223,18.281947791088758,True,6
v8_l32_t32_d64_p64_lowW4,1;min_L_32;max_L_minus_32;dupL_minL_64;cross_minL_64;lowW_4_L,6,1.5,15.984636381371907,10.76649999569898,39.67860615836459,55.52384499093433,83.8105768197824,-2.808024990430165,22.856533654213614,17.085959707867264,11.842031339475735,41.45915222815928,56.09200687795569,84.09951791728321,-2.8331275390952184,23.71788969008243,17.047482847204265,10.729417576360355,48.3985747359578,58.89081098917368,91.88089517330431,-4.169997452032889,24.780757654503695,17.066721277535763,87.99020654529376,17.085959707867268,17.047482847204268,True,6
v8_l32_t32_d64_p64_lowW4,1;min_L_32;max_L_minus_32;dupL_minL_64;cross_minL_64;lowW_4_L,6,2.0,15.582377593554236,10.60945587816362,41.12489052672333,54.107643519286725,83.91947948451859,-5.060937575301844,22.496527677186183,16.581702112258597,11.416721376572237,41.1997068528198,55.33250812917749,84.17921306470224,-5.178407813127509,23.273273438529873,16.333709868430734,10.684578240076204,43.9457798826909,57.77639704600765,83.9332371220243,-5.822762473547498,23.75414606945606,16.457705990344664,84.05622509336327,16.581702112258593,16.333709868430738,True,6
v8_l32_t32_d64_p64_lowW8,1;min_L_32;max_L_minus_32;dupL_minL_64;cross_minL_64;lowW_8_L,6,1.0,17.305998859791384,11.316775033215176,42.86296608296254,57.40989514721018,104.32132967363171,1.765323567105839e-13,24.70769166825821,18.61358378412857,12.396655744637098,45.43184546437445,59.413118619782786,112.95257624210771,0.17033372268693017,26.105059609300252,18.90555078785612,11.743806707189552,53.524523467805345,64.57429060759155,128.7972549332869,-2.26148268154874,27.39563686216578,18.759567285992347,120.8749155876973,18.61358378412857,18.905550787856118,True,6
v8_l32_t32_d64_p64_lowW8,1;min_L_32;max_L_minus_32;dupL_minL_64;cross_minL_64;lowW_8_L,6,1.5,16.26846873215639,10.986848070652755,39.65793011325459,55.5972985351921,87.31867849195791,-2.9076052144687923,23.21998949424865,17.330756610638637,11.823818720011559,42.74753167458597,57.444603196596724,87.28128910112443,-2.7242235051129193,24.16400765060541,17.540436739003074,11.08623836544233,51.33268478495427,60.160838947006795,110.33214545343432,-4.219618871472851,25.41658385192005,17.435596674820857,98.80671727727938,17.330756610638637,17.540436739003074,True,6
v8_l32_t32_d64_p64_lowW8,1;min_L_32;max_L_minus_32;dupL_minL_64;cross_minL_64;lowW_8_L,6,2.0,15.80449578653554,10.62110972951254,41.00888886737162,55.356671741775834,84.02223472140858,-5.222483082883442,22.85275275078173,16.68128224756595,11.436879169854151,42.43102857999101,56.59054638610037,84.28963611360442,-5.023595929185555,23.554489607346778,16.736132126237212,10.72366012911512,45.72577872758282,59.302186449009035,95.48792013172118,-5.959602193652673,24.333721621921203,16.70870718690158,89.8887781226628,16.68128224756595,16.736132126237216,True,6
v8_l32_t32_d64_p64_lowW16,1;min_L_32;max_L_minus_32;dupL_minL_64;cross_minL_64;lowW_16_L,6,1.0,17.63464686076392,11.533832410891081,43.931717824589924,58.809882539892875,104.0080306499966,9.665146529904469e-13,25.151611899713266,18.985924175430387,12.821131301919298,45.92958610212245,61.26041246833911,129.9870309677722,0.6528709680246635,26.87534120106597,19.450162758395777,11.94052719148293,54.24598541509145,65.74492243508452,132.37743883287175,-2.124664577773464,28.03192679285558,19.21804346691308,131.182234900322,18.98592417543039,19.45016275839578,True,6
v8_l32_t32_d64_p64_lowW16,1;min_L_32;max_L_minus_32;dupL_minL_64;cross_minL_64;lowW_16_L,6,1.5,16.540315457907834,11.176748251914859,40.575551077331326,56.63210584785455,84.10061741357244,-3.022308237035991,23.631084107362103,17.61669799247101,12.00773852631944,43.856526822837786,59.24758734910773,99.50941243791948,-2.48746001886636,24.673058460566878,18.006552283532255,11.333811060441267,50.122451314564294,61.68274130614047,107.7891489351178,-4.288997456084634,25.967230205067338,17.81162513800163,103.64928068651864,17.616697992471014,18.00655228353225,True,6
v8_l32_t32_d64_p64_lowW16,1;min_L_32;max_L_minus_32;dupL_minL_64;cross_minL_64;lowW_16_L,6,2.0,16.051030755294025,10.815049657165954,42.103289051367945,56.516286844520586,84.17499085670994,-5.408809837805483,23.256848105033086,16.907865709832052,11.647332144795385,42.42923361950492,57.26461645437765,84.44533076429012,-4.945157394335772,23.95217742425357,17.120050929987837,11.015007593570814,46.79954380916317,60.929037047305464,89.40497097256448,-6.099008980357825,24.82117130578333,17.013958319909946,86.9251508684273,16.907865709832052,17.120050929987837,True,6
v8_l32_t32_d64_p64_wl3072,1;min_L_32;max_L_minus_32;dupL_minL_64;cross_minL_64;max_WL_minus_3072,6,1.0,17.500885028015553,11.70483400808795,43.13238625757168,60.65295488386488,93.34346623324699,2.8134844350749307e-13,24.858378459028284,18.882874371865505,12.697425478395996,46.62752255236535,62.90234186461453,147.73942372560938,0.923813056099922,26.756245013113087,19.625472316596998,12.085689024563134,56.90894989572713,66.18307079857837,114.36372785506919,-2.1231118093271726,28.158531869253363,19.25417334423125,131.05157579033929,18.882874371865505,19.625472316597005,True,6
v8_l32_t32_d64_p64_wl3072,1;min_L_32;max_L_minus_32;dupL_minL_64;cross_minL_64;max_WL_minus_3072,6,1.5,16.523653294584342,11.46767548932135,40.461322031303055,59.09493173968177,84.12804223275046,-3.1372100177823152,23.698610401746535,17.850599655891475,12.229400001174328,42.979340125695124,61.18781598513863,140.81443059255116,-2.0738238390540733,25.497300463662594,18.119368030331977,11.670105378669838,52.95565178026326,62.352862850734546,105.28685514385474,-4.402052774711941,26.27368753777003,17.984983843111728,123.05064286820294,17.850599655891475,18.119368030331977,True,6
v8_l32_t32_d64_p64_wl3072,1;min_L_32;max_L_minus_32;dupL_minL_64;cross_minL_64;max_WL_minus_3072,6,2.0,16.12286236338957,10.9986044083824,41.60285375317644,57.72518335138242,84.2465053204143,-5.4913388599184945,23.433605910995656,17.18906209396312,11.610477985631562,43.976298380761726,60.747316112287365,120.34158043675598,-4.514458170905973,24.738490420393916,17.284200512306104,11.339278471038538,50.24959001144798,61.900152479413585,90.17990052839215,-6.21946016854443,25.246712035462306,17.23663130313461,105.26074048257406,17.18906209396312,17.284200512306107,True,6
v8_l32_t32_d64_p64_wl3072_lowW2,1;min_L_32;max_L_minus_32;dupL_minL_64;cross_minL_64;max_WL_minus_3072;lowW_2_L,7,1.0,16.659562988811732,11.365357324518166,40.27171047851024,57.55944740749338,118.86663125745378,3.6299465848613815e-13,23.822003538110692,18.19032818952802,12.486190009840424,43.7302175844028,60.69416930408344,136.0954726580266,0.866129156404107,25.695985972413226,18.933055033062832,11.819468012478318,53.58949678540732,66.00258862904195,108.11269241638333,-4.5988157417598465,27.192110434093326,18.561691611295426,122.10408253720496,18.19032818952802,18.933055033062832,True,7
v8_l32_t32_d64_p64_wl3072_lowW2,1;min_L_32;max_L_minus_32;dupL_minL_64;cross_minL_64;max_WL_minus_3072;lowW_2_L,7,1.5,15.860836179409706,10.893315781119417,39.43153465035084,55.15805017926247,94.54034819431905,-2.8330629919003827,22.69706705674538,17.167150938913974,11.722186462524709,40.60274895739046,58.36238844320396,133.5748694027347,-1.7944533741812627,24.383806672433092,17.825509834365683,11.474912791903957,50.588949716561224,62.63786975170799,103.10961942385583,-6.178591890140498,25.79065633101155,17.496330386639826,118.34224441329526,17.167150938913974,17.825509834365683,True,7
v8_l32_t32_d64_p64_wl3072_lowW2,1;min_L_32;max_L_minus_32;dupL_minL_64;cross_minL_64;max_WL_minus_3072;lowW_2_L,7,2.0,15.51938238950112,10.606406216874039,39.85690644348779,54.28915774836293,84.44681523848328,-5.031724508048936,22.431505763209593,16.53709084445765,11.1374570127593,41.14987844297011,56.63771153696359,115.60393461704122,-4.077605818793161,23.647187768465425,17.18929641000595,11.29959139827394,47.77890664775056,62.40567226885955,90.73545054638915,-7.521130414611854,25.006423889294915,16.8631936272318,103.16969258171518,16.537090844457655,17.189296410005955,True,7
v8_l32_t32_d64_p64_wl3072_lowW4,1;min_L_32;max_L_minus_32;dupL_minL_64;cross_minL_64;max_WL_minus_3072;lowW_4_L,7,1.0,16.58933771556194,11.315491190179861,40.77281545950521,54.97924302001322,101.43778946834767,1.3901923090958481e-12,23.431860006442367,17.93460054941826,12.560431051771776,43.39542297915744,57.82064947715147,131.33457857395746,1.0055409114816023,25.01831727516076,17.75213485558541,11.316651125340638,47.855255483957535,58.20308430650809,102.58895249683894,-2.2226327076255368,25.552577825902777,17.843367702501837,116.9617655353982,17.93460054941826,17.75213485558541,True,6
v8_l32_t32_d64_p64_wl3072_lowW4,1;min_L_32;max_L_minus_32;dupL_minL_64;cross_minL_64;max_WL_minus_3072;lowW_4_L,7,1.5,15.754433821448517,10.92068317747918,38.16782558766497,54.79885838484206,83.55509367405072,-2.7256319544892897,22.30210556184975,16.899283868080506,11.627395353021297,39.16102370071876,55.46535500885026,130.18335780690978,-1.5782764556768902,23.769928405618693,16.755492447351603,10.873121908641693,44.25499673131195,56.830287607370806,101.04665842489196,-4.100462180228219,24.163245039073935,16.827388157716054,115.61500811590088,16.899283868080506,16.7554924473516,True,6
v8_l32_t32_d64_p64_wl3072_lowW4,1;min_L_32;max_L_minus_32;dupL_minL_64;cross_minL_64;max_WL_minus_3072;lowW_4_L,7,2.0,15.371269510387888,10.636078618473004,38.660169290326444,52.40945743589075,83.75742486392241,-4.856814627165124,22.038181928564693,16.25359255656817,10.946835157263157,40.20803831388632,54.77142369930717,113.50163478643327,-3.8060551496197284,23.115198886111166,16.178758880914522,10.776197110005414,43.00120301703866,56.07134740174792,91.6464653422707,-5.67070649432371,23.443901591854956,16.216175718741347,102.57405006435198,16.25359255656817,16.178758880914526,True,7
v8_l32_t32_d64_p64_wl3072_lowW8,1;min_L_32;max_L_minus_32;dupL_minL_64;cross_minL_64;max_WL_minus_3072;lowW_8_L,7,1.0,16.625615299152226,11.250415388025004,41.78791761961885,56.580895103044945,96.7892238440553,-4.3167677851884964e-13,23.66203747899263,17.901894247115827,12.469854567715423,43.78077363933548,58.50648940660898,127.48265838577728,1.1206871880973373,25.201598602190185,18.014330677540574,11.26757042711728,47.687237069751845,61.29410276735569,113.69769652015292,-1.8339177456684417,25.97053360628301,17.958112462328202,120.5901774529651,17.901894247115827,18.01433067754057,True,6
v8_l32_t32_d64_p64_wl3072_lowW8,1;min_L_32;max_L_minus_32;dupL_minL_64;cross_minL_64;max_WL_minus_3072;lowW_8_L,7,1.5,15.738623990847305,10.728986499468906,38.139562770559294,54.83654713417915,83.65155136999529,-2.7944403655928416,22.521611568949595,16.808704567154624,11.401122966422594,39.484357738406025,56.55218485968157,127.82180142068991,-1.5644350005668888,23.886319631295816,16.895806994294883,11.016780625352252,44.80662264216407,58.23681448116155,100.82872783787393,-3.8571591241293044,24.4813349976713,16.852255780724754,114.32526462928192,16.808704567154624,16.895806994294883,True,6
v8_l32_t32_d64_p64_wl3072_lowW8,1;min_L_32;max_L_minus_32;dupL_minL_64;cross_minL_64;max_WL_minus_3072;lowW_8_L,7,2.0,15.351477435470493,10.67679257511383,38.92282131208708,54.686663650043464,83.85133623366944,-4.954171066663166,22.257967262673535,16.170431617036392,10.987721275659002,40.35540395295195,56.31028072946469,112.42365305232065,-3.826383444158707,23.23602226217615,16.220888822537827,10.824484059248007,43.46106548101684,56.85163432603107,92.73685745998748,-5.493483971780288,23.718147758149538,16.195660219787108,102.58025525615406,16.170431617036392,16.220888822537827,True,6
v8_l32_t32_d64_p64_wl3072_lowW16,1;min_L_32;max_L_minus_32;dupL_minL_64;cross_minL_64;max_WL_minus_3072;lowW_16_L,7,1.0,16.864965519270932,11.107766412039162,42.179176601011584,58.14672878331364,102.22781933326095,-3.8506120307496114e-13,24.099784798446912,18.226536281410358,12.363205444604885,45.41990105619675,60.06929279329947,126.27175656474043,1.4061928260857206,25.936000269607966,18.482618752793325,11.501326338970985,50.7859160562286,62.56657976493129,129.6931696410178,-1.6545901256734559,26.69732330972932,18.35457751710184,127.98246310287911,18.226536281410358,18.482618752793325,True,6
v8_l32_t32_d64_p64_wl3072_lowW16,1;min_L_32;max_L_minus_32;dupL_minL_64;cross_minL_64;max_WL_minus_3072;lowW_16_L,7,1.5,15.94815486380821,10.918463565625292,38.82483372671697,55.75386592343578,83.84893264143008,-2.905574489903663,22.929133232737623,17.112355309164005,11.530193897663299,41.1520272407264,58.70013926623593,128.3342961888409,-1.4629881983818218,24.44614903178328,17.28012675733896,11.169624920797737,47.110457922792875,60.550805161801435,105.74752009240305,-3.8442845968053683,25.08621339061413,17.196241033251482,117.04090814062198,17.11235530916401,17.28012675733896,True,6
v8_l32_t32_d64_p64_wl3072_lowW16,1;min_L_32;max_L_minus_32;dupL_minL_64;cross_minL_64;max_WL_minus_3072;lowW_16_L,7,2.0,15.585795853502916,10.669306202202334,40.2005116161721,56.226216453526796,84.02625345243185,-5.13383801654915,22.657974350214424,16.462894965633676,11.069774536397997,40.81835111037699,58.87434440497434,114.03909503915321,-3.830104715237349,23.730249419568246,16.573992830307446,10.80936132164716,44.12681481724536,60.67055720427722,89.65535046100399,-5.589619428686529,24.25479580798879,16.518443897970563,101.8472227500786,16.462894965633676,16.573992830307446,True,6
v8_l32_t32_d128_p32,1;min_L_32;max_L_minus_32;dupL_minL_128;cross_minL_32,5,1.0,16.51592917440075,11.07763770755077,39.929567082084745,62.21260084950496,87.66733922297729,2.7031517121308163e-14,24.051549845283372,17.266876817980695,11.93231060500497,41.4553826551698,64.20128148664006,102.58534651602903,0.056949965625998626,24.87414847821938,18.941256444225438,12.245464883346846,54.151206917395285,67.77078709225559,112.07401970386348,-1.566088588294578,27.55817340351165,18.104066631103066,107.32968310994626,17.266876817980695,18.94125644422544,True,5
v8_l32_t32_d128_p32,1;min_L_32;max_L_minus_32;dupL_minL_128;cross_minL_32,5,1.5,15.69550587073741,10.401059938614848,39.00447250798163,61.40645357531904,84.1120526963261,-3.0178183260357168,23.19565209536125,16.390630865393724,11.067027541198543,40.96266040385634,62.8933453354738,84.37205903077725,-2.7362680704105338,23.879100969946794,17.623214031728928,11.4848899737862,52.710666435262745,66.30069598177091,94.28604034483857,-3.9459425775436916,25.99602215674224,17.006922448561326,89.32904968780791,16.390630865393724,17.623214031728928,True,5
v8_l32_t32_d128_p32,1;min_L_32;max_L_minus_32;dupL_minL_128;cross_minL_32,5,2.0,15.322022121375138,10.210480686114753,38.317820942888346,59.974578338247575,84.23728383041211,-5.283397364696235,22.98564196340032,15.98385180834747,10.517274051302898,40.325172412036814,60.75477080777693,84.47815524058923,-4.885061479438208,23.54323148505616,16.737165054015094,11.11777326013677,51.06072459551874,64.7948775890376,84.40335093906745,-5.82646066585598,24.95084209558054,16.36050843118128,84.44075308982835,15.98385180834747,16.737165054015097,True,5
v8_l32_t32_d128_p32_lowW2,1;min_L_32;max_L_minus_32;dupL_minL_128;cross_minL_32;lowW_2_L,6,1.0,15.722525495674603,10.496421075468316,37.67664632205693,59.53280436226757,121.45040028578164,3.144482603907276e-14,23.114922893855535,16.911797694403166,11.882107562525446,36.97579234106383,61.92959836082375,128.18485913110914,-0.10965370332759854,24.42762290687188,18.302206238413017,11.871496193161235,52.791029508011825,66.8899007825544,113.64975764486402,-3.9521263866776444,26.685140110611798,17.60700196640809,120.91730838798658,16.91179769440317,18.302206238413017,True,6
v8_l32_t32_d128_p32_lowW2,1;min_L_32;max_L_minus_32;dupL_minL_128;cross_minL_32;lowW_2_L,6,1.5,14.994570856819202,9.959497361860297,37.47909136381188,56.63797021395141,98.44608915391724,-2.734907411124651,22.25663661350881,15.821936910905658,10.661524098565785,36.82267914238717,58.44168817482954,104.5990824059654,-2.580139790872425,23.13422292789512,17.39229678379703,11.604236320718986,51.806382102712554,66.05974134323334,96.28742565105681,-5.661144494695081,25.569393696304623,16.607116847351342,100.4432540285111,15.821936910905656,17.392296783797033,True,6
v8_l32_t32_d128_p32_lowW2,1;min_L_32;max_L_minus_32;dupL_minL_128;cross_minL_32;lowW_2_L,6,2.0,14.645680155317853,9.775448608066112,36.208976845691836,56.779761753447495,84.42948452166921,-4.858302388828604,22.041557088438026,15.331582293806255,10.201865753008255,38.358036604364955,57.85258657891782,86.89087442646624,-4.569480969736821,22.682468200582587,16.681294229210405,11.145123552031523,49.63489965972354,63.407192839633005,84.65559725657302,-7.097155982391838,24.753877450315617,16.00643826150833,85.77323584151964,15.331582293806257,16.681294229210405,True,6
v8_l32_t32_d128_p32_lowW4,1;min_L_32;max_L_minus_32;dupL_minL_128;cross_minL_32;lowW_4_L,6,1.0,15.518114132213368,10.500246664485818,34.999559784826886,57.634507533527845,102.56022438328812,8.026705594184362e-14,22.811034879118672,16.894644658240864,11.830731166910436,38.47730741153753,58.747104018819236,113.90035394295843,-0.015356598815300293,24.234998054820174,17.22671495121238,10.88930136828251,48.61200197052818,62.03695576326675,114.88580373314731,-1.8596578057667876,25.465110145515357,17.06067980472662,114.39307883805287,16.894644658240864,17.22671495121238,True,6
v8_l32_t32_d128_p32_lowW4,1;min_L_32;max_L_minus_32;dupL_minL_128;cross_minL_32;lowW_4_L,6,1.5,14.759684913336748,9.647550637974556,34.337086923754335,57.309588688707436,83.6014311758008,-2.648236338853068,21.936250898688805,15.829427169984266,10.731980976243987,36.366277110166706,57.87630520747224,92.30570857547511,-2.7328590948454234,22.99752271702285,16.30372851466102,10.357045513008746,46.015146450754386,61.141192312546394,97.8796036287547,-3.795333753901125,24.260487121377295,16.066577842322644,95.0926561021149,15.829427169984266,16.30372851466102,True,6
v8_l32_t32_d128_p32_lowW4,1;min_L_32;max_L_minus_32;dupL_minL_128;cross_minL_32;lowW_4_L,6,2.0,14.440733774642181,9.503195562030498,35.8507099108513,56.12781087590232,83.79157188526334,-4.717388385558329,21.71954968584454,15.285918922851051,10.153806137014222,37.628485250162505,57.319714615014156,84.01992616511046,-4.651405013056132,22.452278420701177,15.640061589310077,10.45494787243955,44.535328043079765,59.45462228137382,83.75849397594392,-5.404332387596315,23.41708013423352,15.462990256080564,83.88921007052718,15.285918922851053,15.640061589310076,True,6
v8_l32_t32_d128_p32_lowW8,1;min_L_32;max_L_minus_32;dupL_minL_128;cross_minL_32;lowW_8_L,6,1.0,15.65370954314405,10.347830814009619,37.65482319722673,58.63232881276274,98.2107045721689,8.940812203776353e-12,23.10751309806098,16.827298383570632,11.565268746763152,40.00152042598475,59.84669879007661,117.75062715802798,0.5016664311641524,24.54419345312609,17.62484068476448,11.054142124400867,48.2582141128416,63.46326244491505,119.6457151442984,-1.7068272642312428,26.059953468642465,17.226069534167557,118.6981711511632,16.827298383570632,17.62484068476448,True,6
v8_l32_t32_d128_p32_lowW8,1;min_L_32;max_L_minus_32;dupL_minL_128;cross_minL_32;lowW_8_L,6,1.5,14.883038654247708,9.930786563253374,37.00901486857836,57.98027513165212,85.20564240242898,-2.729560503766759,22.224730271134494,15.831077796687282,10.368542896685634,38.55591121486028,59.05738905628433,95.92621589893572,-2.425637196767636,23.30737825715364,16.62877679850949,10.669265770994985,47.465453368257116,61.88377803827588,105.40950235621769,-3.915322134350794,24.82252688182854,16.229927297598387,100.6678591275767,15.831077796687284,16.628776798509495,True,6
v8_l32_t32_d128_p32_lowW8,1;min_L_32;max_L_minus_32;dupL_minL_128;cross_minL_32;lowW_8_L,6,2.0,14.561422983150127,9.549104081102776,37.45155452623025,57.351535329018766,83.87418576003627,-4.843634908961969,22.008259606252313,15.453579048440565,9.899674836922323,39.69726055625251,58.353371221525556,84.10915108652742,-4.694137601919672,22.85479733381324,15.894466671995687,10.323096386006526,46.140338213420854,60.64871804012084,94.15318252745169,-5.581866804524779,23.91586004002827,15.674022860218127,89.13116680698955,15.453579048440565,15.894466671995685,True,6
v8_l32_t32_d128_p32_lowW16,1;min_L_32;max_L_minus_32;dupL_minL_128;cross_minL_32;lowW_16_L,6,1.0,15.831354336915275,10.164929319255622,39.97193212532191,59.32029196581247,101.90979349299964,-1.8149732924306908e-13,23.437095038343635,16.95160442554713,11.372978157829095,40.216741805342686,61.53695184284413,119.9562937221987,0.8434356386466104,24.973899528341356,17.88598858785234,11.252694679123609,49.64157871639062,63.759289185882785,128.39452646707298,-1.3002171008557437,26.41667569997094,17.418796506699735,124.17541009463584,16.95160442554713,17.885988587852335,True,5
v8_l32_t32_d128_p32_lowW16,1;min_L_32;max_L_minus_32;dupL_minL_128;cross_minL_32;lowW_16_L,6,1.5,15.119623137389981,9.866059817380691,38.95873041689264,59.78829819458081,84.40110420557,-2.825818785462772,22.576613625197687,16.036013431057743,10.479568110088344,41.157277651727014,60.55377457732345,102.37111472314497,-2.075122581103756,23.73330699520927,16.83565375701911,10.875753547473305,48.29505614232768,62.961896015986255,107.09432916575432,-3.670893834807238,25.096989867463353,16.435833594038428,104.73272194444965,16.036013431057743,16.835653757019113,True,5
v8_l32_t32_d128_p32_lowW16,1;min_L_32;max_L_minus_32;dupL_minL_128;cross_minL_32;lowW_16_L,6,2.0,14.802808127854055,9.651131146539633,37.702114469615914,59.05773681820401,84.01341593429922,-4.999860527589567,22.360367903032945,15.65050007265755,9.89555128578229,39.64497488744942,60.28381409135106,90.68122281343602,-4.373293479828319,23.234527876159248,16.122686408939657,10.5078692089558,46.130575938213134,62.133367467088775,92.03969975697477,-5.532536536515902,24.222791581192173,15.886593240798604,91.36046128520539,15.65050007265755,16.122686408939654,True,6
v8_l32_t32_d128_p32_wl3072,1;min_L_32;max_L_minus_32;dupL_minL_128;cross_minL_32;max_WL_minus_3072,6,1.0,16.452255385053178,11.118750783883103,40.6323352951829,62.209658252886314,84.9587089067036,4.247809833348425e-13,23.99454167164912,17.30160894183836,11.768371839222342,42.7984527282543,64.46999783301952,102.58534651602903,0.41169752818971705,25.11720108171917,18.868486848201105,12.164295859937539,54.26669376779921,67.93478424083116,110.23089264002417,-1.513752250001906,27.506511234811537,18.085047895019734,106.4081195780266,17.30160894183836,18.86848684820111,True,6
v8_l32_t32_d128_p32_wl3072,1;min_L_32;max_L_minus_32;dupL_minL_128;cross_minL_32;max_WL_minus_3072,6,1.5,15.637453572141652,10.342689192130539,38.497408237985795,61.35484302173239,84.07225595732896,-3.022877975379754,23.167049278125624,16.470351988213835,11.041586094587036,42.49617414134949,64.0198373847556,96.95337380763098,-2.246373557721189,24.19328319104324,17.545430818844284,11.341619136826875,52.668445307805136,67.04369762898959,94.73448145136612,-3.9500504632614426,25.962411945303476,17.007891403529058,95.84392762949855,16.470351988213835,17.545430818844288,True,6
v8_l32_t32_d128_p32_wl3072,1;min_L_32;max_L_minus_32;dupL_minL_128;cross_minL_32;max_WL_minus_3072,6,2.0,15.299775921139343,10.274391273150307,38.47169363080738,60.0490418506365,84.21411913038548,-5.276210906670743,22.970004150349087,16.034249549370173,10.69867007201631,39.69161461767082,61.484343213134814,84.44646453034471,-4.499586517633109,23.665401241472352,16.719893990750816,11.03853796821247,51.625805254317356,64.80987050975504,84.36848880875574,-5.823468366552734,25.00779349495548,16.377071770060496,84.40747666955022,16.034249549370173,16.719893990750816,True,6
v8_l32_t32_d128_p32_wl3072_lowW2,1;min_L_32;max_L_minus_32;dupL_minL_128;cross_minL_32;max_WL_minus_3072;lowW_2_L,7,1.0,15.662063887534881,10.544048156404578,36.9880379017337,58.52980305099008,119.52311510053622,4.727757178155325e-13,23.007905752361484,16.88897638293938,11.823497583192488,36.996681394531,63.34144392553848,124.82885818542076,0.17860499258501475,24.493983244671877,18.185860745478326,11.879332416227939,52.10948783400221,67.26605344006495,107.99963457362321,-3.970215224500863,26.563829340403387,17.537418564208853,116.41424637952198,16.88897638293938,18.185860745478326,True,7
v8_l32_t32_d128_p32_wl3072_lowW2,1;min_L_32;max_L_minus_32;dupL_minL_128;cross_minL_32;max_WL_minus_3072;lowW_2_L,7,1.5,14.935052028178204,9.983937163099716,35.258906987234305,56.78206603540265,96.50827280542727,-2.736774362867268,22.20009751079973,15.84975866793345,10.70396551440807,37.385725526992566,58.98941658227467,100.74132139990226,-2.190961092678374,23.231980038683112,17.299881314793264,11.564181439048449,51.56988414351001,66.30528130581092,92.5646324839565,-5.729996577578367,25.517404082170746,16.574819991363356,96.65297694192938,15.84975866793345,17.299881314793264,True,7
v8_l32_t32_d128_p32_wl3072_lowW2,1;min_L_32;max_L_minus_32;dupL_minL_128;cross_minL_32;max_WL_minus_3072;lowW_2_L,7,2.0,14.630343517651099,9.852495632992175,36.26064329440802,57.20572475645007,84.39571587874458,-4.840322906558332,22.000733866301132,15.358183842806433,10.333723626636122,37.58039969141977,58.502394762902384,84.61475660032373,-4.279427129448381,22.690331635394305,16.67333535465668,11.106913743604357,49.78425415842806,63.42750323779709,84.60579698089389,-7.139826567301613,24.82442992655302,16.015759598731556,84.61027679060881,15.358183842806435,16.67333535465668,True,7
v8_l32_t32_d128_p32_wl3072_lowW4,1;min_L_32;max_L_minus_32;dupL_minL_128;cross_minL_32;max_WL_minus_3072;lowW_4_L,7,1.0,15.538779241894014,10.588602218350218,34.18001846897927,56.162413860608844,100.98327867840729,1.6605074803089298e-13,22.643302432874176,16.767656097197943,11.849164020070113,36.6719641215764,58.63221089006202,109.96084439495455,0.2590366532821007,23.999715044907035,17.124258756924526,11.09530952471406,45.496570877131035,63.15425038233023,105.76319262835167,-1.7967899001947463,25.154000754035994,16.945957427061234,107.8620185116531,16.767656097197943,17.124258756924526,True,7
v8_l32_t32_d128_p32_wl3072_lowW4,1;min_L_32;max_L_minus_32;dupL_minL_128;cross_minL_32;max_WL_minus_3072;lowW_4_L,7,1.5,14.701557113766079,9.907186323280708,33.768990582003,56.61356659500392,83.48045855784179,-2.640461116197003,21.823686872708265,15.719946973730481,10.657224779520536,35.674516161826176,57.065308045944754,88.00076167869044,-2.3585849287530882,22.81399789840591,16.21853046063057,10.25902852133172,44.81915327140085,61.29020995631222,90.57787015429513,-3.861922975835509,24.082179544259432,15.969238717180527,89.28931591649278,15.719946973730485,16.21853046063057,True,7
v8_l32_t32_d128_p32_wl3072_lowW4,1;min_L_32;max_L_minus_32;dupL_minL_128;cross_minL_32;max_WL_minus_3072;lowW_4_L,7,2.0,14.412201733355586,9.79241257049529,34.72253109802246,56.99887349433286,83.71748315391953,-4.676773523047205,21.62584916956344,15.19167115841292,10.213067976180323,36.59644733960239,57.647020235128515,83.93097195040882,-4.395773872250068,22.30634598517473,15.607975608849838,10.341068377912237,43.295249738486746,59.72939421333316,84.70075244533281,-5.443191753697523,23.38464043480426,15.399823383631379,84.31586219787081,15.19167115841292,15.607975608849836,True,7
v8_l32_t32_d128_p32_wl3072_lowW8,1;min_L_32;max_L_minus_32;dupL_minL_128;cross_minL_32;max_WL_minus_3072;lowW_8_L,7,1.0,15.375784042300586,10.013081730574918,36.82626364977075,57.73647480055455,94.99678619140455,-1.903791134400703e-12,22.74760450163855,16.499695223431942,11.332856111955659,38.43614440117678,59.11572615791248,110.8994834963434,0.36378861197639817,24.113513574977187,17.14733620913118,10.97501715912167,44.783088691874404,63.465650401964616,111.26900853849423,-1.2703496264184968,25.305504075471667,16.823515716281563,111.08424601741882,16.499695223431942,17.14733620913118,True,6
v8_l32_t32_d128_p32_wl3072_lowW8,1;min_L_32;max_L_minus_32;dupL_minL_128;cross_minL_32;max_WL_minus_3072;lowW_8_L,7,1.5,14.673918657575866,9.518500562991816,35.29898158715985,56.95987089160245,83.52723271566744,-2.7005999927429416,21.984782559794986,15.552415090943141,10.16341709092804,37.870576189359085,58.33284620311768,88.67198077790523,-2.234549000121684,22.884253851358842,16.127884754442984,10.15003097963601,44.122059731631225,61.99047992949524,94.57654739811203,-3.527074291994276,24.134198547876974,15.840149922693062,91.62426408800863,15.552415090943137,16.12788475444298,True,6
v8_l32_t32_d128_p32_wl3072_lowW8,1;min_L_32;max_L_minus_32;dupL_minL_128;cross_minL_32;max_WL_minus_3072;lowW_8_L,7,2.0,14.451246239023916,9.634954866710371,35.41801784943875,57.40662791675669,83.74062285349552,-4.755790985511476,21.80777610282472,15.194372553222662,10.032194013222323,37.2104723540368,58.31448056404257,83.95972127425708,-4.441094071889543,22.489418073957445,15.569962834617106,10.054735879971322,42.198264152794856,60.47563188410269,86.06805882164383,-5.315748133896014,23.548908556179743,15.382167693919884,85.01389004795045,15.194372553222662,15.569962834617103,True,6
v8_l32_t32_d128_p32_wl3072_lowW16,1;min_L_32;max_L_minus_32;dupL_minL_128;cross_minL_32;max_WL_minus_3072;lowW_16_L,7,1.0,15.48655916252577,9.854529597945039,38.982513369108005,59.28242517291257,101.04131186010758,1.4950083958927574e-13,23.0566319772618,16.60343663676814,10.996266427685697,39.909845253790934,62.010812440668225,118.50463757268655,0.6017433999681884,24.596042584069327,17.471929321402754,10.98709322082685,47.01459303966698,64.83866469820323,127.27607384817858,-1.0658974638557668,25.872098193876635,17.037682979085446,122.89035571043257,16.60343663676814,17.47192932140275,True,6
v8_l32_t32_d128_p32_wl3072_lowW16,1;min_L_32;max_L_minus_32;dupL_minL_128;cross_minL_32;max_WL_minus_3072;lowW_16_L,7,1.5,14.818246657080866,9.616543812685919,36.96428316277374,59.19932914306182,83.73137681992952,-2.791770546535333,22.290667675802737,15.712787746536799,10.192240064912923,39.72334171837876,59.756675299582035,99.98816714642405,-2.098094619226143,23.311822414914737,16.387720622993985,10.362148091866214,44.45718685024155,62.84471305106623,105.58002591688319,-3.4161530835535565,24.561463031630712,16.050254184765393,102.78409653165362,15.712787746536797,16.387720622993985,True,6
v8_l32_t32_d128_p32_wl3072_lowW16,1;min_L_32;max_L_minus_32;dupL_minL_128;cross_minL_32;max_WL_minus_3072;lowW_16_L,7,2.0,14.621315056457771,9.60803654446225,36.409334259045785,58.79447639248306,83.92256028172007,-4.8905024791656215,22.1144805029785,15.375305729148161,9.935921467768537,38.238486919920035,59.83743322156745,89.02564996807291,-4.338283172982207,22.858764215185932,15.756936272524824,10.137210680923902,42.46332608914985,62.00570310011067,90.07459041335989,-5.201177767557172,23.815238173834118,15.566121000836493,89.5501201907164,15.375305729148163,15.756936272524822,True,6
v8_l32_t32_d128_p64,1;min_L_32;max_L_minus_32;dupL_minL_128;cross_minL_64,5,1.0,17.27083370205953,11.22826401502906,43.64181756351181,61.073159267267144,92.53892291453923,-9.929945064970345e-15,24.74012424643193,18.296535904985948,12.264155734790055,44.06088100222512,63.9135363510995,106.89364626075597,-0.5585830578109021,25.89692333905545,19.532668106865657,11.84583394951767,54.912503572808106,66.55948962853196,115.08140681854036,-1.6050528655355656,28.219888322280255,18.9146020059258,110.98752653964817,18.296535904985948,19.53266810686566,True,5
v8_l32_t32_d128_p64,1;min_L_32;max_L_minus_32;dupL_minL_128;cross_minL_64,5,1.5,16.489845795109545,11.031405565418488,41.86835810904732,59.99281440550234,83.86179116328185,-3.2343446415924744,23.823244084969488,17.49787654337234,12.084032419976598,43.3527663440674,61.19124931757975,90.67641247638409,-3.59765942265893,24.88686054689271,18.321902865292273,11.710711427241494,52.879635826830665,65.35993937169201,97.39455183737387,-4.185418893729691,26.603252022205066,17.909889704332308,94.03548215687897,17.497876543372335,18.321902865292277,True,5
v8_l32_t32_d128_p64,1;min_L_32;max_L_minus_32;dupL_minL_128;cross_minL_64,5,2.0,16.16763516590103,10.817055686985144,40.884379786269115,58.69347355835337,84.07997618291257,-5.573320862556586,23.60788186719997,17.20294323125076,11.684418758657888,43.428931521950055,61.27412627537263,84.36291615757823,-5.8702256351102555,24.60333647847818,17.522927087347252,11.374721508165875,49.80115275257366,63.38111896181335,84.24641046457882,-6.128824376635877,25.55102161224318,17.362935159299006,84.30466331107851,17.202943231250757,17.522927087347252,True,5
v8_l32_t32_d128_p64_lowW2,1;min_L_32;max_L_minus_32;dupL_minL_128;cross_minL_64;lowW_2_L,6,1.0,16.48176810718264,11.055836713316719,40.40369338954444,57.320255410499044,118.5264769235785,6.619963376646896e-14,23.81301519044183,17.84142907778452,12.53705935001792,42.27025662320487,60.42890479080786,120.0155269081117,-0.23948352249739038,25.31344987468083,18.74519731969359,11.593124252318944,52.834917612208876,65.84749097264508,116.6215529336394,-3.9927346273176374,27.28981431513116,18.293313198739057,118.31853992087555,17.841429077784525,18.745197319693595,True,6
v8_l32_t32_d128_p64_lowW2,1;min_L_32;max_L_minus_32;dupL_minL_128;cross_minL_64;lowW_2_L,6,1.5,15.837231256902315,10.689051825572882,39.90123891395291,54.50927500279183,94.84488835963903,-2.9509592071554387,22.90617738925514,16.980906450226893,11.762441125581097,41.43755260492878,58.67823032990519,92.60273120717224,-3.112557486946769,24.091739700945205,17.973448110689688,11.569706672526387,50.951322974482885,65.13785668356991,99.3635950426955,-5.902438462443285,26.162120182936512,17.477177280458292,95.98316312493387,16.980906450226893,17.973448110689684,True,6
v8_l32_t32_d128_p64_lowW2,1;min_L_32;max_L_minus_32;dupL_minL_128;cross_minL_64;lowW_2_L,6,2.0,15.549858003428945,10.283378887531665,39.320308108197594,55.53018049559924,84.27309378220676,-5.14776771164779,22.68869258385758,16.603175069022516,11.299340437441762,41.382785436633256,57.1263515685777,84.5409546244777,-5.254917912633738,23.668383816221993,17.393510943373524,11.322498385725144,48.804864526399804,63.215376377888596,84.49969263902484,-7.40095381649552,25.355422296576226,16.99834300619802,84.52032363175127,16.603175069022516,17.393510943373524,True,6
v8_l32_t32_d128_p64_lowW4,1;min_L_32;max_L_minus_32;dupL_minL_128;cross_minL_64;lowW_4_L,6,1.0,16.505054372129937,11.265356220487588,40.06706563705566,55.429103370577,99.54587293089811,1.354334174139011e-13,23.534969555484416,17.793079208526674,12.71110791895062,41.97545649348301,57.300986971792085,118.22072905095725,0.1396359405550972,24.979923971355497,18.028038826322337,11.481807482517908,48.96518439427308,60.801251322565044,117.79260096433508,-1.8965966288006861,26.163449121447762,17.910559017424504,118.00666500764616,17.793079208526677,18.028038826322337,True,6
v8_l32_t32_d128_p64_lowW4,1;min_L_32;max_L_minus_32;dupL_minL_128;cross_minL_64;lowW_4_L,6,1.5,15.779341307792063,10.750399011238837,39.11814286084235,54.629045305118524,83.3524198705104,-2.8680019351158212,22.612140413090735,16.832271062968633,11.755651818162006,40.93199886574994,56.317625102391325,97.00599884219629,-2.743792235294705,23.72679720033269,17.16115434268611,11.185555542680348,46.1675239375899,59.9415472597667,100.89812176576096,-4.0375268315123645,24.919977743497583,16.996712702827374,98.95206030397863,16.83227106296863,17.161154342686107,True,6
v8_l32_t32_d128_p64_lowW4,1;min_L_32;max_L_minus_32;dupL_minL_128;cross_minL_64;lowW_4_L,6,2.0,15.439008951034197,10.439822028905809,38.4656153876858,54.589158974159865,83.63714272795939,-5.014430630461512,22.392924396920264,16.38178837544345,11.071239435175684,41.01501753757125,55.140480487035504,83.90914284737713,-4.8948114809688255,23.288998045289414,16.557849950634857,10.780110846929064,44.78828487184501,57.8660861069696,83.60263283487272,-5.713351922956629,24.07816602682203,16.469819163039155,83.75588784112492,16.38178837544345,16.557849950634857,True,6
v8_l32_t32_d128_p64_lowW8,1;min_L_32;max_L_minus_32;dupL_minL_128;cross_minL_64;lowW_8_L,6,1.0,16.714891756760267,11.617636913336781,41.717269150999755,56.65035907733504,99.10609571198864,-1.792906747841868e-13,23.82330251179106,17.837360976406362,12.373983714343662,43.184737434868616,57.799444758942975,119.54778554323737,0.4268738682835207,25.207552846830016,18.46000405121767,11.687339228164333,48.98556808120323,62.30657503638244,118.47084602468895,-1.559566254970014,26.670520746753233,18.148682513812016,119.00931578396316,17.83736097640636,18.46000405121767,True,5
v8_l32_t32_d128_p64_lowW8,1;min_L_32;max_L_minus_32;dupL_minL_128;cross_minL_64;lowW_8_L,6,1.5,15.913300430161714,10.659533767349593,40.57486967986022,54.74617059131478,83.43873540206083,-2.9496488308634254,22.891429916943444,16.80687568573255,11.457656084773198,42.27281765764991,57.48106005760728,99.61946673713231,-2.5046199768839212,23.937765832240494,17.47084972224365,11.119490323855796,47.23727296807134,60.467412059755254,101.86514713754495,-3.9424900754533407,25.346510344557792,17.1388627039881,100.74230693733864,16.806875685732553,17.470849722243653,True,6
v8_l32_t32_d128_p64_lowW8,1;min_L_32;max_L_minus_32;dupL_minL_128;cross_minL_64;lowW_8_L,6,2.0,15.540195282095398,10.410625271607245,39.4210171381129,55.306328254412634,83.71981211788086,-5.139913605365417,22.671377561510045,16.3501526259615,10.953229402225384,41.133833729180495,56.465323681888,83.99881017686113,-4.715819632832273,23.460213578949897,16.75650323241637,11.053869505736035,45.79089529244655,59.51794138302942,86.96867481822912,-5.710427559901725,24.461777058985454,16.553327929188935,85.48374249754512,16.350152625961503,16.75650323241637,True,6
v8_l32_t32_d128_p64_lowW16,1;min_L_32;max_L_minus_32;dupL_minL_128;cross_minL_64;lowW_16_L,6,1.0,16.841028548410588,11.311895179517245,42.57621369562987,58.386376402859746,99.19158672778852,4.854639809541057e-14,24.204722334624197,17.956837633813187,12.032082965281882,42.790894125341445,60.44801732927091,120.1164016607744,0.6260924730104765,25.674805214141223,18.795030966625728,11.656197493638626,49.9345403889978,63.19529727242256,126.08990649008827,-1.2777056167818763,27.23023390205357,18.375934300219456,123.10315407543133,17.956837633813187,18.795030966625728,True,5
v8_l32_t32_d128_p64_lowW16,1;min_L_32;max_L_minus_32;dupL_minL_128;cross_minL_64;lowW_16_L,6,1.5,16.051372799263095,10.540695714759607,40.86910996119925,58.40256715329419,83.62127556566557,-3.056372383976064,23.257432227359082,16.935263019923138,11.215545725130315,42.68891259958147,59.64071945422768,100.28049895370033,-2.45863790224565,24.296886312525874,17.737622212311525,11.351419269666678,47.92525680880383,62.35337208808914,103.35028033082598,-3.814205719671198,25.777985847263015,17.33644261611733,101.81538964226316,16.935263019923134,17.737622212311525,True,5
v8_l32_t32_d128_p64_lowW16,1;min_L_32;max_L_minus_32;dupL_minL_128;cross_minL_64;lowW_16_L,6,2.0,15.727257653719676,10.414414111944403,40.2576979417818,56.7637946310581,83.88405337822041,-5.306068111386943,23.03490419208917,16.503408067817144,11.0131684968171,41.509323250198705,59.11219186841692,84.15173388877936,-4.77033979947083,23.78924943477979,17.00299986037068,11.046634490876285,46.3798429901432,61.15648624566877,86.62730132938361,-5.700758334830474,24.853175056331764,16.753203964093913,85.38951760908148,16.503408067817148,17.00299986037068,True,5
v8_l32_t32_d128_p64_wl3072,1;min_L_32;max_L_minus_32;dupL_minL_128;cross_minL_64;max_WL_minus_3072,6,1.0,17.185846429555234,11.314338525551726,44.11352892345181,61.510192047476494,89.28074261517958,2.1095616626914777e-12,24.658498843336357,18.316204120809235,12.189124224579778,44.843027974483626,64.37140340483538,106.89364626075601,-0.145953491086357,26.08131382557698,19.456907560913113,11.78540367358737,54.95364184082082,67.31497874494154,112.52111875731777,-1.5488590499778072,28.132683998088698,18.886555840861174,109.70738250903689,18.31620412080924,19.456907560913116,True,6
v8_l32_t32_d128_p64_wl3072,1;min_L_32;max_L_minus_32;dupL_minL_128;cross_minL_64;max_WL_minus_3072,6,1.5,16.41893210650476,10.91510348626516,42.14716864005714,60.045377399912525,83.81383964960796,-3.2378086448133834,23.778126189645874,17.50336358631536,11.916355338983914,44.21834733698302,62.306971481001796,90.67641247638409,-2.9807434303305365,25.035010559451138,18.233050875829957,11.545582916252716,52.97824840051356,65.4426001830923,91.39480861206957,-4.187132609522242,26.53661144204224,17.86820723107266,91.03561054422683,17.50336358631536,18.233050875829957,True,6
v8_l32_t32_d128_p64_wl3072,1;min_L_32;max_L_minus_32;dupL_minL_128;cross_minL_64;max_WL_minus_3072,6,2.0,16.131892213709598,10.888382241331573,40.170720840883384,58.95789259168987,84.04890492973863,-5.56010622613853,23.579877493613782,17.120698634151633,11.687607579649795,42.26739789735716,61.19918365018495,84.32435907598727,-5.328700441502658,24.51555961427012,17.492885316920702,11.360936759759838,50.02233450343976,62.61924804734379,84.20298275809105,-6.126630647918846,25.581399363635814,17.306791975536168,84.26367091703916,17.120698634151633,17.4928853169207,True,6
v8_l32_t32_d128_p64_wl3072_lowW2,1;min_L_32;max_L_minus_32;dupL_minL_128;cross_minL_64;max_WL_minus_3072;lowW_2_L,7,1.0,16.39107429369488,11.085298592579168,40.68064547397881,57.291852046916986,116.09854725249144,-1.985989012994069e-14,23.673125831592035,17.71500328359511,12.316626217568317,42.20442854590314,60.820610408289824,118.83037467353384,0.09270435280453332,25.27048790663643,18.631477845801637,11.608704552507497,50.584429239227376,66.76203146980863,110.28110686744617,-3.999194631226847,27.1073442957867,18.173240564698375,114.55574077049,17.715003283595106,18.631477845801637,True,7
v8_l32_t32_d128_p64_wl3072_lowW2,1;min_L_32;max_L_minus_32;dupL_minL_128;cross_minL_64;max_WL_minus_3072;lowW_2_L,7,1.5,15.779451733549314,10.65813215551254,40.18468699500606,54.93151836802867,92.38887905063784,-2.9488853390192347,22.826872076895214,16.860958197765648,11.609212568066384,41.2664705589631,58.35847986473363,91.00315915017931,-2.6250133689026756,24.008664741417075,17.866747330783415,11.575867229872017,49.45955272563583,64.82091812462758,90.7379751072029,-5.953281363829969,26.046142570926133,17.363852764274533,90.8705671286911,16.860958197765648,17.866747330783415,True,7
v8_l32_t32_d128_p64_wl3072_lowW2,1;min_L_32;max_L_minus_32;dupL_minL_128;cross_minL_64;max_WL_minus_3072;lowW_2_L,7,2.0,15.530443513257092,10.525100680790484,38.60637639136759,56.41583827909877,84.23229140235853,-5.120912559847736,22.629433399551885,16.49942127311851,11.326568512662917,40.505707107392645,57.492482813542566,84.49191279648561,-4.902583225953136,23.521663287107067,17.349358567439154,11.41866258303646,47.664183226993664,63.23719100758089,84.44245784661213,-7.4202389430719276,25.357061549119898,16.924389920278834,84.46718532154887,16.49942127311851,17.349358567439154,True,7
v8_l32_t32_d128_p64_wl3072_lowW4,1;min_L_32;max_L_minus_32;dupL_minL_128;cross_minL_64;max_WL_minus_3072;lowW_4_L,7,1.0,16.36898087672838,11.185233882557483,40.24391726797016,54.82683237301885,98.26965193938916,1.0749165532830397e-12,23.315848589833237,17.584712801196474,12.383050960558029,42.008500873491364,57.51225225397192,114.2767179238403,0.13740383420036356,24.7086956484539,17.84536859941908,11.686287211339796,45.584745568795825,61.69945213439322,108.03902767271705,-1.655181672105145,25.719711372125165,17.715040700307775,111.15787279827867,17.584712801196474,17.84536859941908,True,6
v8_l32_t32_d128_p64_wl3072_lowW4,1;min_L_32;max_L_minus_32;dupL_minL_128;cross_minL_64;max_WL_minus_3072;lowW_4_L,7,1.5,15.701471409438748,10.62851591460009,37.807600467075595,54.029483157562005,83.22855714250153,-2.8538847734856665,22.468803534231334,16.647841690736076,11.639798286363312,40.329372155213235,55.59981015243301,92.37464900606776,-2.4951058050942816,23.47771426621631,16.98543322196383,11.199009437826358,44.66720207993544,58.894680949274,89.66193277639607,-3.9360529781980853,24.585185886289263,16.81663745634995,91.01829089123191,16.647841690736072,16.98543322196383,True,6
v8_l32_t32_d128_p64_wl3072_lowW4,1;min_L_32;max_L_minus_32;dupL_minL_128;cross_minL_64;max_WL_minus_3072;lowW_4_L,7,2.0,15.39485728150608,10.566414383405121,37.500293178747725,54.908353726383076,83.55357294583474,-4.961561334259377,22.274562474399712,16.255255282420304,11.158929796978573,39.8317771196667,55.556841318462276,83.81211007387633,-4.723158414210901,23.086546413901047,16.445338387071118,10.765114608795901,43.72956606209194,57.756557830487395,83.52366429478464,-5.6495377017958806,23.925683283139524,16.350296834745713,83.66788718433048,16.255255282420308,16.44533838707112,True,7
v8_l32_t32_d128_p64_wl3072_lowW8,1;min_L_32;max_L_minus_32;dupL_minL_128;cross_minL_64;max_WL_minus_3072;lowW_8_L,7,1.0,16.45024859145324,11.045477687413507,41.66607593321351,56.47888673127302,94.9011744562346,-8.909367377737281e-13,23.54841906610558,17.6295321551331,12.171331433428357,43.652774379671605,57.92007352569657,115.39499559952371,0.16873137567075022,24.968882982694623,18.17824759941582,11.632981841927396,46.68977665026444,62.52588272609922,111.96425004467838,-1.3294030462780015,26.20746611168935,17.90388987727446,113.67962282210104,17.6295321551331,18.17824759941582,True,6
v8_l32_t32_d128_p64_wl3072_lowW8,1;min_L_32;max_L_minus_32;dupL_minL_128;cross_minL_64;max_WL_minus_3072;lowW_8_L,7,1.5,15.666798532831704,10.451211680102162,38.44708971861554,54.729941928818725,83.3161379401135,-2.930448746606969,22.69346729186128,16.554361500807136,11.283760683542582,40.70657428520937,56.90354600013949,93.66960761253074,-2.5563634957226964,23.65484997825336,17.1533860614662,11.134415265595937,44.364326951466545,60.99478854808157,94.81336733017429,-3.738612278493726,24.92564383726178,16.85387378113667,94.24148747135251,16.55436150080714,17.1533860614662,True,6
v8_l32_t32_d128_p64_wl3072_lowW8,1;min_L_32;max_L_minus_32;dupL_minL_128;cross_minL_64;max_WL_minus_3072;lowW_8_L,7,2.0,15.367905157985618,10.452748293646424,38.41726730638881,56.492769219824424,83.64001020912163,-5.063853348900746,22.503007241032766,16.177613805316867,10.735718620055213,39.946870747765566,57.03200561322304,83.88912091286267,-4.792384773886463,23.25213892763436,16.518555503523984,10.91682220207213,43.64554922698892,59.799657160790126,83.67272791354665,-5.496417758179333,24.208344652695864,16.348084654420425,83.78092441320466,16.177613805316867,16.518555503523988,True,6
v8_l32_t32_d128_p64_wl3072_lowW16,1;min_L_32;max_L_minus_32;dupL_minL_128;cross_minL_64;max_WL_minus_3072;lowW_16_L,7,1.0,16.601776583877335,10.85160201219696,42.95422132985012,58.479058513553554,98.63385698851607,3.3734230040163145e-13,23.95188372795665,17.758268498621725,11.776622947438376,43.55961353926809,60.23888873104046,116.78351507320795,0.3740911208146548,25.485835002167818,18.581046190817336,11.791336628948269,48.316384318811274,64.72081166955799,125.36922610007633,-1.1428643692854592,26.890381916722543,18.169657344719532,121.07637058664214,17.758268498621725,18.581046190817336,True,6
v8_l32_t32_d128_p64_wl3072_lowW16,1;min_L_32;max_L_minus_32;dupL_minL_128;cross_minL_64;max_WL_minus_3072;lowW_16_L,7,1.5,15.824823018605942,10.276486132030987,40.396217458009154,58.05808768894508,83.5050119706865,-3.039467780619024,23.075887052741287,16.714842704436812,11.25730197993522,41.46684219161277,59.54323897013452,94.91482634059861,-2.496530192804582,24.07818314377442,17.506043439026705,11.208768485144427,46.84382779780623,61.90376308718031,102.57653519474461,-3.719495615259124,25.487946390740536,17.11044307173176,98.74568076767162,16.714842704436812,17.50604343902671,True,6
v8_l32_t32_d128_p64_wl3072_lowW16,1;min_L_32;max_L_minus_32;dupL_minL_128;cross_minL_64;max_WL_minus_3072;lowW_16_L,7,2.0,15.579284984292782,10.452154133654169,39.62979558076438,56.849599277787036,83.80954797382869,-5.235633620670091,22.881506988550274,16.361030062170286,11.018324386994161,40.86100757379129,58.03904238453677,84.06181563228368,-4.810690402621769,23.62111364541072,16.842761386830723,11.011400446597541,44.65273507020788,61.261941601465765,85.97837942133198,-5.58315761617534,24.704815225031393,16.601895724500505,85.02009752680783,16.361030062170286,16.84276138683072,True,6
v8_l32_t64_d64_p32,1;min_L_32;max_L_minus_64;dupL_minL_64;cross_minL_32,5,1.0,17.5066460205438,11.98387757962232,42.7001952920809,61.674625852418046,94.20314005733977,2.2507875480599446e-13,24.982604174642166,18.464804202036373,12.743492481937718,44.502648775618155,63.1322414242369,111.92360247147678,1.0219304367162803,26.035470697254954,19.795715186668073,12.670529329635787,57.64573969160857,66.46241623546867,107.79181185064233,-2.1639378668149654,28.286877222883817,19.130259694352223,109.85770716105955,18.464804202036373,19.795715186668073,True,5
v8_l32_t64_d64_p32,1;min_L_32;max_L_minus_64;dupL_minL_64;cross_minL_32,5,1.5,16.22183882146638,11.190038288717657,41.330690181628455,60.04753252132469,84.48938483407467,-2.991239797089653,23.56519762679889,17.029766168641544,11.857067297618789,41.38667860357988,60.25636495856104,101.52820832804386,-2.0340150084432653,24.36312010880371,17.892476400409773,11.564238369410129,53.879869733701796,63.29261039041429,94.50235631216654,-4.236120531755618,26.041106210035764,17.46112128452566,98.0152823201052,17.029766168641544,17.892476400409773,True,5
v8_l32_t64_d64_p32,1;min_L_32;max_L_minus_64;dupL_minL_64;cross_minL_32,5,2.0,15.646179008549165,10.403975510655133,44.64082549977878,60.31374873465593,84.4656930201162,-5.387070192027426,23.210062886661106,16.346541551913383,10.892974890637774,44.3120874567206,60.716106966353934,92.91176095618306,-4.51475636711952,23.811719642841627,16.760542515573636,10.86424034983392,49.335477673670674,62.53046576363223,84.68446881826678,-6.102197468832023,24.79593898970031,16.55354203374351,88.79811488722493,16.346541551913383,16.760542515573636,True,5
v8_l32_t64_d64_p32_lowW2,1;min_L_32;max_L_minus_64;dupL_minL_64;cross_minL_32;lowW_2_L,6,1.0,16.66136291998477,11.485620080052932,40.503154098818264,57.137878391199656,127.55803831656438,1.7487736586642219e-13,24.1014400538707,17.62009324886793,12.14143758650444,41.760717388563236,59.39964401109442,157.06625599676434,0.8961600346250302,25.214446854975847,19.365953731953777,12.88444591228789,55.4797384296964,66.56787704639692,104.21236749490257,-4.459143092979136,27.51967096153976,18.493023490410856,130.63931174583345,17.62009324886793,19.365953731953777,True,6
v8_l32_t64_d64_p32_lowW2,1;min_L_32;max_L_minus_64;dupL_minL_64;cross_minL_32;lowW_2_L,6,1.5,15.507485443534685,10.77936719947294,39.57046502358791,55.8065438706368,103.5598296557124,-2.711858563536842,22.656197125653392,16.26978371664793,11.057400731127476,39.65440944359091,57.46447328072038,126.61071192336912,-1.852835186948875,23.4574114010926,17.712049077765688,12.041296787481375,53.330401026127035,62.7441857394283,89.90589175529178,-5.888366101371927,25.631306782493674,16.99091639720681,108.25830183933044,16.26978371664793,17.712049077765688,True,6
v8_l32_t64_d64_p32_lowW2,1;min_L_32;max_L_minus_64;dupL_minL_64;cross_minL_32;lowW_2_L,6,2.0,15.005267375443232,10.166294800107622,42.72981653700078,56.38968331037342,85.17648635607404,-4.968507477384841,22.290149118803946,15.63066571832237,10.340663746218354,42.83428999126584,57.15858893634735,104.21796730023462,-4.18404159074963,22.888700050227435,16.734007517947507,11.081981696203393,48.393255438607056,62.236328340619046,84.95438736157766,-7.336305680112375,24.579511437095654,16.18233661813494,94.58617733090614,15.63066571832237,16.73400751794751,True,6
v8_l32_t64_d64_p32_lowW4,1;min_L_32;max_L_minus_64;dupL_minL_64;cross_minL_32;lowW_4_L,6,1.0,16.37918619384621,11.094012260378044,39.84632422784025,56.78418147584254,107.70127571429953,1.127048764874134e-12,23.867051489796104,17.33661643624167,12.293092444843696,40.9169780890097,57.3757005231647,123.27543916867216,0.6974326387873294,24.891981772555788,17.950523976700513,11.544812257297941,53.60544396117913,61.49393877933104,115.34320969267134,-2.3523589396889104,26.24263576290568,17.64357020647109,119.30932443067175,17.336616436241666,17.950523976700516,True,6
v8_l32_t64_d64_p32_lowW4,1;min_L_32;max_L_minus_64;dupL_minL_64;cross_minL_32;lowW_4_L,6,1.5,15.297374300406855,10.34254941580095,38.0265077761993,56.00295260183961,86.31314026122976,-2.63486655605509,22.38956834780832,16.04067702252865,10.873482536653711,38.77605169773735,57.0266418359556,98.3441556727503,-1.9785516544763855,23.07856852150342,16.515429429333015,10.876419203006227,48.27916668500527,58.94712274026534,96.4391790951501,-4.008997220107507,24.343028933088693,16.278053225930833,97.39166738395019,16.04067702252865,16.515429429333015,True,6
v8_l32_t64_d64_p32_lowW4,1;min_L_32;max_L_minus_64;dupL_minL_64;cross_minL_32;lowW_4_L,6,2.0,14.814169120037462,9.910851906035195,38.64793387715956,55.89758713535226,84.05196870072548,-4.847017391138953,22.015942839542422,15.433638110681219,10.221981979599216,40.846034857260875,56.665483368084494,84.27652416599403,-4.262875782865802,22.52026908103833,15.65064154390383,10.235317492332165,41.51687018270808,58.58567127209304,84.06451924948176,-5.632107157572612,23.29395897867692,15.542139827292525,84.17052170773789,15.433638110681219,15.650641543903829,True,6
v8_l32_t64_d64_p32_lowW8,1;min_L_32;max_L_minus_64;dupL_minL_64;cross_minL_32;lowW_8_L,6,1.0,16.576212939166897,11.06602328878613,41.18138013664301,58.5333680408277,109.76808805237597,6.288965207814552e-14,24.26434344111321,17.723932668173884,12.164457285586122,42.293437807518316,59.93915242976852,123.64334111685045,0.5521665390930113,25.619203273964132,18.38617259012304,11.7263492578127,54.411815339224916,64.7333771671675,134.36837436950708,-2.255681401110329,27.00571535764001,18.055052629148463,129.00585774317875,17.723932668173884,18.386172590123035,True,6
v8_l32_t64_d64_p32_lowW8,1;min_L_32;max_L_minus_64;dupL_minL_64;cross_minL_32;lowW_8_L,6,1.5,15.496689116455487,10.343669462899946,38.809129559439874,56.397856674084444,93.86637005828395,-2.7348657659183444,22.759826027377233,16.385730398601968,11.054075936498297,39.47845085881258,57.28998969848625,108.22996585053542,-2.1910601790453357,23.648811524659948,16.87898337930009,10.960090921303673,50.9230808262151,60.615426918306014,117.13359700710129,-4.060868114507397,24.99366668518799,16.63235688895103,112.68178142881835,16.385730398601964,16.87898337930009,True,6
v8_l32_t64_d64_p32_lowW8,1;min_L_32;max_L_minus_64;dupL_minL_64;cross_minL_32;lowW_8_L,6,2.0,14.985437321135707,9.87604628237045,40.56760701744599,56.81942687767193,84.15354404512942,-5.008824617477636,22.380403520665052,15.71882975153946,10.397631258907063,41.71551708364944,58.179614922300026,97.005339790505,-4.516043627409411,23.014444615099453,15.968763776479433,10.47048416525116,46.53762217425201,60.39374746045778,103.58376331560817,-5.772887587719211,23.894487236064034,15.843796764009447,100.29455155305658,15.718829751539456,15.968763776479431,True,6
v8_l32_t64_d64_p32_lowW16,1;min_L_32;max_L_minus_64;dupL_minL_64;cross_minL_32;lowW_16_L,6,1.0,17.003690810624203,11.611835556399347,42.06593591990237,59.54162300889771,108.60301052391796,1.706847223945458e-12,24.71583617051181,18.384950373401566,12.414712693506925,45.94576119660294,61.10266920457271,138.05886818204263,0.6544523810020881,26.511184779595894,19.046966561599497,12.079067600382153,54.397100763431915,65.24267759349485,137.58878887894969,-2.258631287984846,27.72361734127558,18.71595846750053,137.82382853049614,18.384950373401562,19.0469665615995,True,6
v8_l32_t64_d64_p32_lowW16,1;min_L_32;max_L_minus_64;dupL_minL_64;cross_minL_32;lowW_16_L,6,1.5,15.872838008643138,10.7111195095648,39.462155887598094,57.80727429111105,89.62800099797761,-2.850728295351115,23.183270772270102,17.001948377390516,11.598759307917339,42.20537469413431,59.38400986502015,113.11577734640808,-2.407021767415402,24.37482429741027,17.49202002205647,11.273910131926879,51.15870494543264,62.39267904975262,114.31884085870183,-4.298518189933474,25.652080304021553,17.246984199723492,113.71730910255496,17.001948377390516,17.49202002205647,True,6
v8_l32_t64_d64_p32_lowW16,1;min_L_32;max_L_minus_64;dupL_minL_64;cross_minL_32;lowW_16_L,6,2.0,15.314152806883216,10.296557082703606,40.88402166798915,58.30516454643596,84.30631249867983,-5.197448625807579,22.79791355762131,16.272290765368083,10.939025107240376,43.61627675069316,59.58943318902271,97.65070560655853,-4.856265647042222,23.66851808948194,16.50513334039295,10.695080463963874,47.48144145775194,61.51735594311529,97.27463732703325,-6.116409154417639,24.512730406576992,16.388712052880514,97.46267146679588,16.272290765368087,16.50513334039295,True,6
v8_l32_t64_d64_p32_wl3072,1;min_L_32;max_L_minus_64;dupL_minL_64;cross_minL_32;max_WL_minus_3072,6,1.0,17.009227826689255,11.690129568256502,40.72644441685346,61.6461375410457,96.79615781172646,3.072766333993601e-13,24.46575232805062,18.48761977806878,12.614413013043446,45.520056182568524,63.80595899663546,164.43006044659262,1.6418775189936494,26.70457045725635,19.281012423781505,12.526746309715842,56.60035012546634,66.96795283507564,118.53141187109624,-2.1245789172646568,27.81746099205311,18.88431610092514,141.48073615884442,18.48761977806878,19.2810124237815,True,6
v8_l32_t64_d64_p32_wl3072,1;min_L_32;max_L_minus_64;dupL_minL_64;cross_minL_32;max_WL_minus_3072,6,1.5,15.945155841471133,11.039762144245513,39.021551447321116,60.40029581917643,84.3545057970593,-2.9708640868216674,23.28856728491902,17.31250678852457,11.794071470486372,42.04542342553061,62.33862500596999,159.86683641805706,-1.1933707566213123,25.4766613599972,17.66581231653263,11.435362086922762,53.865805725161906,63.59771602831634,110.0824032824303,-4.263281226024674,25.969110433219893,17.489159552528598,134.9746198502437,17.312506788524566,17.66581231653263,True,6
v8_l32_t64_d64_p32_wl3072,1;min_L_32;max_L_minus_64;dupL_minL_64;cross_minL_32;max_WL_minus_3072,6,2.0,15.443715747537318,10.44184423397898,41.02606097158866,60.753445544680815,84.38677356101736,-5.2947344089534525,23.01028989159718,16.567117962404414,10.915626319988526,44.37944970686002,62.63091432039928,141.97008523491257,-3.582823086526922,24.69031738825295,16.726494299377926,10.939184641457523,52.270076904849915,62.660189711063715,95.55447610407025,-6.062487835466336,24.952219069994527,16.64680613089117,118.76228066949142,16.567117962404414,16.72649429937793,True,6
v8_l32_t64_d64_p32_wl3072_lowW2,1;min_L_32;max_L_minus_64;dupL_minL_64;cross_minL_32;max_WL_minus_3072;lowW_2_L,7,1.0,16.177376204455665,11.036635073193303,38.02314449803959,56.84885056046551,122.70918304500307,1.18056013550203e-13,23.424815574507985,17.62804982780264,12.049275682996397,41.74784614454381,59.10935180413698,150.81010036663116,1.477312776114443,25.44937510900394,18.765551530995303,12.577275215882871,54.41917197203841,66.18214088623158,112.08172258201401,-4.599624177217702,26.921543725353906,18.196800679398972,131.4459114743226,17.62804982780264,18.765551530995303,True,7
v8_l32_t64_d64_p32_wl3072_lowW2,1;min_L_32;max_L_minus_64;dupL_minL_64;cross_minL_32;max_WL_minus_3072;lowW_2_L,7,1.5,15.215820632411951,10.474548716957027,36.58748928878123,56.84985917805481,98.93267530890645,-2.6692487399655453,22.27326434066264,16.50070593960445,11.148218621581085,40.05798436419114,58.875264375876654,150.7990062292029,-1.036978129851106,24.248458869496208,17.469334813103387,11.537754994107551,52.22998303892063,62.60285597591188,107.72728115033958,-6.035650079809039,25.48641205769987,16.98502037635392,129.26314368977123,16.50070593960445,17.469334813103384,True,7
v8_l32_t64_d64_p32_wl3072_lowW2,1;min_L_32;max_L_minus_64;dupL_minL_64;cross_minL_32;max_WL_minus_3072;lowW_2_L,7,2.0,14.762659701661827,10.057862040407606,37.615307724118445,56.98245580865011,84.5842766390038,-4.8367223921008815,21.992549629591956,15.771220680083585,10.490855613977129,41.63660918956065,58.553436407693134,135.75494893842065,-3.257249157339482,23.539219281008037,16.68370816891624,10.91982510526822,51.07959905251172,61.95312163347864,95.94823555786351,-7.3597959993007915,24.69654213815535,16.227464424499914,115.85159224814208,15.771220680083584,16.68370816891624,True,7
v8_l32_t64_d64_p32_wl3072_lowW4,1;min_L_32;max_L_minus_64;dupL_minL_64;cross_minL_32;max_WL_minus_3072;lowW_4_L,7,1.0,15.948487023960638,11.017981460913688,36.80921397256044,55.35799149104815,104.57435740733901,5.516636147205746e-14,23.002240226135275,17.35798684004185,12.145834795667003,39.53931106263256,57.10180660736054,139.648827593726,1.267167064140546,24.70697943123273,17.418420208949975,11.413062719261536,48.38846289308631,58.857770336840915,106.32517188410944,-2.3986905123035496,25.300840343912316,17.388203524495914,122.98699973891772,17.35798684004185,17.41842020894997,True,7
v8_l32_t64_d64_p32_wl3072_lowW4,1;min_L_32;max_L_minus_64;dupL_minL_64;cross_minL_32;max_WL_minus_3072;lowW_4_L,7,1.5,14.963370071574422,10.387723047088777,35.425882901210926,55.99679938486969,83.7679251911194,-2.559841282167612,21.850248018732536,16.144710789405405,11.107954977431039,38.09602888478371,57.46188820047292,142.87055170043482,-1.1415246707687985,23.530283365156233,16.257843662892228,10.815560661605117,44.280998337958145,58.01355254356224,105.42976960037902,-4.099131200440855,23.897241976179878,16.201277226148818,124.15016065040692,16.144710789405405,16.257843662892228,True,7
v8_l32_t64_d64_p32_wl3072_lowW4,1;min_L_32;max_L_minus_64;dupL_minL_64;cross_minL_32;max_WL_minus_3072;lowW_4_L,7,2.0,14.525291322395935,9.969908178840031,35.548010068911815,55.14384025941381,83.89184468181013,-4.653699312661962,21.572434523395923,15.438406703832088,10.378235510232049,37.90764329442935,57.02272060382976,130.3947369984943,-3.2761301938603014,22.9037354910334,15.533927332540161,10.387659103495515,41.8944603631162,58.14765813599308,96.6491999975206,-5.591018702852174,23.13828225053221,15.486167018186125,113.52196849800745,15.438406703832088,15.533927332540165,True,7
v8_l32_t64_d64_p32_wl3072_lowW8,1;min_L_32;max_L_minus_64;dupL_minL_64;cross_minL_32;max_WL_minus_3072;lowW_8_L,7,1.0,15.802197750685076,10.57418542162047,37.03254781864067,57.41126435241421,96.84333329241845,-1.0180952009668206e-12,23.094287787522727,17.07131594093567,11.752468424209045,40.04050989074447,58.441799308758114,133.00193184938908,1.3184973819063257,24.741652347295993,17.305784721476062,11.300453218151258,47.67923048561651,60.412804400169286,112.8807802363501,-1.820808167650928,25.346558871342097,17.188550331205867,122.94135604286959,17.07131594093567,17.305784721476055,True,6
v8_l32_t64_d64_p32_wl3072_lowW8,1;min_L_32;max_L_minus_64;dupL_minL_64;cross_minL_32;max_WL_minus_3072;lowW_8_L,7,1.5,14.903838503699822,10.103102957529597,35.83233010333262,56.73906379961954,83.81824055141001,-2.610662999234654,21.980143007044788,16.010691981280168,10.852581244796234,38.185142517055276,58.81599196708526,136.10229325582816,-1.241991094281529,23.50454842665544,16.086624967989728,10.650579220634231,43.86405601909372,58.693658483114255,103.33025654721833,-3.7195829336647126,23.894140519699196,16.048658474634948,119.71627490152324,16.010691981280168,16.086624967989724,True,6
v8_l32_t64_d64_p32_wl3072_lowW8,1;min_L_32;max_L_minus_64;dupL_minL_64;cross_minL_32;max_WL_minus_3072;lowW_8_L,7,2.0,14.513914976654192,9.957611670569488,34.92031093944807,56.10949863277376,83.9216830223841,-4.717678011750206,21.720216416394823,15.406633850905699,10.219286431622258,37.625546089983004,57.829463575260725,124.57786976062302,-3.467703543380579,22.892699206603115,15.41800466896082,10.344180824126681,40.629111423391755,59.200947929194115,97.69671294172578,-5.382210737562784,23.23140036842549,15.412319259933259,111.1372913511744,15.4066338509057,15.418004668960819,True,6
v8_l32_t64_d64_p32_wl3072_lowW16,1;min_L_32;max_L_minus_64;dupL_minL_64;cross_minL_32;max_WL_minus_3072;lowW_16_L,7,1.0,15.98426446111796,10.592859935634902,37.89651293854906,58.88459187667571,104.7652790994397,-1.152976954766001e-13,23.42633993438127,17.370449976504954,11.78227272838604,42.00667720266717,59.83973525449381,131.31077030299184,1.6398344684634751,25.437567357784,17.65920800840219,11.446301606355352,50.41483083996355,62.37151641827392,131.75689843281268,-1.5999525394786978,25.930232287555512,17.514828992453573,131.53383436790227,17.370449976504954,17.659208008402185,True,6
v8_l32_t64_d64_p32_wl3072_lowW16,1;min_L_32;max_L_minus_64;dupL_minL_64;cross_minL_32;max_WL_minus_3072;lowW_16_L,7,1.5,15.073028548972353,10.335246068674238,36.15876018692836,58.32955789971167,86.01516072216211,-2.7007601662218286,22.30065284437775,16.306850102277902,10.856744460460321,39.508105984575884,60.04129484460442,135.38308288255476,-1.0489815027047995,24.070262250313824,16.36667233186131,10.846995257023767,45.77882213537555,61.02815789520881,108.80913447021183,-3.609619374123449,24.347424700573974,16.336761217069608,122.0961086763833,16.306850102277902,16.366672331861317,True,6
v8_l32_t64_d64_p32_wl3072_lowW16,1;min_L_32;max_L_minus_64;dupL_minL_64;cross_minL_32;max_WL_minus_3072;lowW_16_L,7,2.0,14.67879158233035,9.791862638937543,35.674723358054614,58.547836998875205,84.11220752089037,-4.856593750170064,22.037680799417785,15.684245852041064,10.302283288427688,38.98345074175112,60.28885946591787,124.92705826203361,-3.3310599121612237,23.39881557628264,15.616232843136798,10.375169316678246,42.97691721268256,60.675333345966735,93.86832788240866,-5.302495590564931,23.545916862611023,15.650239347588931,109.39769307222113,15.684245852041064,15.616232843136798,True,6
v8_l32_t64_d64_p64,1;min_L_32;max_L_minus_64;dupL_minL_64;cross_minL_64,5,1.0,17.928454999853372,11.826912757308083,44.51562886631365,61.213276770142635,93.624182314249,2.372153543298471e-13,25.330876904497067,18.762339619546697,12.634066477699452,45.226196819790566,62.1399162399383,102.25667215806081,0.5793815940864082,26.171393371958967,20.046623171950785,12.214033261082918,57.389631211169565,67.38356363702214,102.73418205984166,-2.165702647904167,28.610778382309952,19.40448139574874,102.49542710895123,18.762339619546697,20.046623171950785,True,5
v8_l32_t64_d64_p64,1;min_L_32;max_L_minus_64;dupL_minL_64;cross_minL_64,5,1.5,16.746456105737714,11.57000691807899,41.49022246491814,60.46839666111441,84.27745867771547,-3.144835392366528,23.934407351002836,17.508105018719174,12.182906424888296,42.73106567492429,61.22714576673869,84.57203855648278,-2.655160435866193,24.560996835365277,18.33318455464487,11.700950908439301,50.740610917275745,63.412636779906954,88.49440097727796,-4.372450313122711,26.390890189626038,17.920644786682022,86.53321976688036,17.50810501871917,18.333184554644873,True,5
v8_l32_t64_d64_p64,1;min_L_32;max_L_minus_64;dupL_minL_64;cross_minL_64,5,2.0,16.25226915510392,11.062213228773038,44.4292019302573,56.90584249853971,84.33389361475858,-5.566300865552492,23.593009272987477,16.945360356558393,11.629564325628827,45.35348065003528,57.82078927330098,84.60093036832068,-5.195285919537085,24.101858303698222,17.32784807220913,11.413868922039615,49.44955150109384,61.448266055656354,84.55717390978405,-6.2530768983562135,25.157336369440504,17.13660421438376,84.57905213905237,16.94536035655839,17.327848072209125,True,5
v8_l32_t64_d64_p64_lowW2,1;min_L_32;max_L_minus_64;dupL_minL_64;cross_minL_64;lowW_2_L,6,1.0,17.109000765488656,11.13253988178442,41.212462362150966,57.84032766875168,124.51906913677706,2.8852007049886056e-13,24.46585039465499,18.04278238006208,12.24302049449782,43.197341696891115,59.400896912885095,145.3064752687783,0.4962371820687801,25.510408921699568,19.443479156104885,12.085777566317118,54.941306273952804,67.16759613067315,100.35039861279924,-4.453923967601971,27.798971983119504,18.743130768083482,122.82843694078878,18.04278238006208,19.44347915610489,True,6
v8_l32_t64_d64_p64_lowW2,1;min_L_32;max_L_minus_64;dupL_minL_64;cross_minL_64;lowW_2_L,6,1.5,16.068878980242527,10.702375510178769,40.0790604123863,55.166600102613074,100.01391234784865,-2.8683080943935253,23.04936944671349,16.883813741011476,11.60857234980337,41.33840638053726,55.390543347504526,111.33038527597895,-2.4390121644649296,23.780229682354655,18.03043493804781,11.431911673652234,51.69109848721381,63.63448108172399,84.93752141667737,-6.019983112851707,25.968612869760545,17.457124339529642,98.13395334632816,16.883813741011476,18.03043493804781,True,6
v8_l32_t64_d64_p64_lowW2,1;min_L_32;max_L_minus_64;dupL_minL_64;cross_minL_64;lowW_2_L,6,2.0,15.636847518456516,10.425627136525563,43.33676022832471,54.39422304439574,84.53646744846543,-5.152427249544531,22.698958675553566,16.352326696567772,11.011515404200129,42.42493632159566,55.48182418391121,86.25375595281348,-4.836210442355053,23.270225649644388,17.19521697008518,11.150918525208874,48.31774643608604,61.19884103374605,84.82691458563355,-7.483785362479704,24.93947603209795,16.773771833326478,85.5403352692235,16.35232669656777,17.19521697008518,True,6
v8_l32_t64_d64_p64_lowW4,1;min_L_32;max_L_minus_64;dupL_minL_64;cross_minL_64;lowW_4_L,6,1.0,16.930932997344495,11.019608672142335,42.06035926421318,55.86830932054713,104.48408899786665,1.3113044121908061e-12,24.271053982453424,18.033232996498153,12.112640052128226,42.98559258839877,58.68764854950469,112.06007862722186,0.3270020198053481,25.334361579606007,18.239707756696923,11.196724821995197,52.235802992761,60.98734796596892,112.4125210018205,-2.34674918141786,26.609630603862765,18.136470376597536,112.23629981452117,18.033232996498153,18.239707756696923,True,6
v8_l32_t64_d64_p64_lowW4,1;min_L_32;max_L_minus_64;dupL_minL_64;cross_minL_64;lowW_4_L,6,1.5,15.925858364612095,10.723010006179624,39.67828007125688,55.58599467862176,83.82041208489453,-2.7986153724303415,22.82081581435848,16.878796608143805,11.565674517890312,41.03746362777866,56.20490845658517,84.10759081777948,-2.5386848275919354,23.570697966331974,17.00304315491321,10.775138024927966,48.60018758616001,58.765173825978906,92.84692024441918,-4.148511607288903,24.75377253775334,16.940919881528508,88.47725553109933,16.878796608143805,17.003043154913208,True,6
v8_l32_t64_d64_p64_lowW4,1;min_L_32;max_L_minus_64;dupL_minL_64;cross_minL_64;lowW_4_L,6,2.0,15.52529842327077,10.54714485624546,41.15839005681799,54.17362199930615,83.92695292173535,-5.045455547002401,22.46209150325011,16.367297631401005,11.211511337276386,41.24192459407698,55.011245540441195,84.18493864539953,-4.894544925343481,23.080517610314445,16.286778237237083,10.672602915477503,43.943520171381856,57.69212397464054,83.94116629348511,-5.794353214572295,23.725752877151294,16.327037934319044,84.06305246944231,16.367297631401005,16.286778237237083,True,6
v8_l32_t64_d64_p64_lowW8,1;min_L_32;max_L_minus_64;dupL_minL_64;cross_minL_64;lowW_8_L,6,1.0,17.26342297006973,11.265406259342559,42.943150802856636,57.49903216606353,105.48371486756936,9.709279619082114e-14,24.682321019211567,18.54276671771538,12.381120007625078,45.07026182021445,59.41152393325288,112.61058266089555,0.20748177767548798,26.043307268696836,18.866870112513244,11.70332745455272,53.60097442823175,64.66699321215869,130.14893929022116,-2.2422522645950242,27.382742837986267,18.70481841511431,121.37976097555836,18.54276671771538,18.866870112513247,True,6
v8_l32_t64_d64_p64_lowW8,1;min_L_32;max_L_minus_64;dupL_minL_64;cross_minL_64;lowW_8_L,6,1.5,16.2254623209993,10.975851023047012,39.64321549291632,55.71379953035924,88.58108755811374,-2.902085496319147,23.19859637389079,17.272789559155296,11.79880309275571,42.503526364679196,57.45448209679105,88.05338921550346,-2.7261216481417856,24.11331397500545,17.504345619470186,11.063129243861546,51.084753247345915,60.224588016132586,111.83371872860657,-4.19116990584036,25.40604990228902,17.388567589312743,99.94355397205501,17.272789559155292,17.504345619470183,True,6
v8_l32_t64_d64_p64_lowW8,1;min_L_32;max_L_minus_64;dupL_minL_64;cross_minL_64;lowW_8_L,6,2.0,15.769536680418561,10.629055584206998,41.03684130901853,55.202356627828415,84.03099709748199,-5.213285661970128,22.83262065985928,16.644134205348717,11.343655598478502,42.33036722982574,56.63876362022705,84.29562559677642,-5.055475415502946,23.523211272751603,16.707170795531603,10.747003529325728,45.77323557143466,59.20892767382444,97.11697204751178,-5.924844640945446,24.321565832165078,16.675652500440158,90.7062988221441,16.644134205348713,16.707170795531603,True,6
v8_l32_t64_d64_p64_lowW16,1;min_L_32;max_L_minus_64;dupL_minL_64;cross_minL_64;lowW_16_L,6,1.0,17.612927882434164,11.499322420798176,43.824991821156836,58.92692129245013,103.96736108463523,1.107740538358914e-12,25.13656750391982,18.957882819480517,12.757876518656408,46.0661674208277,61.3802166422513,129.9870309677722,0.6256274307730151,26.842205868411018,19.464354075997164,11.949286333863519,54.330822284783196,66.00910843371958,133.10263863383355,-2.155741318922455,28.060907017425585,19.21111844773884,131.54483480080287,18.957882819480517,19.464354075997164,True,6
v8_l32_t64_d64_p64_lowW16,1;min_L_32;max_L_minus_64;dupL_minL_64;cross_minL_64;lowW_16_L,6,1.5,16.517804580846818,11.173232005501676,40.63348260866919,56.88576185568163,84.10926692103028,-3.0195859905588787,23.61861204221767,17.583384611173113,11.930220160792082,43.99198770861493,59.07055191976005,99.50941243791948,-2.528389640261558,24.640219614602383,18.019211583279578,11.345808008704028,50.5322997011427,61.75929144405146,108.5570314371644,-4.319504148524592,25.99626224067207,17.801298097226343,104.03322193754194,17.583384611173116,18.019211583279578,True,6
v8_l32_t64_d64_p64_lowW16,1;min_L_32;max_L_minus_64;dupL_minL_64;cross_minL_64;lowW_16_L,6,2.0,16.034403725035073,10.767794139235365,42.237327718147434,56.53123942402499,84.184688485505,-5.403707115145246,23.245875150540186,16.88961981949043,11.641074628610937,42.455935220058436,57.29619283973906,84.45169077036373,-4.985127688920362,23.935003346496448,17.137530211239298,11.011793492672272,46.71510140149053,60.96744205701297,90.19845330023382,-6.139529084516837,24.850857392915106,17.013575015364864,87.32507203529877,16.88961981949043,17.1375302112393,True,6
v8_l32_t64_d64_p64_wl3072,1;min_L_32;max_L_minus_64;dupL_minL_64;cross_minL_64;max_WL_minus_3072,6,1.0,17.452282229761323,11.6912287766066,43.25479934010474,60.876485493607525,93.78493398122485,3.922328300663286e-13,24.822287061550604,18.82001358569978,12.637649340687862,46.68374042724921,63.070784856150766,150.82062068093535,1.155744528050188,26.755817401326816,19.58933351523656,12.109377309478653,56.859047081919236,66.20114916367258,114.91952749299061,-2.123083413874853,28.131884861440344,19.204673550468172,132.87007408696297,18.82001358569978,19.589333515236557,True,6
v8_l32_t64_d64_p64_wl3072,1;min_L_32;max_L_minus_64;dupL_minL_64;cross_minL_64;max_WL_minus_3072,6,1.5,16.477168052883314,11.384770522187043,40.67610042332045,59.14060301583443,84.14012374869897,-3.1246950118557164,23.663965645433997,17.75217860279283,12.147441382948044,43.00477308720607,61.289120421170146,143.16967526560634,-1.8510446129151943,25.44965387954166,18.0930404591383,11.672677130513865,52.80276050012527,62.3995757517569,105.69633209431521,-4.390547352167583,26.265555928157912,17.922609530965566,124.43300367996078,17.75217860279283,18.0930404591383,True,6
v8_l32_t64_d64_p64_wl3072,1;min_L_32;max_L_minus_64;dupL_minL_64;cross_minL_64;max_WL_minus_3072,6,2.0,16.07843297166339,11.018883775193272,41.546417661069945,57.82016730241329,84.25413085620524,-5.474552208518742,23.39776102219658,17.078071961272922,11.47247943686529,44.32074591187746,60.24083820215564,122.11115391048901,-4.3015949469908366,24.651575124022955,17.258302723180577,11.32024777342448,50.774317625145244,61.91059051151902,90.34461847638042,-6.201977381556141,25.237239915563215,17.16818734222675,106.22788619343471,17.078071961272922,17.258302723180577,True,6
v8_l32_t64_d64_p64_wl3072_lowW2,1;min_L_32;max_L_minus_64;dupL_minL_64;cross_minL_64;max_WL_minus_3072;lowW_2_L,7,1.0,16.628442515148087,11.351094240064786,40.25106996391624,57.9253935429661,119.45093173528893,2.43835317706494e-13,23.80355659071272,18.088583149549756,12.453578365108996,43.74888526030804,60.054085706161345,138.2703423477982,1.028016924587089,25.657615222794483,18.912945415226005,11.833962535568531,53.74032709156063,66.04907035915826,108.61127414398379,-4.583868342026771,27.17951009287423,18.50076428238788,123.44080824589099,18.088583149549756,18.912945415226005,True,7
v8_l32_t64_d64_p64_wl3072_lowW2,1;min_L_32;max_L_minus_64;dupL_minL_64;cross_minL_64;max_WL_minus_3072;lowW_2_L,7,1.5,15.821236319375135,10.842301521256548,39.40666598954078,55.25081858688583,95.24920248058142,-2.826220685851523,22.676395852014572,17.07377332950383,11.713845669962726,41.06583666742265,57.913183430781736,135.0226794701373,-1.6646602700240394,24.342281851432475,17.79924771863472,11.470553273824313,50.9110952996917,62.657808782089255,103.46258934912046,-6.15594126581143,25.777479960530336,17.436510524069277,119.24263440962888,17.07377332950383,17.79924771863472,True,7
v8_l32_t64_d64_p64_wl3072_lowW2,1;min_L_32;max_L_minus_64;dupL_minL_64;cross_minL_64;max_WL_minus_3072;lowW_2_L,7,2.0,15.476297463594989,10.546697721575288,40.09388162283902,54.38624831477021,84.45105035970276,-5.021737035482142,22.409232551522067,16.44146751263706,11.088481452843357,41.10286233131503,56.485239095237226,116.71054638768514,-3.9512445429249343,23.591230535337615,17.159063049120164,11.269882034323697,48.58283096719312,62.44901707474068,90.84480351863671,-7.495369560266909,24.989615666479363,16.800265280878612,103.77767495316093,16.44146751263706,17.15906304912016,True,7
v8_l32_t64_d64_p64_wl3072_lowW4,1;min_L_32;max_L_minus_64;dupL_minL_64;cross_minL_64;max_WL_minus_3072;lowW_4_L,7,1.0,16.58933771556194,11.315491190179861,40.77281545950521,54.97924302001322,101.43778946834767,1.3901923090958481e-12,23.431860006442367,17.929275562740273,12.53301598005836,43.39542297915744,57.94368120085488,131.33457857395015,1.0037678267722367,25.019301574934076,17.75979562981103,11.328847494170503,47.97225997981298,58.27983562724838,103.07624314796087,-2.2574932016668217,25.58240162165729,17.84453559627565,117.20541086095551,17.929275562740273,17.75979562981103,True,6
v8_l32_t64_d64_p64_wl3072_lowW4,1;min_L_32;max_L_minus_64;dupL_minL_64;cross_minL_64;max_WL_minus_3072;lowW_4_L,7,1.5,15.7465441960787,10.881512764442935,38.23448288490792,54.80300357358007,83.5580510975316,-2.7252920913448464,22.30128609169604,16.89706934899635,11.635010764369685,39.29470327848814,55.523773418388984,130.18335780691578,-1.5798274240554646,23.77627700113391,16.7638393025722,10.832302472815126,44.092047131326,56.75091277517103,101.35770192975002,-4.1382790908257725,24.19879463537771,16.830454325784274,115.7705298683329,16.89706934899635,16.763839302572197,True,7
v8_l32_t64_d64_p64_wl3072_lowW4,1;min_L_32;max_L_minus_64;dupL_minL_64;cross_minL_64;max_WL_minus_3072;lowW_4_L,7,2.0,15.347713502293415,10.585725157687502,38.35499862323179,52.513832058603334,83.76679760135103,-4.855579607219435,22.035379749892112,16.244590222530487,10.883773591714258,40.16162407297296,54.75289188402675,113.50163478643962,-3.8169188988463145,23.11622359863607,16.186389624367557,10.727973816342466,43.087879685443276,56.16152723195938,91.67652342655931,-5.700150154810145,23.476954548333644,16.21548992344902,102.58907910649947,16.244590222530487,16.186389624367553,True,7
v8_l32_t64_d64_p64_wl3072_lowW8,1;min_L_32;max_L_minus_64;dupL_minL_64;cross_minL_64;max_WL_minus_3072;lowW_8_L,7,1.0,16.625615299152226,11.250415388025004,41.78791761961885,56.580895103044945,96.7892238440553,-4.3167677851884964e-13,23.66203747899263,17.901894247115713,12.46985456771239,43.78077363933582,58.50648940660898,127.48265838577728,1.1206871880969886,25.201598602190177,18.014330677540674,11.267570427116969,47.687237069751845,61.29410276735751,113.6976965201598,-1.833917745669939,25.97053360628305,17.958112462328195,120.59017745296853,17.90189424711571,18.014330677540674,True,6
v8_l32_t64_d64_p64_wl3072_lowW8,1;min_L_32;max_L_minus_64;dupL_minL_64;cross_minL_64;max_WL_minus_3072;lowW_8_L,7,1.5,15.738623990847305,10.728986499468906,38.139562770559294,54.83654713417915,83.65155136999529,-2.7944403655928416,22.521611568949595,16.808704567154624,11.401122966422594,39.484357738406025,56.55218485968157,127.82180142068991,-1.5644350005668888,23.886319631295816,16.895806994294677,11.016780625351819,44.806622642164626,58.23681448116134,100.82872783787393,-3.8571591241310195,24.48133499767094,16.85225578072465,114.32526462928192,16.808704567154624,16.89580699429468,True,6
v8_l32_t64_d64_p64_wl3072_lowW8,1;min_L_32;max_L_minus_64;dupL_minL_64;cross_minL_64;max_WL_minus_3072;lowW_8_L,7,2.0,15.351477435470493,10.67679257511383,38.92282131208708,54.686663650043464,83.85133623366944,-4.954171066663166,22.257967262673535,16.170431617036584,10.987721275659002,40.35540395295195,56.3102807294651,112.42365305232065,-3.8263834441584836,23.236022262176302,16.22088882253778,10.824484059247919,43.46106548101479,56.851634326031345,92.73685745998317,-5.493483971780293,23.718147758149406,16.195660219787182,102.5802552561519,16.170431617036584,16.220888822537784,True,6
v8_l32_t64_d64_p64_wl3072_lowW16,1;min_L_32;max_L_minus_64;dupL_minL_64;cross_minL_64;max_WL_minus_3072;lowW_16_L,7,1.0,16.864965519270932,11.107766412039162,42.179176601011584,58.14672878331364,102.22781933326095,-3.8506120307496114e-13,24.099784798446912,18.226536281410358,12.363205444604885,45.41990105619675,60.06929279329947,126.27175656474043,1.4061928260857206,25.936000269607966,18.482618752793325,11.501326338970985,50.7859160562286,62.56657976493129,129.6931696410178,-1.6545901256734559,26.69732330972932,18.35457751710184,127.98246310287911,18.226536281410358,18.482618752793325,True,6
v8_l32_t64_d64_p64_wl3072_lowW16,1;min_L_32;max_L_minus_64;dupL_minL_64;cross_minL_64;max_WL_minus_3072;lowW_16_L,7,1.5,15.94815486380821,10.918463565625292,38.82483372671697,55.75386592343578,83.84893264143008,-2.905574489903663,22.929133232737623,17.112355309164005,11.530193897663299,41.1520272407264,58.70013926623593,128.3342961888409,-1.4629881983818218,24.44614903178328,17.28012675733896,11.169624920797737,47.110457922792875,60.550805161801435,105.74752009240305,-3.8442845968053683,25.08621339061413,17.196241033251482,117.04090814062198,17.11235530916401,17.28012675733896,True,6
v8_l32_t64_d64_p64_wl3072_lowW16,1;min_L_32;max_L_minus_64;dupL_minL_64;cross_minL_64;max_WL_minus_3072;lowW_16_L,7,2.0,15.585795853502916,10.669306202202334,40.2005116161721,56.226216453526796,84.02625345243185,-5.13383801654915,22.657974350214424,16.462894965633676,11.069774536397997,40.81835111037699,58.87434440497434,114.03909503915321,-3.830104715237349,23.730249419568246,16.573992830307446,10.80936132164716,44.12681481724536,60.67055720427722,89.65535046100399,-5.589619428686529,24.25479580798879,16.518443897970563,101.8472227500786,16.462894965633676,16.573992830307446,True,6
v8_l32_t64_d128_p32,1;min_L_32;max_L_minus_64;dupL_minL_128;cross_minL_32,5,1.0,16.51481388889251,11.038910867922501,40.254408978314835,62.524521129741245,86.77551636031768,2.923817158019046e-14,24.07330230608079,17.260590726697853,11.979120357584911,41.490168695980046,64.24958938924223,102.09069700579204,0.21028997074260736,24.88560417936323,18.92524343232465,12.158029065830593,54.02220371413508,67.9984922473576,111.5874336204938,-1.560725737626753,27.56200879339279,18.092917079511253,106.83906531314292,17.260590726697856,18.925243432324653,True,5
v8_l32_t64_d128_p32,1;min_L_32;max_L_minus_64;dupL_minL_128;cross_minL_32,5,1.5,15.71264256897697,10.383953184900346,38.879280663080856,62.58175895506046,84.11867241628269,-3.0180115096961986,23.21489235141972,16.39894938706102,11.113015582089652,41.51577427900254,63.80482426989526,84.37960610930662,-2.6281095774384733,23.893787607832305,17.62522330921264,11.44725745641363,52.69926047331856,66.27066374098428,93.89781243085065,-3.9441651919896863,26.001721791209697,17.01208634813683,89.13870927007864,16.39894938706102,17.62522330921264,True,5
v8_l32_t64_d128_p32,1;min_L_32;max_L_minus_64;dupL_minL_128;cross_minL_32,5,2.0,15.335497411053518,10.283567985761177,38.24845965878069,60.25806904539522,84.24233050052175,-5.291399385216317,23.00304194061362,15.994273867354595,10.741637084960281,40.50594518821752,61.29675033640257,84.48362640564368,-4.827820956684223,23.554847967037677,16.753492959486962,11.023360704929509,50.96031459034699,65.0328074795068,84.40827458860801,-5.834972242142875,24.957396979629955,16.373883413420778,84.44595049712584,15.994273867354595,16.753492959486962,True,5
v8_l32_t64_d128_p32_lowW2,1;min_L_32;max_L_minus_64;dupL_minL_128;cross_minL_32;lowW_2_L,6,1.0,15.732981375061364,10.517497929516573,37.73114062619046,59.46285158555798,121.92607754474155,-1.4784584874511402e-13,23.126740779693595,16.852101096119927,11.779769166886545,36.92030588646164,61.74575894746198,130.3560862047161,0.02897244371893398,24.371435958261927,18.31301092543229,11.891995403464778,52.74108385769829,67.00373123183117,113.31664907800811,-3.9432803021823446,26.686278057769673,17.58255601077611,121.8363676413621,16.852101096119927,18.31301092543229,True,6
v8_l32_t64_d128_p32_lowW2,1;min_L_32;max_L_minus_64;dupL_minL_128;cross_minL_32;lowW_2_L,6,1.5,15.005568095291595,9.987338670799751,37.03452590143656,56.82562774436829,98.92050232317648,-2.7345236846639716,22.269840618683137,15.79384528204778,10.687785808180516,36.297749016818734,58.33319807039835,106.79093352279332,-2.4810816680783567,23.117630076987012,17.40074639193698,11.59128248580275,51.681667604805384,66.03653076924132,95.99253793233875,-5.658441155805614,25.575076061929785,16.59729583699238,101.39173572756604,15.79384528204778,17.40074639193698,True,6
v8_l32_t64_d128_p32_lowW2,1;min_L_32;max_L_minus_64;dupL_minL_128;cross_minL_32;lowW_2_L,6,2.0,14.660056044806716,9.875199301150278,36.15079355324101,56.9431755775649,84.4341504977601,-4.863871877544826,22.054187533312202,15.328823378561077,10.287639166591594,38.215564950635866,57.92310653586481,88.75138787094224,-4.5164011732477,22.680365627870323,16.689826518599016,11.180160218865538,49.49845902239424,63.527936844602095,84.65976540771616,-7.106015132112139,24.762965401145394,16.009324948580048,86.7055766393292,15.328823378561077,16.689826518599016,True,6
v8_l32_t64_d128_p32_lowW4,1;min_L_32;max_L_minus_64;dupL_minL_128;cross_minL_32;lowW_4_L,6,1.0,15.507678825620138,10.58413565288877,35.02871423246023,57.83739917623545,102.8764851358027,1.1833184535756326e-13,22.812584487339322,16.886552759545047,11.807441453414864,38.46507277503838,58.74735853885184,113.77695813236808,-0.011409604071427428,24.22563470363346,17.215051182437733,10.819952852136305,48.523160186675284,61.92335471729786,114.68104242229558,-1.8533132663632084,25.462498964165725,17.05080197099139,114.22900027733183,16.886552759545047,17.215051182437737,True,6
v8_l32_t64_d128_p32_lowW4,1;min_L_32;max_L_minus_64;dupL_minL_128;cross_minL_32;lowW_4_L,6,1.5,14.75757521187783,9.645373219958103,34.08092588682684,57.33957510358329,83.60445622569941,-2.6473800925006516,21.942185383982228,15.783875871290212,10.747057553034768,36.25397491026176,57.9775235083421,92.12699937743113,-2.651405563012988,22.947762716592106,16.295464648099223,10.338373934527834,46.09408793275939,61.296283949722906,97.68022426688745,-3.790851881610211,24.261544619766035,16.039670259694716,94.90361182215929,15.783875871290213,16.295464648099223,True,6
v8_l32_t64_d128_p32_lowW4,1;min_L_32;max_L_minus_64;dupL_minL_128;cross_minL_32;lowW_4_L,6,2.0,14.450597881385194,9.681136513847145,35.74235262271749,56.38822829868601,83.7931225399862,-4.720172989589966,21.72595910331742,15.272039748732496,10.126516054149404,37.49591154601051,57.13522246914465,84.02147582534522,-4.616898663396808,22.434111841499952,15.643690486505434,10.427113178987168,44.449884043171664,60.1643926038301,83.76117036523964,-5.406655714570934,23.41846929723671,15.457865117618965,83.89132309529242,15.272039748732492,15.643690486505436,True,6
v8_l32_t64_d128_p32_lowW8,1;min_L_32;max_L_minus_64;dupL_minL_128;cross_minL_32;lowW_8_L,6,1.0,15.64066914859633,10.33278936794505,37.6516726506121,58.675039819111674,98.65228732956366,6.533628020943126e-12,23.104386207390206,16.818281823742538,11.587559364278317,39.90735329535029,59.905758940885335,117.75062715802798,0.5011866598236087,24.540271276598506,17.620140209964237,11.021797867070148,48.18045187131364,63.42484365553788,120.38002987509331,-1.7167762345659168,26.069552115467403,17.219211016853386,119.06532851656064,16.818281823742534,17.620140209964237,True,6
v8_l32_t64_d128_p32_lowW8,1;min_L_32;max_L_minus_64;dupL_minL_128;cross_minL_32;lowW_8_L,6,1.5,14.87961445706828,9.909647044374537,37.183400278102944,57.96048597797711,85.56965338033073,-2.728976263163097,22.226767016313556,15.821943071619136,10.398663800941154,38.57763101732571,59.05738905628433,95.88419669608783,-2.421086939988632,23.30072283085798,16.6164884479351,10.669423529697886,47.34286540529057,61.924781559507274,106.07496245479791,-3.907653525684171,24.821817688146588,16.219215759777118,100.97957957544287,15.821943071619136,16.6164884479351,True,6
v8_l32_t64_d128_p32_lowW8,1;min_L_32;max_L_minus_64;dupL_minL_128;cross_minL_32;lowW_8_L,6,2.0,14.568160724751962,9.526371717171244,37.42855916878046,57.34035244178692,83.87437226863811,-4.844931290036709,22.01120462409246,15.447285971451425,9.928320482513865,39.690583522637546,58.32190452760379,84.10891882604584,-4.683993488251857,22.844748940632257,15.893966013139423,10.393294697029809,46.107509501221124,60.68543313763499,94.6435416950993,-5.583376763257657,23.918469816237298,15.670625992295424,89.37623026057257,15.447285971451421,15.893966013139423,True,6
v8_l32_t64_d128_p32_lowW16,1;min_L_32;max_L_minus_64;dupL_minL_128;cross_minL_32;lowW_16_L,6,1.0,15.831354336915275,10.164929319255622,39.97193212532191,59.32029196581247,101.90979349299964,-1.8149732924306908e-13,23.437095038343635,16.954431447405735,11.383461363090252,40.216741805342686,61.57692140373253,119.9562937221987,0.8415902165464555,24.97827642275968,17.89008240078365,11.239043849142083,49.569710969697965,63.804229883099886,128.39452646707298,-1.3030943642511261,26.417722925075154,17.422256924094693,124.17541009463584,16.95443144740573,17.89008240078365,True,5
v8_l32_t64_d128_p32_lowW16,1;min_L_32;max_L_minus_64;dupL_minL_128;cross_minL_32;lowW_16_L,6,1.5,15.119623137389981,9.866059817380691,38.95873041689264,59.78829819458081,84.40110420557,-2.825818785462772,22.576613625197687,16.037169530552884,10.485872355089887,41.157277651727014,60.58350977885211,102.37111472314497,-2.0783376670014784,23.733973044103706,16.836802552795557,10.901576825962339,48.29486268687037,62.976485360204244,107.27227188973325,-3.675656841534622,25.09795287906307,16.43698604167422,104.8216933064391,16.037169530552884,16.836802552795554,True,5
v8_l32_t64_d128_p32_lowW16,1;min_L_32;max_L_minus_64;dupL_minL_128;cross_minL_32;lowW_16_L,6,2.0,14.803896005171842,9.665994060212219,37.69783422668973,59.07271116472062,84.0125364439532,-5.000048000055868,22.360787106128576,15.646734764790137,9.859446532444993,39.64497488744942,60.27533995897602,90.68122281343602,-4.3685013895716365,23.22697810295433,16.115015933329307,10.519715427908277,45.968225483527526,62.15157079040474,92.17078641935521,-5.528508849100451,24.212878484184348,15.880875349059721,91.42600461639562,15.646734764790136,16.11501593332931,True,6
v8_l32_t64_d128_p32_wl3072,1;min_L_32;max_L_minus_64;dupL_minL_128;cross_minL_32;max_WL_minus_3072,6,1.0,16.459980141103483,11.132342406021088,40.838384323380204,62.4295206268063,85.26808825587608,-1.522591576628786e-13,24.019289927517622,17.29954753822553,11.824547805921842,43.63220392901242,64.94194078534784,102.09069700579204,0.5159457053577011,25.120027857975863,18.860683429569963,12.11164491847575,54.13994860860826,68.17012177079772,109.93545889786054,-1.5107492242372407,27.514374138062713,18.080115483897746,106.01307795182629,17.29954753822553,18.860683429569967,True,6
v8_l32_t64_d128_p32_wl3072,1;min_L_32;max_L_minus_64;dupL_minL_128;cross_minL_32;max_WL_minus_3072,6,1.5,15.652095244009281,10.400768494033564,38.413021187587354,62.496075346817385,84.0795365001782,-3.0232201788002944,23.186517542273062,16.48018834037338,11.059454690016052,42.54620935948453,64.55206588190086,98.20083215683466,-2.1800063515776738,24.209047888062454,17.54826826739473,11.372779326243132,52.64777028715113,67.2362732899171,95.12474547874967,-3.948543841985172,25.96805964891418,17.014228303884053,96.66278881779218,16.480188340373385,17.54826826739473,True,6
v8_l32_t64_d128_p32_wl3072,1;min_L_32;max_L_minus_64;dupL_minL_128;cross_minL_32;max_WL_minus_3072,6,2.0,15.32083639975136,10.326642244911977,38.41485474180176,60.330570759900894,84.2188794293368,-5.284306175245234,22.98761878761093,16.056054541242407,10.79517050633136,39.76434449788157,61.91131684036427,84.45088833414145,-4.463567823534388,23.685625449366267,16.73766319534847,11.004172810916035,51.5366373466084,64.81854400724583,84.37318055949544,-5.831884178950276,25.01437351831091,16.39685886829544,84.41203444681844,16.05605454124241,16.73766319534847,True,6
v8_l32_t64_d128_p32_wl3072_lowW2,1;min_L_32;max_L_minus_64;dupL_minL_128;cross_minL_32;max_WL_minus_3072;lowW_2_L,7,1.0,15.673669742368904,10.548572576377225,36.4247584312765,58.62726903841998,119.90309453729613,-2.2452709119127388e-13,23.019863638366875,16.840937351791876,11.75639508834785,37.55960991068248,62.979726688453916,126.78671069876049,0.27121595460257236,24.44975972510805,18.190688742503003,11.911667356050204,52.118579077948276,67.19440023853389,107.82012677743032,-3.9610216509818543,26.560716114183215,17.51581304714744,117.3034187380954,16.840937351791872,18.190688742503003,True,7
v8_l32_t64_d128_p32_wl3072_lowW2,1;min_L_32;max_L_minus_64;dupL_minL_128;cross_minL_32;max_WL_minus_3072;lowW_2_L,7,1.5,14.947009617169604,10.050087541554282,35.0451030203756,56.6727384041965,96.87632764407026,-2.736820575455586,22.212817906801604,15.836457455389636,10.738326744542519,37.132306238555934,59.29752285917504,102.57300078175913,-2.131810584008014,23.225841223420225,17.307319709951212,11.444173649410894,51.4599340416053,66.41818017498173,92.83370398414161,-5.726555741504306,25.519463279832227,16.571888582670425,97.70335238295037,15.836457455389635,17.307319709951212,True,7
v8_l32_t64_d128_p32_wl3072_lowW2,1;min_L_32;max_L_minus_64;dupL_minL_128;cross_minL_32;max_WL_minus_3072;lowW_2_L,7,2.0,14.648542625407286,10.020116078551062,36.23436431294137,57.312414508597115,84.39969194178087,-4.845891774198582,22.013386323323033,15.3648532601139,10.390227461650891,37.63899922305835,58.47790874104833,86.00725256797328,-4.248413017711891,22.695843291194176,16.68338238784043,11.190275129871967,49.68579705492045,63.394598670210215,84.60911995608683,-7.147607045886742,24.831228378853883,16.024117823977164,85.30818626203006,15.364853260113899,16.68338238784043,True,7
v8_l32_t64_d128_p32_wl3072_lowW4,1;min_L_32;max_L_minus_64;dupL_minL_128;cross_minL_32;max_WL_minus_3072;lowW_4_L,7,1.0,15.532691422965286,10.617353602948898,34.17492649320118,56.21445489583792,101.09585689904783,-3.91681166451608e-13,22.64284500960926,16.76823263164826,11.825542903073222,36.67482244471331,58.69339253618355,109.88255783630004,0.25844605774529944,23.99620751534406,17.11763880140411,11.090117206213694,45.5213189000277,63.10370492602832,105.70108082678166,-1.8020069780491852,25.153839019528274,16.942935716526186,107.79181933154085,16.76823263164826,17.11763880140411,True,7
v8_l32_t64_d128_p32_wl3072_lowW4,1;min_L_32;max_L_minus_64;dupL_minL_128;cross_minL_32;max_WL_minus_3072;lowW_4_L,7,1.5,14.703717166003342,9.904560348820734,33.701967767876276,56.68062209023979,83.48230710002676,-2.640259886726265,21.828298898436525,15.715504662686731,10.63698129772428,35.54866651027671,57.09701593675494,87.83958390504935,-2.3535273034611075,22.806939435617952,16.211588937034815,10.291283176024274,44.78582454806469,61.21432765252617,90.72054770619707,-3.85784031389086,24.078352553372977,15.963546799860772,89.28006580562321,15.715504662686733,16.211588937034815,True,7
v8_l32_t64_d128_p32_wl3072_lowW4,1;min_L_32;max_L_minus_64;dupL_minL_128;cross_minL_32;max_WL_minus_3072;lowW_4_L,7,2.0,14.423358280746235,9.862032747254284,34.759170382691345,56.994007350648324,83.71762901879471,-4.679347035295598,21.631798434932847,15.187085879570867,10.232945471436233,36.51590718166725,57.619684760412234,83.93022892596076,-4.380343687319576,22.29779053233099,15.609725355367598,10.393299842405506,43.134300383439815,59.974205651805256,84.93405842472615,-5.444210687266676,23.383101466196337,15.398405617469233,84.43214367534345,15.187085879570866,15.6097253553676,True,7
v8_l32_t64_d128_p32_wl3072_lowW8,1;min_L_32;max_L_minus_64;dupL_minL_128;cross_minL_32;max_WL_minus_3072;lowW_8_L,7,1.0,15.375784042300586,10.013081730574918,36.82626364977075,57.73647480055455,94.99678619140455,-1.903791134400703e-12,22.74760450163855,16.499695223432045,11.332856111955659,38.43614440117678,59.11572615791248,110.8994834963434,0.3637886119761831,24.113513574977258,17.14733620913119,10.975017159121858,44.783088691875115,63.46565040196472,111.26900853849375,-1.270349626418715,25.30550407547168,16.82351571628162,111.08424601741856,16.499695223432045,17.14733620913119,True,6
v8_l32_t64_d128_p32_wl3072_lowW8,1;min_L_32;max_L_minus_64;dupL_minL_128;cross_minL_32;max_WL_minus_3072;lowW_8_L,7,1.5,14.67391865757591,9.51850056299184,35.29898158716082,56.95987089160226,83.52723271566744,-2.700599992742721,21.984782559795043,15.552415090943128,10.163417090926991,37.87057618935809,58.33284620311768,88.67198077790523,-2.2345490001215955,22.884253851358864,16.128699842779223,10.192792200398587,43.909412025981524,62.00230894194408,94.73417583253452,-3.52520287653042,24.131000492296106,15.840557466861176,91.70307830521988,15.55241509094313,16.12869984277922,True,6
v8_l32_t64_d128_p32_wl3072_lowW8,1;min_L_32;max_L_minus_64;dupL_minL_128;cross_minL_32;max_WL_minus_3072;lowW_8_L,7,2.0,14.451246239023922,9.634954866708135,35.41801784943926,57.40662791675568,83.74062285349515,-4.755790985509786,21.80777610282472,15.191049652784615,10.032194013223677,37.18668267431553,58.311712314464884,83.95972127425708,-4.439277874349969,22.484181356311154,15.56065094442793,10.057567122937883,42.0813992113666,60.55557501478047,86.126166810381,-5.30209337909357,23.534410809183044,15.375850298606274,85.04294404231904,15.191049652784617,15.560650944427929,True,6
v8_l32_t64_d128_p32_wl3072_lowW16,1;min_L_32;max_L_minus_64;dupL_minL_128;cross_minL_32;max_WL_minus_3072;lowW_16_L,7,1.0,15.48655916252577,9.854529597945039,38.982513369108005,59.28242517291257,101.04131186010758,1.4950083958927574e-13,23.0566319772618,16.60343663676814,10.996266427685697,39.909845253790934,62.010812440668225,118.50463757268655,0.6017433999681884,24.596042584069327,17.471929321402754,10.98709322082685,47.01459303966698,64.83866469820323,127.27607384817858,-1.0658974638557668,25.872098193876635,17.037682979085446,122.89035571043257,16.60343663676814,17.47192932140275,True,6
v8_l32_t64_d128_p32_wl3072_lowW16,1;min_L_32;max_L_minus_64;dupL_minL_128;cross_minL_32;max_WL_minus_3072;lowW_16_L,7,1.5,14.818246657080866,9.616543812685919,36.96428316277374,59.19932914306182,83.73137681992952,-2.791770546535333,22.290667675802737,15.712787746536799,10.192240064912923,39.72334171837876,59.756675299582035,99.98816714642405,-2.098094619226143,23.311822414914737,16.387720622993985,10.362148091866214,44.45718685024155,62.84471305106623,105.58002591688319,-3.4161530835535565,24.561463031630712,16.050254184765393,102.78409653165362,15.712787746536797,16.387720622993985,True,6
v8_l32_t64_d128_p32_wl3072_lowW16,1;min_L_32;max_L_minus_64;dupL_minL_128;cross_minL_32;max_WL_minus_3072;lowW_16_L,7,2.0,14.621315056457771,9.60803654446225,36.409334259045785,58.79447639248306,83.92256028172007,-4.8905024791656215,22.1144805029785,15.375305729148161,9.935921467768537,38.238486919920035,59.83743322156745,89.02564996807291,-4.338283172982207,22.858764215185932,15.756936272524824,10.137210680923902,42.46332608914985,62.00570310011067,90.07459041335989,-5.201177767557172,23.815238173834118,15.566121000836493,89.5501201907164,15.375305729148163,15.756936272524822,True,6
v8_l32_t64_d128_p64,1;min_L_32;max_L_minus_64;dupL_minL_128;cross_minL_64,5,1.0,17.187180700694167,11.100066111480688,43.60604520395149,60.97378919736231,92.06040130455453,3.806478941571965e-14,24.67946486587448,18.04909128971007,11.920590533679103,44.06141945309207,63.490416385664794,106.40686587561312,-0.27123776341236533,25.6840521715061,19.461190821878162,11.82153435916713,54.880990377398994,66.8750969486155,114.78781747376901,-1.6005018366429744,28.173232180466297,18.755141055794116,110.59734167469107,18.049091289710066,19.461190821878166,True,5
v8_l32_t64_d128_p64,1;min_L_32;max_L_minus_64;dupL_minL_128;cross_minL_64,5,1.5,16.41649307361493,10.985511062751975,42.1111842427637,60.057712360716145,83.86917211995957,-3.219878393846762,23.772680122593957,17.25251790551642,11.801438741425002,43.897898610764194,60.8919064221157,90.19289731304976,-3.309612809751357,24.659059854429287,18.26822369347341,11.69898704200586,52.9028747858735,65.34413317242912,97.20204828618262,-4.165924912117958,26.566590669185246,17.760370799494915,93.69747279961618,17.25251790551642,18.26822369347341,True,5
v8_l32_t64_d128_p64,1;min_L_32;max_L_minus_64;dupL_minL_128;cross_minL_64,5,2.0,16.106370119775605,10.798689564666887,40.94751097731669,58.27246475052549,84.0837034282083,-5.550470275916515,23.559436062683254,16.957687328631803,11.454258789738926,43.03675584204012,59.966860249203236,84.36740697540544,-5.586014743138812,24.35249026250475,17.47304664303586,11.380682227107258,49.917275345456595,63.48791355764952,84.24966016271742,-6.1001809250736105,25.515890526773028,17.215366985833832,84.30853356906144,16.957687328631806,17.473046643035865,True,5
v8_l32_t64_d128_p64_lowW2,1;min_L_32;max_L_minus_64;dupL_minL_128;cross_minL_64;lowW_2_L,6,1.0,16.42791724579069,11.044099183016321,40.66635564655851,57.255894368369724,119.08562037204318,-6.233798846342493e-14,23.76811323422785,17.769953026747785,12.500872283516484,41.984449827586985,60.4516943187078,120.0155269081117,-0.2737154909766791,25.24561655893906,18.704331632981635,11.608406409552991,52.817008201872206,65.95219737140937,116.38742470964276,-3.972398135766992,27.251440875168313,18.23714232986471,118.20147580887723,17.769953026747785,18.70433163298164,True,6
v8_l32_t64_d128_p64_lowW2,1;min_L_32;max_L_minus_64;dupL_minL_128;cross_minL_64;lowW_2_L,6,1.5,15.779051727929497,10.491407461920272,39.72678899585931,54.90915513369001,95.51323155972138,-2.941232093023274,22.86689808995751,16.908075692410936,11.604234766837024,41.20814276640757,58.64776198236424,92.2040844865251,-3.1299781291619206,24.02523419512613,17.9314813329801,11.526569310972086,50.920259529548424,65.25728405491586,99.20585007602281,-5.873003604819267,26.125928497118796,17.419778512695515,95.70496728127395,16.908075692410932,17.9314813329801,True,6
v8_l32_t64_d128_p64_lowW2,1;min_L_32;max_L_minus_64;dupL_minL_128;cross_minL_64;lowW_2_L,6,2.0,15.490711968180666,10.275923068938885,39.23121558755974,55.645445695279754,84.27392325971938,-5.1306855200873125,22.65101657782137,16.52203156067015,11.223011404525929,41.37213212909206,57.22882144741454,84.54361458283343,-5.248785682203324,23.59808881638302,17.346804460138458,11.316761331882631,48.73873043217339,63.35521412613938,84.49945999486093,-7.36503959182335,25.31805493198655,16.934418010404304,84.52153728884718,16.52203156067015,17.346804460138454,True,6
v8_l32_t64_d128_p64_lowW4,1;min_L_32;max_L_minus_64;dupL_minL_128;cross_minL_64;lowW_4_L,6,1.0,16.450388763380005,11.247697630893628,40.136831754690554,55.78843194158274,99.86938243688238,1.1502186366923983e-13,23.50798061212834,17.742937915993913,12.645687352566327,42.04197330583458,57.066981308354826,117.82936457156445,0.09963301122535585,24.93676092375311,17.989211589886846,11.47936798761493,49.04177682907484,60.91708826574057,117.59912726191261,-1.883976700410105,26.146474356551614,17.866074752940378,117.71424591673853,17.742937915993917,17.989211589886846,True,6
v8_l32_t64_d128_p64_lowW4,1;min_L_32;max_L_minus_64;dupL_minL_128;cross_minL_64;lowW_4_L,6,1.5,15.721602670392702,10.668637988871115,39.068784149257795,54.867704509302854,83.35797828513252,-2.86310823507234,22.587936844406382,16.779869445110343,11.687822761987153,40.93199886574994,56.39217768851197,96.61703520537384,-2.7828965265974186,23.687282662552064,17.118917860370207,11.173335905167626,46.18670007131586,59.99684736821014,100.76364189946977,-4.018684585593076,24.905752545641956,16.949393652740277,98.6903385524218,16.779869445110343,17.11891786037021,True,6
v8_l32_t64_d128_p64_lowW4,1;min_L_32;max_L_minus_64;dupL_minL_128;cross_minL_64;lowW_4_L,6,2.0,15.387986562762748,10.426402492200136,38.45744565211947,54.713525103314566,83.64249579127048,-5.004153559958598,22.36996548937602,16.33506333008952,11.059739191252937,40.94729779950474,55.24824656310315,83.91356387086586,-4.931547718669502,23.25695580738854,16.517910571035223,10.755228978555337,44.73424850919181,57.98284668239082,83.60794178016937,-5.688226809468082,24.063879015422664,16.42648695056237,83.76075282551761,16.33506333008952,16.517910571035223,True,6
v8_l32_t64_d128_p64_lowW8,1;min_L_32;max_L_minus_64;dupL_minL_128;cross_minL_64;lowW_8_L,6,1.0,16.7148917567604,11.617636913336844,41.71726915099956,56.65035907733476,99.10609571198799,2.962433611049486e-13,23.823302511791134,17.833097820649602,12.343633786041352,43.22322797637027,57.92452749339854,119.54778554334288,0.42278544975244364,25.21572936920663,18.46864035065603,11.67302571138784,48.987556419913986,62.590284723368754,118.46318750267125,-1.6091181990774126,26.704231960820866,18.150869085652815,119.00548652300706,17.8330978206496,18.468640350656035,True,5
v8_l32_t64_d128_p64_lowW8,1;min_L_32;max_L_minus_64;dupL_minL_128;cross_minL_64;lowW_8_L,6,1.5,15.888594309744033,10.607187267727491,40.57516815185799,54.804626130654306,83.44433199971009,-2.9500971431074925,22.887667460331585,16.79939154341822,11.456678917102915,42.29653628144461,57.600514029259166,99.61946673713231,-2.5159751729110456,23.940454043665973,17.483248424771404,11.121584237226156,47.495910968738315,60.66285554052156,101.71981676435537,-3.9849630518769303,25.386830642972658,17.141319984094814,100.66964175074384,16.799391543418224,17.483248424771404,True,6
v8_l32_t64_d128_p64_lowW8,1;min_L_32;max_L_minus_64;dupL_minL_128;cross_minL_64;lowW_8_L,6,2.0,15.524051222433734,10.39140900351531,39.38236303528986,55.32530943277805,83.7269977224025,-5.1384637854595745,22.66817986839626,16.348148694041495,10.941323247810171,41.18722051289027,56.49091427220011,84.00373729712267,-4.726736928205979,23.4636764388424,16.774852772188925,11.072820430937007,45.96376833561851,59.69292902259468,88.73269491846187,-5.75029942176934,24.50162970331176,16.56150073311521,86.36821610779228,16.348148694041495,16.774852772188925,True,6
v8_l32_t64_d128_p64_lowW16,1;min_L_32;max_L_minus_64;dupL_minL_128;cross_minL_64;lowW_16_L,6,1.0,16.841028548410588,11.311895179517245,42.57621369562987,58.386376402859746,99.19158672778852,4.854639809541057e-14,24.204722334624197,17.956837633813187,12.032082965281882,42.790894125341445,60.44801732927091,120.1164016607744,0.6260924730104765,25.674805214141223,18.811046970381582,11.699947311998404,49.9345403889978,63.19529727242256,126.08990649008827,-1.3005887654473602,27.24724118407142,18.383942302097385,123.10315407543133,17.956837633813187,18.81104697038158,True,5
v8_l32_t64_d128_p64_lowW16,1;min_L_32;max_L_minus_64;dupL_minL_128;cross_minL_64;lowW_16_L,6,1.5,16.051372799263095,10.540695714759607,40.86910996119925,58.40256715329419,83.62127556566557,-3.056372383976064,23.257432227359082,16.938380821324312,11.215545725130315,42.710608265989165,59.64071945422768,100.28049895370033,-2.458857123465778,24.30156707040289,17.755746157181427,11.354403453262885,48.13762866142951,62.35968454046242,103.35028033082598,-3.838511960677064,25.79769500736166,17.347063489252868,101.81538964226316,16.938380821324316,17.755746157181427,True,5
v8_l32_t64_d128_p64_lowW16,1;min_L_32;max_L_minus_64;dupL_minL_128;cross_minL_64;lowW_16_L,6,2.0,15.727257653719676,10.414414111944403,40.2576979417818,56.7637946310581,83.88405337822041,-5.306068111386943,23.03490419208917,16.505290496586788,11.0131684968171,41.509323250198705,59.119403000293325,84.15173388877936,-4.770217673645851,23.793289270557196,17.02100624801513,11.047668428514186,46.420527367272975,61.26143560836372,86.62730132938361,-5.723511989444522,24.87257666668279,16.76314837230096,85.38951760908148,16.505290496586788,17.021006248015134,True,5
v8_l32_t64_d128_p64_wl3072,1;min_L_32;max_L_minus_64;dupL_minL_128;cross_minL_64;max_WL_minus_3072,6,1.0,17.11862274187635,11.126005785172122,44.03978269854628,61.525501982284275,89.23886131153039,1.654990844161724e-15,24.61280564251476,18.114810983864842,11.837463944052262,44.91282221117107,64.17735868413261,106.40686587561312,0.03621806586446606,25.8902832063609,19.39773652240759,11.747529060532013,54.99117908000714,67.40653115330964,112.71525712349977,-1.5479092619417751,28.10384920249672,18.756273753136217,109.56106149955644,18.114810983864835,19.39773652240759,True,6
v8_l32_t64_d128_p64_wl3072,1;min_L_32;max_L_minus_64;dupL_minL_128;cross_minL_64;max_WL_minus_3072,6,1.5,16.36155892519175,10.847947206979702,42.07950947580838,59.97286529971494,83.82483028731946,-3.2245122659023897,23.73752584983828,17.346295307799704,11.720677935501762,44.15621039804595,61.48754529876515,90.19289731304978,-2.855331380831769,24.887934577731695,18.189506513509993,11.580444109467546,52.9028747858735,65.66903647245124,91.72106292591174,-4.168521748350896,26.512641590414514,17.76790091065485,90.95698011948076,17.346295307799704,18.189506513509993,True,6
v8_l32_t64_d128_p64_wl3072,1;min_L_32;max_L_minus_64;dupL_minL_128;cross_minL_64;max_WL_minus_3072,6,2.0,16.081568340176368,10.770565662646103,40.31895485799905,58.76932954698432,84.05638368588194,-5.540909570005276,23.539136708905133,16.98494741515329,11.45013691618425,42.53435767510676,60.874958449266636,84.33035555265678,-5.22028792754054,24.380167524385453,17.454420752103356,11.396536107898514,50.17036186366341,63.36627278031113,84.21048819743132,-6.098320361079577,25.553827689415737,17.219684083628323,84.27042187504405,16.98494741515329,17.454420752103356,True,6
v8_l32_t64_d128_p64_wl3072_lowW2,1;min_L_32;max_L_minus_64;dupL_minL_128;cross_minL_64;max_WL_minus_3072;lowW_2_L,7,1.0,16.344605707316415,11.038297408352438,40.607418702367305,57.37263501156749,116.76516640166427,-2.1514880974102412e-14,23.647785181748286,17.666121553696943,12.177548842298979,42.06687879023196,60.83034668033874,118.8303746735342,0.05799156198690472,25.22278038262673,18.60479294558906,11.627377471229572,50.93737351702,66.92448443394385,110.55627473357444,-3.980063317356672,27.091033621651146,18.135457249643004,114.69332470355431,17.666121553696943,18.60479294558906,True,7
v8_l32_t64_d128_p64_wl3072_lowW2,1;min_L_32;max_L_minus_64;dupL_minL_128;cross_minL_64;max_WL_minus_3072;lowW_2_L,7,1.5,15.734255479565528,10.50727730556385,40.066027891442914,54.951635281421446,93.19261685850609,-2.9418165164121755,22.80166230715088,16.816773198002643,11.59114814076238,41.24068778496816,58.474036549393325,91.12564112063639,-2.647067540815315,23.981943869746615,17.840094849401538,11.604220596873088,49.891406972850284,65.02167146524386,91.11033177226918,-5.926989817997924,26.028973357160005,17.32843402370209,91.11798644645279,16.816773198002643,17.840094849401538,True,7
v8_l32_t64_d128_p64_wl3072_lowW2,1;min_L_32;max_L_minus_64;dupL_minL_128;cross_minL_64;max_WL_minus_3072;lowW_2_L,7,2.0,15.477991742189644,10.444234221039682,38.72629778269537,56.39066757410185,84.23609628246021,-5.10922874378007,22.603603128218218,16.457205338192985,11.29932771946066,40.217292193527484,57.58773600503519,84.49554272472064,-4.919979772180725,23.493652667577607,17.321926146963513,11.384551023472621,48.143273994833564,63.03567911363723,84.4453585843077,-7.389844014417321,25.33625506221692,16.88956574257825,84.47045065451417,16.457205338192985,17.321926146963513,True,7
v8_l32_t64_d128_p64_wl3072_lowW4,1;min_L_32;max_L_minus_64;dupL_minL_128;cross_minL_64;max_WL_minus_3072;lowW_4_L,7,1.0,16.368980876727665,11.18523388255967,40.24391726797213,54.82683237301923,98.26965193938804,-1.9556475141844372e-12,23.315848589832594,17.583666462962814,12.362834018196772,42.008500873491315,57.51225225397171,114.2767179238403,0.13714864302382465,24.71344946399439,17.847902410620517,11.66635160510847,45.59122098724778,61.8147281350471,108.40831319071324,-1.6928103747433008,25.74983145450782,17.715784436791665,111.34251555727677,17.583666462962814,17.847902410620517,True,6
v8_l32_t64_d128_p64_wl3072_lowW4,1;min_L_32;max_L_minus_64;dupL_minL_128;cross_minL_64;max_WL_minus_3072;lowW_4_L,7,1.5,15.690147814573653,10.669416845962987,37.91539529617676,54.196627410575836,83.23161911464905,-2.8535799569499893,22.46693912515419,16.64408449251088,11.645087682117433,40.268197700383624,55.90076433674721,92.56490148750107,-2.50883623421071,23.491400438415333,16.98892546657758,11.181141671057016,45.06217501134689,59.206303157095874,90.10689535980194,-3.9821334270274704,24.624576310190427,16.81650497954423,91.33589842365151,16.64408449251088,16.988925466577577,True,7
v8_l32_t64_d128_p64_wl3072_lowW4,1;min_L_32;max_L_minus_64;dupL_minL_128;cross_minL_64;max_WL_minus_3072;lowW_4_L,7,2.0,15.360063209101826,10.587310517958182,37.33198229856468,54.93219035884555,83.5635558113811,-4.959472857600443,22.26987395025067,16.24720698034817,11.178900578759539,39.82729323650735,55.602051155139236,83.81824549127542,-4.7314806513285905,23.091408788161104,16.450902455763387,10.715937356861494,43.85290968426058,58.08443556074277,83.53398019012378,-5.679519667581154,23.95959052079152,16.34905471805578,83.6761128406996,16.247206980348174,16.45090245576339,True,7
v8_l32_t64_d128_p64_wl3072_lowW8,1;min_L_32;max_L_minus_64;dupL_minL_128;cross_minL_64;max_WL_minus_3072;lowW_8_L,7,1.0,16.45024859145324,11.045477687413507,41.66607593321351,56.47888673127302,94.9011744562346,-8.909367377737281e-13,23.54841906610558,17.6295321551331,12.171331433428357,43.652774379671605,57.92007352569657,115.39499559952371,0.16873137567075022,24.968882982694623,18.17824759941562,11.632981841928125,46.68977665026444,62.52588272610199,111.96425004468571,-1.32940304628003,26.207466111689158,17.90388987727436,113.6796228221047,17.6295321551331,18.178247599415624,True,6
v8_l32_t64_d128_p64_wl3072_lowW8,1;min_L_32;max_L_minus_64;dupL_minL_128;cross_minL_64;max_WL_minus_3072;lowW_8_L,7,1.5,15.666798532831704,10.451211680102162,38.44708971861554,54.729941928818725,83.3161379401135,-2.930448746606969,22.69346729186128,16.55436150080716,11.283760683542582,40.70657428520948,56.90354600013949,93.66960761253058,-2.5563634957226227,23.654849978253374,17.15338606146619,11.13441526559555,44.3643269514667,60.9947885480818,94.81336733017424,-3.738612278494015,24.92564383726183,16.853873781136677,94.24148747135241,16.55436150080716,17.153386061466186,True,6
v8_l32_t64_d128_p64_wl3072_lowW8,1;min_L_32;max_L_minus_64;dupL_minL_128;cross_minL_64;max_WL_minus_3072;lowW_8_L,7,2.0,15.367905157985618,10.452748293646424,38.41726730638881,56.492769219824424,83.64001020912163,-5.063853348900746,22.503007241032766,16.177613805316927,10.735718620055213,39.94687074776553,57.032005613223205,83.88912091286285,-4.792384773886657,23.252138927634412,16.518555503523995,10.91682220207213,43.64554922698885,59.7996571607897,83.67272791354654,-5.496417758179184,24.20834465269584,16.34808465442046,83.7809244132047,16.177613805316923,16.51855550352399,True,6
v8_l32_t64_d128_p64_wl3072_lowW16,1;min_L_32;max_L_minus_64;dupL_minL_128;cross_minL_64;max_WL_minus_3072;lowW_16_L,7,1.0,16.601776583877335,10.85160201219696,42.95422132985012,58.479058513553554,98.63385698851607,3.3734230040163145e-13,23.95188372795665,17.758268498621725,11.776622947438376,43.55961353926809,60.23888873104046,116.78351507320795,0.3740911208146548,25.485835002167818,18.581046190817336,11.791336628948269,48.316384318811274,64.72081166955799,125.36922610007633,-1.1428643692854592,26.890381916722543,18.169657344719532,121.07637058664214,17.758268498621725,18.581046190817336,True,6
v8_l32_t64_d128_p64_wl3072_lowW16,1;min_L_32;max_L_minus_64;dupL_minL_128;cross_minL_64;max_WL_minus_3072;lowW_16_L,7,1.5,15.824823018605942,10.276486132030987,40.396217458009154,58.05808768894508,83.5050119706865,-3.039467780619024,23.075887052741287,16.714842704436812,11.25730197993522,41.46684219161277,59.54323897013452,94.91482634059861,-2.496530192804582,24.07818314377442,17.506043439026705,11.208768485144427,46.84382779780623,61.90376308718031,102.57653519474461,-3.719495615259124,25.487946390740536,17.11044307173176,98.74568076767162,16.714842704436812,17.50604343902671,True,6
v8_l32_t64_d128_p64_wl3072_lowW16,1;min_L_32;max_L_minus_64;dupL_minL_128;cross_minL_64;max_WL_minus_3072;lowW_16_L,7,2.0,15.579284984292782,10.452154133654169,39.62979558076438,56.849599277787036,83.80954797382869,-5.235633620670091,22.881506988550274,16.361030062170286,11.018324386994161,40.86100757379129,58.03904238453677,84.06181563228368,-4.810690402621769,23.62111364541072,16.842761386830723,11.011400446597541,44.65273507020788,61.261941601465765,85.97837942133198,-5.58315761617534,24.704815225031393,16.601895724500505,85.02009752680783,16.361030062170286,16.84276138683072,True,6
v8_l64_t32_d64_p32,1;min_L_64;max_L_minus_32;dupL_minL_64;cross_minL_32,5,1.0,17.773062473431626,11.937528467203562,43.080999675919536,62.0075807199362,91.78759000392873,5.781434682271623e-13,24.994799845665867,18.554483975425605,13.080846509625355,43.7200207238896,62.434821311942166,99.77723311509743,0.6564440337478158,25.784354656982295,20.09765127189378,13.360763062064713,57.665379403206664,66.69643941810554,104.0364775653622,-2.1860219440618867,28.380875197898835,19.326067623659693,101.90685534022981,18.554483975425605,20.097651271893785,True,5
v8_l64_t32_d64_p32,1;min_L_64;max_L_minus_32;dupL_minL_64;cross_minL_32,5,1.5,16.410060358414395,11.592800225287498,40.57712995286465,60.20520368942849,84.52025181928526,-3.0212333559847986,23.548254188534223,17.100970643028596,12.000011579395375,40.67424139382909,60.92898877730771,84.71873745237055,-2.49567973327569,24.12168660157819,18.10220901957465,12.3001716973845,51.39478428733635,63.728384905214185,89.75280837016307,-4.2688185170391675,26.06254524514315,17.601589831301624,87.2357729112668,17.100970643028596,18.102209019574655,True,5
v8_l64_t32_d64_p32,1;min_L_64;max_L_minus_32;dupL_minL_64;cross_minL_32,5,2.0,15.792252291893089,10.87478975113823,44.129026139959436,58.353658102581136,84.4820805617774,-5.378884145571287,23.192421489719028,16.427267358960908,11.14874235735288,44.344225658397285,58.63151135326697,84.68658283523088,-4.97355684384191,23.65525844754624,16.93572761410473,11.391676207981677,49.785289382542395,62.31695731222653,84.70042119227652,-6.086757726983841,24.793516573329498,16.68149748653282,84.6935020137537,16.427267358960904,16.93572761410473,True,5
v8_l64_t32_d64_p32_lowW2,1;min_L_64;max_L_minus_32;dupL_minL_64;cross_minL_32;lowW_2_L,6,1.0,16.883468855784812,11.394436570063926,39.97461441298987,57.44935172370635,126.17299376241947,6.57583028746925e-13,24.112870059281903,17.767933489797812,12.45581692462629,42.192884704844595,58.64169545178499,150.2630393319606,0.6005578625500286,25.148870948804188,19.62731501638318,13.489758042454191,55.2122837287171,67.01774789291889,99.66256714308803,-4.489900920185714,27.636211306059906,18.697624253090495,124.96280323752433,17.767933489797812,19.627315016383182,True,6
v8_l64_t32_d64_p32_lowW2,1;min_L_64;max_L_minus_32;dupL_minL_64;cross_minL_32;lowW_2_L,6,1.5,15.64905091011757,10.679597351634207,39.183016972746614,56.2722545606545,101.63684887456812,-2.7370909377637784,22.637668908286575,16.377037846384596,11.224867274537576,39.693325057334995,57.32707457025904,115.94053243004296,-2.2521696693373148,23.325750463830595,17.87838653807437,12.266420998647593,52.64971011566669,62.90821289500504,85.17646854731244,-5.924403575682426,25.660328205131854,17.12771219222948,100.55850048867771,16.377037846384596,17.878386538074373,True,6
v8_l64_t32_d64_p32_lowW2,1;min_L_64;max_L_minus_32;dupL_minL_64;cross_minL_32;lowW_2_L,6,2.0,15.105046643637984,10.179167953440743,41.97064901216084,55.28668163766231,84.68249750581649,-4.9593998486615085,22.269710031021503,15.738209999086475,10.496734088932374,41.7781227028674,55.68970617313895,90.77843580093021,-4.593798245199692,22.787303752284927,16.8463100104481,11.247660383291336,48.94949104795499,61.3572708092856,84.96720929540395,-7.32513040135793,24.574032213337404,16.292260004767286,87.87282254816708,15.738209999086475,16.8463100104481,True,6
v8_l64_t32_d64_p32_lowW4,1;min_L_64;max_L_minus_32;dupL_minL_64;cross_minL_32;lowW_4_L,6,1.0,16.594853636128192,11.207153959891109,39.55717828728035,56.58295712472727,106.56664381315584,2.278370728795973e-12,23.893428415070833,17.620488753705928,12.422447250341406,41.41122229290101,57.63595530960504,119.2700506431673,0.44396452684868715,24.98009131009788,18.231597063929595,12.275475986295003,53.201963981302185,61.21209794506975,114.03412196253609,-2.3722107029631925,26.33214643378221,17.926042908817763,116.6520863028517,17.620488753705928,18.231597063929595,True,6
v8_l64_t32_d64_p32_lowW4,1;min_L_64;max_L_minus_32;dupL_minL_64;cross_minL_32;lowW_4_L,6,1.5,15.434470476228881,10.599011337221935,37.906081238756606,56.45082183928948,84.48922163680056,-2.659734242799787,22.383182075442875,16.24671553820079,11.24031890296755,38.98900602079144,56.93684060098898,89.99397764950648,-2.334563046880737,23.098024334750423,16.682061817153304,11.307259365718636,48.718658656021454,58.82095883698364,94.47488034065677,-4.0387767371706556,24.369470422127964,16.464388677677047,92.23442899508163,16.24671553820079,16.682061817153308,True,6
v8_l64_t32_d64_p32_lowW4,1;min_L_64;max_L_minus_32;dupL_minL_64;cross_minL_32;lowW_4_L,6,2.0,14.918290278769678,10.07257216121027,38.50767330704436,54.52905765530289,84.06717608653301,-4.84261608940056,22.005944854522873,15.641487194571859,10.61395331436022,38.85240850919885,56.22246125307388,84.26950353967355,-4.632057768803621,22.559984601514156,15.788420403565263,10.597226556795675,42.601049245028136,58.13601983300939,84.07693588880916,-5.624278519149821,23.30164688123978,15.71495379906856,84.17321971424136,15.641487194571862,15.788420403565265,True,6
v8_l64_t32_d64_p32_lowW8,1;min_L_64;max_L_minus_32;dupL_minL_64;cross_minL_32;lowW_8_L,6,1.0,16.811532926862004,11.104521791010914,40.95482598984506,57.71514960454852,108.07568417243205,1.1143605017355608e-13,24.292399387727016,18.07579892155365,12.47617170218081,43.53497611201338,59.777554031545634,117.12157743156446,0.3341322488794527,25.81611358926389,18.669802149484177,12.373420332201157,54.46227069116701,65.0849889340086,132.53168291358085,-2.277481631776309,27.092158433844972,18.372800535518913,124.82663017257266,18.07579892155365,18.669802149484177,True,6
v8_l64_t32_d64_p32_lowW8,1;min_L_64;max_L_minus_32;dupL_minL_64;cross_minL_32;lowW_8_L,6,1.5,15.647583225463801,10.590371092147365,38.65889122019738,56.504270308256295,91.18504144574845,-2.758145504175661,22.754656839830357,16.655623355798202,11.21336518109975,40.44675376008714,57.259001300355386,95.88187988186694,-2.50861487397268,23.727180035931703,17.071032963863896,11.572151055515983,50.701609227713405,60.475008480489606,114.22903979512071,-4.0881585450886275,25.016193592333202,16.86332815983105,105.05545983849382,16.655623355798202,17.071032963863896,True,6
v8_l64_t32_d64_p32_lowW8,1;min_L_64;max_L_minus_32;dupL_minL_64;cross_minL_32;lowW_8_L,6,2.0,15.095916557283626,10.115156126798404,40.16547859383615,56.057050167548965,84.16767927201947,-5.004641257474457,22.371055534942126,15.952398402649266,10.757143761057742,41.34294915444651,57.00627822588086,84.37853257908165,-4.843506440211146,23.081563972613555,16.113501197146547,10.878476224248779,46.34689931808678,59.656841697748334,99.70107078842918,-5.7620733582660275,23.89619215011023,16.032949799897906,92.03980168375541,15.952398402649267,16.11350119714655,True,6
v8_l64_t32_d64_p32_lowW16,1;min_L_64;max_L_minus_32;dupL_minL_64;cross_minL_32;lowW_16_L,6,1.0,17.18040698978792,11.838209217709839,41.86787232761131,59.40672296798857,107.22939380350253,1.735533731910928e-12,24.74291933941458,18.610623852449432,12.778003729380421,46.060393368877826,61.39090077029482,142.44057913303627,0.7383780073992404,26.79774033293413,19.283889862659667,12.532975537266111,54.40531637541523,65.61740377873825,136.36518644835544,-2.24574077279176,27.79376448805068,18.94725685755455,139.40288279069586,18.610623852449436,19.283889862659667,True,6
v8_l64_t32_d64_p32_lowW16,1;min_L_64;max_L_minus_32;dupL_minL_64;cross_minL_32;lowW_16_L,6,1.5,15.98459884055732,10.976007720885617,39.00590575423317,57.6270566106878,87.15803376644746,-2.872596460450226,23.17677827620819,17.094725446866523,11.67869342363926,42.489440011170565,59.33993916981303,112.0466331932215,-2.317525198805119,24.406176278974062,17.621033486471745,11.734652073683655,50.59448000595972,62.203723743083444,111.89938325232767,-4.261172424595443,25.63692504403089,17.357879466669132,111.97300822277458,17.094725446866523,17.621033486471745,True,6
v8_l64_t32_d64_p32_lowW16,1;min_L_64;max_L_minus_32;dupL_minL_64;cross_minL_32;lowW_16_L,6,2.0,15.410811648967972,10.412141480362047,41.47495150215205,57.536624660476576,84.3190663278421,-5.192464606520137,22.786980068714705,16.30443377845503,10.97759665346057,42.13354152532111,58.0566990979108,91.74266173891526,-4.740483593053018,23.58230587269285,16.58628692250161,11.039524142345826,46.04735724579658,61.19582459551452,93.74385305853788,-6.0234884226173815,24.45924748552109,16.44536035047832,92.74325739872657,16.304433778455035,16.586286922501618,True,6
v8_l64_t32_d64_p32_wl3072,1;min_L_64;max_L_minus_32;dupL_minL_64;cross_minL_32;max_WL_minus_3072,6,1.0,17.184004453438533,11.841631979884305,40.782415312994225,61.16090388944225,95.10334407587902,1.4508753067151114e-13,24.4451755896478,18.54031149660511,12.887774303243848,45.66879155953342,63.00287386672854,154.8111918161336,1.2901138602709088,26.419878214037297,19.51832835198503,13.106380133215932,56.60305007233908,67.00341536309487,116.5334929387309,-2.139614052246374,27.863439827438164,19.02931992429507,135.67234237743224,18.540311496605106,19.51832835198503,True,6
v8_l64_t32_d64_p32_wl3072,1;min_L_64;max_L_minus_32;dupL_minL_64;cross_minL_32;max_WL_minus_3072,6,1.5,16.08469308587468,11.142267100719405,38.42843971429018,60.552982114837015,84.37626256226658,-2.996243403944905,23.256230629616777,17.320960127910308,11.938402287773641,41.19055804371146,62.016667168505876,148.029242141577,-1.6136017923835382,25.112135626342795,17.81829517314869,12.046439284291132,52.86242596172029,62.99881020180904,107.51315213272905,-4.281114539747096,25.92863753757657,17.569627650529497,127.77119713715302,17.320960127910304,17.81829517314869,True,6
v8_l64_t32_d64_p32_wl3072,1;min_L_64;max_L_minus_32;dupL_minL_64;cross_minL_32;max_WL_minus_3072,6,2.0,15.568225486308778,10.806170663564046,40.4053372291158,59.019386832785074,84.39797605313724,-5.28124291028092,22.980954963362226,16.560947873183764,11.0703162976015,43.15692055547214,61.41995574483853,128.08842495409624,-3.9967672194911286,24.310183933169903,16.822880873931247,11.283506108506309,50.64026899206597,62.46918937249911,92.46415396200408,-6.029989373693576,24.877871380439647,16.691914373557506,110.27628945805016,16.560947873183764,16.822880873931247,True,6
v8_l64_t32_d64_p32_wl3072_lowW2,1;min_L_64;max_L_minus_32;dupL_minL_64;cross_minL_32;max_WL_minus_3072;lowW_2_L,7,1.0,16.261894353144193,11.279667213785228,37.88009171949653,57.345502980861944,121.22446155096469,2.2728540926487677e-13,23.400132229754593,17.667331911377232,12.489409188376365,41.69714423005661,59.41030833290392,143.23937122501565,1.1821644341710913,25.31105289296255,18.940649574062707,12.929066469663862,54.05496725947327,66.5315660962824,110.52555550509501,-4.61843557323338,26.975923761810172,18.303990742719968,126.88246336505533,17.66733191137723,18.940649574062707,True,7
v8_l64_t32_d64_p32_wl3072_lowW2,1;min_L_64;max_L_minus_32;dupL_minL_64;cross_minL_32;max_WL_minus_3072;lowW_2_L,7,1.5,15.318168149375039,10.557911093711914,37.15720161429109,55.89912756869929,96.95168916277837,-2.6887266018408833,22.238025458208387,16.52440096223536,11.316624120731106,39.41518976322058,59.141477673881475,140.70286723300325,-1.3996787705678633,23.97681617195757,17.566330738702636,12.072195370510926,51.59123067171643,62.88152273051006,105.56044693519743,-6.055503284899813,25.462268074657572,17.045365850468997,123.13165708410034,16.52440096223536,17.566330738702636,True,7
v8_l64_t32_d64_p32_wl3072_lowW2,1;min_L_64;max_L_minus_32;dupL_minL_64;cross_minL_32;max_WL_minus_3072;lowW_2_L,7,2.0,14.870393912086335,9.956273681541727,38.469686972077746,56.113354240345664,84.59243775477677,-4.822015134180181,21.95908726286268,15.805964206251213,10.465974971753877,40.39067168024027,57.43183173985982,123.42486930339392,-3.6245290167955213,23.211439083841455,16.75188864346357,11.174206464651004,48.922692194865256,61.89215396253585,93.21083184890352,-7.332673465048983,24.631760882684713,16.278926424857392,108.31785057614871,15.805964206251211,16.75188864346357,True,7
v8_l64_t32_d64_p32_wl3072_lowW4,1;min_L_64;max_L_minus_32;dupL_minL_64;cross_minL_32;max_WL_minus_3072;lowW_4_L,7,1.0,16.053718495751948,11.007110419841997,36.71562152263322,55.344095542421535,103.4073957972641,3.7954456692775537e-13,22.99112141498644,17.435212297558564,12.431455345287473,39.91144333438426,57.04591507955047,134.78246567775395,1.1155829222789868,24.671100238334343,17.539135190388834,11.564649359817121,47.87818423880987,59.00599496929173,105.13944680174711,-2.369903320399796,25.304761355357673,17.4871737439737,119.96095623975053,17.435212297558564,17.539135190388837,True,7
v8_l64_t32_d64_p32_wl3072_lowW4,1;min_L_64;max_L_minus_32;dupL_minL_64;cross_minL_32;max_WL_minus_3072;lowW_4_L,7,1.5,15.077843453732443,10.420757891215365,35.81707317886903,55.832300120234386,83.78312068209435,-2.5776688292545344,21.82683497877974,16.242476251859316,11.050195030039067,37.94151251065026,56.800130914897004,134.80760622733135,-1.3792428109956476,23.37920115332546,16.343890494969273,10.790925684364112,44.0202935290571,57.77243319642181,103.6237963496343,-4.084080343656312,23.843555216587177,16.293183373414294,119.21570128848282,16.242476251859316,16.34389049496927,True,7
v8_l64_t32_d64_p32_wl3072_lowW4,1;min_L_64;max_L_minus_32;dupL_minL_64;cross_minL_32;max_WL_minus_3072;lowW_4_L,7,2.0,14.632928433601236,10.106607081988084,36.26323573155316,54.87995795329527,83.90075150368837,-4.643552098125495,21.548902751939806,15.533324705491166,10.407251552270974,37.921729529294716,56.301068120127255,119.67584551772453,-3.580116842067799,22.70364405265527,15.614692377531522,10.546312345398446,42.48756388162468,57.508952431630945,94.2470530801537,-5.5620702218888445,23.08635294230648,15.574008541511343,106.96144929893912,15.533324705491168,15.614692377531524,True,7
v8_l64_t32_d64_p32_wl3072_lowW8,1;min_L_64;max_L_minus_32;dupL_minL_64;cross_minL_32;max_WL_minus_3072;lowW_8_L,7,1.0,15.98569883497571,10.553289112976621,37.35568990856887,57.150433627551735,97.1025581421932,-7.668124244615987e-14,23.15504670568076,17.279190178932108,11.970438040224685,40.96407733332244,58.444041232238796,129.87784350814783,1.263089248578413,24.8731266622069,17.562383882928582,11.874370271000245,47.63332544873597,61.072323523063396,113.33118011788952,-1.8700019437520852,25.488775792159817,17.420787030930345,121.60451181301868,17.279190178932108,17.56238388292858,True,6
v8_l64_t32_d64_p32_wl3072_lowW8,1;min_L_64;max_L_minus_32;dupL_minL_64;cross_minL_32;max_WL_minus_3072;lowW_8_L,7,1.5,15.035998755207766,10.22917471600282,36.17088508355241,56.43352983076227,83.87726897748513,-2.6357007212794317,21.989787612064333,16.10074547903052,10.892697655097212,38.14587052475024,58.72580268058147,131.39170796833764,-1.2836614106897837,23.453484973711554,16.25563389116038,10.954306628543282,44.32620848113833,58.326583817129695,102.37065363924076,-3.7302417839437974,23.946679993155918,16.178189685095447,116.88118080378919,16.100745479030515,16.25563389116038,True,6
v8_l64_t32_d64_p32_wl3072_lowW8,1;min_L_64;max_L_minus_32;dupL_minL_64;cross_minL_32;max_WL_minus_3072;lowW_8_L,7,2.0,14.615560295814486,10.086904222117997,36.082972616806536,55.724654239821184,83.9705424853384,-4.71717828022988,21.719066002546935,15.431338242863813,10.436837466762622,37.278317984303655,57.68852854231624,117.63412254016737,-3.465908249682068,22.767915098508368,15.472762345717863,10.467251168848962,41.06660524966111,58.10219453773166,95.39209423746658,-5.291492292946308,23.178001972574748,15.452050294290839,106.51310838881697,15.431338242863813,15.472762345717864,True,6
v8_l64_t32_d64_p32_wl3072_lowW16,1;min_L_64;max_L_minus_32;dupL_minL_64;cross_minL_32;max_WL_minus_3072;lowW_16_L,7,1.0,16.267353137349225,11.024386357929732,38.42592351905208,58.51962865445995,104.79157216467657,-8.457003213666411e-13,23.561601708905542,17.737584696432968,12.074565785344287,42.1363724125178,60.68963284092617,137.6301306280213,1.6570083946733396,25.798084232167284,17.99607131095989,12.113486156169573,50.87305365050094,62.50235891579869,132.0480025798934,-1.6671900825309511,26.144493786235106,17.86682800369643,134.83906660395735,17.737584696432968,17.996071310959888,True,6
v8_l64_t32_d64_p32_wl3072_lowW16,1;min_L_64;max_L_minus_32;dupL_minL_64;cross_minL_32;max_WL_minus_3072;lowW_16_L,7,1.5,15.265533987428745,10.512107571181584,37.03825633599939,58.18227167498735,85.19921523808924,-2.739961280707454,22.363415738066355,16.48883427718133,11.25340983671772,39.03609363283976,59.98077119953999,130.73593594517646,-1.0888636860496055,24.101065937568205,16.616053754417646,11.030576966783183,46.325490017939494,61.33867661295607,108.30463462918169,-3.6850048693263555,24.492047304133067,16.552444015799487,119.52028528717908,16.48883427718133,16.616053754417646,True,6
v8_l64_t32_d64_p32_wl3072_lowW16,1;min_L_64;max_L_minus_32;dupL_minL_64;cross_minL_32;max_WL_minus_3072;lowW_16_L,7,2.0,14.84332525145868,10.181139743107586,36.53254333554257,56.712829416066114,84.16814406985526,-4.877583813977244,22.085252577181453,15.780815140582074,10.602741983345842,39.04860047856455,60.13880262156692,118.37057496232264,-3.37492478123824,23.301824537723135,15.826433818703805,10.678789175401265,43.63375009810658,60.478269756967215,91.86517835980092,-5.338062447187264,23.661261611255952,15.80362447964294,105.11787666106179,15.780815140582074,15.826433818703807,True,6
v8_l64_t32_d64_p64,1;min_L_64;max_L_minus_32;dupL_minL_64;cross_minL_64,5,1.0,18.75416976330898,13.094017942235453,44.650325946749135,60.98346897327173,96.01435925022852,6.597896832058073e-13,25.753498811791424,19.792724614948334,14.370938110457775,45.75583527193189,62.711302430464535,105.33260144497105,0.44583687088476287,26.70499685999325,20.844843651846713,14.288419152322307,56.69685352117538,67.12455040801103,100.64428223247499,-2.1445892794889585,28.98021155716508,20.31878413339752,102.98844183872302,19.792724614948334,20.844843651846713,True,5
v8_l64_t32_d64_p64,1;min_L_64;max_L_minus_32;dupL_minL_64;cross_minL_64,5,1.5,17.444824314462803,12.194983260682108,42.00535795259321,59.59687816470797,84.36011893307112,-3.3089175955563226,24.349192573001993,18.36484753661804,13.255508271830486,43.28209498217678,59.92968310766758,84.60954680297154,-3.0946331222657095,25.13042089503018,18.974966402940165,12.71505434921379,51.92950203000748,63.40390791084576,84.69056097151544,-4.511305795575155,26.737714713477178,18.669906969779102,84.65005388724349,18.364847536618043,18.97496640294017,True,5
v8_l64_t32_d64_p64,1;min_L_64;max_L_minus_32;dupL_minL_64;cross_minL_64,5,2.0,16.879374858637842,11.739844692247843,44.44419395495376,57.35459054115433,84.39788826703787,-5.7653567169579,24.011157233573037,17.77650674753221,12.456078350164557,44.94738735843474,59.27339310442103,84.62888700256718,-5.7519560323651655,24.781620444040268,17.905170662012523,12.183308536564402,49.29701048731706,61.11772945492533,84.62493004597944,-6.425478622128988,25.514763617770964,17.840838704772366,84.62690852427332,17.77650674753221,17.905170662012527,True,5
v8_l64_t32_d64_p64_lowW2,1;min_L_64;max_L_minus_32;dupL_minL_64;cross_minL_64;lowW_2_L,6,1.0,17.85008253326747,12.16806767810108,42.06883094667856,58.69092257566017,124.39799668763216,7.265409805869969e-13,24.85560086804306,19.14679428325986,13.848234855568181,43.64840070695114,59.83710837751113,139.35704794796436,0.380688770683083,26.186769810301847,20.294440776568845,13.976961412234568,54.49516640525396,66.81788375570032,102.62058751880829,-4.474392076220272,28.229727181092095,19.720617529914353,120.98881773338633,19.146794283259858,20.294440776568845,True,6
v8_l64_t32_d64_p64_lowW2,1;min_L_64;max_L_minus_32;dupL_minL_64;cross_minL_64;lowW_2_L,6,1.5,16.686376925110896,11.626034783796142,40.36330551249593,54.743540939915036,99.94441729349597,-3.0148516583037823,23.429844732735397,17.8065943935276,12.868339806988981,42.11728339264734,56.77535414693151,104.5768792217821,-2.843381873990554,24.407590179639506,18.685284023480715,12.765093333647792,52.19430335965653,64.0717521631967,85.04080709968846,-6.1872935127660424,26.339771349550347,18.245939208504158,94.80884316073528,17.806594393527597,18.685284023480715,True,6
v8_l64_t32_d64_p64_lowW2,1;min_L_64;max_L_minus_32;dupL_minL_64;cross_minL_64;lowW_2_L,6,2.0,16.200498437273623,11.11762675858256,42.888104037410116,54.800403898784126,84.60784422733542,-5.328121880933914,23.08272488448746,17.255435585473922,12.2993759811047,42.87179697962188,56.5008407557248,84.81998042821773,-5.352536885990328,23.95690952229101,17.75648336409246,11.943744316657124,49.636739750501874,60.48982261160247,84.9034397752806,-7.68188006786294,25.30334088129445,17.50595947478319,84.86171010174917,17.255435585473922,17.756483364092457,True,6
v8_l64_t32_d64_p64_lowW4,1;min_L_64;max_L_minus_32;dupL_minL_64;cross_minL_64;lowW_4_L,6,1.0,17.645934846175507,12.055352930590185,42.19044066193899,56.115570337198584,104.80134214425267,2.577372407974525e-12,24.6278551692991,19.299457797973755,13.900765351409277,43.826726949906565,58.91086228656759,113.19283476438495,0.20713086890450477,26.14397611586798,18.996093298656103,12.660463120534061,51.79371603189059,60.85014725549826,111.63016764283071,-2.3401486134767184,26.934939499166255,19.14777554831493,112.41150120360783,19.29945779797375,18.9960932986561,True,6
v8_l64_t32_d64_p64_lowW4,1;min_L_64;max_L_minus_32;dupL_minL_64;cross_minL_64;lowW_4_L,6,1.5,16.525155153322657,11.584829655951939,39.88375141794486,55.36946036362287,83.90052319961458,-2.9329850884260957,23.169003444523593,17.83256556437429,13.01722359851818,42.039458314103186,56.24868734986116,84.67339020181454,-2.8223687963919835,24.240338620186005,17.577756991625556,11.69472564980003,48.792451993077556,58.865941160096945,92.03828760143683,-4.275478209677919,25.046309310402275,17.70516127799992,88.35583890162569,17.832565564374292,17.577756991625552,True,6
v8_l64_t32_d64_p64_lowW4,1;min_L_64;max_L_minus_32;dupL_minL_64;cross_minL_64;lowW_4_L,6,2.0,16.082242079837883,11.066999872037957,40.58159976701278,53.55842036622433,83.98069513959688,-5.204493709770013,22.813359484680813,17.118238960860378,12.22967586252457,41.71104394487184,55.22628687373057,84.21149608202911,-5.080751545165292,23.630042075839206,16.800442734203926,11.321506482222986,43.72150557258045,57.284556032831425,83.99563804221343,-5.946184634623221,24.026034259503554,16.959340847532154,84.10356706212127,17.11823896086038,16.800442734203926,True,6
v8_l64_t32_d64_p64_lowW8,1;min_L_64;max_L_minus_32;dupL_minL_64;cross_minL_64;lowW_8_L,6,1.0,17.92035715997691,12.12403710840062,42.926988782011264,57.77153498558763,104.99681000291248,1.0371275956746803e-13,25.002872356598687,19.54400095175111,13.671496684202594,45.72194923071742,59.96326847355392,115.24425363231914,0.5954900636217456,26.754171106617836,19.56569668319573,13.459196587999816,53.042289433168726,64.10494945007031,128.48491567911634,-2.2528837265730877,27.6682847693989,19.55484881747342,121.86458465571775,19.54400095175111,19.56569668319573,True,6
v8_l64_t32_d64_p64_lowW8,1;min_L_64;max_L_minus_32;dupL_minL_64;cross_minL_64;lowW_8_L,6,1.5,16.781677429778835,11.513728819174707,40.121614055525654,56.12934769699892,86.9368325217981,-3.027845968838818,23.514489835666218,17.992939866542745,12.957382444337973,43.02424701193206,57.017793585415006,91.15982115574191,-2.5308853689509037,24.619667660065243,18.058337666581735,12.24357118577677,50.49426163829711,60.350084221995886,109.93250421776368,-4.3314695213504635,25.664051083429328,18.02563876656224,100.5461626867528,17.99293986654275,18.058337666581735,True,6
v8_l64_t32_d64_p64_lowW8,1;min_L_64;max_L_minus_32;dupL_minL_64;cross_minL_64;lowW_8_L,6,2.0,16.277923484829405,11.022809636300646,40.93469982517436,55.686138508412114,84.08038872232072,-5.360001488097646,23.151677019382298,17.215704641524994,12.17412047679347,42.34480346949779,56.25813357642062,84.32036550243711,-4.895725563688376,23.90825502307987,17.207775255649693,11.715046618620757,46.10749607480639,58.904443412553185,94.95648706083743,-6.077885757519926,24.581027300514748,17.211739948587343,89.63842628163727,17.215704641524994,17.207775255649693,True,6
v8_l64_t32_d64_p64_lowW16,1;min_L_64;max_L_minus_32;dupL_minL_64;cross_minL_64;lowW_16_L,6,1.0,18.21524992075842,12.460229736535911,43.90516069777849,58.670052510573036,106.04469929639544,1.6489225443997977e-12,25.43269796190882,19.901893526527306,13.805303637920485,46.68005594208919,61.766360228014264,137.24522749493113,1.0748449913501308,27.58245413527634,20.009022376602747,13.673028483972477,53.75601396185804,65.51038719016081,132.99788404305858,-2.051099602099362,28.241608343158692,19.955457951565027,135.12155576899485,19.90189352652731,20.00902237660275,True,6
v8_l64_t32_d64_p64_lowW16,1;min_L_64;max_L_minus_32;dupL_minL_64;cross_minL_64;lowW_16_L,6,1.5,17.037898570143163,11.65147304564944,41.06716121013629,57.1793326151312,84.18863254945872,-3.1394750044390567,23.91449377551297,18.28428582845587,13.029948020009918,44.60501831192634,59.03860382729436,105.797604971736,-2.288388037465752,25.154384603971895,18.462304271122804,12.340159458728317,50.44113322000145,61.61473412476473,108.39417089147112,-4.302817063056494,26.154152776555208,18.373295049789338,107.09588793160356,18.28428582845587,18.462304271122807,True,6
v8_l64_t32_d64_p64_lowW16,1;min_L_64;max_L_minus_32;dupL_minL_64;cross_minL_64;lowW_16_L,6,2.0,16.509316298615868,11.302706188769163,42.586160003983515,56.59032464307877,84.23441633422797,-5.543413452357234,23.54445465997739,17.43715808176809,12.286589147384808,43.215851743241174,57.660030753827996,85.47245762156979,-4.830881462130519,24.299515545629077,17.53913908454187,11.804718609364684,47.275889472884934,60.50231022219063,89.91739082388277,-6.102682032330941,25.00605968610261,17.48814858315498,87.69492422272629,17.43715808176809,17.53913908454187,True,5
v8_l64_t32_d64_p64_wl3072,1;min_L_64;max_L_minus_32;dupL_minL_64;cross_minL_64;max_WL_minus_3072,6,1.0,18.25474030068267,13.039810609735042,43.2061766907974,60.95037620899587,92.18269017277466,-1.9308226515220114e-14,25.232571139320314,19.925234930972078,14.275942370117717,46.69406074756505,63.142847297356205,139.60840846493082,1.049599030185543,27.24648020223656,20.367353019527574,13.936473121125982,56.3970622444827,66.03599428350414,113.01744077373095,-2.0987715795147808,28.478012135870912,20.146293975249826,126.31292461933089,19.925234930972078,20.367353019527577,True,6
v8_l64_t32_d64_p64_wl3072,1;min_L_64;max_L_minus_32;dupL_minL_64;cross_minL_64;max_WL_minus_3072,6,1.5,17.159665047960054,12.063214954911311,40.68450082875893,59.74029619289009,84.2219008495369,-3.2865422740821146,24.069426000371365,18.60005832996256,13.180745238811292,42.82662102300767,61.735543828856734,132.30618565669278,-2.208015288737474,25.850900550706697,18.730853199060874,12.325881775144953,53.807941520558586,62.88420598267389,103.69120600519052,-4.520132135588947,26.570297294906105,18.66545576451172,117.99869583094164,18.600058329962557,18.730853199060878,True,6
v8_l64_t32_d64_p64_wl3072,1;min_L_64;max_L_minus_32;dupL_minL_64;cross_minL_64;max_WL_minus_3072,6,2.0,16.702924137136037,11.638257557488835,42.28952709259547,57.41441786504344,84.31670816715935,-5.668141472491917,23.807858938787103,17.777754978255686,12.468177296610193,43.63993884407757,61.1462189190957,111.81941228991303,-4.662022687833262,25.03730171160375,17.825322796308058,12.180840867781868,49.432750922445,61.59109556080842,88.46546562958592,-6.361959522801985,25.54694209678946,17.801538887281872,100.14243895974948,17.777754978255686,17.825322796308054,True,6
v8_l64_t32_d64_p64_wl3072_lowW2,1;min_L_64;max_L_minus_32;dupL_minL_64;cross_minL_64;max_WL_minus_3072;lowW_2_L,7,1.0,17.31026417447551,12.226515393164199,40.55216119272503,58.40918712804046,119.29957936847603,6.49859738140837e-13,24.17395426051397,19.07242591479966,14.071789124572737,43.94040735235973,61.491242772436784,130.34354997361643,1.1737324443805037,26.174992206607577,19.754074393345057,13.702350263425389,53.140422420543594,65.96563859613856,106.86157239119338,-4.60039693951382,27.586247238274304,19.413250154072358,118.60256118240491,19.072425914799666,19.754074393345057,True,7
v8_l64_t32_d64_p64_wl3072_lowW2,1;min_L_64;max_L_minus_32;dupL_minL_64;cross_minL_64;max_WL_minus_3072;lowW_2_L,7,1.5,16.415916052574417,11.566829402788752,39.18397374665255,55.35052997463211,95.13181919938067,-2.9690099715574667,23.043223695264718,17.77265968033889,12.75099901164795,40.4142569926656,58.24891689026883,126.79437260361186,-1.7505728190789498,24.681060367489156,18.45731520017685,12.481749554082738,50.273607200320654,63.59520926053108,101.62693562326007,-6.315210527616448,26.118225912636422,18.11498744025787,114.21065411343596,17.77265968033889,18.45731520017685,True,7
v8_l64_t32_d64_p64_wl3072_lowW2,1;min_L_64;max_L_minus_32;dupL_minL_64;cross_minL_64;max_WL_minus_3072;lowW_2_L,7,2.0,16.047794668931264,11.242167943041126,40.15714031322375,54.6656522692154,84.52114703135297,-5.189830579624897,22.78119966030084,17.042677684181996,11.938278311873395,41.75584334293764,56.9606811244817,107.9766353842921,-4.1195978356760214,23.899202118003554,17.718350234591135,12.001462102047688,48.14626633010725,62.714872091655884,89.15867446691179,-7.681943589144356,25.315868809633695,17.380513959386565,98.56765492560194,17.042677684181996,17.718350234591135,True,7
v8_l64_t32_d64_p64_wl3072_lowW4,1;min_L_64;max_L_minus_32;dupL_minL_64;cross_minL_64;max_WL_minus_3072;lowW_4_L,7,1.0,17.16042907555156,11.980602537316248,41.13129177459865,55.27119585494943,102.41672389155654,3.3761813220899173e-13,23.77137092758333,18.765821765278023,14.032241685227731,43.2200140655163,57.536138874682486,125.41800527996814,1.2619096217125187,25.50966708339496,18.392228803862455,12.553256810059388,47.715479897600964,59.07129968416997,101.43159223776914,-2.1790878859456098,25.85261760927234,18.57902528457024,113.42479875886863,18.765821765278027,18.392228803862455,True,6
v8_l64_t32_d64_p64_wl3072_lowW4,1;min_L_64;max_L_minus_32;dupL_minL_64;cross_minL_64;max_WL_minus_3072;lowW_4_L,7,1.5,16.257803388172924,11.459195193596315,38.069009254681376,54.696164590124475,83.65568163757573,-2.854699803928997,22.6321589658916,17.468550827800676,12.64496820791,38.94733122932578,55.47217132336727,123.33710679936733,-1.574598983782287,24.057270438430088,17.292705448281144,11.594077018260663,44.74526038522754,55.55850253046454,99.77444736046664,-4.166127053886786,24.427281631451585,17.380628138040912,111.555777079917,17.468550827800676,17.29270544828114,True,6
v8_l64_t32_d64_p64_wl3072_lowW4,1;min_L_64;max_L_minus_32;dupL_minL_64;cross_minL_64;max_WL_minus_3072;lowW_4_L,7,2.0,15.864072609770004,11.08956399979457,38.73509797657462,52.714547566708724,83.82962643637184,-5.004041944285447,22.36971601135192,16.74710740870905,11.690710820538708,39.63517386256267,54.772197421005224,105.9306957585485,-3.882681356210007,23.34739864735641,16.64551498010179,11.302365995041097,43.14827747345789,55.31545818518505,90.18707921530745,-5.737555729399749,23.697591666138745,16.696311194405418,98.05888748692797,16.74710740870905,16.64551498010179,True,6
v8_l64_t32_d64_p64_wl3072_lowW8,1;min_L_64;max_L_minus_32;dupL_minL_64;cross_minL_64;max_WL_minus_3072;lowW_8_L,7,1.0,17.200465789198784,11.930351249249366,42.13076125612997,57.40497027246778,97.93306610919907,-1.3653674464334224e-13,24.006248839480648,18.781965663862973,14.03102823210356,44.63186800254568,58.93415305070475,121.23939718216667,1.4163633762825665,25.786777614921935,18.638422057471804,12.671772616902622,46.99660371075489,61.318031481203214,114.86304894028522,-1.815782816294531,26.284718650364614,18.71019386066739,118.05122306122595,18.781965663862973,18.638422057471807,True,6
v8_l64_t32_d64_p64_wl3072_lowW8,1;min_L_64;max_L_minus_32;dupL_minL_64;cross_minL_64;max_WL_minus_3072;lowW_8_L,7,1.5,16.261573547197774,11.053270990971242,38.10860008099451,55.54573937086497,83.76496624893724,-2.9281422051975667,22.859776793235426,17.442647897240825,12.461545468841301,39.63279693068501,56.75261882075534,120.78360862248405,-1.541333867797706,24.233625570859804,17.437660113691603,11.512296764148445,45.4181508426907,57.93397137074894,99.72432094667165,-3.960840060483644,24.778723560984165,17.440154005466212,110.25396478457785,17.44264789724082,17.437660113691603,True,6
v8_l64_t32_d64_p64_wl3072_lowW8,1;min_L_64;max_L_minus_32;dupL_minL_64;cross_minL_64;max_WL_minus_3072;lowW_8_L,7,2.0,15.844236419397715,10.98413636411546,38.39370970114439,54.870583611244776,83.93325281703025,-5.106639914933815,22.597875818168784,16.697455095711874,11.432924527711513,39.58868184710588,56.473110709714994,104.81729785453955,-3.893613690933748,23.516692283554242,16.721471966077093,11.449893465007388,44.077903906624506,56.62889761965235,91.29158144584493,-5.608521730011455,24.018947327494054,16.70946353089448,98.05443965019224,16.697455095711874,16.721471966077086,True,6
v8_l64_t32_d64_p64_wl3072_lowW16,1;min_L_64;max_L_minus_32;dupL_minL_64;cross_minL_64;max_WL_minus_3072;lowW_16_L,7,1.0,17.465270397760523,11.853306733098002,42.30130594451698,58.44743962518631,103.61996052989268,-3.815305559407495e-12,24.445223504902795,19.17261924723685,13.89777061470705,45.794198099335595,61.04905066503613,132.85761304877784,1.7580158544479225,26.62824032754495,19.1070970507259,13.04447186407332,50.01604756227802,63.31272817399529,131.27468385696065,-1.6340749681977935,27.005353572730943,19.139858148981375,132.06614845286924,19.17261924723685,19.1070970507259,True,6
v8_l64_t32_d64_p64_wl3072_lowW16,1;min_L_64;max_L_minus_32;dupL_minL_64;cross_minL_64;max_WL_minus_3072;lowW_16_L,7,1.5,16.478089320941272,11.205796841371951,39.00227973314393,56.18661740754086,83.9708310350014,-3.043046190601795,23.272125329737115,17.779019457549005,12.49746546298353,40.875896583049915,58.75250728230248,121.0265184277195,-1.4020800334884358,24.847443682496962,17.83639992015228,11.599190522504188,47.24471443474699,60.85982531239001,107.48901091936234,-3.9486344886079148,25.388136595444728,17.807709688850643,114.25776467354092,17.779019457549005,17.83639992015228,True,6
v8_l64_t32_d64_p64_wl3072_lowW16,1;min_L_64;max_L_minus_32;dupL_minL_64;cross_minL_64;max_WL_minus_3072;lowW_16_L,7,2.0,16.06292078761242,10.961858742834341,39.46460916946239,56.39332018624803,84.11414278697012,-5.291348523119092,23.002931385202498,16.997396800682424,11.652661388492469,40.299003457824746,58.229739056727524,106.37091454857806,-3.870609954877512,24.035571759565777,17.084569899569985,11.659117209175061,44.582272592602784,60.32219759762426,90.22356866585184,-5.707180972759842,24.563666834350435,17.040983350126204,98.29724160721494,16.997396800682424,17.08456989956999,True,6
v8_l64_t32_d128_p32,1;min_L_64;max_L_minus_32;dupL_minL_128;cross_minL_32,5,1.0,16.912217730337467,11.798203360586285,39.90705006394783,61.82573960190334,90.06663008839799,1.985989012994069e-14,24.231572158020967,17.88217431812178,12.921238520613965,38.89253335611578,63.77185075340066,104.78308010968726,-0.08840013000992492,25.300971599788387,19.4061466010061,13.04793995556786,54.99258289995923,67.14589620216317,113.5130625159031,-1.6080782699058993,27.812932362999813,18.644160459563942,109.14807131279518,17.88217431812178,19.406146601006103,True,5
v8_l64_t32_d128_p32,1;min_L_64;max_L_minus_32;dupL_minL_128;cross_minL_32,5,1.5,15.988834266728736,10.822643178779945,39.048960736679454,61.160249381054456,84.1752652038553,-3.080541608588609,23.30184677502465,16.865279824712307,11.883410959103546,39.406837715510555,61.74604269254961,87.85291171374648,-3.074804801176146,24.198711219267608,17.96625065004802,11.733590605243904,52.99769882858996,66.07663174681578,95.95422544272184,-4.0320145992762475,26.14536083414935,17.415765237380164,91.90356857823416,16.865279824712303,17.96625065004802,True,5
v8_l64_t32_d128_p32,1;min_L_64;max_L_minus_32;dupL_minL_128;cross_minL_32,5,2.0,15.580372787261298,10.624116634542874,39.23558610070224,58.49163336798509,84.27086231124198,-5.327290125630347,23.080923130651552,16.406703753208898,11.176189394921465,40.38547683074927,60.953493188397125,84.48148015564347,-5.296879153598409,23.85036833998877,17.00007031427607,11.21718887921409,50.43094672590931,63.31836088809614,84.44032569619586,-5.884963186874623,25.06952717218129,16.703387033742484,84.46090292591967,16.406703753208898,17.000070314276073,True,5
v8_l64_t32_d128_p32_lowW2,1;min_L_64;max_L_minus_32;dupL_minL_128;cross_minL_32;lowW_2_L,6,1.0,16.0261174801646,10.889932491982735,36.259862407727965,58.88973479715028,120.67209088430815,-4.689140725124885e-14,23.286489940772366,17.52454113160719,12.542362172787735,38.32296695471966,63.034867808359444,123.91669186945987,-0.17916273434249408,24.917335795764693,18.80052496824165,12.840196217204664,53.20100115925292,66.47783858777566,114.87833587505234,-4.006925471817084,26.982897861347166,18.16253304992442,119.3975138722561,17.524541131607187,18.80052496824165,True,6
v8_l64_t32_d128_p32_lowW2,1;min_L_64;max_L_minus_32;dupL_minL_128;cross_minL_32;lowW_2_L,6,1.5,15.230842604306718,10.08058510491523,36.853049674752945,56.20402033298902,97.08808230659405,-2.791428632479941,22.35514670526072,16.377231305385997,11.37140495884524,38.12542460612862,59.041919457915476,96.49807542399205,-2.862960746432086,23.51938771230667,17.69392229311415,11.516809089291552,51.394885706235186,65.54302204586878,97.78231676775479,-5.755037548254284,25.731570428710874,17.035576799250073,97.14019609587342,16.377231305385997,17.693922293114156,True,6
v8_l64_t32_d128_p32_lowW2,1;min_L_64;max_L_minus_32;dupL_minL_128;cross_minL_32;lowW_2_L,6,2.0,14.864607468532617,9.847947117841503,37.74069325593267,56.52976299429274,84.46230744363352,-4.8968857429838835,22.128908113560257,15.848541563629228,10.71879917478123,39.39512184898753,57.84780750714404,84.66173529237976,-4.933744416548795,23.03283822184701,16.906473655166536,11.495890463523011,49.67019783552251,63.223928166202384,84.69228303160165,-7.162635649508239,24.870613157544813,16.37750760939788,84.6770091619907,15.848541563629226,16.906473655166536,True,6
v8_l64_t32_d128_p32_lowW4,1;min_L_64;max_L_minus_32;dupL_minL_128;cross_minL_32;lowW_4_L,6,1.0,15.844941143611898,10.89004127810555,34.64443585451235,57.41087372803432,102.00123603894129,-1.4006739177755392e-12,22.9856548148317,17.30480869133896,12.354130241943245,38.31678443344941,59.1391025011532,115.622491567049,0.21241246275745954,24.543635156663022,17.63646056943166,11.471357934236103,48.91756375794375,62.0533702597155,115.96269543122504,-1.898999321269237,25.703986456327645,17.47063463038531,115.79259349913701,17.30480869133896,17.63646056943166,True,6
v8_l64_t32_d128_p32_lowW4,1;min_L_64;max_L_minus_32;dupL_minL_128;cross_minL_32;lowW_4_L,6,1.5,15.032250742926527,10.103354544826088,34.99216767618115,56.72987059389415,83.658645823779,-2.70299777070418,22.03673422190469,16.167755161443488,11.336579813326807,36.98802293373049,57.57398117692623,94.51986554983209,-2.600722652627599,23.189852201003507,16.599092073810322,10.658954882664446,45.91663147719619,60.500022571811265,99.25840536910371,-3.875102662610873,24.40139387577161,16.383423617626903,96.8891354594679,16.167755161443488,16.599092073810322,True,6
v8_l64_t32_d128_p32_lowW4,1;min_L_64;max_L_minus_32;dupL_minL_128;cross_minL_32;lowW_4_L,6,2.0,14.682451147061267,9.844935308021608,36.48575988632644,55.8920746224101,83.82185021864947,-4.755908739688596,21.80804608324473,15.65797754350479,10.554777060613606,38.84171380794256,56.693846435515205,84.02716826669912,-4.7260293045056745,22.719216965705638,15.891368320577802,10.351114936542839,44.641239893071884,59.082564645897925,83.79018475263335,-5.460878792510465,23.53215306433535,15.774672932041296,83.90867650966624,15.657977543504792,15.891368320577802,True,6
v8_l64_t32_d128_p32_lowW8,1;min_L_64;max_L_minus_32;dupL_minL_128;cross_minL_32;lowW_8_L,6,1.0,15.960742454506907,10.669815705959241,36.74663883185773,58.663748509151105,98.00032068510095,-5.4338866049976605e-14,23.27052541299091,17.241451233688036,11.757705172248716,40.862633153448385,59.536502898888635,118.48968609880251,0.6157579537166925,24.863135677000425,17.98334989117034,11.561290547938313,48.153533785821054,63.10943627752089,118.40669497367857,-1.6839122142435856,26.24394312302403,17.612400562429187,118.44819053624053,17.24145123368804,17.98334989117034,True,6
v8_l64_t32_d128_p32_lowW8,1;min_L_64;max_L_minus_32;dupL_minL_128;cross_minL_32;lowW_8_L,6,1.5,15.128806366884978,10.043728140493686,35.81955104937481,57.778658907304184,83.74183239388154,-2.7816110189505463,22.316341277156486,16.115550367139114,11.108892873936927,38.087703904515905,58.76322073791744,98.09836993921277,-2.2442021095690703,23.443835167526146,16.85387864353175,10.76648273659444,47.295640404002164,61.45437992464851,103.05803466490704,-3.893291844991309,24.88483202218205,16.484714505335432,100.5782023020599,16.115550367139114,16.85387864353175,True,6
v8_l64_t32_d128_p32_lowW8,1;min_L_64;max_L_minus_32;dupL_minL_128;cross_minL_32;lowW_8_L,6,2.0,14.770905493519873,9.974551141938992,37.26344509231792,56.21972362305706,83.90168012149962,-4.8788457025952825,22.08810925044335,15.608828681629353,10.399621738511417,39.18700529865713,57.91624376273564,84.1153127910176,-4.447093700028656,22.896723590921308,16.084134222829352,10.657881770111594,46.109654758494045,60.52675489094956,90.6613680468628,-5.581236715450594,23.984555311169597,15.846481452229352,87.3883404189402,15.608828681629356,16.084134222829352,True,6
v8_l64_t32_d128_p32_lowW16,1;min_L_64;max_L_minus_32;dupL_minL_128;cross_minL_32;lowW_16_L,6,1.0,16.118708607366333,10.622201692528083,39.717017415986795,59.55989771456435,101.90318285660953,-3.3651480497955054e-14,23.627643754745453,17.446812382759322,11.749659715403215,40.255483216505,62.45244417249787,125.71455727749776,0.9612564842587733,25.454884301615554,18.215753398071225,11.60438355071336,50.014499743707205,63.49265547280277,128.68729530877178,-1.3148421207816197,26.654332115624513,17.831282890415274,127.20092629313477,17.44681238275932,18.215753398071232,True,5
v8_l64_t32_d128_p32_lowW16,1;min_L_64;max_L_minus_32;dupL_minL_128;cross_minL_32;lowW_16_L,6,1.5,15.304960267365013,10.051450240545856,38.204296250814544,59.190318072200576,83.92631435217545,-2.8807681296920995,22.664759993889554,16.29008988331334,11.129154624901238,40.67103804511418,60.146837820637785,102.11430776503025,-2.028437441368473,23.865190066234003,17.034422350721584,10.863912725554187,48.28521569412305,62.84661090866618,106.18898399444787,-3.678883438709299,25.192823153187817,16.662256117017463,104.15164587973905,16.290089883313343,17.034422350721584,True,5
v8_l64_t32_d128_p32_lowW16,1;min_L_64;max_L_minus_32;dupL_minL_128;cross_minL_32;lowW_16_L,6,2.0,14.970505298895642,9.967466447369405,38.067877834275606,57.86336023837644,84.05724383836292,-5.033409132882346,22.435260490758548,15.775011716093942,10.404290643675534,39.614292701685855,59.51740430762265,86.05125175166182,-4.287441075312522,23.23887406556413,16.247635614884437,10.628220389712878,46.13572823723261,61.75398410453135,89.66669678500563,-5.4642487218996685,24.259689607266353,16.01132366548919,87.85897426833372,15.77501171609394,16.247635614884437,True,5
v8_l64_t32_d128_p32_wl3072,1;min_L_64;max_L_minus_32;dupL_minL_128;cross_minL_32;max_WL_minus_3072,6,1.0,16.820917450237417,11.590146233340997,38.83662464097786,62.82236726759617,87.07558123940827,4.1926434718763674e-14,24.15171465080105,17.901268954259834,12.712041333269326,40.1259557766124,64.68946622271346,104.78308010968726,0.260840785729166,25.493078350939914,19.29478298442897,12.882629948421602,54.91776029777702,67.71037965873462,111.31787950720397,-1.553481670743374,27.7265407135784,18.598025969344402,108.05047980844562,17.901268954259834,19.29478298442897,True,6
v8_l64_t32_d128_p32_wl3072,1;min_L_64;max_L_minus_32;dupL_minL_128;cross_minL_32;max_WL_minus_3072,6,1.5,15.911098486853419,10.64950254428254,37.76654511711544,61.216109158649125,84.12448642164814,-3.0836642062568544,23.26032430766978,16.925215747152457,11.876903528624105,41.310917745320054,62.308698264376545,88.15163245711733,-2.5650769841539343,24.435695765194147,17.851510927842583,11.511571739559102,52.970069466383684,65.89987331557063,92.917453685013,-4.033649421882214,26.085994196073415,17.38836333749752,90.53454307106517,16.92521574715246,17.851510927842583,True,6
v8_l64_t32_d128_p32_wl3072,1;min_L_64;max_L_minus_32;dupL_minL_128;cross_minL_32;max_WL_minus_3072,6,2.0,15.534986389314657,10.592973241245634,38.737865857027195,58.70690472412102,84.23952451236462,-5.316093817449761,23.056655909844174,16.418163867777544,11.241856951012991,39.561994854379,61.06160107912925,84.44230127075595,-4.867796277376804,23.884920163760732,16.965288714863927,11.083540972783634,51.23406862069798,63.35594225700578,84.39588698871965,-5.883792553366843,25.111030730835143,16.691726291320734,84.4190941297378,16.418163867777544,16.965288714863924,True,6
v8_l64_t32_d128_p32_wl3072_lowW2,1;min_L_64;max_L_minus_32;dupL_minL_128;cross_minL_32;max_WL_minus_3072;lowW_2_L,7,1.0,15.91813013285813,10.910243992632012,35.31971174415303,58.55506219157618,118.43765322651514,5.83660104374368e-13,23.142858828910988,17.31641974853429,12.287879887342212,37.06655768491718,64.40375506661628,122.57892051606593,0.1953244230469638,24.80946517992202,18.590853869591008,12.478009410650126,51.509166185058454,67.54683625749885,108.92898366872794,-4.01422977564707,26.80120747156448,17.95363680906265,115.75395209239693,17.316419748534287,18.590853869591005,True,7
v8_l64_t32_d128_p32_wl3072_lowW2,1;min_L_64;max_L_minus_32;dupL_minL_128;cross_minL_32;max_WL_minus_3072;lowW_2_L,7,1.5,15.147854722248542,10.15762112268981,35.88913244598926,56.07070380947009,94.81504194619907,-2.7893565211799025,22.280682516783482,16.272963084540187,11.267005652857609,37.36360307633476,59.23416984420933,92.78469165702504,-2.426833728992221,23.487767537848452,17.54602304897662,11.455444785668188,50.19656258575309,65.6410298908454,90.9250760154247,-5.809362747605426,25.632081045903536,16.9094930667584,91.85488383622487,16.272963084540184,17.54602304897662,True,7
v8_l64_t32_d128_p32_wl3072_lowW2,1;min_L_64;max_L_minus_32;dupL_minL_128;cross_minL_32;max_WL_minus_3072;lowW_2_L,7,2.0,14.826124527069561,9.989189577300278,37.17651088840737,56.82696451540349,84.41989224553251,-4.873218657862832,22.075367851663056,15.772944581232958,10.813027731753007,37.77554371333134,58.345866861741385,84.61079583614473,-4.611883844426808,22.941641334347675,16.85790259034151,11.43239849073792,48.81085264766628,63.044814628873226,84.63209640411807,-7.189767927757343,24.895310183040817,16.315423585787233,84.6214461201314,15.772944581232956,16.857902590341507,True,7
v8_l64_t32_d128_p32_wl3072_lowW4,1;min_L_64;max_L_minus_32;dupL_minL_128;cross_minL_32;max_WL_minus_3072;lowW_4_L,7,1.0,15.760833178307458,10.84651038114774,34.48528426140182,55.45286363798502,100.06664015389805,5.348378744715971e-13,22.76857523660849,17.04693807412028,12.187912813883223,36.17070452152852,58.675313388421834,111.47057466623171,0.2955228967445492,24.2209773341326,17.411881233761136,11.15932071409275,44.99212146381363,63.45091033882135,106.58593878891813,-1.7602974296320306,25.292906815805043,17.229409653940706,109.02825672757493,17.046938074120277,17.411881233761136,True,7
v8_l64_t32_d128_p32_wl3072_lowW4,1;min_L_64;max_L_minus_32;dupL_minL_128;cross_minL_32;max_WL_minus_3072;lowW_4_L,7,1.5,14.931754662781737,10.16792685911227,34.25353115559387,55.897311765903275,83.52084369337705,-2.6891232811416534,21.900451216821306,15.945300107220358,11.129427208305348,35.512845266520486,57.0517528916747,89.96258613401149,-2.251733991314321,22.91586412762366,16.407218479220013,10.552902743085674,44.46120943765987,59.9200493707109,89.06485024035902,-3.8793021778890666,24.133840770576448,16.176259293220184,89.51371818718525,15.945300107220355,16.407218479220017,True,7
v8_l64_t32_d128_p32_wl3072_lowW4,1;min_L_64;max_L_minus_32;dupL_minL_128;cross_minL_32;max_WL_minus_3072;lowW_4_L,7,2.0,14.612558869497459,9.958859068955778,35.82180845622153,56.426895948358805,83.73635150451416,-4.707446371256972,21.69665036648873,15.472477877869608,10.623993519103987,37.22196881853491,57.197004948119535,83.9280414794976,-4.442898312285611,22.472737622713833,15.797064239846787,10.249910839417803,43.68162449117282,58.838471189429846,83.70977566911594,-5.472803980767561,23.44745012153397,15.634771058858197,83.81890857430676,15.472477877869606,15.79706423984679,True,7
v8_l64_t32_d128_p32_wl3072_lowW8,1;min_L_64;max_L_minus_32;dupL_minL_128;cross_minL_32;max_WL_minus_3072;lowW_8_L,7,1.0,15.674684756466263,10.227823797304763,35.543983973088956,57.972428354402,95.52239696945315,-4.849123173393852e-13,22.945428460235206,17.038024563887827,11.809467707833686,38.203315624811594,58.783793072510946,112.80294915245692,0.39267349993015666,24.571334342817007,17.54764410782309,11.070585298101676,45.13858506177027,63.52616462400005,112.03903158283572,-1.3450845174883053,25.59234819671333,17.29283433585546,112.42099036764631,17.038024563887827,17.54764410782309,True,6
v8_l64_t32_d128_p32_wl3072_lowW8,1;min_L_64;max_L_minus_32;dupL_minL_128;cross_minL_32;max_WL_minus_3072;lowW_8_L,7,1.5,14.891376761447646,9.79905337325076,35.548423215554976,57.04975253826886,83.61547201252729,-2.756153911180446,22.07722849197225,15.857281511759954,10.80735105224811,37.26272860669807,58.28554158335453,91.10566723513452,-2.239364007878084,23.07897771492921,16.376570562155585,10.555528609793146,43.71540014103099,61.27304737768997,94.90870135097819,-3.573749104875859,24.287362961388148,16.11692603695777,93.00718429305635,15.857281511759954,16.376570562155585,True,6
v8_l64_t32_d128_p32_wl3072_lowW8,1;min_L_64;max_L_minus_32;dupL_minL_128;cross_minL_32;max_WL_minus_3072;lowW_8_L,7,2.0,14.605420673873754,9.916504318861847,35.803489268158586,56.485579285263114,83.80457482020213,-4.788664986196924,21.883018498817446,15.399367979243088,10.380445246794695,37.48330141209892,58.0057653956177,83.98756030418524,-4.405587007904534,22.608827351321377,15.701897460659396,10.184247336483581,42.08911102770588,60.09960950650402,83.94216804639562,-5.232997743789347,23.571483139740277,15.550632719951242,83.96486417529043,15.399367979243086,15.701897460659398,True,6
v8_l64_t32_d128_p32_wl3072_lowW16,1;min_L_64;max_L_minus_32;dupL_minL_128;cross_minL_32;max_WL_minus_3072;lowW_16_L,7,1.0,15.844962109372442,10.415184264306744,37.98788778729962,59.3415373778148,101.30776338127912,4.0133527970921807e-13,23.328679870922485,17.297033730634976,11.755145732597327,39.64357279109312,63.16783595971462,124.75900206353323,0.6826263677397316,25.261371071468524,17.90107397948839,11.399624035581324,46.92719402418289,64.93415914690294,127.89553582698692,-1.1412390500446816,26.2219834834679,17.599053855061683,126.32726894526007,17.29703373063498,17.901073979488388,True,6
v8_l64_t32_d128_p32_wl3072_lowW16,1;min_L_64;max_L_minus_32;dupL_minL_128;cross_minL_32;max_WL_minus_3072;lowW_16_L,7,1.5,15.070240974011105,9.852627357018106,36.94283111064203,58.80819406910255,83.83321895753252,-2.8607996526228625,22.434531995853074,16.091333601198507,11.219583765305307,39.819626558803826,59.778451390438825,99.98800851055265,-2.1105280458488855,23.58505837948563,16.708383078336567,10.701656160462203,45.830917849777606,62.62958524296231,105.29937931001898,-3.530636683085412,24.806436977583086,16.399858339767537,102.6436939102858,16.091333601198503,16.708383078336563,True,6
v8_l64_t32_d128_p32_wl3072_lowW16,1;min_L_64;max_L_minus_32;dupL_minL_128;cross_minL_32;max_WL_minus_3072;lowW_16_L,7,2.0,14.819601705586473,9.881986976375828,36.467373575488345,57.47520085993937,83.9941397477422,-4.944654394654017,22.236578861533484,15.639397604400893,10.388069960830297,38.8647849682207,58.498664315077505,84.70782289486749,-4.354653256541244,23.020888031267667,16.03618012024397,10.171674124093277,43.156026443050784,61.45994306527134,88.87223926123741,-5.281274483257916,24.031232318934034,15.83778886232243,86.79003107805245,15.639397604400894,16.036180120243966,True,6
v8_l64_t32_d128_p64,1;min_L_64;max_L_minus_32;dupL_minL_128;cross_minL_64,5,1.0,18.08433212822553,12.308115617822462,43.54170407934944,61.593641615414654,94.50956674292668,1.5998244826896665e-14,25.16818408794649,19.559947090681177,14.172928804393115,43.77578377509921,63.31544812886393,109.34284887970888,-0.17630395884885897,26.708068275962248,20.390188683754324,13.22223546694853,54.29221823424752,66.90872172586809,116.61335796546174,-1.6065384360811619,28.6153064737109,19.97506788721775,112.97810342258532,19.559947090681177,20.390188683754328,True,5
v8_l64_t32_d128_p64,1;min_L_64;max_L_minus_32;dupL_minL_128;cross_minL_64,5,1.5,17.193280383843888,11.921762606186991,41.710084125351194,60.4179069879375,83.95571735732909,-3.4145914045512398,24.257867248842015,18.412675651542195,13.177690110322215,43.074217928085496,61.56226093098217,93.34043757669212,-3.5030733585473004,25.50116964707761,19.02184424903277,12.615866853210555,52.22046376719505,65.46799431732966,99.19600240694118,-4.357803286209488,26.994402887019813,18.717259950287485,96.26821999181665,18.41267565154219,19.021844249032775,True,5
v8_l64_t32_d128_p64,1;min_L_64;max_L_minus_32;dupL_minL_128;cross_minL_64,5,2.0,16.799064658347113,11.224212854586245,40.659674614129244,59.69790824342546,84.14740479444309,-5.7834244142218205,24.04875134850414,17.889253521284886,12.468471317678599,43.37201576036541,61.04225871653953,84.39745550866866,-5.77824732806995,25.068470781400514,18.148558679169355,11.863013309279914,49.61193292588804,62.82532770572921,84.31814493026599,-6.325840972142636,25.9536044568966,18.01890610022712,84.35780021946732,17.889253521284886,18.148558679169355,True,5
v8_l64_t32_d128_p64_lowW2,1;min_L_64;max_L_minus_32;dupL_minL_128;cross_minL_64;lowW_2_L,6,1.0,17.19468152881531,11.973943224129203,40.046305811751814,57.85848391480907,118.82261717428642,-1.2412431331212932e-13,24.221692019681818,18.889737345655778,14.248297652037412,41.662017145011625,59.85336244452999,122.93946171438348,0.30391779829425636,26.00047757460411,19.6613343517146,13.19727156828862,52.42921283944947,66.11439524263098,118.03622851948941,-4.023938003771986,27.762012590561092,19.275535848685188,120.48784511693646,18.889737345655778,19.661334351714604,True,6
v8_l64_t32_d128_p64_lowW2,1;min_L_64;max_L_minus_32;dupL_minL_128;cross_minL_64;lowW_2_L,6,1.5,16.447272328302425,11.147639853647284,39.403316474219224,55.16788407036369,95.3119527207174,-3.118029229903835,23.31813754809357,17.733695404242283,12.614904830870966,40.85599887347965,58.71677129524207,95.25568736394345,-2.898853090462613,24.610604364676412,18.69326755034873,12.587399870131444,50.330590807773724,64.76634918906073,101.07744090307875,-6.096103006926128,26.57867956107578,18.213481477295506,98.1665641335111,17.73369540424229,18.69326755034873,True,6
v8_l64_t32_d128_p64_lowW2,1;min_L_64;max_L_minus_32;dupL_minL_128;cross_minL_64;lowW_2_L,6,2.0,16.132980335260775,10.940147155509106,39.34424068059327,55.43244369890287,84.34612328913977,-5.339209896816909,23.106730397910173,17.224150469246855,11.913333476230097,41.94241785324829,56.89446706911553,84.57898388111576,-5.137879577397494,24.106590355234353,18.002394132524255,12.12220781529899,48.78401763950736,63.14282144588911,84.57854544612246,-7.617566265439645,25.76097288564112,17.613272300885555,84.57876466361911,17.22415046924685,18.002394132524252,True,6
v8_l64_t32_d128_p64_lowW4,1;min_L_64;max_L_minus_32;dupL_minL_128;cross_minL_64;lowW_4_L,6,1.0,17.141201974778387,12.240782032246344,38.73584684487903,55.771089288789554,100.09082390224732,-1.4781826556437798e-12,23.921849787091027,18.739130380875817,14.009800888296692,42.40758146719181,57.083191351158796,119.86513523472544,0.6402308156378548,25.627461861492996,18.679593779911315,12.356644143764251,48.15759266885039,60.61667014136132,119.14560173622641,-1.90074941577025,26.528699326414785,18.709362080393568,119.50536848547593,18.73913038087582,18.67959377991132,True,6
v8_l64_t32_d128_p64_lowW4,1;min_L_64;max_L_minus_32;dupL_minL_128;cross_minL_64;lowW_4_L,6,1.5,16.354392006606833,11.24548516281017,38.31674432760058,54.669522828135136,83.44305549182047,-3.0269734553581134,23.003599601862472,17.559832998626316,12.620657106978811,40.07016067688333,55.79715289132272,99.64258355028257,-2.5274877199272816,24.23462223085452,17.750812511273594,11.711848631812739,47.0763475897475,59.262574196277164,102.5777569881619,-4.199033918452908,25.2766767389219,17.655322754949957,101.11017026922224,17.55983299862632,17.75081251127359,True,6
v8_l64_t32_d128_p64_lowW4,1;min_L_64;max_L_minus_32;dupL_minL_128;cross_minL_64;lowW_4_L,6,2.0,16.01152747842658,10.681230879025627,38.589338708274795,54.05571133623915,83.69649044904766,-5.19409748372209,22.790562704160447,17.009987860132316,11.701094281213686,40.64820890906684,55.27292765897067,83.94287325769776,-4.771360384558154,23.717866366183216,17.111581686952466,11.314936540648883,45.53040491861795,57.913885948696866,84.64692525380558,-5.891777263145292,24.44373794668736,17.06078477354239,84.29489925575166,17.00998786013232,17.111581686952466,True,6
v8_l64_t32_d128_p64_lowW8,1;min_L_64;max_L_minus_32;dupL_minL_128;cross_minL_64;lowW_8_L,6,1.0,17.28778667942281,12.008140287930281,40.951012968987726,57.50614507427685,100.21926472345584,2.924092989826406e-12,24.18594860445632,18.777562867854208,13.827833519532557,43.59139038625552,57.74741142317138,121.19437753912088,0.8887931270632881,25.865219127031168,19.07846416701867,12.491428930092624,48.72741296175762,61.883494755465414,119.60610942959504,-1.521801253001059,26.976763614320625,18.92801351743644,120.40024348435796,18.777562867854208,19.078464167018666,True,5
v8_l64_t32_d128_p64_lowW8,1;min_L_64;max_L_minus_32;dupL_minL_128;cross_minL_64;lowW_8_L,6,1.5,16.459232821562082,11.039908570258955,39.71964818509516,54.93040050285397,83.53664211869787,-3.1075075612052223,23.264167134124097,17.544976820253552,12.409865969277062,41.156493923117225,57.56610441395281,101.68722395795862,-2.3601233822267527,24.420729824717142,18.01119779295435,11.634378624810182,47.03881543976203,60.40929754644773,103.44343185274587,-4.026177455473161,25.6447566878166,17.77808730660395,102.56532790535225,17.544976820253552,18.011197792954345,True,5
v8_l64_t32_d128_p64_lowW8,1;min_L_64;max_L_minus_32;dupL_minL_128;cross_minL_64;lowW_8_L,6,2.0,16.07961707928362,10.692765529556446,39.179645775946405,55.49980575466574,83.78789237511585,-5.313968793228244,23.052047182904932,16.957173872418664,11.582141196297025,40.694511671453654,56.49080707862527,84.27942524386403,-4.662780455062057,23.870565318189485,17.263464935943862,11.301583672544746,45.2709368235226,59.427669833061756,86.1729978096875,-5.802738042147362,24.771038463802082,17.11031940418126,85.22621152677576,16.957173872418664,17.26346493594386,True,5
v8_l64_t32_d128_p64_lowW16,1;min_L_64;max_L_minus_32;dupL_minL_128;cross_minL_64;lowW_16_L,6,1.0,17.47364457783315,11.704554466622952,41.44614145384372,58.74584113191642,100.34864599951207,-4.83808990109944e-13,24.568823806077404,19.018226211297556,13.51277677769314,43.501119481146766,60.63140106274396,121.80807115727714,1.1296584511154801,26.418733362907304,19.47699671981167,12.649755587215871,49.500397293086216,62.95387596184079,127.46572645713226,-1.274144546794455,27.565626120340813,19.247611465554613,124.6368988072047,19.018226211297556,19.476996719811666,True,5
v8_l64_t32_d128_p64_lowW16,1;min_L_64;max_L_minus_32;dupL_minL_128;cross_minL_64;lowW_16_L,6,1.5,16.616110386850373,11.008919032645348,40.25312090800754,58.56767504966347,83.72702217230261,-3.2188763203783237,23.636376546049753,17.712308269367778,12.325817332865041,42.47365786459726,59.2438297932249,102.39846627212916,-2.2932616090564717,24.846582984175594,18.32471627694307,12.012622764016484,47.95776722357811,62.185815152531646,104.84092848523399,-3.954361834668557,26.125439190923714,18.018512273155423,103.61969737868156,17.71230826936778,18.324716276943068,True,5
v8_l64_t32_d128_p64_lowW16,1;min_L_64;max_L_minus_32;dupL_minL_128;cross_minL_64;lowW_16_L,6,2.0,16.25182609276247,10.756735008655031,39.823468378539665,56.458852716625834,83.95812376957137,-5.486022912648431,23.422260592537988,17.120516186091677,11.694237459100336,40.76335960965334,59.135511441131,84.78111313813702,-4.709179221743585,24.248477298609,17.561802584145838,11.460333238086223,46.03261537823463,61.01323463405268,88.2017444422474,-5.856155046655888,25.22400668031105,17.341159385118758,86.4914287901922,17.12051618609168,17.56180258414584,True,5
v8_l64_t32_d128_p64_wl3072,1;min_L_64;max_L_minus_32;dupL_minL_128;cross_minL_64;max_WL_minus_3072,6,1.0,18.000363900330694,12.21737670491888,43.537808281044676,60.84995774371525,91.34427578026158,3.91681166451608e-14,25.089615534178694,19.47346570536101,14.003684459221304,44.692883331225936,63.9296822704497,109.34284887970888,0.26810760924919813,26.741460087641826,20.30831107748694,13.135193447988453,54.49372402612924,66.95138431100797,114.31422256753798,-1.5492293705315499,28.526446086544343,19.890888391423978,111.82853572362343,19.473465705361008,20.30831107748694,True,6
v8_l64_t32_d128_p64_wl3072,1;min_L_64;max_L_minus_32;dupL_minL_128;cross_minL_64;max_WL_minus_3072,6,1.5,17.125444707132036,11.65679574380735,41.87434007063113,60.06583649113105,83.90646299602794,-3.4180164130036275,24.215181210195876,18.34790314768401,12.928188023866149,43.018472034538455,61.93729829265606,93.34043757669832,-2.9353232458035152,25.524334968071532,18.944297432102847,12.587076811856758,52.72374845767012,65.21315134196266,93.23054817448086,-4.358017939343991,26.925683711205284,18.64610028989343,93.2854928755896,18.34790314768401,18.944297432102843,True,6
v8_l64_t32_d128_p64_wl3072,1;min_L_64;max_L_minus_32;dupL_minL_128;cross_minL_64;max_WL_minus_3072,6,2.0,16.768251121952407,11.21510297136345,40.57906501497792,59.06331690353049,84.11604273672819,-5.770867360381091,24.022629665341814,17.81696640989302,12.456891607214033,42.052089791515584,60.99203351940307,84.35767426399143,-5.40712156713748,24.981938131680344,18.1211443347318,11.808747499077343,49.019346381147834,62.84131373974133,84.2743735299676,-6.320604375170347,25.972203127483656,17.96905537231241,84.31602389697952,17.81696640989302,18.121144334731802,True,6
v8_l64_t32_d128_p64_wl3072_lowW2,1;min_L_64;max_L_minus_32;dupL_minL_128;cross_minL_64;max_WL_minus_3072;lowW_2_L,7,1.0,17.117235875619723,11.91315060737137,40.02787277520903,57.35459754843998,116.37398934553609,3.1058661508768355e-13,24.084686014362227,18.77623550680342,13.95779502531878,41.12865681814081,60.89438239833447,122.19594713130024,0.47342560440912923,25.94657384735565,19.52760768723187,13.099913514725625,49.72521230818372,66.65367666863153,111.93457340402139,-4.02623475190298,27.568988398794623,19.151921597017648,117.06526026766082,18.77623550680342,19.52760768723187,True,7
v8_l64_t32_d128_p64_wl3072_lowW2,1;min_L_64;max_L_minus_32;dupL_minL_128;cross_minL_64;max_WL_minus_3072;lowW_2_L,7,1.5,16.403756852015555,11.022413145040161,39.57153727717539,55.476665851614115,92.84298637150088,-3.115877836100091,23.241857081507096,17.644523821378378,12.45107606124606,41.2009505776158,58.605762206236086,94.16339123031572,-2.5782554395988595,24.53269621704642,18.590692059591515,12.416151109379065,48.78064284615596,64.77951955060311,92.73642493335498,-6.1419957529072935,26.46063040189879,18.117607940484945,93.44990808183536,17.64452382137838,18.59069205959151,True,7
v8_l64_t32_d128_p64_wl3072_lowW2,1;min_L_64;max_L_minus_32;dupL_minL_128;cross_minL_64;max_WL_minus_3072;lowW_2_L,7,2.0,16.120198699252832,11.042037330086824,38.57076530073592,55.792879921598356,84.30432519579625,-5.313083933467446,23.0501278379699,17.1660521541143,11.847566449455783,41.58958040492186,57.18926655913152,84.52830005951071,-4.969178248042122,24.017140559582582,17.960907214069536,12.079053479728014,47.350066216064256,63.331223068305974,84.51994717697791,-7.633174915333413,25.755046356980188,17.563479684091917,84.52412361824432,17.1660521541143,17.96090721406954,True,7
v8_l64_t32_d128_p64_wl3072_lowW4,1;min_L_64;max_L_minus_32;dupL_minL_128;cross_minL_64;max_WL_minus_3072;lowW_4_L,7,1.0,17.00734948559953,11.84740217692789,39.29322924086185,54.72450026077583,99.23210415223092,1.9832306949204658e-13,23.711831720021163,18.59518686852655,14.171940963397244,41.57516841778346,56.424182735525854,117.3484656664872,0.47697266635706065,25.4463558936505,18.472486546318862,12.525495095963034,45.497591456029454,61.280530485250786,109.69487617532026,-1.6387454014704266,26.08730371945257,18.533836707422708,113.52167092090373,18.595186868526547,18.472486546318862,True,6
v8_l64_t32_d128_p64_wl3072_lowW4,1;min_L_64;max_L_minus_32;dupL_minL_128;cross_minL_64;max_WL_minus_3072;lowW_4_L,7,1.5,16.252035138894595,11.20044387314989,38.30698432734324,54.44726846759464,83.3296184358313,-3.015653436834441,22.86774340228133,17.403117727710264,12.586275752807591,39.8166327085746,55.785299975698535,95.70138802565383,-2.4927500891143857,24.015054183561038,17.558914045993706,11.729868440213874,44.5664840517446,58.820856950370384,91.57534482336887,-4.051976388248476,24.92955301949413,17.481015886851985,93.63836642451135,17.403117727710264,17.558914045993706,True,6
v8_l64_t32_d128_p64_wl3072_lowW4,1;min_L_64;max_L_minus_32;dupL_minL_128;cross_minL_64;max_WL_minus_3072;lowW_4_L,7,2.0,15.943510226980154,10.958347722099436,38.259505279569815,55.01619046478139,83.62232777497158,-5.143050339981435,22.67829433617143,16.91394801445393,11.749056407586522,40.45390762123402,55.60038328755918,83.8437271186455,-4.815900983337578,23.578225978368405,16.98791219369042,11.361301394290702,43.68825569070918,58.355652816558994,83.58362829234629,-5.767904033633188,24.269868615277456,16.950930104072174,83.7136777054959,16.91394801445393,16.987912193690416,True,6
v8_l64_t32_d128_p64_wl3072_lowW8,1;min_L_64;max_L_minus_32;dupL_minL_128;cross_minL_64;max_WL_minus_3072;lowW_8_L,7,1.0,17.06952663115544,11.580714814482079,41.1688581582119,57.07285264384578,96.16387735943515,-2.002538921435686e-13,23.947636865376275,18.68710342173486,13.521972703465085,44.4220197564476,57.76767458003384,118.55133461270606,0.5394405831603108,25.805959236672233,18.849352837676406,12.1888277466629,45.935411138198425,62.34097254461408,113.3456318782379,-1.3370319378790316,26.590301799988335,18.768228129705633,115.94848324547198,18.687103421734857,18.84935283767641,True,6
v8_l64_t32_d128_p64_wl3072_lowW8,1;min_L_64;max_L_minus_32;dupL_minL_128;cross_minL_64;max_WL_minus_3072;lowW_8_L,7,1.5,16.25984222729265,10.871644103659666,39.57825111668247,55.00507718031732,83.42981004588763,-3.0981734071217746,23.102267938092442,17.401635450584696,12.367961804132587,41.05982179544915,57.15903400598068,97.10318880977826,-2.543585794859444,24.270325315594786,17.766795174393682,11.783921319608014,45.2042051963104,60.588339043046815,96.4090571579989,-3.897714077649147,25.317792187190165,17.58421531248919,96.75612298388859,17.401635450584696,17.766795174393682,True,6
v8_l64_t32_d128_p64_wl3072_lowW8,1;min_L_64;max_L_minus_32;dupL_minL_128;cross_minL_64;max_WL_minus_3072;lowW_8_L,7,2.0,15.93450997963013,10.714333516119323,37.84062491009653,56.09196776497212,83.7202213345721,-5.251972564754563,22.917182559712263,16.88795771465539,11.443301057583817,41.25042932898196,56.95177946570455,83.93489157531853,-4.896153062952786,23.81867465799015,17.09670970876933,11.263093755512145,44.3067754945794,59.85862118409175,84.0148759556447,-5.665597516437258,24.607021346684014,16.99233371171236,83.97488376548162,16.88795771465539,17.09670970876933,True,6
v8_l64_t32_d128_p64_wl3072_lowW16,1;min_L_64;max_L_minus_32;dupL_minL_128;cross_minL_64;max_WL_minus_3072;lowW_16_L,7,1.0,17.279629701531526,11.312142972767807,42.13434556421387,58.44999680484561,99.91940491104201,1.8905512076474093e-12,24.350399007153392,18.946645022548598,13.16354835347705,43.5340455762326,60.55286754887251,120.00137549188415,0.7854560136841068,26.396576197616,19.312532754143643,12.355273714568838,47.710903978798285,64.16563280821447,126.8709859150591,-1.151564609050984,27.267582185750538,19.12958888834612,123.43618070347162,18.9466450225486,19.31253275414364,True,6
v8_l64_t32_d128_p64_wl3072_lowW16,1;min_L_64;max_L_minus_32;dupL_minL_128;cross_minL_64;max_WL_minus_3072;lowW_16_L,7,1.5,16.436848806505623,10.874549044299897,39.727349801898214,58.660509639664646,83.62601215489403,-3.211397216446256,23.48918021132044,17.592373625630625,12.35933520655449,42.12175006910048,58.9833501368271,98.41233600314277,-2.4582591231602264,24.72722868773852,18.14266025306386,11.823210027828097,46.50255648428575,61.82833691032147,104.22650049886207,-3.883271891349794,25.886083183754216,17.86751693934724,101.31941825100242,17.592373625630625,18.14266025306386,True,6
v8_l64_t32_d128_p64_wl3072_lowW16,1;min_L_64;max_L_minus_32;dupL_minL_128;cross_minL_64;max_WL_minus_3072;lowW_16_L,7,2.0,16.129604565816305,10.695637740132568,39.84550926270845,56.74167080368538,83.89520191618675,-5.429244305529375,23.300738841351567,17.06110075008368,11.778005398537777,41.37224180746402,59.04070698560221,84.11147050849723,-4.896899229762708,24.19709701024576,17.433775268950527,11.283925883988449,45.26740780653778,61.28404937655988,87.7239469108758,-5.758575297150605,25.11276052599849,17.247438009517104,85.91770870968651,17.061100750083675,17.433775268950523,True,6
v8_l64_t64_d64_p32,1;min_L_64;max_L_minus_64;dupL_minL_64;cross_minL_32,5,1.0,17.627972880138977,12.008325446388689,42.57770353799295,61.91916635850877,92.22162616573864,2.912783885724634e-13,24.951484382257977,18.47113693831525,12.891435203618855,43.40285612327927,62.31449191179026,103.38850626905352,0.8692519023756864,25.883085667651045,19.972692467160517,13.191528703685112,57.672726216711766,66.64900150992291,105.65019646915759,-2.1847275312276646,28.340628047692405,19.221914702737884,104.51935136910555,18.471136938315247,19.97269246716051,True,5
v8_l64_t64_d64_p32,1;min_L_64;max_L_minus_64;dupL_minL_64;cross_minL_32,5,1.5,16.31308339927632,11.39460185522041,40.772790338193786,59.6312552188317,84.5052872570905,-3.0061549961799345,23.52092154685415,17.031702854494203,11.824287151434849,40.629197438590644,59.66190172845275,88.19872981511394,-2.2601180422583673,24.157603071808925,18.0111466279718,12.022252605603356,51.856797052189414,63.74320275408048,91.55914735798079,-4.2526554963962955,26.038437547632775,17.521424741233,89.87893858654736,17.031702854494206,18.0111466279718,True,5
v8_l64_t64_d64_p32,1;min_L_64;max_L_minus_64;dupL_minL_64;cross_minL_32,5,2.0,15.715959674415707,10.707677279393529,44.28467243558532,58.817996334668614,84.47272469229364,-5.366847977627955,23.16645846396979,16.337090247399598,11.046928483397117,44.247644736417556,59.79986684120446,84.6799641785488,-4.748680875391175,23.624550044973716,16.85987359435331,11.220828765765845,49.83850710315068,62.33374635780626,84.69123353351387,-6.073470628300315,24.77099014480826,16.598481920876452,84.68559885603133,16.3370902473996,16.85987359435331,True,5
v8_l64_t64_d64_p32_lowW2,1;min_L_64;max_L_minus_64;dupL_minL_64;cross_minL_32;lowW_2_L,6,1.0,16.770163529244993,11.349464473963389,39.846630176346636,57.053734093627334,126.57451086913144,2.7969345266333135e-13,24.080222150081944,17.66375649954272,12.210141029952283,41.87338404179733,58.7600259136258,154.79699950779982,0.7990096888437209,25.183562844113254,19.52011993781157,13.1821393978998,55.03432551734182,67.15051609055158,100.44328831688767,-4.4828514787945535,27.591214569150154,18.591938218677146,127.62014391234375,17.66375649954272,19.520119937811575,True,6
v8_l64_t64_d64_p32_lowW2,1;min_L_64;max_L_minus_64;dupL_minL_64;cross_minL_32;lowW_2_L,6,1.5,15.577468231204046,10.57288134311763,39.30585921016625,56.31119491598678,102.09244297822488,-2.725492437919218,22.61641357455841,16.28872159520554,11.063195312311102,39.76487019482138,57.22941612661201,120.43394750368495,-2.0352893475759073,23.332296858310013,17.802709027843914,12.209271205135757,52.533062849641546,62.617874791381524,85.16438383965522,-5.905004393554199,25.632861633716264,17.045715311524727,102.79916567167008,16.28872159520554,17.80270902784391,True,6
v8_l64_t64_d64_p32_lowW2,1;min_L_64;max_L_minus_64;dupL_minL_64;cross_minL_32;lowW_2_L,6,2.0,15.05054327601885,10.095966178670219,41.94930630972761,55.1615730986085,84.67385619337693,-4.9503939516195095,22.249480784098868,15.649363082286868,10.337693177351825,42.30431785989817,55.79138181573249,95.04472708197966,-4.386177818709525,22.749739166551226,16.793501746511605,11.158659615290066,48.85067104798531,61.27175338919338,84.95895010370586,-7.308580634682245,24.55071620517824,16.22143241439924,90.00183859284276,15.649363082286868,16.793501746511605,True,6
v8_l64_t64_d64_p32_lowW4,1;min_L_64;max_L_minus_64;dupL_minL_64;cross_minL_32;lowW_4_L,6,1.0,16.514045356050612,11.194255807527153,39.70798223670515,56.83229580129684,106.85719515788384,1.3797107004161573e-12,23.867999952978995,17.457661172281732,12.341323395908127,41.63918657571554,57.617644336463776,122.4793107763166,0.6317381024984837,24.954316476898796,18.13836446660187,11.917366282592102,53.34823524767294,61.42667247073409,114.61299709001618,-2.3713217314604425,26.305212335643773,17.7980128194418,118.54615393316638,17.457661172281732,18.13836446660187,True,6
v8_l64_t64_d64_p32_lowW4,1;min_L_64;max_L_minus_64;dupL_minL_64;cross_minL_32;lowW_4_L,6,1.5,15.379869486585985,10.556536248545367,38.00818076682729,56.48306127707353,84.83645181820086,-2.6509846156417662,22.36626636013195,16.10309823113897,11.102364631459716,38.398283743001386,57.070293644941835,93.14501856440364,-2.1361479427082743,23.051787222336966,16.614990266075818,11.214205637269453,48.36177070989895,58.94627461947746,95.10222453781174,-4.026816746656452,24.353022729821095,16.359044248607393,94.12362155110769,16.103098231138965,16.614990266075814,True,6
v8_l64_t64_d64_p32_lowW4,1;min_L_64;max_L_minus_64;dupL_minL_64;cross_minL_32;lowW_4_L,6,2.0,14.872925265434375,10.095939768522705,38.737109466803346,54.653707587996664,84.06288454407517,-4.835577965370469,21.98994762470313,15.499351082402356,10.639350838335123,39.016398417680335,56.262477239707394,84.26530283502063,-4.445391106354321,22.485346675005992,15.733554657673801,10.502957465270313,42.59618375825839,58.29820319437917,84.07112793749229,-5.6127278657455895,23.286164265145324,15.616452870038078,84.16821538625646,15.499351082402358,15.733554657673803,True,6
v8_l64_t64_d64_p32_lowW8,1;min_L_64;max_L_minus_64;dupL_minL_64;cross_minL_32;lowW_8_L,6,1.0,16.74478766210832,11.054463830188539,40.912797649329804,57.828106274723,108.66639130235036,1.3019261307405564e-13,24.27527151477048,17.921318549187546,12.356159359793129,42.76690934884674,60.03855296779419,122.45889645211325,0.5040080375879883,25.761304141707225,18.588605539647254,12.133157958810592,54.47139420772802,65.11671312742617,133.33687120623506,-2.2759318302747102,27.074654351358955,18.2549620444174,127.89788382917416,17.921318549187546,18.588605539647254,True,6
v8_l64_t64_d64_p32_lowW8,1;min_L_64;max_L_minus_64;dupL_minL_64;cross_minL_32;lowW_8_L,6,1.5,15.603282106574232,10.58872782311978,38.64656234978506,56.45803578355126,91.87703936400271,-2.752140238484301,22.743376653922308,16.539935799561515,11.137987042804737,39.8442701907186,57.30690305368016,100.97364672970971,-2.3321639811737462,23.658585873842895,17.015749666441142,11.441853865899132,51.064929207175716,60.430953573869374,115.17593986723908,-4.077082833933758,25.00745914079464,16.77784273300133,108.07479329847439,16.539935799561512,17.015749666441142,True,6
v8_l64_t64_d64_p32_lowW8,1;min_L_64;max_L_minus_64;dupL_minL_64;cross_minL_32;lowW_8_L,6,2.0,15.062124904877658,10.047326136729545,40.22846366464863,56.17191425321868,84.16642051805589,-4.999898738450954,22.360453346144592,15.839385824994798,10.695049889671164,41.3837714805237,57.082060969003535,85.21405902617181,-4.6802107504738455,22.997035865051693,16.071699726863788,10.771078517423692,46.43717749794419,59.69375223548792,100.68089017749591,-5.750061211766706,23.888470222168014,15.955542775929292,92.94747460183386,15.839385824994798,16.071699726863788,True,6
v8_l64_t64_d64_p32_lowW16,1;min_L_64;max_L_minus_64;dupL_minL_64;cross_minL_32;lowW_16_L,6,1.0,17.143120717896423,11.826048383132854,41.871228985049626,59.494972168109015,107.56964856881962,1.7051922331012965e-12,24.731540984411147,18.558216886893895,12.64494890215568,46.060393368877826,61.25110793597138,142.44057913303627,0.723292630516013,26.767924639524292,19.238883688361256,12.523260434264321,54.352782472711596,65.65823396349796,136.7986074923412,-2.2609057407636532,27.790064113868606,18.898550287627575,139.61959331268872,18.558216886893895,19.238883688361256,True,6
v8_l64_t64_d64_p32_lowW16,1;min_L_64;max_L_minus_64;dupL_minL_64;cross_minL_32;lowW_16_L,6,1.5,15.959031817293017,10.975825382703736,39.018446323458015,57.74860820363666,87.55583363278751,-2.868570560972887,23.16902482930308,17.057539775965346,11.64331033675986,42.52177648772243,59.36412324739691,112.0466331932215,-2.325542261026956,24.380146978171773,17.59220104178359,11.614896961942446,50.652365049927894,62.184493923094536,112.39459608895794,-4.27341813665204,25.642390848543457,17.324870408874467,112.22061464108972,17.057539775965346,17.59220104178359,True,6
v8_l64_t64_d64_p32_lowW16,1;min_L_64;max_L_minus_64;dupL_minL_64;cross_minL_32;lowW_16_L,6,2.0,15.390644831171596,10.382012985670036,41.44974120410853,57.43771996113745,84.3198074210552,-5.1892149247270325,22.779848385638644,16.273977963261398,10.970336891927374,42.15645151390596,58.148660971365175,91.74266173891526,-4.744034032134267,23.560470278531035,16.5693892305221,11.0037382065583,46.301728075375514,61.2058698212659,94.2263368727279,-6.034479033173144,24.465558122562967,16.421683596891747,92.98449930582157,16.273977963261398,16.5693892305221,True,6
v8_l64_t64_d64_p32_wl3072,1;min_L_64;max_L_minus_64;dupL_minL_64;cross_minL_32;max_WL_minus_3072,6,1.0,17.10429820579069,11.546875595736472,40.612284945172945,61.320567350804964,95.52787605890285,2.681085167541993e-13,24.420013095717223,18.450238682659972,12.80362573570785,45.29509816734957,63.21583095441887,157.64976252059793,1.4287146709201277,26.453620323715636,19.44213526898396,12.769691921125702,56.402102009355104,66.98141688814816,117.0580728468686,-2.1426969038376025,27.84544361719043,18.946186975821966,137.35391768373327,18.45023868265997,19.442135268983957,True,6
v8_l64_t64_d64_p32_wl3072,1;min_L_64;max_L_minus_64;dupL_minL_64;cross_minL_32;max_WL_minus_3072,6,1.5,16.02803655535731,11.222252297827984,38.493301022506834,60.5658890888233,84.36844069027049,-2.9854179313356526,23.23868689468424,17.251952500648652,11.774095987275228,41.60908827742011,62.18246695834476,150.2672805725798,-1.4586407981486378,25.12875006570887,17.767261026280114,11.998887052239226,53.142599525614216,62.88121819751779,107.99671668075841,-4.27345627909783,25.927568083196125,17.509606763464383,129.13199862666912,17.25195250064865,17.767261026280114,True,6
v8_l64_t64_d64_p32_wl3072,1;min_L_64;max_L_minus_64;dupL_minL_64;cross_minL_32;max_WL_minus_3072,6,2.0,15.516793152759401,10.70012116583171,40.52385955979949,59.52687072856756,84.3932035819569,-5.2730297832240804,22.96307858982378,16.49284796909536,10.898012469889355,43.40244661694561,61.46395713061217,129.9131919561332,-3.8448452641157447,24.303394813583093,16.78094593243,11.173549431923425,51.20955527260625,62.40023060334543,92.83057317888175,-6.024066469626395,24.877319792453665,16.636896950762683,111.37188256750747,16.49284796909536,16.780945932429997,True,6
v8_l64_t64_d64_p32_wl3072_lowW2,1;min_L_64;max_L_minus_64;dupL_minL_64;cross_minL_32;max_WL_minus_3072;lowW_2_L,7,1.0,16.21594380499149,11.154800014747877,37.942574804941515,57.06890403749445,121.51224576294646,1.2577930415629104e-13,23.386758972733954,17.58657109267988,12.354889658085478,41.25719617258521,59.23322845972864,145.36235346008368,1.30976037211964,25.313873769308863,18.894602143625573,12.677977102851141,54.29639371084177,66.48184246933363,110.86130729929647,-4.616819621990607,26.957611672700132,18.240586618152726,128.11183037969008,17.586571092679883,18.894602143625576,True,7
v8_l64_t64_d64_p32_wl3072_lowW2,1;min_L_64;max_L_minus_64;dupL_minL_64;cross_minL_32;max_WL_minus_3072;lowW_2_L,7,1.5,15.278749629681572,10.651155642448373,37.1516075499589,55.89768728438951,97.31207765273442,-2.682375059454579,22.227163897369177,16.455956200325843,11.214117142727119,39.195044141764775,58.8224075771963,142.40564885977372,-1.2625244356642726,23.98114470853228,17.532814015570082,11.950052206113776,51.507046596929506,62.859034510535736,105.89455064265887,-6.045073743319595,25.45338923400642,16.994385107947963,124.15009975121629,16.455956200325843,17.53281401557008,True,7
v8_l64_t64_d64_p32_wl3072_lowW2,1;min_L_64;max_L_minus_64;dupL_minL_64;cross_minL_32;max_WL_minus_3072;lowW_2_L,7,2.0,14.82989296647812,9.929461372520487,38.5403645232212,56.01803323839717,84.58884041985874,-4.817041129919442,21.94775872365903,15.726748220017793,10.323806381808398,40.936858508952916,57.487554270865964,124.8363912392556,-3.488812124048271,23.205786438168342,16.722135130410027,11.128417895888798,49.39470782214612,61.617444774985266,93.47028770930106,-7.3232080418548815,24.62575921881118,16.22444167521391,109.15333947427834,15.726748220017793,16.722135130410027,True,7
v8_l64_t64_d64_p32_wl3072_lowW4,1;min_L_64;max_L_minus_64;dupL_minL_64;cross_minL_32;max_WL_minus_3072;lowW_4_L,7,1.0,16.041787068755127,11.00376838717569,36.616749381220025,55.39106632630698,103.50952690741843,1.566724665806432e-13,22.988029143901702,17.421279808240996,12.429228209626007,39.86980136997969,57.03282985073558,134.88586725492934,1.112533263137592,24.666461579694516,17.52895781491926,11.528065683087974,48.00446441369442,59.01295706672334,105.3178345560533,-2.3832012501410746,25.309443142674056,17.475118811580128,120.10185090549132,17.421279808240996,17.528957814919263,True,7
v8_l64_t64_d64_p32_wl3072_lowW4,1;min_L_64;max_L_minus_64;dupL_minL_64;cross_minL_32;max_WL_minus_3072;lowW_4_L,7,1.5,15.060408646163289,10.448328624156616,35.841436157433556,55.9096585738725,83.78577201699686,-2.575663440081017,21.822464925980682,16.211518708917612,11.066200095756512,38.07707128970795,56.808843383623554,135.22520806362445,-1.3424060249869796,23.368544860410427,16.331552640110882,10.811268749605052,44.250784174607105,57.80514126701668,103.80496764075731,-4.088042191166723,23.84986152387594,16.271535674514247,119.51508785219087,16.21151870891761,16.33155264011088,True,7
v8_l64_t64_d64_p32_wl3072_lowW4,1;min_L_64;max_L_minus_64;dupL_minL_64;cross_minL_32;max_WL_minus_3072;lowW_4_L,7,2.0,14.612078423916275,10.0983594591458,36.23243227775532,54.88155930219536,83.9026625207826,-4.641420096565314,21.543955292762433,15.474279445468335,10.40336914363354,37.998655889041146,56.29942614493933,120.2900364454369,-3.4886838906489275,22.67946449384231,15.60196334489065,10.496515015598064,42.882487757134896,57.54152717009489,94.35671462733038,-5.563999620068544,23.093375842292733,15.538121395179493,107.32337553638364,15.474279445468333,15.60196334489065,True,7
v8_l64_t64_d64_p32_wl3072_lowW8,1;min_L_64;max_L_minus_64;dupL_minL_64;cross_minL_32;max_WL_minus_3072;lowW_8_L,7,1.0,15.98569883497571,10.553289112976621,37.35568990856887,57.150433627551735,97.1025581421932,-7.668124244615987e-14,23.15504670568076,17.279190178932108,11.970438040224685,40.96407733332244,58.444041232238796,129.87784350814783,1.263089248578413,24.8731266622069,17.562383882928582,11.874370271000245,47.63332544873597,61.072323523063396,113.33118011788952,-1.8700019437520852,25.488775792159817,17.420787030930345,121.60451181301868,17.279190178932108,17.56238388292858,True,6
v8_l64_t64_d64_p32_wl3072_lowW8,1;min_L_64;max_L_minus_64;dupL_minL_64;cross_minL_32;max_WL_minus_3072;lowW_8_L,7,1.5,15.035998755207766,10.22917471600282,36.17088508355241,56.43352983076227,83.87726897748513,-2.6357007212794317,21.989787612064333,16.10074547903052,10.892697655097212,38.14587052475024,58.72580268058147,131.39170796833764,-1.2836614106897837,23.453484973711554,16.255633891160407,10.954306628543282,44.32620848113833,58.326583817129695,102.37065363924076,-3.730241783943816,23.94667999315594,16.17818968509546,116.88118080378919,16.100745479030515,16.255633891160404,True,6
v8_l64_t64_d64_p32_wl3072_lowW8,1;min_L_64;max_L_minus_64;dupL_minL_64;cross_minL_32;max_WL_minus_3072;lowW_8_L,7,2.0,14.615560295814486,10.086904222117997,36.082972616806536,55.724654239821184,83.9705424853384,-4.71717828022988,21.719066002546935,15.431338242863818,10.436837466762416,37.278317984303655,57.68852854231624,117.63412254016737,-3.465908249682063,22.767915098508354,15.479435188557204,10.489437622124315,41.06660524966029,58.10219453773303,95.39209423746773,-5.2995901702001635,23.183462740346418,15.45538671571051,106.51310838881756,15.431338242863815,15.479435188557204,True,6
v8_l64_t64_d64_p32_wl3072_lowW16,1;min_L_64;max_L_minus_64;dupL_minL_64;cross_minL_32;max_WL_minus_3072;lowW_16_L,7,1.0,16.267353137349225,11.024386357929732,38.42592351905208,58.51962865445995,104.79157216467657,-8.457003213666411e-13,23.561601708905542,17.737584696432968,12.074565785344287,42.1363724125178,60.68963284092617,137.6301306280213,1.6570083946733396,25.798084232167284,17.99607131095989,12.113486156169573,50.87305365050094,62.50235891579869,132.0480025798934,-1.6671900825309511,26.144493786235106,17.86682800369643,134.83906660395735,17.737584696432968,17.996071310959888,True,6
v8_l64_t64_d64_p32_wl3072_lowW16,1;min_L_64;max_L_minus_64;dupL_minL_64;cross_minL_32;max_WL_minus_3072;lowW_16_L,7,1.5,15.265533987428745,10.512107571181584,37.03825633599939,58.18227167498735,85.19921523808924,-2.739961280707454,22.363415738066355,16.48883427718133,11.25340983671772,39.03609363283976,59.98077119953999,130.73593594517646,-1.0888636860496055,24.101065937568205,16.616053754417646,11.030576966783183,46.325490017939494,61.33867661295607,108.30463462918169,-3.6850048693263555,24.492047304133067,16.552444015799487,119.52028528717908,16.48883427718133,16.616053754417646,True,6
v8_l64_t64_d64_p32_wl3072_lowW16,1;min_L_64;max_L_minus_64;dupL_minL_64;cross_minL_32;max_WL_minus_3072;lowW_16_L,7,2.0,14.84332525145868,10.181139743107586,36.53254333554257,56.712829416066114,84.16814406985526,-4.877583813977244,22.085252577181453,15.780815140582074,10.602741983345842,39.04860047856455,60.13880262156692,118.37057496232264,-3.37492478123824,23.301824537723135,15.826433818703805,10.678789175401265,43.63375009810658,60.478269756967215,91.86517835980092,-5.338062447187264,23.661261611255952,15.80362447964294,105.11787666106179,15.780815140582074,15.826433818703807,True,6
v8_l64_t64_d64_p64,1;min_L_64;max_L_minus_64;dupL_minL_64;cross_minL_64,5,1.0,18.655670367233075,12.997072604185679,44.11831079998254,61.05031952595849,95.5436317872322,3.5085805896228547e-13,25.67433637335187,19.73159443614123,14.267384055237464,45.524542908059665,62.35175969412948,104.77718609180049,0.7808866500097482,26.687598164370485,20.760990541446123,14.233500759647999,56.63895499889196,67.09048099715086,101.33388401181054,-2.1372710717838976,28.916061103473155,20.246292488793678,103.05553505180552,19.73159443614123,20.76099054144612,True,5
v8_l64_t64_d64_p64,1;min_L_64;max_L_minus_64;dupL_minL_64;cross_minL_64,5,1.5,17.356228266301397,12.088701790092028,41.61520348064215,59.7098430523151,84.3656294690605,-3.287225194730567,24.281825213361447,18.24554732404206,13.289599478261682,43.10102209142623,60.72700896312573,84.61521762742849,-2.7335240558803062,24.99927464240866,18.90535405621605,12.671609088178103,51.434587385480306,63.566344384564125,86.88798952006513,-4.481531820537086,26.682848851337255,18.575450690129056,85.75160357374682,18.245547324042057,18.90535405621605,True,5
v8_l64_t64_d64_p64,1;min_L_64;max_L_minus_64;dupL_minL_64;cross_minL_64,5,2.0,16.80584819481994,11.701530318182652,44.38198564127725,57.05617374350897,84.40091295637089,-5.734345713553137,23.946493926154353,17.578755704825294,12.3874424269658,44.91888806335563,58.36208237130508,84.63193976979892,-5.37908989452821,24.54048053184132,17.841174249698135,12.101303907493177,49.410132588532306,60.78769171530197,84.62815538645734,-6.385671845352975,25.46076935564743,17.709964977261713,84.63004757812813,17.578755704825298,17.84117424969813,True,5
v8_l64_t64_d64_p64_lowW2,1;min_L_64;max_L_minus_64;dupL_minL_64;cross_minL_64;lowW_2_L,6,1.0,17.77173543740629,12.170861713256176,41.56907285928605,58.600979651612235,125.00699892854578,3.194132329232127e-13,24.793121381816913,18.991442162478787,13.576801250853421,43.36352155888948,60.15681952046339,145.5196032306673,0.707475578412549,26.085620816332895,20.234012848590027,13.800784074601419,54.29943356639186,67.01270529239486,102.04104991580442,-4.451581857808554,28.169906882353935,19.61272750553441,123.78032657323585,18.991442162478787,20.234012848590023,True,6
v8_l64_t64_d64_p64_lowW2,1;min_L_64;max_L_minus_64;dupL_minL_64;cross_minL_64;lowW_2_L,6,1.5,16.617958650274648,11.548784155832191,40.01932206477547,54.9623661737752,100.69080946255112,-2.99900706810975,23.37535460423909,17.575996106275227,12.738481818887315,42.064767428330285,56.74436206427336,111.1136391816185,-2.4969300225202917,24.237245903531193,18.623709261504104,12.726776501904041,52.28805694623849,64.295634162488,85.04271407274148,-6.148006285210935,26.28424218934121,18.099852683889665,98.07817662717999,17.575996106275227,18.623709261504107,True,6
v8_l64_t64_d64_p64_lowW2,1;min_L_64;max_L_minus_64;dupL_minL_64;cross_minL_64;lowW_2_L,6,2.0,16.141765016236498,11.01322418786132,42.812889596706015,54.748969133134594,84.60879856895865,-5.303977896021076,23.030366684057622,16.974110653761063,12.076821231182272,42.72777751175047,55.97258319042591,85.43028517926456,-4.995218721346206,23.70405271393777,17.7014198477768,11.916638764054666,49.47975033410522,60.54892994778732,84.90435642808497,-7.634714084593163,25.246489088475293,17.337765250768932,85.16732080367476,16.974110653761066,17.7014198477768,True,6
v8_l64_t64_d64_p64_lowW4,1;min_L_64;max_L_minus_64;dupL_minL_64;cross_minL_64;lowW_4_L,6,1.0,17.57756941908703,11.97609329931301,42.05200514965835,56.10425801819744,105.19120954525403,1.6014794735338285e-12,24.582891654036935,19.044673339346723,13.766149550439454,43.24224947005714,59.19077699965214,113.395157688154,0.53510120870985,25.960380496558276,18.943268700163543,12.642703796125009,51.849881289219724,61.02943874467753,112.61185720403203,-2.326106972722447,26.898495333741124,18.993971019755133,113.00350744609301,19.044673339346726,18.943268700163543,True,6
v8_l64_t64_d64_p64_lowW4,1;min_L_64;max_L_minus_64;dupL_minL_64;cross_minL_64;lowW_4_L,6,1.5,16.459267980104723,11.58118577761591,39.820086134667775,55.56906252634372,83.90837525437462,-2.9227388161045655,23.130456791289518,17.621663932420223,12.900430509890132,41.6569278025647,56.47782197039126,84.34479231080248,-2.5953173032480263,24.063337349238857,17.52689282867626,11.700174726935902,48.66784177788305,58.74656129162124,93.1567470885867,-4.2488661662417275,25.014810912024014,17.574278380548243,88.75076969969459,17.62166393242022,17.52689282867626,True,6
v8_l64_t64_d64_p64_lowW4,1;min_L_64;max_L_minus_64;dupL_minL_64;cross_minL_64;lowW_4_L,6,2.0,16.012990063691117,11.097303006573101,40.64770434684722,53.81683317062897,83.98795214238739,-5.187820104413768,22.776786657506136,17.01811028850956,12.217289237194457,41.53787949497201,55.347615466080214,84.21624953655812,-5.0496953920484975,23.541988815508326,16.743623909235648,11.302097891429675,44.00132155008322,57.18061038515785,84.00245692693811,-5.911767206405668,23.994415233252774,16.880867098872606,84.10935323174812,17.01811028850956,16.743623909235644,True,6
v8_l64_t64_d64_p64_lowW8,1;min_L_64;max_L_minus_64;dupL_minL_64;cross_minL_64;lowW_8_L,6,1.0,17.877675182118843,12.052089479560767,42.885764730124166,57.75627375269873,105.36712350136055,1.7101572056337816e-13,24.97810730958362,19.493043579015406,13.570774505160065,45.651210984143546,59.87027486560272,114.87575608568457,0.5555685611317721,26.699298800406012,19.519324410481637,13.369829317061537,53.012221340639975,64.12934194283339,130.01555906668528,-2.2298012039259065,27.65161672042667,19.506183994748522,122.44565757618493,19.493043579015406,19.519324410481637,True,6
v8_l64_t64_d64_p64_lowW8,1;min_L_64;max_L_minus_64;dupL_minL_64;cross_minL_64;lowW_8_L,6,1.5,16.74088238900079,11.565625980305928,40.09319362324739,56.33823270345844,88.43031992422141,-3.0232299540114873,23.49512377955884,17.94405976943059,12.958722034026227,43.05772753685083,57.03762461546946,91.15982115574191,-2.5721561003404774,24.576683218480603,18.019178903346894,12.141435947448574,50.591771611000915,60.31023696158708,111.68796204311326,-4.29815838817828,25.652150635953912,17.981619336388743,101.42389159942758,17.944059769430595,18.01917890334689,True,6
v8_l64_t64_d64_p64_lowW8,1;min_L_64;max_L_minus_64;dupL_minL_64;cross_minL_64;lowW_8_L,6,2.0,16.24751118446291,10.97761978494417,40.94983943171965,55.56083449117904,84.09063833732087,-5.3519639007154325,23.13431196451626,17.179997120914482,12.086987912954395,42.39049475806358,56.30903701344516,84.3264239437144,-4.938741082781572,23.879661818139027,17.183523688864454,11.688972221486404,46.389685366827955,58.69621207424613,96.93463785110765,-6.049439445748367,24.57749575226435,17.181760404889467,90.63053089741103,17.179997120914482,17.18352368886445,True,6
v8_l64_t64_d64_p64_lowW16,1;min_L_64;max_L_minus_64;dupL_minL_64;cross_minL_64;lowW_16_L,6,1.0,18.205280626811074,12.493549597849062,43.71670408075051,58.7243541158553,105.54777176272863,1.8447631276256014e-12,25.423394066340975,19.891941380397913,13.82544184345107,46.588300939250104,61.71715284602119,137.24522749493113,1.0588337005640365,27.567840982039876,20.030559966030722,13.677080893468208,53.77057496380478,65.71430258338174,133.79021727756503,-2.082479842886108,28.27739372193664,19.961250673214316,135.51772238624807,19.891941380397913,20.030559966030726,True,6
v8_l64_t64_d64_p64_lowW16,1;min_L_64;max_L_minus_64;dupL_minL_64;cross_minL_64;lowW_16_L,6,1.5,17.03051995586441,11.642373144795336,40.825799648681276,57.31498768575733,84.37477224365486,-3.1395634900761826,23.909265938229073,18.276164050249033,13.024641321114604,44.8673009968394,59.06117408579296,105.797604971736,-2.3107101879701943,25.146450420552014,18.48513644813259,12.384268299177176,50.768483301285336,61.51817402535723,109.26422379194061,-4.353685562182779,26.19615309479737,18.38065024919081,107.5309143818383,18.276164050249037,18.485136448132586,True,6
v8_l64_t64_d64_p64_lowW16,1;min_L_64;max_L_minus_64;dupL_minL_64;cross_minL_64;lowW_16_L,6,2.0,16.504089232507248,11.328964933476282,42.26679258339861,56.37512897114801,84.24400474062291,-5.541996448506453,23.54144525832413,17.442739217586276,12.267803102746916,43.39555433018329,57.68924745871398,85.47245762156979,-4.8545851731867655,24.30477960174036,17.571193521061563,11.829745556596993,47.6092798788551,60.521576044246444,90.86293967822084,-6.165737026824409,25.055836371613406,17.50696636932392,88.16769864989531,17.442739217586276,17.571193521061563,True,6
v8_l64_t64_d64_p64_wl3072,1;min_L_64;max_L_minus_64;dupL_minL_64;cross_minL_64;max_WL_minus_3072,6,1.0,18.193418365196223,12.988550174110136,43.21505260529877,61.12588610324845,92.71879332996768,1.0040277787914459e-13,25.191103031048524,19.79000346916788,14.137981244589604,46.689755700634066,63.074770953050944,143.15284548555184,1.3134696836332538,27.168033866575502,20.316417308827983,13.914969412499435,56.19192885619699,66.09360539132895,113.69393061641078,-2.09739349365678,28.45011591825396,20.053210388997933,128.42338805098132,19.79000346916788,20.316417308827987,True,6
v8_l64_t64_d64_p64_wl3072,1;min_L_64;max_L_minus_64;dupL_minL_64;cross_minL_64;max_WL_minus_3072,6,1.5,17.107757639582566,11.91776152027074,40.68703407812688,59.863467172250054,84.23185490294894,-3.2714906276762,24.030044853017326,18.463032242842274,12.920581843145111,42.78677890541554,61.10255890976782,134.56458100119528,-1.9837927784864884,25.734191082259088,18.693942284787916,12.29537862594579,53.787453328120414,63.13652408336605,104.1802735346963,-4.505298860827472,26.56527977550053,18.578487263815095,119.3724272679458,18.463032242842274,18.693942284787912,True,6
v8_l64_t64_d64_p64_wl3072,1;min_L_64;max_L_minus_64;dupL_minL_64;cross_minL_64;max_WL_minus_3072,6,2.0,16.653029352213384,11.584038004031466,42.45414086734873,57.81783741577274,84.32399407696387,-5.648794288689852,23.76719227988488,17.68322102304876,12.308388582524554,43.792209789813356,60.19820335102106,112.79523388036323,-4.5445860790277814,24.93742416306148,17.797441165040993,12.084253013501133,49.81547855122271,61.964827600594745,88.62762245392261,-6.340449793093366,25.53999245401803,17.740331094044876,100.71142816714291,17.68322102304876,17.797441165040993,True,6
v8_l64_t64_d64_p64_wl3072_lowW2,1;min_L_64;max_L_minus_64;dupL_minL_64;cross_minL_64;max_WL_minus_3072;lowW_2_L,7,1.0,17.27509576938477,12.20453514492244,40.539659733652336,58.481986120771424,120.0061232134543,-2.5376526277146433e-14,24.156206102125093,19.01443147979529,13.994330513544039,43.81442228449792,61.550350937595205,130.9919971686651,1.1949946813415218,26.136481053181743,19.72889588028207,13.711387229460865,53.41356902628495,66.09360539132895,107.45929698189349,-4.5822871796807645,27.57291023447604,19.37166368003868,119.2256470752793,19.01443147979529,19.728895880282067,True,7
v8_l64_t64_d64_p64_wl3072_lowW2,1;min_L_64;max_L_minus_64;dupL_minL_64;cross_minL_64;max_WL_minus_3072;lowW_2_L,7,1.5,16.375007653106465,11.411826317529904,39.10522596280508,55.32622425746565,96.01588935581856,-2.962033696845893,23.022911412482483,17.73778751641712,12.709270179985577,40.396981700621936,58.24920589506352,126.79725366969845,-1.777393600664809,24.652646026931727,18.432593966223997,12.509446755267561,50.37616865041281,63.55681015181227,102.04473238685941,-6.288019797072023,26.10537123303793,18.08519074132056,114.42099302827893,17.73778751641712,18.432593966224,True,7
v8_l64_t64_d64_p64_wl3072_lowW2,1;min_L_64;max_L_minus_64;dupL_minL_64;cross_minL_64;max_WL_minus_3072;lowW_2_L,7,2.0,15.998409708470607,11.117427133696461,39.644682528015785,54.72761879766787,84.52574493152915,-5.179724027551287,22.759007068743834,17.003945136871366,11.95278487492274,41.32516731156742,56.96703841739216,107.97663538425778,-4.143688040724547,23.871613156226566,17.689984692027153,11.99803825920035,48.68628716124239,62.19836827637508,89.25798840470986,-7.650738974735272,25.29856009162912,17.34696491444926,98.61731189448382,17.00394513687137,17.689984692027156,True,7
v8_l64_t64_d64_p64_wl3072_lowW4,1;min_L_64;max_L_minus_64;dupL_minL_64;cross_minL_64;max_WL_minus_3072;lowW_4_L,7,1.0,17.160429075551484,11.980602537316209,41.13129177460161,55.27119585494892,102.41672389155947,1.0426442318218862e-13,23.77137092758335,18.76496329135097,14.04294333991557,43.2244445222104,57.53613887468278,125.41800527996814,1.2613316491700415,25.5097753828071,18.40487930244418,12.545319946370714,47.74224988549292,59.09175023656422,101.9300556487198,-2.2215961035647305,25.88961424476837,18.584921296897576,113.67403046434397,18.764963291350973,18.404879302444183,True,6
v8_l64_t64_d64_p64_wl3072_lowW4,1;min_L_64;max_L_minus_64;dupL_minL_64;cross_minL_64;max_WL_minus_3072;lowW_4_L,7,1.5,16.257803388173016,11.459195193597838,38.069009254683436,54.69616459012444,83.65568163757571,-2.85469980392904,22.63215896589153,17.46558344388822,12.649607546319867,38.99477734636034,55.49300948129614,123.33710679936733,-1.576567165144818,24.059712525078687,17.301711405620456,11.523528988605875,45.10525249319551,55.49497054292329,99.98366279938618,-4.212489484776761,24.464913782745416,17.383647424754336,111.66038479937676,17.46558344388822,17.301711405620456,True,6
v8_l64_t64_d64_p64_wl3072_lowW4,1;min_L_64;max_L_minus_64;dupL_minL_64;cross_minL_64;max_WL_minus_3072;lowW_4_L,7,2.0,15.861654422591782,11.103591987057792,38.7628195911132,52.70716085154358,83.830801977821,-5.004028221070528,22.369685337685482,16.74688315224482,11.682044239882515,39.63517386256267,54.81102209371873,105.9306957585485,-3.881887396004794,23.354958749071812,16.658870796220533,11.302116110164839,43.106759782936955,55.34863370057375,90.19071890356261,-5.788615668499349,23.738110017583345,16.702876974232677,98.06070733105555,16.74688315224482,16.658870796220533,True,7
v8_l64_t64_d64_p64_wl3072_lowW8,1;min_L_64;max_L_minus_64;dupL_minL_64;cross_minL_64;max_WL_minus_3072;lowW_8_L,7,1.0,17.200465789198784,11.930351249249366,42.13076125612997,57.40497027246778,97.93306610919907,-1.3653674464334224e-13,24.006248839480648,18.781965663862973,14.03102823210356,44.63186800254568,58.93415305070475,121.23939718216667,1.4163633762825665,25.786777614921935,18.638422057471804,12.671772616902622,46.99660371075489,61.318031481203214,114.86304894028522,-1.815782816294531,26.284718650364614,18.71019386066739,118.05122306122595,18.781965663862973,18.638422057471807,True,6
v8_l64_t64_d64_p64_wl3072_lowW8,1;min_L_64;max_L_minus_64;dupL_minL_64;cross_minL_64;max_WL_minus_3072;lowW_8_L,7,1.5,16.261573547197774,11.053270990971242,38.10860008099451,55.54573937086497,83.76496624893724,-2.9281422051975667,22.859776793235426,17.442647897240825,12.461545468841301,39.63279693068501,56.75261882075534,120.78360862248405,-1.541333867797706,24.233625570859804,17.437660113691603,11.512296764148445,45.4181508426907,57.93397137074894,99.72432094667165,-3.960840060483644,24.778723560984165,17.440154005466212,110.25396478457785,17.44264789724082,17.437660113691603,True,6
v8_l64_t64_d64_p64_wl3072_lowW8,1;min_L_64;max_L_minus_64;dupL_minL_64;cross_minL_64;max_WL_minus_3072;lowW_8_L,7,2.0,15.844236419397715,10.98413636411546,38.39370970114439,54.870583611244776,83.93325281703025,-5.106639914933815,22.597875818168784,16.697455095711874,11.432924527711513,39.58868184710588,56.473110709714994,104.81729785453955,-3.893613690933748,23.516692283554242,16.721471966077093,11.449893465007388,44.077903906624506,56.62889761965235,91.29158144584493,-5.608521730011455,24.018947327494054,16.70946353089448,98.05443965019224,16.697455095711874,16.721471966077086,True,6
v8_l64_t64_d64_p64_wl3072_lowW16,1;min_L_64;max_L_minus_64;dupL_minL_64;cross_minL_64;max_WL_minus_3072;lowW_16_L,7,1.0,17.465270397760523,11.853306733098002,42.30130594451698,58.44743962518631,103.61996052989268,-3.815305559407495e-12,24.445223504902795,19.17261924723685,13.89777061470705,45.794198099335595,61.04905066503613,132.85761304877784,1.7580158544479225,26.62824032754495,19.1070970507259,13.04447186407332,50.01604756227802,63.31272817399529,131.27468385696065,-1.6340749681977935,27.005353572730943,19.139858148981375,132.06614845286924,19.17261924723685,19.1070970507259,True,6
v8_l64_t64_d64_p64_wl3072_lowW16,1;min_L_64;max_L_minus_64;dupL_minL_64;cross_minL_64;max_WL_minus_3072;lowW_16_L,7,1.5,16.478089320941272,11.205796841371951,39.00227973314393,56.18661740754086,83.9708310350014,-3.043046190601795,23.272125329737115,17.779019457549005,12.49746546298353,40.875896583049915,58.75250728230248,121.0265184277195,-1.4020800334884358,24.847443682496962,17.83639992015228,11.599190522504188,47.24471443474699,60.85982531239001,107.48901091936234,-3.9486344886079148,25.388136595444728,17.807709688850643,114.25776467354092,17.779019457549005,17.83639992015228,True,6
v8_l64_t64_d64_p64_wl3072_lowW16,1;min_L_64;max_L_minus_64;dupL_minL_64;cross_minL_64;max_WL_minus_3072;lowW_16_L,7,2.0,16.06292078761242,10.961858742834341,39.46460916946239,56.39332018624803,84.11414278697012,-5.291348523119092,23.002931385202498,16.997396800682424,11.652661388492469,40.299003457824746,58.229739056727524,106.37091454857806,-3.870609954877512,24.035571759565777,17.084569899569985,11.659117209175061,44.582272592602784,60.32219759762426,90.22356866585184,-5.707180972759842,24.563666834350435,17.040983350126204,98.29724160721494,16.997396800682424,17.08456989956999,True,6
v8_l64_t64_d128_p32,1;min_L_64;max_L_minus_64;dupL_minL_128;cross_minL_32,5,1.0,16.809059717747264,11.558053880539088,39.45477440375576,61.78349908945123,89.36474569822789,-6.344131569286609e-14,24.174160586158404,17.66263657897285,12.504347577251707,39.10780290586818,63.81054836226073,104.22781622318892,0.09140681240948512,25.124527758548126,19.316593325530373,13.0218094179815,54.74332400437881,67.21731863463532,113.07609416072313,-1.603669483849029,27.765690089423412,18.489614952251614,108.65195519195603,17.66263657897285,19.316593325530373,True,5
v8_l64_t64_d128_p32,1;min_L_64;max_L_minus_64;dupL_minL_128;cross_minL_32,5,1.5,15.909768422745948,10.681742974892355,38.87200415354522,61.52685460219183,84.16555022314508,-3.0658902183863366,23.264493858490248,16.690685198447635,11.59326802630785,39.36521008744232,61.55982601421088,87.13398829993646,-2.8664074644510764,24.046626982278667,17.89083861592269,11.528440466009803,52.78971010744422,66.1534132297197,95.58344963475123,-4.01366231969687,26.115620557784624,17.290761907185164,91.35871896734385,16.690685198447632,17.89083861592269,True,5
v8_l64_t64_d128_p32,1;min_L_64;max_L_minus_64;dupL_minL_128;cross_minL_32,5,2.0,15.512290260109282,10.610137491234633,38.90355567282256,58.78023156327683,84.26502267280631,-5.311266458275367,23.046185060168757,16.236523870157505,10.965586849604296,40.36027599223195,60.71548128685886,84.47707831094344,-5.090074946950279,23.697233623309042,16.93631643633667,11.071494481911204,50.687792286443994,63.55827231972256,84.43531748520834,-5.865663396431231,25.041763430125506,16.58642015324709,84.45619789807589,16.236523870157505,16.936316436336675,True,5
v8_l64_t64_d128_p32_lowW2,1;min_L_64;max_L_minus_64;dupL_minL_128;cross_minL_32;lowW_2_L,6,1.0,15.956922901160166,10.6981727657897,36.429603484917095,58.828308042365265,121.11284952833175,-4.744307086596942e-14,23.244385017942452,17.298790070512798,12.381092599627607,37.535783796708856,62.680291139560495,126.74691797054365,-0.032438305721965745,24.715247204192707,18.729062816976022,12.603751723669859,53.176410420502464,66.56190896734093,114.57320830483577,-3.9934555650586985,26.936492589493398,18.01392644374441,120.66006313768972,17.298790070512798,18.729062816976022,True,6
v8_l64_t64_d128_p32_lowW2,1;min_L_64;max_L_minus_64;dupL_minL_128;cross_minL_32;lowW_2_L,6,1.5,15.171687019574767,10.103120747103711,37.52847172814317,56.31498228127733,97.6135709845993,-2.7810989586325188,22.32560146954181,16.16957671474896,11.172553053314093,37.57837592674289,58.94446598222713,99.86109120256643,-2.6754367779864214,23.345659053429067,17.644706907903277,11.521445458839814,51.55490246341769,65.58623387929013,97.4986446587323,-5.731478952363535,25.699157432611536,16.90714181132612,98.67986793064937,16.169576714748956,17.64470690790328,True,6
v8_l64_t64_d128_p32_lowW2,1;min_L_64;max_L_minus_64;dupL_minL_128;cross_minL_32;lowW_2_L,6,2.0,14.806631673218094,9.74728526642734,37.30159496326689,56.590469569565556,84.45703894333893,-4.884727591548506,22.10141984477138,15.664398699057681,10.431803460599276,39.11017040167248,57.672673043701856,84.65800712241935,-4.746136463118617,22.874640519548095,16.85790059427629,11.429435985749226,49.88313628175668,63.181080313706836,84.68798415592322,-7.138784296725817,24.84140597387099,16.261149646666986,84.67299563917129,15.664398699057681,16.85790059427629,True,6
v8_l64_t64_d128_p32_lowW4,1;min_L_64;max_L_minus_64;dupL_minL_128;cross_minL_32;lowW_4_L,6,1.0,15.786708772804587,10.828018457957207,34.64085057070482,57.617960997512824,102.25801397920917,7.447458798727758e-14,22.958441795099453,17.23567967131649,12.217988479344438,38.159293271315924,59.15924728511072,115.40021867166045,0.17996671931876446,24.49529722575468,17.585330970515432,11.403076673926948,48.913877926043256,62.19563399190301,115.76593732262808,-1.8943376963687375,25.681182079452768,17.41050532091596,115.58307799714427,17.23567967131649,17.585330970515432,True,6
v8_l64_t64_d128_p32_lowW4,1;min_L_64;max_L_minus_64;dupL_minL_128;cross_minL_32;lowW_4_L,6,1.5,14.979790183006456,10.046597136762891,34.78640782614524,56.843710860585105,83.65816387962116,-2.6967781584864676,22.015804665506653,16.105228872813775,11.202468005841487,36.84632202075551,57.47192603509513,94.21505828122146,-2.6223818861281254,23.147582443355294,16.550795964735485,10.587934338653703,45.86274423701888,60.753009192074146,99.06212188443324,-3.861799648211211,24.38509243485481,16.32801241877463,96.63859008282735,16.105228872813782,16.55079596473548,True,6
v8_l64_t64_d128_p32_lowW4,1;min_L_64;max_L_minus_64;dupL_minL_128;cross_minL_32;lowW_4_L,6,2.0,14.635412296562405,9.818745902932086,36.485033046531,55.91147950270552,83.82215467593119,-4.747437477968732,21.788615095891384,15.60247413127697,10.502612197761675,38.84171380794256,56.76141163577602,84.02587206527944,-4.739530678401784,22.681747772987332,15.84480771618714,10.341486103126318,44.82667859290356,59.24454756620312,83.78937983580445,-5.444414982890829,23.516695563332267,15.723640923732056,83.90762595054196,15.60247413127697,15.844807716187136,True,6
v8_l64_t64_d128_p32_lowW8,1;min_L_64;max_L_minus_64;dupL_minL_128;cross_minL_32;lowW_8_L,6,1.0,15.94158005830197,10.644573096096005,36.816539410100425,58.733131738454304,97.74483450259454,7.441942162580552e-12,23.262379791613437,17.230688044746074,11.756153467731773,40.7234887540713,59.575082820311096,118.48968609880251,0.6083398381251767,24.859691853854,17.97832114385464,11.600343891379527,48.23031520191847,63.16734126685152,119.42039168633131,-1.7116790006733953,26.26251217736748,17.60450459430036,118.9550388925669,17.23068804474607,17.97832114385464,True,6
v8_l64_t64_d128_p32_lowW8,1;min_L_64;max_L_minus_64;dupL_minL_128;cross_minL_32;lowW_8_L,6,1.5,15.108827805723342,10.032193283394164,35.84610199078457,57.833597139296444,83.74676331124753,-2.7799768668180596,22.307831490838158,16.091758178987725,11.094366159555413,38.087703904515905,58.83570259042308,97.879036093184,-2.2638978520955684,23.428783451316416,16.85217016602688,10.772577085527368,47.336398558967936,61.435886872008645,104.22144795721992,-3.918254979606194,24.905965525507728,16.471964172507302,101.05024202520195,16.091758178987725,16.85217016602688,True,6
v8_l64_t64_d128_p32_lowW8,1;min_L_64;max_L_minus_64;dupL_minL_128;cross_minL_32;lowW_8_L,6,2.0,14.752156797806462,9.974959065589129,37.27871855478085,56.30297932237096,83.90636490142458,-4.875325223556222,22.080138639863833,15.585299788110367,10.376857498468295,39.27166174851678,57.88577275909599,84.11627452966778,-4.461449733326969,22.880946616021074,16.0862922563304,10.685477168345887,46.09853347903764,60.61746063360645,91.87210870466748,-5.602037602679441,24.0042368707614,15.835796022220382,87.99419161716763,15.585299788110365,16.0862922563304,True,6
v8_l64_t64_d128_p32_lowW16,1;min_L_64;max_L_minus_64;dupL_minL_128;cross_minL_32;lowW_16_L,6,1.0,16.118708607366333,10.622201692528083,39.717017415986795,59.55989771456435,101.90318285660953,-3.3651480497955054e-14,23.627643754745453,17.447288358288716,11.749659715403215,40.260569485849636,62.45725910976251,125.71455727749776,0.9609781220330093,25.455928462867305,18.231973502305543,11.693823100854766,50.14650563674954,63.57337221778987,128.68729530877178,-1.3350876138084176,26.672047010757904,17.83963093029713,127.20092629313477,17.447288358288716,18.231973502305546,True,5
v8_l64_t64_d128_p32_lowW16,1;min_L_64;max_L_minus_64;dupL_minL_128;cross_minL_32;lowW_16_L,6,1.5,15.304960267365013,10.051450240545856,38.204296250814544,59.190318072200576,83.92631435217545,-2.8807681296920995,22.664759993889554,16.2942544222303,11.11356571242273,40.59673729092253,60.185438097098945,102.11430776503025,-2.0286032035643538,23.873813301288386,17.054980260917866,10.886473522258727,48.3479456888187,63.00619164281161,106.18898399444787,-3.6981913207596118,25.218994432291282,16.674617341574084,104.15164587973905,16.294254422230303,17.054980260917866,True,5
v8_l64_t64_d128_p32_lowW16,1;min_L_64;max_L_minus_64;dupL_minL_128;cross_minL_32;lowW_16_L,6,2.0,14.970505298895642,9.967466447369405,38.067877834275606,57.86336023837644,84.05724383836292,-5.033409132882346,22.435260490758548,15.78152439193699,10.388500722892502,39.614292701685855,59.523712306791786,86.05125175166182,-4.289084056899614,23.249501641757497,16.26986268189952,10.636056734687845,46.34639155730794,61.78409781710452,89.66669678500563,-5.487655480615127,24.28931332531308,16.025693536918254,87.85897426833372,15.78152439193699,16.26986268189953,True,5
v8_l64_t64_d128_p32_wl3072,1;min_L_64;max_L_minus_64;dupL_minL_128;cross_minL_32;max_WL_minus_3072,6,1.0,16.73239975180018,11.485703568748828,39.63651575083068,62.37097688720025,86.72699566469026,1.544658121217609e-14,24.10722079727387,17.685217475231457,12.413401554419867,39.9442883780545,64.6360820198842,104.22781622318892,0.3838453075966511,25.320642583604602,19.226631601892873,12.82893954671217,54.74332400441007,67.23645030109263,111.19903521606025,-1.552696160574929,27.695876847062877,18.455924538562165,107.71342571962458,17.685217475231457,19.226631601892873,True,6
v8_l64_t64_d128_p32_wl3072,1;min_L_64;max_L_minus_64;dupL_minL_128;cross_minL_32;max_WL_minus_3072,6,1.5,15.843889399106821,10.58861238487384,37.79923027801444,61.436788380105845,84.12045153554395,-3.070318601642171,23.229724580766973,16.75343769998773,11.497644065738005,40.727037259024215,61.89273610861803,89.64330089123487,-2.420968471702371,24.300088833769497,17.795738896651844,11.517774123019375,52.98376239480619,66.05257349554229,93.34250334182403,-4.016656918572912,26.065518239872926,17.274588298319788,91.49290211652945,16.753437699987735,17.795738896651848,True,6
v8_l64_t64_d128_p32_wl3072,1;min_L_64;max_L_minus_64;dupL_minL_128;cross_minL_32;max_WL_minus_3072,6,2.0,15.476205782886773,10.563489499109757,38.738554230937154,58.70501727692425,84.2377135535922,-5.302317688127169,23.026762013203328,16.271213904308148,11.079294368141678,39.51787097717881,61.06533433176202,84.43997932416762,-4.723089255330194,23.759122526472577,16.91118844419076,11.171677613371887,51.41228471611463,63.578751208179845,84.3958532519226,-5.86344034127015,25.086869537142903,16.591201174249456,84.41791628804512,16.271213904308148,16.91118844419076,True,6
v8_l64_t64_d128_p32_wl3072_lowW2,1;min_L_64;max_L_minus_64;dupL_minL_128;cross_minL_32;max_WL_minus_3072;lowW_2_L,7,1.0,15.8683071300946,10.776023623213433,35.11243104635373,58.54012075893538,118.89464147191427,-5.698685140063536e-13,23.117093147773836,17.238427499460272,12.200985742823484,36.705033422662716,64.17271174532858,122.8835472373928,0.17590297027525542,24.743982306031594,18.54680292891263,12.464890926208781,51.63022065312077,67.19487034070391,108.92364440377796,-4.0033897896723,26.772045080618877,17.89261521418645,115.90359582058538,17.238427499460272,18.54680292891263,True,7
v8_l64_t64_d128_p32_wl3072_lowW2,1;min_L_64;max_L_minus_64;dupL_minL_128;cross_minL_32;max_WL_minus_3072;lowW_2_L,7,1.5,15.101351674959918,10.108250577975365,35.69636011345397,56.034258409125044,95.3720493371547,-2.7815998185553483,22.259897686015407,16.151436360655822,11.110755772298402,36.99861512642312,58.87647062558368,95.2231390768612,-2.3381064196288017,23.39111670264745,17.510368431449955,11.432953142467328,50.72919812795358,65.67770557974285,91.23605638460819,-5.789467288002843,25.611831344875704,16.83090239605289,93.2295977307347,16.151436360655822,17.510368431449958,True,7
v8_l64_t64_d128_p32_wl3072_lowW2,1;min_L_64;max_L_minus_64;dupL_minL_128;cross_minL_32;max_WL_minus_3072;lowW_2_L,7,2.0,14.78065128365005,9.939548012330185,37.084348929197844,56.90838474261912,84.41865372455743,-4.864154400683924,22.05482804440745,15.628231741138213,10.588732966261183,37.757058534864676,58.1658113381667,84.60921033535931,-4.47922905077634,22.82893672421845,16.823654566064082,11.4691678090465,49.433811036205405,63.04135230901289,84.63279262110234,-7.1692632478317,24.87663780612785,16.225943153601147,84.62100147823082,15.628231741138215,16.823654566064086,True,7
v8_l64_t64_d128_p32_wl3072_lowW4,1;min_L_64;max_L_minus_64;dupL_minL_128;cross_minL_32;max_WL_minus_3072;lowW_4_L,7,1.0,15.739355147356573,10.80586952172607,34.52688379327986,55.50361305023539,100.2553696077038,2.8410676158109593e-13,22.762413923713805,17.0455734938108,12.170946387060077,36.23347484926459,58.71711068062045,111.54694173789999,0.296152849690626,24.22828983252408,17.40999578257444,11.117769761065116,45.11910449918124,63.60592990022331,106.70279496057961,-1.7904405518325086,25.308176850133034,17.22778463819262,109.12486834923979,17.0455734938108,17.40999578257444,True,7
v8_l64_t64_d128_p32_wl3072_lowW4,1;min_L_64;max_L_minus_64;dupL_minL_128;cross_minL_32;max_WL_minus_3072;lowW_4_L,7,1.5,14.90555710590753,10.083738585155578,34.25976111671993,55.91823031251233,83.52820596572599,-2.687025109597213,21.891606484564573,15.925069516076817,11.098530629649101,35.45955841462347,57.13486738699686,89.98665540776787,-2.2630327375612964,22.907837342536574,16.39709779326642,10.553336074231995,44.4852457476992,60.06255569506745,89.26364717849434,-3.891978980521471,24.146397427701892,16.161083654671618,89.6251512931311,15.925069516076821,16.39709779326642,True,7
v8_l64_t64_d128_p32_wl3072_lowW4,1;min_L_64;max_L_minus_64;dupL_minL_128;cross_minL_32;max_WL_minus_3072;lowW_4_L,7,2.0,14.584385132017294,9.905652347184397,35.85099116372537,56.46631019702018,83.74212273602375,-4.703447948391671,21.687434030773055,15.444231181520166,10.6098348634223,37.09339012977273,57.351691671584675,83.9295570671323,-4.449125928850655,22.455914259580638,15.781873112451205,10.242985367844776,43.90094582896763,58.96738831483036,83.71470162328282,-5.469896752377034,23.451274902449168,15.613052146985686,83.82212934520756,15.444231181520166,15.781873112451207,True,7
v8_l64_t64_d128_p32_wl3072_lowW8,1;min_L_64;max_L_minus_64;dupL_minL_128;cross_minL_32;max_WL_minus_3072;lowW_8_L,7,1.0,15.674684756466263,10.227823797304763,35.543983973088956,57.972428354402,95.52239696945315,-4.849123173393852e-13,22.945428460235206,17.038024563887827,11.809467707833686,38.203315624811594,58.783793072510946,112.80294915245692,0.39267349993015666,24.571334342817007,17.54764410782309,11.070585298101676,45.13858506177027,63.52616462400005,112.03903158283572,-1.3450845174883053,25.59234819671333,17.29283433585546,112.42099036764631,17.038024563887827,17.54764410782309,True,6
v8_l64_t64_d128_p32_wl3072_lowW8,1;min_L_64;max_L_minus_64;dupL_minL_128;cross_minL_32;max_WL_minus_3072;lowW_8_L,7,1.5,14.891376761447646,9.79905337325076,35.548423215554976,57.04975253826886,83.61547201252729,-2.756153911180446,22.07722849197225,15.857281511759954,10.80735105224811,37.26272860669807,58.28554158335453,91.10566723513452,-2.239364007878084,23.07897771492921,16.37657056215559,10.555528609793146,43.71540014103104,61.27304737768997,94.90870135097819,-3.5737491048758465,24.287362961388155,16.11692603695777,93.00718429305635,15.857281511759954,16.37657056215559,True,6
v8_l64_t64_d128_p32_wl3072_lowW8,1;min_L_64;max_L_minus_64;dupL_minL_128;cross_minL_32;max_WL_minus_3072;lowW_8_L,7,2.0,14.605420673873754,9.916504318861847,35.803489268158586,56.485579285263114,83.80457482020213,-4.788664986196924,21.883018498817446,15.399367979243404,10.380445246798626,37.48330141209999,58.0057653956177,83.98756030418599,-4.405587007905335,22.608827351321523,15.716584540013574,10.18763675002572,42.14344182138652,60.19419565777118,83.94216804639048,-5.251296927173426,23.586965970647256,15.55797625962849,83.96486417528823,15.399367979243404,15.716584540013573,True,6
v8_l64_t64_d128_p32_wl3072_lowW16,1;min_L_64;max_L_minus_64;dupL_minL_128;cross_minL_32;max_WL_minus_3072;lowW_16_L,7,1.0,15.844962109372442,10.415184264306744,37.98788778729962,59.3415373778148,101.30776338127912,4.0133527970921807e-13,23.328679870922485,17.297033730634976,11.755145732597327,39.64357279109312,63.16783595971462,124.75900206353323,0.6826263677397316,25.261371071468524,17.90107397948839,11.399624035581324,46.92719402418289,64.93415914690294,127.89553582698692,-1.1412390500446816,26.2219834834679,17.599053855061683,126.32726894526007,17.29703373063498,17.901073979488388,True,6
v8_l64_t64_d128_p32_wl3072_lowW16,1;min_L_64;max_L_minus_64;dupL_minL_128;cross_minL_32;max_WL_minus_3072;lowW_16_L,7,1.5,15.070240974011105,9.852627357018106,36.94283111064203,58.80819406910255,83.83321895753252,-2.8607996526228625,22.434531995853074,16.091333601198507,11.219583765305307,39.819626558803826,59.778451390438825,99.98800851055265,-2.1105280458488855,23.58505837948563,16.708383078336567,10.701656160462203,45.830917849777606,62.62958524296231,105.29937931001898,-3.530636683085412,24.806436977583086,16.399858339767537,102.6436939102858,16.091333601198503,16.708383078336563,True,6
v8_l64_t64_d128_p32_wl3072_lowW16,1;min_L_64;max_L_minus_64;dupL_minL_128;cross_minL_32;max_WL_minus_3072;lowW_16_L,7,2.0,14.819601705586473,9.881986976375828,36.467373575488345,57.47520085993937,83.9941397477422,-4.944654394654017,22.236578861533484,15.639397604400893,10.388069960830297,38.8647849682207,58.498664315077505,84.70782289486749,-4.354653256541244,23.020888031267667,16.03618012024397,10.171674124093277,43.156026443050784,61.45994306527134,88.87223926123741,-5.281274483257916,24.031232318934034,15.83778886232243,86.79003107805245,15.639397604400894,16.036180120243966,True,6
v8_l64_t64_d128_p64,1;min_L_64;max_L_minus_64;dupL_minL_128;cross_minL_64,5,1.0,17.98796428729613,12.267013980835223,43.21617231390467,61.64334737645412,93.98263664604704,-4.689140725124885e-14,25.101029527108405,19.31150315216453,14.021609787576793,43.769136053587694,63.27160509571466,108.75500960780533,-0.013036726335601895,26.47203812050092,20.312335642628657,13.181587717326092,54.18969645765118,66.54484345218441,116.27661408198921,-1.6005075097904498,28.56690784563377,19.811919397396593,112.51581184489727,19.311503152164526,20.312335642628657,True,5
v8_l64_t64_d128_p64,1;min_L_64;max_L_minus_64;dupL_minL_128;cross_minL_64,5,1.5,17.114271319521972,11.788708451725661,41.918908004576274,60.29852321790101,83.95822300962548,-3.3978210637601203,24.201290839061635,18.235971694239733,12.888638634282534,42.983937470101814,61.014306698492156,92.80328952151066,-3.401689355942974,25.325101638833075,18.961906360867392,12.47236958841945,52.31071147655342,65.46212881011122,98.98632253171738,-4.334081789554251,26.955794930464588,18.598939027553563,95.89480602661402,18.235971694239733,18.961906360867395,True,5
v8_l64_t64_d128_p64,1;min_L_64;max_L_minus_64;dupL_minL_128;cross_minL_64,5,2.0,16.73398425590884,11.137447844834508,41.38352565192282,59.50382749200897,84.14849114111608,-5.7575173521022736,23.994827259437145,17.806770338274294,12.344064081589472,43.342512832827886,60.972875908967744,84.39949014003348,-5.801412991055856,24.993154627147447,18.098876056902057,11.907712548711213,49.12155283987328,63.38365166898384,84.31916042593124,-6.291666199468801,25.916705834291808,17.952823197588174,84.35932528298235,17.80677033827429,18.098876056902057,True,5
v8_l64_t64_d128_p64_lowW2,1;min_L_64;max_L_minus_64;dupL_minL_128;cross_minL_64;lowW_2_L,6,1.0,17.13372075170329,11.904507253762521,39.81282317513172,57.86115709030884,119.47740560551732,7.723290606088045e-15,24.174658100761118,18.806739930807268,14.101760507695705,41.629694228577115,59.85336244452999,122.93946171438348,0.25190764069834826,25.920819872241154,19.614741403069168,13.184697918190102,52.38476891395137,65.98790817142502,117.7744515648151,-3.999048530273098,27.71885846095352,19.210740666938218,120.35695663959929,18.80673993080727,19.614741403069168,True,6
v8_l64_t64_d128_p64_lowW2,1;min_L_64;max_L_minus_64;dupL_minL_128;cross_minL_64;lowW_2_L,6,1.5,16.382545996074793,10.948778868709775,39.17020739595456,55.37219696978249,96.10931785095423,-3.107974574586426,23.277025555595728,17.663569503481565,12.505192003740905,40.85599887347965,58.680203793716274,94.79273616214783,-2.9440545416480504,24.545759739012237,18.64679006212879,12.447460016915546,50.40707231016295,64.90840141094749,100.91176920744726,-6.060961183964097,26.538886008671465,18.155179782805178,97.85225268479755,17.663569503481565,18.64679006212879,True,6
v8_l64_t64_d128_p64_lowW2,1;min_L_64;max_L_minus_64;dupL_minL_128;cross_minL_64;lowW_2_L,6,2.0,16.066451647024742,10.916003135999357,39.33269515752769,55.34505191764126,84.34483129481802,-5.321164164938922,23.067648698857678,17.16246134173792,11.944155385802102,41.8435635831672,56.76616529494508,84.57959620322319,-5.17911350132184,24.056492377095093,17.955467388538686,12.121689376297102,48.94140526899246,63.27631189163592,84.57680763463786,-7.574762332972697,25.720446322329245,17.5589643651383,84.57820191893052,17.162461341737917,17.955467388538686,True,6
v8_l64_t64_d128_p64_lowW4,1;min_L_64;max_L_minus_64;dupL_minL_128;cross_minL_64;lowW_4_L,6,1.0,17.086377579035034,12.022431033797565,38.09593684012928,55.73694554336211,100.46874705706865,1.1667685451340154e-13,23.89756065041329,18.703499203438607,14.011893043668877,42.25672789030569,56.750862835383124,119.86513523472544,0.6173745886802408,25.605937908340525,18.645596745577986,12.20355702663492,48.28630133586765,60.88540809193586,118.93752743864519,-1.8917835616739729,26.518694986635467,18.674547974508297,119.40133133668532,18.703499203438604,18.645596745577983,True,6
v8_l64_t64_d128_p64_lowW4,1;min_L_64;max_L_minus_64;dupL_minL_128;cross_minL_64;lowW_4_L,6,1.5,16.296184468173486,11.22415347070414,38.63972544424765,54.75849417955352,83.4486292796129,-3.023692259612918,22.982384236473777,17.51096642558695,12.547704218956124,40.0568367576324,55.96993504510573,99.20328200497102,-2.578361459082698,24.196595334694216,17.71019004834669,11.672382439602558,47.031133208198256,59.39488211930901,102.44463160277384,-4.179112181129352,25.26527897940451,17.61057823696682,100.82395680387242,17.51096642558695,17.71019004834669,True,6
v8_l64_t64_d128_p64_lowW4,1;min_L_64;max_L_minus_64;dupL_minL_128;cross_minL_64;lowW_4_L,6,2.0,15.958867397010223,10.633295826673155,38.59964644344937,54.25193039904543,83.70257006227747,-5.1851696043270765,22.77096749004611,16.966327108642563,11.68527952286388,40.63744319011427,55.48851980668419,83.94699586998028,-4.820705728358891,23.689527069952735,17.072270951728523,11.284617221581156,45.39451303880282,57.78536706677183,84.61711752025198,-5.864187874191797,24.4328968285783,17.019299030185543,84.28205669511613,16.966327108642563,17.072270951728523,True,6
v8_l64_t64_d128_p64_lowW8,1;min_L_64;max_L_minus_64;dupL_minL_128;cross_minL_64;lowW_8_L,6,1.0,17.28778667942281,12.008140287930281,40.951012968987726,57.50614507427685,100.21926472345584,2.924092989826406e-12,24.18594860445632,18.776098953750513,13.83451040972814,43.591390386254865,57.81650414509702,121.19437753912088,0.8828999092830377,25.873376371329204,19.1003447374791,12.433461900320609,48.72775630053985,62.05697517223273,119.60610942959504,-1.5519434403042416,27.013673329105636,18.938221845614805,120.40024348435796,18.776098953750516,19.1003447374791,True,5
v8_l64_t64_d128_p64_lowW8,1;min_L_64;max_L_minus_64;dupL_minL_128;cross_minL_64;lowW_8_L,6,1.5,16.4592328215636,11.039908570256769,39.71964818509651,54.93040050285363,83.53664211869776,-3.1075075611962713,23.264167134125955,17.545887028235658,12.40445684363699,41.20312666608754,57.62773138309418,101.68722395795524,-2.365899984728884,24.434742190082027,18.031812645671277,11.673835245195104,47.242196978637715,60.56779141174875,103.43763883277313,-4.075822586098369,25.686937074554482,17.788849836953467,102.56243139536419,17.54588702823566,18.031812645671273,True,5
v8_l64_t64_d128_p64_lowW8,1;min_L_64;max_L_minus_64;dupL_minL_128;cross_minL_64;lowW_8_L,6,2.0,16.079617079283544,10.692765529556281,39.179645775946874,55.49980575466604,83.78789237511597,-5.313968793228853,23.052047182904936,16.96263048704837,11.573477891026268,40.694511671453654,56.497129511947385,84.27942524386403,-4.667865875412304,23.885009406029834,17.289372188216866,11.305568834368636,45.328519432023896,59.86743951618432,88.34975748837873,-5.848938010605864,24.814018638402736,17.126001337632616,86.31459136612138,16.96263048704837,17.289372188216866,True,5
v8_l64_t64_d128_p64_lowW16,1;min_L_64;max_L_minus_64;dupL_minL_128;cross_minL_64;lowW_16_L,6,1.0,17.47364457783315,11.704554466622952,41.44614145384372,58.74584113191642,100.34864599951207,-4.83808990109944e-13,24.568823806077404,19.018226211297556,13.51277677769314,43.501119481146766,60.63140106274396,121.80807115727714,1.1296584511154801,26.418733362907304,19.47885069385758,12.649755587215871,49.500397293086216,62.95387596184079,127.46572645713226,-1.2761738669435754,27.567398833091893,19.24853845257757,124.6368988072047,19.018226211297556,19.478850693857577,True,5
v8_l64_t64_d128_p64_lowW16,1;min_L_64;max_L_minus_64;dupL_minL_128;cross_minL_64;lowW_16_L,6,1.5,16.616110386850373,11.008919032645348,40.25312090800754,58.56767504966347,83.72702217230261,-3.2188763203783237,23.636376546049753,17.712308269367778,12.325817332865041,42.47365786459726,59.2438297932249,102.39846627212916,-2.2932616090564717,24.846582984175594,18.329504574732876,12.020897745467185,47.96975076841428,62.185815152531646,104.84092848523399,-3.9598538515542034,26.130256536175384,18.020906422050327,103.61969737868156,17.71230826936778,18.329504574732876,True,5
v8_l64_t64_d128_p64_lowW16,1;min_L_64;max_L_minus_64;dupL_minL_128;cross_minL_64;lowW_16_L,6,2.0,16.25182609276247,10.756735008655031,39.823468378539665,56.458852716625834,83.95812376957137,-5.486022912648431,23.422260592537988,17.120516186091677,11.694237459100336,40.76335960965334,59.135511441131,84.78111313813702,-4.709179221743585,24.248477298609,17.561802584145838,11.460333238086223,46.03261537823463,61.01323463405268,88.2017444422474,-5.856155046655888,25.22400668031105,17.341159385118758,86.4914287901922,17.12051618609168,17.56180258414584,True,5
v8_l64_t64_d128_p64_wl3072,1;min_L_64;max_L_minus_64;dupL_minL_128;cross_minL_64;max_WL_minus_3072,6,1.0,17.927076338906105,12.195059991347517,43.35770184928467,61.29604752538367,91.35605669961242,2.5211027192730264e-13,25.040649660368718,19.35065926100545,13.921693094132653,44.6441060361683,63.833944782229146,108.75500960780533,0.24344009823854024,26.6218636264476,20.251077314684725,12.99979428051028,54.41159115853432,67.16152897154896,114.58367273225156,-1.547947109737372,28.501930587825374,19.800868287845088,111.66934117002845,19.350659261005447,20.25107731468472,True,6
v8_l64_t64_d128_p64_wl3072,1;min_L_64;max_L_minus_64;dupL_minL_128;cross_minL_64;max_WL_minus_3072,6,1.5,17.066924653096375,11.667654477318163,41.84530736410158,60.546570301001,83.91537116763612,-3.4028471973070316,24.170879929023563,18.268746850644675,12.83314392643854,42.75326394954011,61.89079967488329,92.8032895215139,-2.9692581951484063,25.448697738750415,18.900052637532845,12.507537829326887,52.31945115076882,65.32541747321575,93.67713982447667,-4.335642858207938,26.90421525070078,18.58439974408876,93.24021467299528,18.268746850644675,18.900052637532845,True,6
v8_l64_t64_d128_p64_wl3072,1;min_L_64;max_L_minus_64;dupL_minL_128;cross_minL_64;max_WL_minus_3072,6,2.0,16.71445739599189,11.19672802074253,40.750647726200555,58.96165662017685,84.12307186351974,-5.7494997694623216,23.97811454110441,17.752982989197765,12.405506528162396,42.060247044104955,60.92626455518793,84.36249458082071,-5.434560271221913,24.92267558654581,18.089430624140185,11.821885231952145,49.243467865001485,62.89810201175841,84.282263630899,-6.289544004729122,25.95038500552027,17.921206806668977,84.32237910585985,17.75298298919777,18.08943062414018,True,6
v8_l64_t64_d128_p64_wl3072_lowW2,1;min_L_64;max_L_minus_64;dupL_minL_128;cross_minL_64;max_WL_minus_3072;lowW_2_L,7,1.0,17.069232356929387,11.912274707421872,39.730157047975545,57.592582770436664,117.194678055382,-5.042205438546053e-13,24.061439553222826,18.731687264119213,13.943389344529027,40.770542291608244,60.8519089908558,122.19594713130024,0.4303125225815558,25.898246277309234,19.50666828302082,13.00296801435631,49.98025807093091,66.64278036700613,112.3034122250702,-4.003708321885056,27.56386638068453,19.119177773570016,117.24967967818523,18.731687264119216,19.506668283020815,True,7
v8_l64_t64_d128_p64_wl3072_lowW2,1;min_L_64;max_L_minus_64;dupL_minL_128;cross_minL_64;max_WL_minus_3072;lowW_2_L,7,1.5,16.3502856100277,11.020969059657304,39.63816357518843,55.465146478221605,93.847331463356,-3.109482987522574,23.218181067231907,17.602168978324826,12.372325007593894,41.09258056824021,58.606686330688454,94.36496718429677,-2.60755723243476,24.51068731307372,18.568681613179088,12.402782277539076,49.31485238266747,64.74789550227503,93.24320991601738,-6.1119065378998085,26.445657739506544,18.085425295751957,93.80408855015708,17.602168978324826,18.568681613179084,True,7
v8_l64_t64_d128_p64_wl3072_lowW2,1;min_L_64;max_L_minus_64;dupL_minL_128;cross_minL_64;max_WL_minus_3072;lowW_2_L,7,2.0,16.05784350539078,11.02324818878888,39.19600255653166,55.94900196456373,84.3083188888633,-5.301814699485682,23.025669804558476,17.125488324018498,11.811617897981918,41.576352668266686,57.260161192610745,84.53129273032332,-4.994022865895506,23.99372064239328,17.933708352374147,12.101339506500143,47.827705119728556,63.05292335587964,84.52415554167831,-7.59782002425347,25.735117556167957,17.529598338196323,84.52772413600081,17.125488324018498,17.933708352374143,True,7
v8_l64_t64_d128_p64_wl3072_lowW4,1;min_L_64;max_L_minus_64;dupL_minL_128;cross_minL_64;max_WL_minus_3072;lowW_4_L,7,1.0,17.00734948559964,11.847402176928444,39.293229240865124,54.72450026077959,99.23210415222958,2.89899229535662e-13,23.711831720021205,18.595186868526525,14.171940963397983,41.575168417783395,56.424182735525854,117.34846566649341,0.47697266635691304,25.44635589365062,18.48308902885375,12.502194731093935,45.49759145602825,61.42353693863463,110.07030752539828,-1.669942673376049,26.11479691599789,18.53913794869014,113.70938659594584,18.595186868526525,18.483089028853747,True,6
v8_l64_t64_d128_p64_wl3072_lowW4,1;min_L_64;max_L_minus_64;dupL_minL_128;cross_minL_64;max_WL_minus_3072;lowW_4_L,7,1.5,16.252035138894627,11.200443873149833,38.30698432734405,54.44726846759502,83.3296184358316,-3.015653436834714,22.867743402281388,17.40148856038018,12.591165181133723,39.8166327085746,55.79229601820864,95.74610703591458,-2.4969942038807122,24.022245913883637,17.57359869146511,11.663730774692443,44.74370970359307,58.84072905480656,92.17241814856895,-4.09660678242126,24.973542197115954,17.487543625922648,93.95926259224177,17.40148856038018,17.57359869146511,True,6
v8_l64_t64_d128_p64_wl3072_lowW4,1;min_L_64;max_L_minus_64;dupL_minL_128;cross_minL_64;max_WL_minus_3072;lowW_4_L,7,2.0,15.935182124228438,10.953527058668062,38.20735515786176,55.02357878106407,83.62518380190936,-5.142956446567975,22.678087323598465,16.91274067219852,11.642463314907626,40.45390762123402,55.715492300498575,83.85151116874627,-4.8296980656988895,23.596246835588037,17.001148663694405,11.363404097731166,44.10336069080602,58.634540284702965,83.59710022971727,-5.8168795171995935,24.312335381427282,16.956944667946463,83.72430569923176,16.912740672198524,17.00114866369441,True,7
v8_l64_t64_d128_p64_wl3072_lowW8,1;min_L_64;max_L_minus_64;dupL_minL_128;cross_minL_64;max_WL_minus_3072;lowW_8_L,7,1.0,17.06952663115544,11.580714814482079,41.1688581582119,57.07285264384578,96.16387735943515,-2.002538921435686e-13,23.947636865376275,18.68710342173486,13.521972703465085,44.4220197564476,57.76767458003384,118.55133461270606,0.5394405831603108,25.805959236672233,18.849352837676406,12.1888277466629,45.935411138198425,62.34097254461408,113.3456318782379,-1.3370319378790316,26.590301799988335,18.768228129705633,115.94848324547198,18.687103421734857,18.84935283767641,True,6
v8_l64_t64_d128_p64_wl3072_lowW8,1;min_L_64;max_L_minus_64;dupL_minL_128;cross_minL_64;max_WL_minus_3072;lowW_8_L,7,1.5,16.25984222729265,10.871644103659666,39.57825111668247,55.00507718031732,83.42981004588763,-3.0981734071217746,23.102267938092442,17.401635450584696,12.367961804132587,41.05982179544915,57.15903400598068,97.10318880977826,-2.543585794859444,24.270325315594786,17.766795174393682,11.783921319608014,45.2042051963104,60.588339043046815,96.4090571579989,-3.897714077649147,25.317792187190165,17.58421531248919,96.75612298388859,17.401635450584696,17.766795174393682,True,6
v8_l64_t64_d128_p64_wl3072_lowW8,1;min_L_64;max_L_minus_64;dupL_minL_128;cross_minL_64;max_WL_minus_3072;lowW_8_L,7,2.0,15.93450997963013,10.714333516119323,37.84062491009653,56.09196776497212,83.7202213345721,-5.251972564754563,22.917182559712263,16.88795771465539,11.443301057583817,41.25042932898196,56.95177946570455,83.93489157531853,-4.896153062952786,23.81867465799015,17.09670970876933,11.263093755512145,44.3067754945794,59.85862118409175,84.0148759556447,-5.665597516437258,24.607021346684014,16.99233371171236,83.97488376548162,16.88795771465539,17.09670970876933,True,6
v8_l64_t64_d128_p64_wl3072_lowW16,1;min_L_64;max_L_minus_64;dupL_minL_128;cross_minL_64;max_WL_minus_3072;lowW_16_L,7,1.0,17.279629701531526,11.312142972767807,42.13434556421387,58.44999680484561,99.91940491104201,1.8905512076474093e-12,24.350399007153392,18.946645022548598,13.16354835347705,43.5340455762326,60.55286754887251,120.00137549188415,0.7854560136841068,26.396576197616,19.312532754143643,12.355273714568838,47.710903978798285,64.16563280821447,126.8709859150591,-1.151564609050984,27.267582185750538,19.12958888834612,123.43618070347162,18.9466450225486,19.31253275414364,True,6
v8_l64_t64_d128_p64_wl3072_lowW16,1;min_L_64;max_L_minus_64;dupL_minL_128;cross_minL_64;max_WL_minus_3072;lowW_16_L,7,1.5,16.436848806505623,10.874549044299897,39.727349801898214,58.660509639664646,83.62601215489403,-3.211397216446256,23.48918021132044,17.592373625630625,12.35933520655449,42.12175006910048,58.9833501368271,98.41233600314277,-2.4582591231602264,24.72722868773852,18.14266025306386,11.823210027828097,46.50255648428575,61.82833691032147,104.22650049886207,-3.883271891349794,25.886083183754216,17.86751693934724,101.31941825100242,17.592373625630625,18.14266025306386,True,6
v8_l64_t64_d128_p64_wl3072_lowW16,1;min_L_64;max_L_minus_64;dupL_minL_128;cross_minL_64;max_WL_minus_3072;lowW_16_L,7,2.0,16.129604565816305,10.695637740132568,39.84550926270845,56.74167080368538,83.89520191618675,-5.429244305529375,23.300738841351567,17.06110075008368,11.778005398537777,41.37224180746402,59.04070698560221,84.11147050849723,-4.896899229762708,24.19709701024576,17.433775268950527,11.283925883988449,45.26740780653778,61.28404937655988,87.7239469108758,-5.758575297150605,25.11276052599849,17.247438009517104,85.91770870968651,17.061100750083675,17.433775268950523,True,6
v8_screen_page,1;min_L_32;max_L_minus_32;dupL_minL_128;cross_minL_32;lowW_4_L;page_count,7,1.0,15.518114132213368,10.500246664485818,34.999559784826886,57.634507533527845,102.56022438328812,8.026705594184362e-14,22.811034879118672,16.894644658240864,11.830731166910436,38.47730741153753,58.74710401881922,113.90035394295843,-0.015356598815300293,24.234998054820174,17.22671495121238,10.88930136828251,48.61200197052818,62.03695576326675,114.88580373314731,-1.8596578057667876,25.465110145515357,17.06067980472662,114.39307883805287,16.894644658240864,17.22671495121238,True,6
v8_screen_page,1;min_L_32;max_L_minus_32;dupL_minL_128;cross_minL_32;lowW_4_L;page_count,7,1.5,14.759684913336748,9.647550637974556,34.337086923754335,57.309588688707436,83.6014311758008,-2.648236338853068,21.936250898688805,15.829427169984266,10.731980976243987,36.366277110166706,57.87630520747224,92.30570857547511,-2.7328590948454234,22.99752271702285,16.30372851466102,10.357045513008746,46.015146450754386,61.141192312546394,97.8796036287547,-3.795333753901125,24.260487121377295,16.066577842322644,95.0926561021149,15.829427169984266,16.30372851466102,True,6
v8_screen_page,1;min_L_32;max_L_minus_32;dupL_minL_128;cross_minL_32;lowW_4_L;page_count,7,2.0,14.440733774642181,9.503195562030498,35.8507099108513,56.12781087590232,83.79157188526334,-4.717388385558329,21.71954968584454,15.285918922851051,10.153806137014222,37.628485250162505,57.319714615014156,84.01992616511046,-4.651405013056132,22.452278420701177,15.640061589310077,10.45494787243955,44.535328043079765,59.45462228137382,83.75849397594392,-5.404332387596315,23.41708013423352,15.462990256080564,83.88921007052718,15.285918922851053,15.640061589310076,True,6
v8_screen_bank,1;min_L_32;max_L_minus_32;dupL_minL_128;cross_minL_32;lowW_4_L;bank_pairs_g2048_b8;bank_worst_g2048_b8,8,1.0,15.518114132213505,10.500246664486069,34.99955978482728,57.63450753352884,102.56022438328762,4.4077922816173913e-13,22.811034879118804,16.906676050829343,11.830731166909947,38.47730741153599,58.77518751963091,113.90035394295074,-0.02689073544567949,24.244206521764024,17.24837494010745,10.904698146183932,48.61200197055342,62.03695576327703,114.8932506639594,-1.8571812982379088,25.487276655418135,17.077525495468397,114.39680230345508,16.906676050829343,17.24837494010745,True,6
v8_screen_bank,1;min_L_32;max_L_minus_32;dupL_minL_128;cross_minL_32;lowW_4_L;bank_pairs_g2048_b8;bank_worst_g2048_b8,8,1.5,14.75968491333672,9.647550637974412,34.337086923754555,57.30958868870705,83.60143117580078,-2.648236338853182,21.936250898688765,15.829427169983234,10.731980976244937,36.366277110166955,57.876305207472655,92.30570857539524,-2.732859094847453,22.997522717020814,16.303728514661607,10.357045513008494,46.0151464507592,61.141192312548206,97.87960362874742,-3.7953337539023586,24.260487121378237,16.06657784232242,95.09265610207133,15.829427169983234,16.303728514661607,True,6
v8_screen_bank,1;min_L_32;max_L_minus_32;dupL_minL_128;cross_minL_32;lowW_4_L;bank_pairs_g2048_b8;bank_worst_g2048_b8,8,2.0,14.44073377464218,9.503195562030488,35.850709910851656,56.12781087590232,83.79157188526332,-4.71738838555824,21.71954968584454,15.28591892285009,10.15380613701351,37.62848525016373,57.3197146150149,84.01992616511038,-4.65140501305889,22.45227842069983,15.640061589310445,10.454947872439053,44.53532804309668,59.4546222813739,83.75849397594386,-5.404332387597948,23.41708013423426,15.462990256080268,83.88921007052713,15.28591892285009,15.640061589310445,True,6
v8_screen_K,1;K;min_L_32;max_L_minus_32;dup;dupL_minL_128;cross_minL_32;lowW_4_L,8,1.0,15.518114132213505,10.500246664486069,34.99955978482728,57.634507533528826,102.56022438328762,4.4050339635437885e-13,22.811034879118804,16.894644658240676,11.830731166909947,38.47730741153599,58.74710401882067,113.90035394295074,-0.015356598815230781,24.234998054819865,17.22671495121316,10.88930136828209,48.61200197055342,62.03695576327703,114.88580373314075,-1.8596578057686628,25.465110145516682,17.060679804726917,114.39307883804574,16.894644658240672,17.226714951213157,True,6
v8_screen_K,1;K;min_L_32;max_L_minus_32;dup;dupL_minL_128;cross_minL_32;lowW_4_L,8,1.5,14.75968491333672,9.647550637974412,34.337086923754555,57.30958868870705,83.60143117580078,-2.6482363388531813,21.936250898688765,15.829427169984127,10.731980976244499,36.366277110166955,57.876305207472655,92.30570857546681,-2.7328590948456135,22.99752271702259,16.303728514661607,10.357045513008494,46.0151464507592,61.141192312548206,97.87960362874742,-3.7953337539023586,24.260487121378237,16.066577842322868,95.09265610210711,15.829427169984129,16.303728514661607,True,6
v8_screen_K,1;K;min_L_32;max_L_minus_32;dup;dupL_minL_128;cross_minL_32;lowW_4_L,8,2.0,14.44073377464218,9.503195562030488,35.850709910851656,56.12781087590232,83.79157188526332,-4.717388385558242,21.71954968584454,15.285918922850929,10.15380613701372,37.62848525016377,57.31971461501492,84.01992616511038,-4.651405013056814,22.452278420701127,15.640061589310392,10.454947872439053,44.53532804309668,59.4546222813739,83.75849397594386,-5.404332387597869,23.41708013423423,15.46299025608066,83.88921007052713,15.285918922850929,15.64006158931039,True,6
