mode,num_warps,block,stride,target_col,target_ns,pred_ns,relative_error,abs_pct_error,target_spread,n_samples,n_dropped,flagged_discordant
simt,1,4,1,target_p25_ns,132.64801104863486,149.5390428941554,0.12733724171203376,12.733724171203376,1.0133944741088623,5,0,0
simt,1,4,2,target_p25_ns,132.2815070549647,149.5390428941554,0.1304606836087827,13.046068360878271,1.0048916466898117,5,0,0
simt,1,4,3,target_p25_ns,131.78565601507822,149.5390428941554,0.1347141063443651,13.47141063443651,1.0138520986073805,5,0,0
simt,1,4,4,target_p25_ns,132.2849988937378,149.5390428941554,0.13043084359306278,13.043084359306278,1.0105553151217488,5,0,0
simt,1,4,5,target_p25_ns,132.06882774829865,149.5390428941554,0.13228114040015626,13.228114040015626,1.010529917684063,5,0,0
simt,1,4,6,target_p25_ns,132.0176621278127,149.5390428941554,0.13271997461505847,13.271997461505848,1.0137543301725016,5,0,0
simt,1,4,7,target_p25_ns,131.72049323717752,149.5390428941554,0.1352754550113442,13.52754550113442,1.0130685014791794,5,0,0
simt,1,4,8,target_p25_ns,132.36749172210693,149.5390428941554,0.12972634707091446,12.972634707091446,1.0067819146339798,5,0,0
simt,1,4,9,target_p25_ns,132.82149533430734,149.5390428941554,0.12586477450634415,12.586477450634415,1.002942121775135,5,0,0
simt,1,4,10,target_p25_ns,132.68432517846426,149.5390428941554,0.12702870284806478,12.702870284806478,1.007689898955437,5,0,0
simt,1,4,11,target_p25_ns,147.4890112876892,153.20179758814925,0.0387336402256897,3.8733640225689703,1.010960538791816,5,0,0
simt,1,4,12,target_p25_ns,147.65050013860068,153.20179758814925,0.0375975526282506,3.7597552628250597,1.0110775537777268,5,0,0
simt,1,4,16,target_p25_ns,147.33033378918967,153.20179758814925,0.039852375596738154,3.9852375596738154,1.009015334950819,5,0,0
simt,1,4,20,target_p25_ns,147.5803256034851,153.20179758814925,0.038090930899338016,3.8090930899338016,1.0054803584654646,5,0,0
simt,1,4,24,target_p25_ns,164.01649018128714,156.95055192795337,-0.043080657594390614,4.308065759439062,1.008063664132378,5,0,0
simt,1,4,32,target_p25_ns,179.30717269579569,160.78530591356775,-0.10329685368276531,10.32968536827653,1.007015566608809,5,0,0
simt,1,4,40,target_p25_ns,179.0008395910263,160.78530591356775,-0.10176228066346871,10.176228066346871,1.0139840422714683,5,0,0
simt,1,4,48,target_p25_ns,178.45216393470764,160.78530591356775,-0.09900052558400951,9.90005255840095,1.0092045761743518,5,0,0
simt,1,4,64,target_p25_ns,179.10433312257132,160.78530591356775,-0.10228131776391369,10.228131776391368,1.0122001535819716,5,0,0
simt,1,4,96,target_p25_ns,163.75582913557687,160.78530591356775,-0.018139954087068033,1.8139954087068033,1.0137649259281336,5,0,0
simt,1,4,128,target_p25_ns,154.2584995428721,160.78530591356775,0.04231083791192791,4.231083791192791,1.0137443035550304,5,0,0
simt,1,4,192,target_p25_ns,150.51432947317758,160.78530591356775,0.06823919341327911,6.823919341327911,1.0103967530127838,5,0,0
simt,1,4,256,target_p25_ns,144.05216773351034,160.78530591356775,0.11616026640441057,11.616026640441056,1.0020776144604506,5,0,0
simt,1,8,1,target_p25_ns,132.67867267131805,149.51447156678103,0.1268915233812289,12.689152338122888,1.0077174662871444,5,0,0
simt,1,8,2,target_p25_ns,132.57716596126556,149.51447156678103,0.127754319401155,12.7754319401155,1.0168451797772655,5,0,0
simt,1,8,3,target_p25_ns,132.90432592233023,149.51447156678103,0.12497821669219267,12.497821669219267,1.0048042219133038,5,0,0
simt,1,8,4,target_p25_ns,132.82000521818796,149.51447156678103,0.12569240846789986,12.569240846789986,1.0076008111761785,5,0,0
simt,1,8,5,target_p25_ns,146.59800132115683,153.1035122786518,0.04437653241426642,4.437653241426642,1.0076296476298292,4,1,1
simt,1,8,6,target_p25_ns,147.4075069030126,153.1035122786518,0.03864121641638585,3.864121641638585,1.0039928248988466,5,0,0
simt,1,8,7,target_p25_ns,147.79299000898996,153.1035122786518,0.0359321661287102,3.5932166128710197,1.006883537597667,5,0,0
simt,1,8,8,target_p25_ns,147.56683011849722,153.1035122786518,0.03751982851233304,3.751982851233304,1.0131568061900915,5,0,0
simt,1,8,9,target_p25_ns,147.17048903306326,153.1035122786518,0.04031394666532395,4.031394666532395,1.0124368307582219,4,1,1
simt,1,8,10,target_p25_ns,163.43766450881958,156.7294099815841,-0.04104472826013417,4.104472826013417,1.0052859597916575,5,0,0
simt,1,8,11,target_p25_ns,163.91517718633017,156.7294099815841,-0.043838327408679656,4.383832740867966,1.0081458721346483,5,0,0
simt,1,8,12,target_p25_ns,164.12784159183502,156.7294099815841,-0.0450772491644037,4.50772491644037,1.0071904533556355,5,0,0
simt,1,8,16,target_p25_ns,179.04767394065857,160.39216467557796,-0.10419297193027799,10.419297193027798,1.0075012592131807,5,0,0
simt,1,8,20,target_p25_ns,192.42200255393982,164.09177636063336,-0.14722966093944956,14.722966093944956,1.009046778235879,5,0,0
simt,1,8,24,target_p25_ns,195.6745038429896,167.8282450367503,-0.14230908094487005,14.230908094487004,1.0116332256506493,5,0,0
simt,1,8,32,target_p25_ns,199.37200347582498,175.4117533621688,-0.12017860931292434,12.017860931292434,1.0061266787328373,5,0,0
simt,1,8,40,target_p25_ns,196.47083679835,175.4117533621688,-0.1071868160148135,10.71868160148135,1.0058964227796803,5,0,0
simt,1,8,48,target_p25_ns,194.43716605504355,175.4117533621688,-0.09784864220603173,9.784864220603174,1.014956593647275,5,0,0
simt,1,8,64,target_p25_ns,186.37016912301382,175.4117533621688,-0.058799194165091384,5.879919416509138,1.004157953342205,5,0,0
simt,1,8,96,target_p25_ns,169.45150991280875,175.4117533621688,0.035173740572904455,3.5173740572904455,2.032682319865793,5,0,1
simt,1,8,128,target_p25_ns,163.7696623802185,175.4117533621688,0.07108820286214712,7.108820286214712,1.0071977444755351,5,0,0
simt,1,8,192,target_p25_ns,215.3615007797877,244.9523603520711,0.13740087928965905,13.740087928965906,2.078643974184032,5,0,1
simt,1,8,256,target_p25_ns,151.5888273715973,244.9523603520711,0.6158998298179794,61.589982981797945,1.00949514044539,5,0,0
simt,1,16,1,target_p25_ns,132.46467212835947,149.50218590309385,0.12861930279965428,12.861930279965428,1.023297686942137,5,0,0
simt,1,16,2,target_p25_ns,133.44317177931467,149.50218590309385,0.12034346838171106,12.034346838171107,1.0118300622785528,5,0,0
simt,1,16,3,target_p25_ns,147.7796584367752,153.05436962390306,0.03569308010942884,3.5693080109428843,1.0036180607380156,5,0,0
simt,1,16,4,target_p25_ns,147.48715857664743,153.05436962390306,0.03774708999063403,3.774708999063403,1.0095858635191393,5,0,0
simt,1,16,5,target_p25_ns,164.11098837852478,156.61883900839948,-0.045652941610738074,4.565294161073807,2.2309159160720036,5,0,1
simt,1,16,6,target_p25_ns,163.85615865389505,156.61883900839948,-0.044168737415494985,4.416873741549498,3.781278647905385,5,0,1
simt,1,16,7,target_p25_ns,179.1154940923055,160.19559405658308,-0.10562961139460236,10.562961139460237,3.7136933957377214,4,1,1
simt,1,16,8,target_p25_ns,179.14383113384247,160.19559405658308,-0.1057710832537836,10.57710832537836,1.0038176395857918,5,0,0
simt,1,16,9,target_p25_ns,193.58917574087778,163.78463476845386,-0.15395768311094926,15.395768311094926,1.0048570165848953,5,0,0
simt,1,16,10,target_p25_ns,193.45366458098093,163.78463476845386,-0.15336504416595031,15.336504416595032,2.763475798151691,5,0,1
simt,1,16,11,target_p25_ns,195.15632589658102,167.38596114401182,-0.1422980506780268,14.229805067802682,1.00614055365202,5,0,0
simt,1,16,12,target_p25_ns,195.54516673088074,167.38596114401182,-0.14400358780344114,14.400358780344114,1.0230017813589676,5,0,0
simt,1,16,16,target_p25_ns,199.66416557629904,174.62547088618925,-0.12540404843222397,12.540404843222397,1.010294321240956,5,0,0
simt,1,16,20,target_p25_ns,200.51899552345276,181.91412328311543,-0.09278358986274349,9.278358986274348,1.0156487054982897,5,0,0
simt,1,16,24,target_p25_ns,203.43332986036935,189.25191833479033,-0.06971036425207577,6.971036425207577,1.0064233233772235,5,0,0
simt,1,16,32,target_p25_ns,210.48416197299957,204.07493640238627,-0.030449918466717962,3.0449918466717962,1.0081436840581346,5,0,0
simt,1,16,40,target_p25_ns,205.69499333699545,204.07493640238627,-0.007876015397005776,0.7876015397005776,1.831721206195556,5,0,1
simt,1,16,48,target_p25_ns,204.7076572974523,204.07493640238627,-0.003090851135806094,0.3090851135806094,1.868669238470602,5,0,1
simt,1,16,64,target_p25_ns,198.03750018278757,204.07493640238627,0.03048632816525254,3.048632816525254,1.0309857981779385,5,0,0
simt,1,16,96,target_p25_ns,508.7161560853323,343.1561503821909,-0.32544672254397644,32.544672254397646,1.2112213841584414,5,0,0
simt,1,16,128,target_p25_ns,493.24500064055127,343.1561503821909,-0.3042886396485477,30.42886396485477,1.1793090418357395,5,0,0
simt,1,16,192,target_p25_ns,456.3646713892619,343.1561503821909,-0.24806591768473762,24.806591768473762,1.0271482549550093,5,0,0
simt,1,16,256,target_p25_ns,408.75684718290967,343.1561503821909,-0.16048831292449006,16.048831292449005,1.3200971848399956,5,0,0
simt,1,32,1,target_p25_ns,131.74999753634134,149.49604307125026,0.1346948452884329,13.469484528843289,1.0076419759555577,5,0,0
simt,1,32,2,target_p25_ns,147.8536625703176,153.0297982965287,0.03500850527628541,3.5008505276285407,1.0052884786126837,5,0,0
simt,1,32,3,target_p25_ns,164.0005111694336,156.56355352180717,-0.04534716138746109,4.534716138746109,1.0082143789675635,5,0,0
simt,1,32,4,target_p25_ns,178.61583828926086,160.09730874708563,-0.10367798130076933,10.367798130076933,1.0095937689156531,5,0,0
simt,1,32,5,target_p25_ns,192.65083471934,163.63106397236407,-0.1506340254858115,15.06340254858115,1.0104065577097725,4,1,1
simt,1,32,6,target_p25_ns,197.24800686041513,167.16481919764254,-0.15251453305716445,15.251453305716446,4.039312786720746,5,0,1
simt,1,32,7,target_p25_ns,196.0611641407013,170.698574422921,-0.1293605994279371,12.93605994279371,3.746203352698293,4,1,1
simt,1,32,8,target_p25_ns,199.33600227038065,174.23232964819948,-0.12593647076422443,12.593647076422442,3.817488383836174,5,0,1
simt,1,32,9,target_p25_ns,200.008491675059,177.76608487347795,-0.11120731232610293,11.120731232610293,1.002994379905803,5,0,0
simt,1,32,10,target_p25_ns,200.8645087480545,181.2998400987564,-0.09740231746882766,9.740231746882767,1.3290273429106625,5,0,0
simt,1,32,11,target_p25_ns,201.50616268316904,184.83359532403486,-0.08273973925724887,8.273973925724887,1.0178167153698223,5,0,0
simt,1,32,12,target_p25_ns,203.4638375043869,188.36735054931333,-0.07419739615767384,7.4197396157673845,1.0078737916100988,5,0,0
simt,1,32,16,target_p25_ns,210.81716815630594,202.50237145042718,-0.039440794972228854,3.9440794972228854,1.0043205300610034,5,0,0
simt,1,32,20,target_p25_ns,215.50282835960388,216.637392351541,0.005264729008771507,0.5264729008771507,1.805400538070393,5,0,1
simt,1,32,24,target_p25_ns,220.41650613149008,230.77241325265487,0.0469833557518915,4.69833557518915,1.8494445903014176,5,0,1
simt,1,32,32,target_p25_ns,232.6310078303019,259.04245505488257,0.11353364915070618,11.353364915070618,1.0078973120529242,5,0,0
simt,1,32,40,target_p25_ns,537.1008416016897,537.2048830144917,0.00019370927159911844,0.019370927159911844,1.1668643888736707,5,0,0
simt,1,32,48,target_p25_ns,559.5461328824362,537.2048830144917,-0.0399274493290771,3.9927449329077103,1.1905835301736012,5,0,0
simt,1,32,64,target_p25_ns,561.6226842006048,537.2048830144917,-0.04347723457941988,4.347723457941988,1.170400381108568,5,0,0
simt,1,32,96,target_p25_ns,494.15334562460583,537.2048830144917,0.08712181708588673,8.712181708588673,1.0410434792803682,5,0,0
simt,1,32,128,target_p25_ns,514.6351555983225,537.2048830144917,0.043855782432759005,4.3855782432759005,1.118434676729144,5,0,0
simt,1,32,192,target_p25_ns,573.8678276538849,537.2048830144917,-0.0638874369195438,6.38874369195438,1.0057554476197823,5,0,0
simt,1,32,256,target_p25_ns,484.3515108029048,537.2048830144917,0.10912193114453661,10.912193114453661,1.0037062360538032,5,0,0
simt,1,64,1,target_p25_ns,150.34849445025125,153.0297982965287,0.017833925481473,1.7833925481473,1.006644623364523,5,0,0
simt,1,64,2,target_p25_ns,176.3666719198227,160.09730874708563,-0.09224737868917321,9.224737868917321,1.0098792234806213,5,0,0
simt,1,64,3,target_p25_ns,202.37183570861816,167.16481919764254,-0.17397191851176308,17.39719185117631,1.0159040940041164,5,0,0
simt,1,64,4,target_p25_ns,197.4058300256729,174.23232964819948,-0.11739015192438684,11.739015192438684,1.0066843819159685,5,0,0
simt,1,64,5,target_p25_ns,207.7676554520925,181.2998400987564,-0.12739141372002016,12.739141372002017,1.0038253031464337,5,0,0
simt,1,64,6,target_p25_ns,209.375669558843,188.36735054931333,-0.10033791917558732,10.033791917558732,1.0094162170141605,5,0,0
simt,1,64,7,target_p25_ns,215.67249298095703,195.43486099987024,-0.09383501670226291,9.383501670226291,1.0083827294939025,5,0,0
simt,1,64,8,target_p25_ns,209.79816714922586,202.50237145042718,-0.034775307134162436,3.4775307134162436,1.0154054389981317,5,0,0
simt,1,64,9,target_p25_ns,219.87899641195932,209.5698819009841,-0.04688539914772194,4.6885399147721945,1.0080849133673997,5,0,0
simt,1,64,10,target_p25_ns,222.07748889923096,216.637392351541,-0.02449638896159545,2.449638896159545,1.008977684184745,5,0,0
simt,1,64,11,target_p25_ns,225.2060075600942,223.70490280209793,-0.00666547386661398,0.666547386661398,1.0036931357317904,5,0,0
simt,1,64,12,target_p25_ns,235.28283834457397,230.77241325265487,-0.019170225604442703,1.9170225604442703,1.0033054553176293,5,0,0
simt,1,64,16,target_p25_ns,232.46999581654867,259.04245505488257,0.11430489833751833,11.430489833751833,1.0029568930819648,5,0,0
simt,1,64,20,target_p25_ns,556.1678608258566,550.592656506408,-0.010024319476443444,1.0024319476443444,1.1621459196944592,5,0,0
simt,1,64,24,target_p25_ns,600.5670130252838,563.9804299983246,-0.06092006759188917,6.0920067591889175,1.1819044993189833,5,0,0
simt,1,64,32,target_p25_ns,611.7893358071645,590.7559769821576,-0.03438006776835467,3.438006776835467,1.1502269163265517,5,0,0
simt,1,64,40,target_p25_ns,617.2921558221182,590.7559769821576,-0.0429880383051674,4.298803830516739,1.080393800704391,5,0,0
simt,1,64,48,target_p25_ns,566.0133262475332,590.7559769821576,0.043713901399918154,4.371390139991815,1.0263759013454625,5,0,0
simt,1,64,64,target_p25_ns,595.7883596420288,590.7559769821576,-0.008446594463334067,0.8446594463334067,1.113273730921232,5,0,0
simt,1,64,96,target_p25_ns,642.0048177242279,590.7559769821576,-0.07982625570277913,7.9826255702779125,1.00272947711246,5,0,0
simt,1,64,128,target_p25_ns,617.1354750792185,590.7559769821576,-0.04274506840442893,4.274506840442893,1.010438225133118,5,0,0
simt,1,64,192,target_p25_ns,633.1592996915182,590.7559769821576,-0.06697101776759806,6.697101776759807,1.004303233089857,5,0,0
simt,1,64,256,target_p25_ns,487.56932218869525,590.7559769821576,0.21163483857076604,21.163483857076603,1.006077857347003,5,0,0
simt,1,128,1,target_p25_ns,184.46049094200134,160.09730874708563,-0.13207805135125683,13.207805135125684,1.0070458417421895,5,0,0
simt,1,128,2,target_p25_ns,193.396990497907,174.23232964819948,-0.09909492800465758,9.909492800465758,1.0102328275347379,5,0,0
simt,1,128,3,target_p25_ns,207.22433427969614,188.36735054931333,-0.09099792162889053,9.099792162889052,1.0057250492161984,5,0,0
simt,1,128,4,target_p25_ns,207.41933087507883,202.50237145042718,-0.02370540587469616,2.370540587469616,1.0111137086523514,5,0,0
simt,1,128,5,target_p25_ns,220.85200746854147,216.637392351541,-0.019083435850592467,1.9083435850592467,1.0068157845169643,5,0,0
simt,1,128,6,target_p25_ns,230.07899522781372,230.77241325265487,0.0030138258564391673,0.30138258564391673,1.015067736509972,5,0,0
simt,1,128,7,target_p25_ns,238.17251125971475,244.9074341537687,0.028277498769410325,2.8277498769410325,1.0073563635818195,5,0,0
simt,1,128,8,target_p25_ns,230.80799480279288,259.04245505488257,0.12232877927913122,12.232877927913123,1.0792516090865827,5,0,0
simt,1,128,9,target_p25_ns,598.0218450228373,543.8987697604499,-0.09050350871433555,9.050350871433555,1.1393757458033738,5,0,0
simt,1,128,10,target_p25_ns,571.3805059591929,550.592656506408,-0.036381796781616904,3.6381796781616904,1.1545743516254483,5,0,0
simt,1,128,11,target_p25_ns,582.3452969392141,557.2865432523663,-0.0430307479403641,4.3030747940364105,1.1414969510028914,5,0,0
simt,1,128,12,target_p25_ns,579.3563624223074,563.9804299983246,-0.026539679929802662,2.653967992980266,1.1378281987149086,5,0,0
simt,1,128,16,target_p25_ns,612.4471525351206,590.7559769821576,-0.035417220021639606,3.5417220021639606,1.1530379395960226,5,0,0
simt,1,128,20,target_p25_ns,641.8466369311014,617.5315239659903,-0.03788305736300246,3.788305736300246,1.0732623645925994,5,0,0
simt,1,128,24,target_p25_ns,613.2668058077494,644.3070709498234,0.05061461805549716,5.061461805549716,1.0322318043981662,5,0,0
simt,1,128,32,target_p25_ns,693.7503317991892,697.858164917489,0.005921198059317012,0.5921198059317012,1.0900851646865464,5,0,0
simt,1,128,40,target_p25_ns,747.7628489335378,697.858164917489,-0.06673865128124923,6.673865128124923,1.0047512619150367,5,0,0
simt,1,128,48,target_p25_ns,746.5275426705679,697.858164917489,-0.065194349801178,6.5194349801178,1.0034145225686257,5,0,0
simt,1,128,64,target_p25_ns,743.8781758149465,697.858164917489,-0.06186498326428358,6.186498326428358,1.006698971121923,5,0,0
simt,1,128,96,target_p25_ns,739.4484877586365,697.858164917489,-0.056245057674285115,5.624505767428511,1.0052882302302684,5,0,0
simt,1,128,128,target_p25_ns,645.5223659674326,697.858164917489,0.08107511328692962,8.107511328692961,1.0080329857847914,5,0,0
simt,1,128,192,target_p25_ns,726.656973361969,697.858164917489,-0.03963191643402075,3.9631916434020753,1.004838246171676,5,0,0
simt,1,128,256,target_p25_ns,525.6685068209966,697.858164917489,0.32756319973935066,32.756319973935064,1.0024969287148193,5,0,0
simt,1,256,1,target_p25_ns,204.69783743222555,174.23232964819948,-0.14883160548343877,14.883160548343877,1.0026611819848152,5,0,0
simt,1,256,2,target_p25_ns,281.6460132598877,202.50237145042718,-0.2810039485147303,28.10039485147303,1.0117249537732036,5,0,0
simt,1,256,3,target_p25_ns,531.1486522356669,230.77241325265487,-0.5655219828172269,56.55219828172269,1.002420749279539,5,0,0
simt,1,256,4,target_p25_ns,343.61615777015686,259.04245505488257,-0.24612842208615004,24.612842208615003,1.0087131215881813,5,0,0
simt,1,256,5,target_p25_ns,1281.9328705469768,550.592656506408,-0.5704980587076447,57.04980587076447,1.0921947766298408,5,0,0
simt,1,256,6,target_p25_ns,1320.775071779887,563.9804299983246,-0.5729928266754005,57.299282667540055,1.1004910283588587,5,0,0
simt,1,256,7,target_p25_ns,1512.8589868545532,577.3682034902411,-0.6183595374670902,61.835953746709016,1.205202062340683,5,0,0
simt,1,256,8,target_p25_ns,1061.2343152364094,590.7559769821576,-0.443331252579638,44.3331252579638,1.1677321987540563,5,0,0
simt,1,256,9,target_p25_ns,1463.906983534495,604.1437504740738,-0.5873072829973025,58.73072829973025,1.092240804011076,5,0,0
simt,1,256,10,target_p25_ns,1351.1880437533061,617.5315239659903,-0.5429714414504274,54.29714414504274,1.1256309056689995,5,0,0
simt,1,256,11,target_p25_ns,1576.271116733551,630.9192974579069,-0.5997393527292831,59.973935272928315,1.023612453630956,5,0,0
simt,1,256,12,target_p25_ns,1582.6751391092937,644.3070709498234,-0.5928999862142083,59.28999862142083,1.085861170759559,5,0,0
simt,1,256,16,target_p25_ns,1126.882682243983,697.858164917489,-0.38071799672364226,38.07179967236423,1.1097126032036095,5,0,0
simt,1,256,20,target_p25_ns,1835.2651596069336,751.4092588851548,-0.5905718282985946,59.05718282985946,1.0066633117175798,5,0,0
simt,1,256,24,target_p25_ns,1890.0983929634094,804.9603528528207,-0.5741172227596281,57.41172227596281,1.0080711932146909,5,0,0
simt,1,256,32,target_p25_ns,1363.446036974589,912.0625407881523,-0.331060770977069,33.1060770977069,1.0055474216605333,5,0,0
simt,1,256,40,target_p25_ns,1854.9771110216777,912.0625407881523,-0.5083160135136062,50.831601351360625,1.0035690002261166,5,0,0
simt,1,256,48,target_p25_ns,1895.0680494308472,912.0625407881523,-0.5187177890197265,51.871778901972654,1.0046409469883302,5,0,0
simt,1,256,64,target_p25_ns,822.1792976061503,912.0625407881523,0.10932316520703611,10.932316520703612,1.0013357296154728,5,0,0
simt,1,256,96,target_p25_ns,1914.9136145909627,912.0625407881523,-0.5237056471693766,52.370564716937665,1.005158169774263,5,0,0
simt,1,256,128,target_p25_ns,735.9940012296041,912.0625407881523,0.23922550899109973,23.92255089910997,1.0044901566827413,5,0,0
simt,1,256,192,target_p25_ns,1343.0500626564026,912.0625407881523,-0.32090205261284543,32.090205261284545,1.0024202096090746,5,0,0
simt,1,256,256,target_p25_ns,617.8314884503683,912.0625407881523,0.47623188173164843,47.62318817316484,1.0020801397799357,5,0,0
simt,1,512,1,target_p25_ns,241.0136709610621,202.50237145042718,-0.15978885910109542,15.978885910109542,1.0047971056410527,5,0,0
simt,1,512,2,target_p25_ns,347.1348285675049,259.04245505488257,-0.2537699080099409,25.376990800994093,1.0048928089344442,5,0,0
simt,1,512,3,target_p25_ns,2093.3177868525186,563.9804299983246,-0.7305805962474923,73.05805962474923,1.063516666575733,5,0,0
simt,1,512,4,target_p25_ns,1837.6023372014363,590.7559769821576,-0.6785180531050884,67.85180531050884,1.1689974108650085,5,0,0
simt,1,512,5,target_p25_ns,2395.3057527542114,617.5315239659903,-0.7421909402355296,74.21909402355296,1.0729948382156238,5,0,0
simt,1,512,6,target_p25_ns,2586.6461992263794,644.3070709498234,-0.7509102438738919,75.0910243873892,1.087776023103347,5,0,0
simt,1,512,7,target_p25_ns,2692.034363746643,671.0826179336561,-0.7507154340334363,75.07154340334364,1.079385191522909,5,0,0
simt,1,512,8,target_p25_ns,2034.9616010983787,697.858164917489,-0.6570656839220861,65.70656839220861,1.1111577289927945,5,0,0
simt,1,512,9,target_p25_ns,2850.381016731262,724.6337119013219,-0.7457765443820168,74.57765443820168,1.0605645925210785,5,0,0
simt,1,512,10,target_p25_ns,2816.3533210754395,751.4092588851548,-0.7331978011202709,73.31978011202709,1.1630936416659126,5,0,0
simt,1,512,11,target_p25_ns,3041.740655899048,778.1848058689878,-0.7441646432414273,74.41646432414272,1.01302611904093,5,0,0
simt,1,512,12,target_p25_ns,3082.882603009542,804.9603528528207,-0.7388936081876715,73.88936081876714,1.0005939169940308,5,0,0
simt,1,512,16,target_p25_ns,2371.753931045532,912.0625407881523,-0.6154480745875307,61.54480745875307,1.0211965256667976,5,0,0
simt,1,512,20,target_p25_ns,2190.148671468099,1019.1647287234839,-0.5346595680920976,53.46595680920976,1.0014169924885625,5,0,0
simt,1,512,24,target_p25_ns,2164.992849032084,1126.2669166588157,-0.4797826158352706,47.97826158352706,1.0028031581799635,5,0,0
simt,1,512,32,target_p25_ns,1535.8513394991558,1340.471292529479,-0.12721286360526973,12.721286360526973,1.0041376852054409,5,0,0
simt,1,512,40,target_p25_ns,2127.8928915659585,1340.471292529479,-0.3700475724870722,37.00475724870722,1.001088929043356,5,0,0
simt,1,512,48,target_p25_ns,2126.3660192489624,1340.471292529479,-0.3695952247191494,36.95952247191494,1.0639291122687466,5,0,0
simt,1,512,64,target_p25_ns,1011.9126637776692,1340.471292529479,0.3246906976390982,32.46906976390982,1.0038734626999959,5,0,0
simt,1,512,96,target_p25_ns,2121.5041875839233,1340.471292529479,-0.368150531884608,36.8150531884608,1.00211617453768,5,0,0
simt,1,512,128,target_p25_ns,924.7755209604899,1340.471292529479,0.4495099212155176,44.95099212155176,1.0044742295808777,5,0,0
simt,1,512,192,target_p25_ns,1725.2954641977947,1340.471292529479,-0.22304827182006548,22.304827182006548,1.0097230601914071,5,0,0
simt,1,512,256,target_p25_ns,802.1093010902405,1340.471292529479,0.671182830952699,67.1182830952699,1.0012808177893275,5,0,0
simt,2,4,1,target_p25_ns,132.6923370361328,149.13076967373505,0.12388381277153915,12.388381277153915,1.012359597938494,5,0,0
simt,2,4,2,target_p25_ns,132.69933561484018,149.13076967373505,0.12382453900588541,12.38245390058854,1.0079565645034207,5,0,0
simt,2,4,3,target_p25_ns,132.97582666079202,149.13076967373505,0.12148781788852991,12.148781788852991,1.0171906684654108,5,0,0
simt,2,4,4,target_p25_ns,132.817342877388,149.13076967373505,0.1228260289125569,12.282602891255689,1.0118765290907004,5,0,0
simt,2,4,5,target_p25_ns,133.28716655572256,149.13076967373505,0.11886818159187773,11.886818159187772,1.015871080772745,5,0,0
simt,2,4,6,target_p25_ns,132.74616996447244,149.13076967373505,0.12342804100222016,12.342804100222015,1.0415935561523189,5,0,0
simt,2,4,7,target_p25_ns,131.55917823314667,149.13076967373505,0.13356416235322133,13.356416235322133,1.0349463220909554,5,0,0
simt,2,4,8,target_p25_ns,132.20283885796866,149.13076967373505,0.1280451385310477,12.80451385310477,1.016678186813867,5,0,0
simt,2,4,9,target_p25_ns,132.49333202838898,149.13076967373505,0.12557188645373651,12.557188645373651,1.0182893750037987,5,0,0
simt,2,4,10,target_p25_ns,133.22717448075613,149.13076967373505,0.11937200691196903,11.937200691196903,1.0049325043020236,5,0,0
simt,2,4,11,target_p25_ns,147.88100123405457,152.48353645680598,0.031123235468678567,3.1123235468678567,1.0049856126635492,5,0,0
simt,2,4,12,target_p25_ns,147.7518379688263,152.48353645680598,0.03202463369002562,3.2024633690025617,1.0033831534209245,5,0,0
simt,2,4,16,target_p25_ns,148.01583687464395,152.48353645680598,0.030183929480098515,3.0183929480098515,1.0096524064503118,5,0,0
simt,2,4,20,target_p25_ns,147.6973295211792,152.48353645680598,0.032405507608994855,3.2405507608994855,1.0058580167187041,5,0,0
simt,2,4,24,target_p25_ns,164.00350630283356,156.02058819518464,-0.048675289252099296,4.86752892520993,1.0086492883126328,5,0,0
simt,2,4,32,target_p25_ns,178.53066821893057,159.741924888871,-0.10524098474229138,10.524098474229138,1.0054400825229084,5,0,0
simt,2,4,40,target_p25_ns,179.05249694983164,159.741924888871,-0.10784866109055835,10.784866109055836,1.0073964826337813,5,0,0
simt,2,4,48,target_p25_ns,179.22883232434592,159.741924888871,-0.1087264096002698,10.872640960026981,1.0134155806054554,5,0,0
simt,2,4,64,target_p25_ns,179.00650203227997,159.741924888871,-0.10761942680682635,10.761942680682635,1.0143150000442978,5,0,0
simt,2,4,96,target_p25_ns,164.2183264096578,159.741924888871,-0.02725884265572165,2.725884265572165,1.012072175661325,5,0,0
simt,2,4,128,target_p25_ns,154.98966972033182,159.741924888871,0.0306617542776515,3.06617542776515,1.0053113596119485,5,0,0
simt,2,4,192,target_p25_ns,151.17450058460236,159.741924888871,0.05667241678416546,5.667241678416546,1.0080437582658546,5,0,0
simt,2,4,256,target_p25_ns,144.0516710281372,159.741924888871,0.10892101250022335,10.892101250022336,1.0049491896848997,5,0,0
simt,2,8,1,target_p25_ns,132.8848252693812,149.0816270189863,0.12188601457518788,12.18860145751879,6.182284618316347,5,0,1
simt,2,8,2,target_p25_ns,155.53349256515503,149.0816270189863,-0.04148216207172206,4.148216207172206,6.7642564637211295,5,0,1
simt,2,8,3,target_p25_ns,756.6531548897425,149.0816270189863,-0.8029723050045168,80.29723050045168,3.3865483249723387,5,0,1
simt,2,8,4,target_p25_ns,502.9381513595581,149.0816270189863,-0.7035786077950457,70.35786077950456,1.6209120071158287,3,2,1
simt,2,8,5,target_p25_ns,397.9341884454091,152.2869658378111,-0.6173061519726579,61.73061519726579,2.0800086537020093,5,0,1
simt,2,8,6,target_p25_ns,382.54431386788684,152.2869658378111,-0.6019102615902324,60.191026159023245,3.1380849294605087,5,0,1
simt,2,8,7,target_p25_ns,154.7646721204122,152.2869658378111,-0.01600950816910829,1.6009508169108289,6.002965688552413,5,0,1
simt,2,8,8,target_p25_ns,147.88048962752023,152.2869658378111,0.02979754950358804,2.979754950358804,5.975236020993088,5,0,1
simt,2,8,9,target_p25_ns,148.02982409795126,152.2869658378111,0.028758675934404065,2.8758675934404065,13.450360343219657,5,0,1
simt,2,8,10,target_p25_ns,164.09383714199066,155.57830430244616,-0.05189428797484941,5.189428797484941,11.896110591483886,5,0,1
simt,2,8,11,target_p25_ns,164.15132582187653,155.57830430244616,-0.052226331261759684,5.222633126175968,13.409533254138202,5,0,1
simt,2,8,12,target_p25_ns,644.7808742523193,155.57830430244616,-0.7587113537093466,75.87113537093467,13.539567214962183,5,0,1
simt,2,8,16,target_p25_ns,178.97566656271616,158.95564241289145,-0.11185891654611801,11.185891654611801,14.112315479507767,5,0,1
simt,2,8,20,target_p25_ns,193.89349222183228,162.41898016914703,-0.1623288728879846,16.23288728879846,1.017815838307454,5,0,0
simt,2,8,24,target_p25_ns,195.5340007940928,165.96831757121288,-0.15120481912511008,15.120481912511007,1.0081349170076706,5,0,0
simt,2,8,32,target_p25_ns,579.9077947934469,173.32499131277535,-0.7011162931953506,70.11162931953507,12.523929669524874,5,0,1
simt,2,8,40,target_p25_ns,197.70333667596182,173.32499131277535,-0.12330770827172677,12.330770827172676,1.0032477485279272,5,0,0
simt,2,8,48,target_p25_ns,195.0705051422119,173.32499131277535,-0.11147515004169117,11.147515004169117,1.010413535679727,5,0,0
simt,2,8,64,target_p25_ns,186.3801678021749,173.32499131277535,-0.07004595308260686,7.004595308260686,16.51952232269428,5,0,1
simt,2,8,96,target_p25_ns,169.72650587558746,173.32499131277535,0.021201670408661055,2.1201670408661055,2.0273256046753323,5,0,1
simt,2,8,128,target_p25_ns,163.3851726849874,173.32499131277535,0.06083672382531491,6.083672382531491,19.192710199645173,5,0,1
simt,2,8,192,target_p25_ns,214.78132406870523,242.86559830267765,0.13075752445305122,13.075752445305122,2.0586519176037124,5,0,1
simt,2,8,256,target_p25_ns,151.636004447937,242.86559830267765,0.6016354373546131,60.16354373546131,25.811290076690412,5,0,1
simt,2,16,1,target_p25_ns,133.57549409071603,149.05705569161194,0.11590121156790789,11.59012115679079,2.986182683192412,5,0,1
simt,2,16,2,target_p25_ns,133.06299348672232,149.05705569161194,0.12019917623817467,12.019917623817467,3.032003657936605,5,0,1
simt,2,16,3,target_p25_ns,147.92533218860626,152.18868052831365,0.02882094822184733,2.882094822184733,1.0089946616936498,5,0,0
simt,2,16,4,target_p25_ns,147.84949024518332,152.18868052831365,0.02934869965350928,2.934869965350928,1.0104104433860601,5,0,0
simt,2,16,5,target_p25_ns,164.2406682173411,155.3571623560769,-0.054088344608465455,5.4088344608465455,1.0070780697082622,5,0,0
simt,2,16,6,target_p25_ns,872.9453285535177,155.3571623560769,-0.8220310513448696,82.20310513448696,4.1209627761319165,5,0,1
simt,2,16,7,target_p25_ns,849.4475036859512,158.56250117490168,-0.8133345492371666,81.33345492371666,3.3248136004316766,5,0,1
simt,2,16,8,target_p25_ns,197.76248931884766,158.56250117490168,-0.1982175096954043,19.82175096954043,5.004002187628722,5,0,1
simt,2,16,9,target_p25_ns,760.0725094477335,161.80469698478802,-0.7871193932505797,78.71193932505797,4.810747011272324,5,0,1
simt,2,16,10,target_p25_ns,608.430544535319,161.80469698478802,-0.7340621728510288,73.40621728510288,1.3543738406985846,5,0,0
simt,2,16,11,target_p25_ns,195.48965990543365,165.08374978573588,-0.15553717845949688,15.553717845949688,3.1902624220683444,5,0,1
simt,2,16,12,target_p25_ns,370.11682987213135,165.08374978573588,-0.5539685405746901,55.396854057469014,2.856238943683984,5,0,1
simt,2,16,16,target_p25_ns,199.24782713254294,171.75242636081626,-0.13799598804877444,13.799598804877444,2.6687619180735402,5,0,1
simt,2,16,20,target_p25_ns,201.88083251317343,178.56853090014278,-0.1154755571532996,11.54755571532996,1.0082620571652594,5,0,0
simt,2,16,24,target_p25_ns,203.70433727900186,185.53206340371548,-0.08920906701361431,8.920906701361432,1.009456420948494,5,0,0
simt,2,16,32,target_p25_ns,212.10132539272308,199.9014123035994,-0.057519268521941336,5.751926852194133,2.9217701419737137,4,1,1
simt,2,16,40,target_p25_ns,205.5011639992396,199.9014123035994,-0.027249245632793295,2.7249245632793295,1.8311921848030241,5,0,1
simt,2,16,48,target_p25_ns,204.2270004749298,199.9014123035994,-0.021180295265911364,2.1180295265911364,1.8955385081194138,5,0,1
simt,2,16,64,target_p25_ns,495.16814947128296,199.9014123035994,-0.5962958996513716,59.629589965137164,2.9388607725080806,5,0,1
simt,2,16,96,target_p25_ns,509.3161463737488,338.982626283404,-0.3344357356488554,33.44357356488554,1.2085735336500623,5,0,0
simt,2,16,128,target_p25_ns,497.3529875278473,338.982626283404,-0.3184264802180885,31.84264802180885,1.1527594243251973,5,0,0
simt,2,16,192,target_p25_ns,455.06399869918823,338.982626283404,-0.2550880156364945,25.508801563649453,1.019848096461736,5,0,0
simt,2,16,256,target_p25_ns,412.7135177453359,338.982626283404,-0.178649082939482,17.8649082939482,1.3781365981307294,5,0,0
simt,2,32,1,target_p25_ns,132.90449480215707,149.04477002792476,0.12144265887917682,12.144265887917683,2.7825780364741,5,0,1
simt,2,32,2,target_p25_ns,147.93917536735535,152.13953787356493,0.02839249641468844,2.839249641468844,2.921901560770091,5,0,1
simt,2,32,3,target_p25_ns,164.20500973860422,155.24659138289226,-0.05455630354989016,5.455630354989016,2.425153992802449,5,0,1
simt,2,32,4,target_p25_ns,179.03249462445578,158.3659305559068,-0.11543470983800908,11.543470983800908,1.0046132502706877,5,0,0
simt,2,32,5,target_p25_ns,194.06267007191977,161.4975553926085,-0.16780720716273057,16.780720716273056,1.007394773533378,5,0,0
simt,2,32,6,target_p25_ns,346.46966060002643,164.6414658929974,-0.5248026461887993,52.480264618879936,3.6197953629083885,5,0,1
simt,2,32,7,target_p25_ns,1001.1091629664104,167.79766205707344,-0.8323882466924304,83.23882466924304,2.6087824707917693,5,0,1
simt,2,32,8,target_p25_ns,361.37835184733075,170.9661438848367,-0.5269054081107114,52.69054081107114,4.02778020760702,5,0,1
simt,2,32,9,target_p25_ns,1074.4219621022542,174.1469113762871,-0.8379157188526334,83.79157188526334,5.851288345215003,5,0,1
simt,2,32,10,target_p25_ns,398.8933563232422,177.33996453142473,-0.5554201098608478,55.542010986084776,3.12714032274444,5,0,1
simt,2,32,11,target_p25_ns,201.72700782616934,180.54530335024953,-0.10500182749040898,10.5001827490409,4.09040074047853,5,0,1
simt,2,32,12,target_p25_ns,203.80350947380066,183.76292783276148,-0.09833285841240846,9.833285841240846,3.362498618230019,5,0,1
simt,2,32,16,target_p25_ns,436.51264905929565,196.75628239968114,-0.5492541102217776,54.92541102217776,4.70615283092372,5,0,1
simt,2,32,20,target_p25_ns,214.7363225618998,209.94620758559572,-0.022306961948290294,2.2306961948290294,1.800664081540478,5,0,1
simt,2,32,24,target_p25_ns,221.70798977216086,223.33270339050517,0.007328169002903229,0.7328169002903229,1.827237894836548,5,0,1
simt,2,32,32,target_p25_ns,232.81999429066977,250.69540685730874,0.07677782409152534,7.677782409152534,2.3527228093463988,5,0,1
simt,2,32,40,target_p25_ns,538.1576716899872,528.857834816918,-0.017280877635479586,1.7280877635479586,1.1655663488592563,5,0,0
simt,2,32,48,target_p25_ns,560.388833284378,528.857834816918,-0.05626628618322094,5.626628618322094,1.1917531612979575,5,0,0
simt,2,32,64,target_p25_ns,562.7658168474833,528.857834816918,-0.060252383878807714,6.025238387880771,2.799244581695977,5,0,1
simt,2,32,96,target_p25_ns,496.13284567991894,528.857834816918,0.06596013431070347,6.596013431070347,1.0340159647214147,5,0,0
simt,2,32,128,target_p25_ns,817.8991675376892,528.857834816918,-0.35339482443898207,35.339482443898206,3.0011211992232067,5,0,1
simt,2,32,192,target_p25_ns,572.922815879186,528.857834816918,-0.07691259597446409,7.691259597446409,1.0091843973040682,5,0,0
simt,2,32,256,target_p25_ns,483.49132637182873,528.857834816918,0.0938310699087912,9.38310699087912,1.4859825265637623,5,0,1
simt,2,64,1,target_p25_ns,131.72133266925812,152.11496654619057,0.15482407795052655,15.482407795052655,3.183018926293162,5,0,1
simt,2,64,2,target_p25_ns,148.1770078341166,158.26764524640936,0.06809853674187538,6.809853674187538,3.3556156879686747,5,0,1
simt,2,64,3,target_p25_ns,163.5994960864385,164.42032394662812,0.005017300663052948,0.5017300663052948,2.5273848810497626,5,0,1
simt,2,64,4,target_p25_ns,179.69183127085367,170.5730026468469,-0.05074704041644351,5.074704041644351,3.0835105671133256,5,0,1
simt,2,64,5,target_p25_ns,195.44183214505514,176.7256813470657,-0.09576327950148611,9.576327950148611,3.0608676425341748,5,0,1
simt,2,64,6,target_p25_ns,197.00332979361215,182.87836004728447,-0.07169914214711759,7.169914214711759,3.2501985507398232,5,0,1
simt,2,64,7,target_p25_ns,201.86467468738556,189.03103874750326,-0.06357544211119104,6.357544211119103,2.786880255533346,5,0,1
simt,2,64,8,target_p25_ns,199.48949913183847,195.18371744772205,-0.021584001678558673,2.1584001678558673,11.71683955634281,5,0,1
simt,2,64,9,target_p25_ns,200.15949010849,201.33639614794083,0.005879841314608392,0.5879841314608392,1.0140345528424848,5,0,0
simt,2,64,10,target_p25_ns,201.7983297506968,207.4890748481596,0.028200159557778104,2.8200159557778104,1.005937456349578,5,0,0
simt,2,64,11,target_p25_ns,203.3765067656835,213.64175354837838,0.05047410315942624,5.047410315942624,1.0042602074233702,5,0,0
simt,2,64,12,target_p25_ns,207.7498435974121,219.79443224859716,0.05797640297879436,5.797640297879436,1.002978075572849,5,0,0
simt,2,64,16,target_p25_ns,212.26367354393005,244.4051470494723,0.15142239352081255,15.142239352081255,1.0272201733233588,5,0,0
simt,2,64,20,target_p25_ns,520.7173228263855,532.2960214996453,0.022236054315251552,2.223605431525155,1.1692172730845516,5,0,0
simt,2,64,24,target_p25_ns,553.4580051898956,542.0244679902092,-0.020658364487407543,2.0658364487407543,1.187756342448577,5,0,0
simt,2,64,32,target_p25_ns,564.6461546421051,561.481360971337,-0.005604914944960626,0.5604914944960626,1.163394689413108,5,0,0
simt,2,64,40,target_p25_ns,561.1408352851868,561.481360971337,0.0006068453135783525,0.06068453135783525,1.0824469697344454,5,0,0
simt,2,64,48,target_p25_ns,513.4241531292597,561.481360971337,0.093601377241749,9.3601377241749,1.0317453608484985,5,0,0
simt,2,64,64,target_p25_ns,552.4991552035013,561.481360971337,0.01625741086341992,1.6257410863419919,1.1146470237427475,5,0,0
simt,2,64,96,target_p25_ns,590.0116513172785,561.481360971337,-0.04835546939156854,4.835546939156854,1.0187441194114017,5,0,0
simt,2,64,128,target_p25_ns,578.7926614284515,561.481360971337,-0.029909329559207776,2.9909329559207776,1.009883049820618,5,0,0
simt,2,64,192,target_p25_ns,571.0010131200155,561.481360971337,-0.016671865600836666,1.6671865600836666,1.004827225197018,5,0,0
simt,2,64,256,target_p25_ns,484.6958170334498,561.481360971337,0.15842006726579205,15.842006726579205,1.0033523274545775,5,0,0
simt,2,128,1,target_p25_ns,149.0093320608139,158.26764524640936,0.06213243867046492,6.213243867046492,1.0039752183071349,5,0,0
simt,2,128,2,target_p25_ns,177.36332615216574,170.5730026468469,-0.03828482275695033,3.828482275695033,1.0059747995148285,5,0,0
simt,2,128,3,target_p25_ns,197.9516645272573,182.87836004728447,-0.07614638914994964,7.6146389149949645,1.0044548255025487,5,0,0
simt,2,128,4,target_p25_ns,186.10800802707672,195.18371744772205,0.048765818928785176,4.876581892878518,1.0105211046202152,5,0,0
simt,2,128,5,target_p25_ns,216.69866144657135,207.4890748481596,-0.042499508473809566,4.249950847380957,1.0091692102505128,5,0,0
simt,2,128,6,target_p25_ns,209.71332987149557,219.79443224859716,0.04807087076095207,4.807087076095207,1.0071992879953253,5,0,0
simt,2,128,7,target_p25_ns,219.10800536473593,232.09978964903473,0.05929397359385469,5.929397359385469,1.0055558886905405,5,0,0
simt,2,128,8,target_p25_ns,212.85749475161234,244.4051470494723,0.14821020201648794,14.821020201648793,1.006799887752188,5,0,0
simt,2,128,9,target_p25_ns,519.1029955943426,527.4317982543633,0.016044605272379053,1.6044605272379053,1.1213450085319978,5,0,0
simt,2,128,10,target_p25_ns,536.6449952125549,532.2960214996453,-0.008104004978537138,0.8104004978537138,1.1598508008805457,5,0,0
simt,2,128,11,target_p25_ns,543.8276727994283,537.1602447449272,-0.012260185327053308,1.2260185327053308,1.1530225431429133,5,0,0
simt,2,128,12,target_p25_ns,547.4413285652796,542.0244679902092,-0.009894869627886438,0.9894869627886438,1.0759777707962326,5,0,0
simt,2,128,16,target_p25_ns,558.3225091298422,561.481360971337,0.005657754774060608,0.5657754774060608,1.1617006015823843,5,0,0
simt,2,128,20,target_p25_ns,585.3628714879354,580.9382539524647,-0.007558760131512576,0.7558760131512576,1.0764405421624403,5,0,0
simt,2,128,24,target_p25_ns,551.2470106283823,600.3951469335925,0.08915810037533767,8.915810037533767,1.0234480652342302,5,0,0
simt,2,128,32,target_p25_ns,599.6218423048655,639.3089328958481,0.06618686610619595,6.618686610619595,1.1325070314279904,5,0,0
simt,2,128,40,target_p25_ns,664.9109919865926,639.3089328958481,-0.03850449067513806,3.850449067513806,1.0034806305906216,5,0,0
simt,2,128,48,target_p25_ns,661.1396471659342,639.3089328958481,-0.03301982321536223,3.301982321536223,1.0082298982416833,5,0,0
simt,2,128,64,target_p25_ns,651.5799959500631,639.3089328958481,-0.01883278051887194,1.8832780518871939,1.0024938551749445,5,0,0
simt,2,128,96,target_p25_ns,641.0771707693735,639.3089328958481,-0.0027582293585705076,0.27582293585705076,1.178119330583351,5,0,0
simt,2,128,128,target_p25_ns,584.5549950997034,639.3089328958481,0.0936677271687767,9.36677271687767,1.0007972718826164,5,0,0
simt,2,128,192,target_p25_ns,648.447314898173,639.3089328958481,-0.014092713150890113,1.4092713150890113,1.007134173719805,5,0,0
simt,2,128,256,target_p25_ns,487.30817437171936,639.3089328958481,0.31191916433600064,31.191916433600063,1.0063344901223648,5,0,0
simt,2,256,1,target_p25_ns,183.65933497746786,170.5730026468469,-0.0712532925823044,7.1253292582304395,1.0078398619759361,5,0,0
simt,2,256,2,target_p25_ns,182.75932470957437,195.18371744772205,0.06798226442284938,6.798226442284938,1.018719988485061,5,0,0
simt,2,256,3,target_p25_ns,202.42399473985037,219.79443224859716,0.08581214658405889,8.581214658405889,1.0111393063918377,5,0,0
simt,2,256,4,target_p25_ns,196.29966219266257,244.4051470494723,0.24506147549859536,24.506147549859534,1.0429188666195572,5,0,0
simt,2,256,5,target_p25_ns,529.7551651795706,532.2960214996453,0.0047962841838711245,0.47962841838711245,1.1627735994903532,5,0,0
simt,2,256,6,target_p25_ns,541.780004898707,542.0244679902092,0.00045122206299930134,0.045122206299930134,1.1560419768107029,5,0,0
simt,2,256,7,target_p25_ns,558.8210026423136,551.7529144807731,-0.012648214952766468,1.2648214952766468,1.1706843288676587,5,0,0
simt,2,256,8,target_p25_ns,565.850148598353,561.481360971337,-0.007720750162985346,0.7720750162985346,1.1640302787850476,5,0,0
simt,2,256,9,target_p25_ns,617.3650125662485,571.2098074619009,-0.07476161454710673,7.476161454710672,1.0846542234275673,5,0,0
simt,2,256,10,target_p25_ns,615.09836713473,580.9382539524647,-0.05553601668850294,5.553601668850295,1.070534421457411,5,0,0
simt,2,256,11,target_p25_ns,632.8454911708832,590.6667004430287,-0.06664942915183891,6.664942915183891,1.0791583390509265,5,0,0
simt,2,256,12,target_p25_ns,583.0806990464529,600.3951469335925,0.029694771093358163,2.9694771093358163,1.1064733061025707,5,0,0
simt,2,256,16,target_p25_ns,602.9048562049866,639.3089328958481,0.06038113031632997,6.038113031632997,1.0985165410873965,5,0,0
simt,2,256,20,target_p25_ns,685.8725051085154,678.2227188581037,-0.011153364792194753,1.1153364792194753,1.0183240339451887,5,0,0
simt,2,256,24,target_p25_ns,719.7521527608236,717.1365048203592,-0.0036340953346667426,0.36340953346667426,1.0050381451424317,5,0,0
simt,2,256,32,target_p25_ns,776.5398422876993,794.9640767448702,0.02372606459301929,2.372606459301929,1.0050738277370974,5,0,0
simt,2,256,40,target_p25_ns,736.8065218130747,794.9640767448702,0.07893192203115418,7.893192203115418,1.005161746535942,5,0,0
simt,2,256,48,target_p25_ns,729.1058003902435,794.9640767448702,0.09032746182978801,9.032746182978801,1.0045054924109649,5,0,0
simt,2,256,64,target_p25_ns,670.2937086423238,794.9640767448702,0.1859936420335282,18.59936420335282,1.0038472172585424,5,0,0
simt,2,256,96,target_p25_ns,761.1014743645986,794.9640767448702,0.04449157375308155,4.449157375308155,1.0037990358278421,5,0,0
simt,2,256,128,target_p25_ns,611.0361814498901,794.9640767448702,0.30100982704256385,30.100982704256385,1.001819385263461,5,0,0
simt,2,256,192,target_p25_ns,661.9125008583069,794.9640767448702,0.20101082199540632,20.10108219954063,1.0009849479332236,5,0,0
simt,2,256,256,target_p25_ns,526.3213167587916,794.9640767448702,0.5104158836667361,51.04158836667361,1.0043407254347072,5,0,0
simt,2,512,1,target_p25_ns,195.48616309960684,195.18371744772205,-0.0015471460848648366,0.15471460848648366,1.0077737747600712,5,0,0
simt,2,512,2,target_p25_ns,281.0948391755422,244.4051470494723,-0.1305242466694928,13.05242466694928,1.020042439132075,5,0,0
simt,2,512,3,target_p25_ns,1217.5024549166362,542.0244679902092,-0.5548062627706798,55.48062627706798,1.1089955989264866,5,0,0
simt,2,512,4,target_p25_ns,891.5924628575643,561.481360971337,-0.370248870014241,37.0248870014241,1.1609137519365378,5,0,0
simt,2,512,5,target_p25_ns,1309.0413411458333,580.9382539524647,-0.5562109188668125,55.62109188668125,1.0955019921812783,5,0,0
simt,2,512,6,target_p25_ns,1489.0777071317036,600.3951469335925,-0.5968006612025052,59.680066120250515,1.0903166834103701,5,0,0
simt,2,512,7,target_p25_ns,1523.7690607706706,619.8520399147203,-0.5932112969919339,59.321129699193385,1.0920037307235773,5,0,0
simt,2,512,8,target_p25_ns,1062.4242027600606,639.3089328958481,-0.3982545472561767,39.82545472561767,1.1119814237129013,5,0,0
simt,2,512,9,target_p25_ns,1582.476059595744,658.7658258769759,-0.5837119797911743,58.371197979117426,1.115350814690744,5,0,0
simt,2,512,10,target_p25_ns,1686.9359612464905,678.2227188581037,-0.5979558593576015,59.79558593576015,1.1319060319029708,5,0,0
simt,2,512,11,target_p25_ns,1745.9363738695781,697.6796118392315,-0.6003980315199342,60.03980315199342,1.008948680427012,5,0,0
simt,2,512,12,target_p25_ns,1760.722537835439,717.1365048203592,-0.5927032854921153,59.27032854921153,1.002698794471177,5,0,0
simt,2,512,16,target_p25_ns,1246.957262357076,794.9640767448702,-0.3624768861426896,36.24768861426896,1.001615546076176,5,0,0
simt,2,512,20,target_p25_ns,1339.5270705223083,872.7916486693814,-0.34843298961546,34.843298961546,1.031204234246075,5,0,0
simt,2,512,24,target_p25_ns,1365.8909598986309,950.6192205938926,-0.30402993467030304,30.402993467030303,1.0167505780520552,5,0,0
simt,2,512,32,target_p25_ns,821.8044837315878,1106.2743644429147,0.34615274842457366,34.61527484245737,1.0035518170846847,5,0,0
simt,2,512,40,target_p25_ns,1358.6693406105042,1106.2743644429147,-0.18576629988145488,18.576629988145488,1.0582193928381123,5,0,0
simt,2,512,48,target_p25_ns,1479.7654549280803,1106.2743644429147,-0.25239884418258574,25.239884418258573,1.002852727683131,5,0,0
simt,2,512,64,target_p25_ns,752.5599598884583,1106.2743644429147,0.4700149136380878,47.00149136380878,1.0049626365564173,5,0,0
simt,2,512,96,target_p25_ns,1583.5716525713603,1106.2743644429147,-0.30140555203386177,30.140555203386178,1.011201624979226,5,0,0
simt,2,512,128,target_p25_ns,686.5053276220957,1106.2743644429147,0.6114577992785681,61.145779927856815,1.002537837012505,5,0,0
simt,2,512,192,target_p25_ns,1560.5409145355225,1106.2743644429147,-0.29109557196570857,29.109557196570858,1.027497901221363,5,0,0
simt,2,512,256,target_p25_ns,715.5225376288096,1106.2743644429147,0.5461069445960831,54.61069445960831,1.00187497114636,5,0,0
simt,4,4,1,target_p25_ns,245.30933300654092,148.31422323289434,-0.3953991826762674,39.53991826762674,3.3669688699597216,5,0,1
simt,4,4,2,target_p25_ns,572.9643255472183,148.31422323289434,-0.7411457980542775,74.11457980542775,3.4893496406853672,5,0,1
simt,4,4,3,target_p25_ns,479.0473481019338,148.31422323289434,-0.6903975696336901,69.03975696336902,2.0534350936083032,4,1,1
simt,4,4,4,target_p25_ns,132.8656574090322,148.31422323289434,0.11627207605877499,11.627207605877498,3.628908504485049,5,0,1
simt,4,4,5,target_p25_ns,133.28149914741516,148.31422323289434,0.11278927819420992,11.278927819420993,1.0138717813701996,5,0,0
simt,4,4,6,target_p25_ns,133.3378404378891,148.31422323289434,0.11231907420895637,11.231907420895638,1.0082238379246853,5,0,0
simt,4,4,7,target_p25_ns,133.54599475860596,148.31422323289434,0.11058533429612027,11.058533429612027,1.0088753365826568,5,0,0
simt,4,4,8,target_p25_ns,132.63451059659323,148.31422323289434,0.11821744254774558,11.821744254774558,1.015293749272073,5,0,0
simt,4,4,9,target_p25_ns,133.247842391332,148.31422323289434,0.11307035499542484,11.307035499542483,1.0136279453297372,5,0,0
simt,4,4,10,target_p25_ns,133.7046573559443,148.31422323289434,0.10926744188167592,10.926744188167593,1.0010200867820822,5,0,0
simt,4,4,11,target_p25_ns,147.74433771769205,151.04701419411947,0.022353996961549383,2.2353996961549383,1.016063026672241,5,0,0
simt,4,4,12,target_p25_ns,148.07599782943726,151.04701419411947,0.02006413198784851,2.006413198784851,1.0034420242635436,5,0,0
simt,4,4,16,target_p25_ns,147.74149656295776,151.04701419411947,0.02237365742232833,2.237365742232833,1.0111683607389874,5,0,0
simt,4,4,20,target_p25_ns,147.8286733229955,151.04701419411947,0.021770748521108052,2.177074852110805,1.0056722019875606,5,0,0
simt,4,4,24,target_p25_ns,164.27566607793173,154.16066072964722,-0.061573363784055424,6.157336378405542,1.0048964155507087,5,0,0
simt,4,4,32,target_p25_ns,178.8485050201416,157.65516283947758,-0.11849885006462457,11.849885006462458,1.003087732821923,5,0,0
simt,4,4,40,target_p25_ns,179.05650039513907,157.65516283947758,-0.11952281826369526,11.952281826369527,1.0076829606717366,5,0,0
simt,4,4,48,target_p25_ns,179.36649918556213,157.65516283947758,-0.12104454535639497,12.104454535639498,1.0212281203116338,5,0,0
simt,4,4,64,target_p25_ns,179.00916437307993,157.65516283947758,-0.1192899905900775,11.92899905900775,1.0036022170438055,5,0,0
simt,4,4,96,target_p25_ns,164.5418256521225,157.65516283947758,-0.04185356996831202,4.185356996831202,1.0108289162488606,5,0,0
simt,4,4,128,target_p25_ns,154.87984319527945,157.65516283947758,0.017919179067729774,1.7919179067729774,1.011446438524069,5,0,0
simt,4,4,192,target_p25_ns,151.23116473356882,157.65516283947758,0.042478004564907135,4.2478004564907135,1.0104718383934455,5,0,0
simt,4,4,256,target_p25_ns,144.0134992202123,157.65516283947758,0.09472489518781635,9.472489518781636,1.017979127077165,5,0,0
simt,4,8,1,target_p25_ns,132.7584981918335,148.2159379233969,0.11643277034685706,11.643277034685706,1.0094001278914697,5,0,0
simt,4,8,2,target_p25_ns,132.90650645891824,148.2159379233969,0.115189480728777,11.518948072877699,1.003209226551593,5,0,0
simt,4,8,3,target_p25_ns,133.4423323472341,148.2159379233969,0.11071153595936845,11.071153595936845,1.0096267216782795,5,0,0
simt,4,8,4,target_p25_ns,133.1073393424352,148.2159379233969,0.11350687840054352,11.350687840054352,1.0036911985273045,5,0,0
simt,4,8,5,target_p25_ns,147.76832362016043,150.6538729561297,0.019527522985146595,1.9527522985146595,1.0144135114167399,5,0,0
simt,4,8,6,target_p25_ns,147.38433559735617,150.6538729561297,0.022183750705405236,2.2183750705405236,1.0082947595863496,5,0,0
simt,4,8,7,target_p25_ns,148.37250113487244,150.6538729561297,0.015375974684038507,1.5375974684038507,1.0073399223262383,5,0,0
simt,4,8,8,target_p25_ns,147.60333796342215,150.6538729561297,0.0206671138661072,2.06671138661072,1.0104411908205828,5,0,0
simt,4,8,9,target_p25_ns,147.81932532787323,150.6538729561297,0.019175758122080833,1.9175758122080833,1.003711032876625,5,0,0
simt,4,8,10,target_p25_ns,163.80233069260916,153.27609294417022,-0.06426183134226848,6.426183134226848,1.0073120356238034,5,0,0
simt,4,8,11,target_p25_ns,164.0111654996872,153.27609294417022,-0.06545330327243759,6.545330327243759,1.0032539085051566,5,0,0
simt,4,8,12,target_p25_ns,164.04000918070474,153.27609294417022,-0.06561762761593792,6.561762761593792,1.0067496023912832,5,0,0
simt,4,8,16,target_p25_ns,179.07984058062235,156.08259788751846,-0.12841893659577197,12.841893659577197,1.008098934149704,5,0,0
simt,4,8,20,target_p25_ns,193.7891642252604,159.0733877861744,-0.17914198958375405,17.914198958375405,1.009808463319432,5,0,0
simt,4,8,24,target_p25_ns,194.61449484030405,162.24846264013806,-0.16630843569347065,16.630843569347064,1.0167603830398129,5,0,0
simt,4,8,32,target_p25_ns,199.10315672556558,169.15146721398847,-0.15043302177705353,15.043302177705353,1.0061561027519257,5,0,0
simt,4,8,40,target_p25_ns,197.45649894078574,169.15146721398847,-0.14334818999948706,14.334818999948705,1.0020017517812694,5,0,0
simt,4,8,48,target_p25_ns,195.524662733078,169.15146721398847,-0.1348842399237027,13.488423992370269,1.0085787251872649,5,0,0
simt,4,8,64,target_p25_ns,186.36883795261383,169.15146721398847,-0.09238331326078797,9.238331326078796,1.0093545744280272,5,0,0
simt,4,8,96,target_p25_ns,169.89099979400635,169.15146721398847,-0.004352982682511497,0.4352982682511497,2.040948661488416,5,0,1
simt,4,8,128,target_p25_ns,163.33400209744772,169.15146721398847,0.03561698753374043,3.561698753374043,1.0062568355360841,5,0,0
simt,4,8,192,target_p25_ns,214.51565623283386,238.69207420389077,0.11270234721150607,11.270234721150608,2.046767902757671,5,0,1
simt,4,8,256,target_p25_ns,151.7635037501653,238.69207420389077,0.5727896912345156,57.27896912345156,1.0067405021721747,5,0,0
simt,4,16,1,target_p25_ns,132.79883563518524,148.16679526864817,0.11572360224362677,11.572360224362676,1.0072526342973616,5,0,0
simt,4,16,2,target_p25_ns,132.92917609214783,148.16679526864817,0.1146296067158159,11.462960671581591,1.0173479012878943,5,0,0
simt,4,16,3,target_p25_ns,147.99016217390695,150.45730233713482,0.016670974117378723,1.6670974117378723,1.0088113563365824,5,0,0
simt,4,16,4,target_p25_ns,147.74899184703827,150.45730233713482,0.018330483722693858,1.8330483722693858,1.0106048664790026,5,0,0
simt,4,16,5,target_p25_ns,163.74949117501578,152.83380905143173,-0.066660861326997,6.6660861326997,1.0075029546599676,5,0,0
simt,4,16,6,target_p25_ns,164.00266190369925,152.83380905143173,-0.06810165592815653,6.810165592815654,1.0050958611466743,5,0,0
simt,4,16,7,target_p25_ns,178.66350213686624,155.2963154115389,-0.1307888093866355,13.07888093866355,1.0105597327106426,5,0,0
simt,4,16,8,target_p25_ns,179.06899750232697,155.2963154115389,-0.13275710716188682,13.275710716188682,1.0135748293881817,5,0,0
simt,4,16,9,target_p25_ns,194.33683653672537,157.84482141745633,-0.18777713875348,18.777713875348002,1.0084413849256013,5,0,0
simt,4,16,10,target_p25_ns,193.49616765975952,157.84482141745633,-0.18424833253024386,18.424833253024385,1.0060479360371366,5,0,0
simt,4,16,11,target_p25_ns,195.13683021068573,160.47932706918405,-0.1776061602726794,17.76061602726794,1.0091708645403716,5,0,0
simt,4,16,12,target_p25_ns,195.5063392718633,160.47932706918405,-0.1791604933790515,17.91604933790515,1.0113825482331225,5,0,0
simt,4,16,16,target_p25_ns,199.6753364801407,166.00633731007025,-0.16861871758217417,16.86187175821742,1.015555359598378,5,0,0
simt,4,16,20,target_p25_ns,201.02350413799286,171.8773461341975,-0.14498880680036275,14.498880680036274,1.0111808526684165,5,0,0
simt,4,16,24,target_p25_ns,203.0376742283503,178.0923535415658,-0.1228605517748852,12.28605517748852,1.0059520878835084,5,0,0
simt,4,16,32,target_p25_ns,210.4926606019338,191.55436410602562,-0.08997129135881232,8.997129135881233,1.0133950812286667,5,0,0
simt,4,16,40,target_p25_ns,206.0626745223999,191.55436410602562,-0.07040727026377191,7.0407270263771915,1.8264983769228984,5,0,1
simt,4,16,48,target_p25_ns,204.73349591096243,191.55436410602562,-0.06437213288571186,6.437213288571186,1.886408683490269,5,0,1
simt,4,16,64,target_p25_ns,197.85133004188538,191.55436410602562,-0.03182675564792359,3.182675564792359,1.008005040340223,5,0,0
simt,4,16,96,target_p25_ns,506.5013269583384,330.6355780858302,-0.34721675840145183,34.72167584014518,1.216064842776249,5,0,0
simt,4,16,128,target_p25_ns,494.66681977113086,330.6355780858302,-0.3315994425524508,33.15994425524508,1.1836131983296858,5,0,0
simt,4,16,192,target_p25_ns,454.52550053596497,330.6355780858302,-0.27256979488289856,27.256979488289858,1.0219555931690534,5,0,0
simt,4,16,256,target_p25_ns,409.221018354098,330.6355780858302,-0.19203666660217344,19.203666660217344,1.3165211071019405,5,0,0
simt,4,32,1,target_p25_ns,132.66415894031525,148.1422239412738,0.11667103703512005,11.667103703512005,1.0119352997102509,5,0,0
simt,4,32,2,target_p25_ns,148.25833837191263,150.35901702763738,0.014169042219096761,1.4169042219096761,1.0148229162417026,5,0,0
simt,4,32,3,target_p25_ns,163.56183091799417,152.61266710506249,-0.06694204724585973,6.694204724585973,1.0093071227506079,5,0,0
simt,4,32,4,target_p25_ns,179.10183469454446,154.90317417354913,-0.13511118164850622,13.511118164850622,1.0124646538750677,5,0,0
simt,4,32,5,target_p25_ns,194.0194914738337,157.23053823309732,-0.18961472871243923,18.961472871243924,1.0097584082838738,5,0,0
simt,4,32,6,target_p25_ns,195.68516810735068,159.59475928370705,-0.18443098765586996,18.443098765586996,5.355822398259304,5,0,1
simt,4,32,7,target_p25_ns,179.76033687591553,161.99583732537832,-0.09882324354342775,9.882324354342774,7.784349589084313,5,0,1
simt,4,32,8,target_p25_ns,520.7576751708984,164.43377235811113,-0.6842412888026116,68.42412888026116,6.259647967133412,5,0,1
simt,4,32,9,target_p25_ns,201.8394966920217,166.90856438190548,-0.17306291822266995,17.306291822266996,7.307411559571644,4,1,1
simt,4,32,10,target_p25_ns,201.75233980019888,169.42021339676137,-0.16025651269004837,16.025651269004836,3.535750537260935,5,0,1
simt,4,32,11,target_p25_ns,202.0201583703359,171.96871940267883,-0.1487546550308504,14.875465503085039,1.0017860795208917,5,0,0
simt,4,32,12,target_p25_ns,203.34032674630484,174.5540823996578,-0.14156682448219848,14.156682448219849,1.0046032054826295,5,0,0
simt,4,32,16,target_p25_ns,210.9051694472631,185.26410429818912,-0.12157627627750267,12.157627627750268,1.010316995795075,5,0,0
simt,4,32,20,target_p25_ns,214.5410031080246,196.56383805370515,-0.08379360958458681,8.379360958458681,1.8169164691047408,5,0,1
simt,4,32,24,target_p25_ns,221.9188263018926,208.45328366620583,-0.06067778412530267,6.0677784125302665,1.8287898688276516,5,0,1
simt,4,32,32,target_p25_ns,233.05282493432364,234.0013104621612,0.004069830640777816,0.4069830640777816,1.022698873147189,5,0,0
simt,4,32,40,target_p25_ns,538.2533272107443,512.1637384217703,-0.048470836072990964,4.847083607299096,1.1704089539784832,5,0,0
simt,4,32,48,target_p25_ns,560.6690247853597,512.1637384217703,-0.08651322655493354,8.651322655493354,1.1968873343528463,5,0,0
simt,4,32,64,target_p25_ns,561.1873318751653,512.1637384217703,-0.0873569139374305,8.73569139374305,1.1739070090128985,5,0,0
simt,4,32,96,target_p25_ns,495.3881601492564,512.1637384217703,0.03386350264701421,3.386350264701421,1.0315999431588398,5,0,0
simt,4,32,128,target_p25_ns,514.0551676352819,512.1637384217703,-0.003679428459424816,0.3679428459424816,1.118767180354918,5,0,0
simt,4,32,192,target_p25_ns,574.5458453893661,512.1637384217703,-0.10857637813971122,10.857637813971122,1.0068968204292885,5,0,0
simt,4,32,256,target_p25_ns,483.43151807785034,512.1637384217703,0.059433899672410195,5.9433899672410195,1.0049692979185207,5,0,0
simt,4,64,1,target_p25_ns,132.74533053239188,150.30987437288866,0.13231760220907174,13.231760220907173,1.004135436529663,5,0,0
simt,4,64,2,target_p25_ns,147.56600062052408,154.70660355455422,0.04838921502245408,4.838921502245408,1.0093039528483394,5,0,0
simt,4,64,3,target_p25_ns,163.54982554912567,159.15247539096853,-0.02688691439072366,2.688691439072366,1.004390792139502,5,0,0
simt,4,64,4,target_p25_ns,178.99782955646515,163.64748988213157,-0.08575712740411356,8.575712740411356,1.0093894223902447,5,0,0
simt,4,64,5,target_p25_ns,194.53216095765433,168.19164702804332,-0.13540441744922993,13.540441744922994,1.008078985074075,5,0,0
simt,4,64,6,target_p25_ns,196.9203402598699,172.7849468287038,-0.1225642480574396,12.25642480574396,1.0069667794159483,5,0,0
simt,4,64,7,target_p25_ns,200.9194940328598,177.427389284113,-0.11692297385989214,11.692297385989214,1.0045832445002154,5,0,0
simt,4,64,8,target_p25_ns,199.2088407278061,182.1189743942709,-0.08578869427229052,8.578869427229051,1.013008139332837,5,0,0
simt,4,64,9,target_p25_ns,199.7938354810079,186.85970215917754,-0.06473739938317491,6.473739938317491,1.00905227039025,5,0,0
simt,4,64,10,target_p25_ns,201.5455017487208,191.6495725788329,-0.049100223443467206,4.910022344346721,1.028994938453911,5,0,0
simt,4,64,11,target_p25_ns,202.83816754817963,196.488585653237,-0.031303683974735264,3.1303683974735264,1.0122074653929285,5,0,0
simt,4,64,12,target_p25_ns,203.91916731993356,201.3767413823898,-0.01246781247176676,1.246781247176676,1.0097493781889184,5,0,0
simt,4,64,16,target_p25_ns,211.61716183026633,221.42079084648827,0.04632719261250284,4.632719261250284,1.0140619861239357,5,0,0
simt,4,64,20,target_p25_ns,517.025351524353,505.53128243586417,-0.02223115182766322,2.223115182766322,1.1735946610744703,5,0,0
simt,4,64,24,target_p25_ns,552.8658231099447,512.2656285416106,-0.07343589144279628,7.343589144279628,1.1898232448223818,5,0,0
simt,4,64,32,target_p25_ns,562.8759761651357,528.0931681810418,-0.06179479931097531,6.179479931097531,1.1618497191180401,5,0,0
simt,4,64,40,target_p25_ns,560.5042080084482,528.0931681810418,-0.05782479304226362,5.782479304226362,1.083085505759205,5,0,0
simt,4,64,48,target_p25_ns,512.104998032252,528.0931681810418,0.03122049230182089,3.122049230182089,1.0291848989288739,5,0,0
simt,4,64,64,target_p25_ns,551.2594928344091,528.0931681810418,-0.04202435505328539,4.202435505328539,1.1171789012218585,5,0,0
simt,4,64,96,target_p25_ns,589.2113298177719,528.0931681810418,-0.10372876172566536,10.372876172566537,1.0031279510764588,5,0,0
simt,4,64,128,target_p25_ns,573.8641520341238,528.0931681810418,-0.0797592665282223,7.9759266528222295,1.004977492891808,5,0,0
simt,4,64,192,target_p25_ns,569.2691802978516,528.0931681810418,-0.07233135666200252,7.233135666200252,1.00846117503783,5,0,0
simt,4,64,256,target_p25_ns,483.40200384457904,528.0931681810418,0.09245134273550026,9.245134273550025,1.0053477369215618,5,0,0
simt,4,128,1,target_p25_ns,131.44500056902567,154.60831824505678,0.17622060615281732,17.622060615281733,1.0088480471942467,5,0,0
simt,4,128,2,target_p25_ns,148.66932729880014,163.2543486441418,0.09810376901772244,9.810376901772244,1.0103205864762719,5,0,0
simt,4,128,3,target_p25_ns,171.8661735455195,171.9003790432268,0.00019902402550564524,0.019902402550564524,1.001617114266111,5,0,0
simt,4,128,4,target_p25_ns,182.6548328002294,180.54640944231178,-0.011543211452957336,1.1543211452957336,1.0115016401475139,5,0,0
simt,4,128,5,target_p25_ns,195.5486685037613,189.19243984139678,-0.032504586766042065,3.2504586766042065,1.0032001316441945,5,0,0
simt,4,128,6,target_p25_ns,199.48384165763855,197.8384702404818,-0.008248143827010335,0.8248143827010335,1.0088971894615397,5,0,0
simt,4,128,7,target_p25_ns,201.50867601235709,206.4845006395668,0.024692855541885272,2.4692855541885272,1.0021748147240515,5,0,0
simt,4,128,8,target_p25_ns,201.45833492279053,215.13053103865178,0.06786612289385374,6.786612289385374,1.00711223873631,5,0,0
simt,4,128,9,target_p25_ns,487.2405131657918,494.49785524219027,0.014894783747034346,1.4894783747034346,1.1345192517447806,5,0,0
simt,4,128,10,target_p25_ns,509.74365075429284,495.70275148611967,-0.027545020418393018,2.754502041839302,1.1729430681036843,5,0,0
simt,4,128,11,target_p25_ns,516.228993733724,496.90764773004906,-0.03742785902808299,3.742785902808299,1.1649015986223046,5,0,0
simt,4,128,12,target_p25_ns,518.7381704648336,498.11254397397846,-0.03976115054801699,3.976115054801699,1.1632478067308094,5,0,0
simt,4,128,16,target_p25_ns,534.5119883616766,502.932128949696,-0.0590816672022183,5.90816672022183,1.1639100004059257,5,0,0
simt,4,128,20,target_p25_ns,547.7303167184194,507.7517139254135,-0.07298957456386035,7.298957456386034,1.0809858580874958,5,0,0
simt,4,128,24,target_p25_ns,509.2769811550776,512.5712989011311,0.00646861701579704,0.646861701579704,1.0230149048562205,5,0,0
simt,4,128,32,target_p25_ns,561.8966718514761,522.2104688525661,-0.070629005272699,7.0629005272699,1.1081977888273766,5,0,0
simt,4,128,40,target_p25_ns,611.4248335361481,522.2104688525661,-0.14591223612494553,14.591223612494552,1.0030069019979613,5,0,0
simt,4,128,48,target_p25_ns,612.7401987711588,522.2104688525661,-0.14774570054347458,14.774570054347457,1.0015726008949013,5,0,0
simt,4,128,64,target_p25_ns,616.8761750062307,522.2104688525661,-0.1534598189867009,15.345981898670091,1.0158336678876947,5,0,0
simt,4,128,96,target_p25_ns,600.6753245989481,522.2104688525661,-0.1306277327086317,13.06277327086317,1.002670084281931,5,0,0
simt,4,128,128,target_p25_ns,574.8068243265152,522.2104688525661,-0.09150266358715331,9.150266358715331,1.003492681912335,5,0,0
simt,4,128,192,target_p25_ns,585.8131498098373,522.2104688525661,-0.10857161703850027,10.857161703850027,1.0070278904729144,5,0,0
simt,4,128,256,target_p25_ns,484.6588522195816,522.2104688525661,0.07748051327446137,7.748051327446137,1.0075204714982244,5,0,0
simt,4,256,1,target_p25_ns,149.08665915330252,163.2543486441418,0.09502989450096244,9.502989450096244,1.0091132664051314,5,0,0
simt,4,256,2,target_p25_ns,153.56833736101785,180.54640944231178,0.17567470316405287,17.567470316405288,1.0065745738403928,5,0,0
simt,4,256,3,target_p25_ns,189.8425022761027,197.8384702404818,0.04211895581080127,4.211895581080127,1.009873828233651,5,0,0
simt,4,256,4,target_p25_ns,200.19016663233438,215.13053103865178,0.07463086053450674,7.463086053450674,1.0312853736040608,5,0,0
simt,4,256,5,target_p25_ns,506.1874886353811,495.70275148611967,-0.020713149543713505,2.0713149543713505,1.1527466029843654,5,0,0
simt,4,256,6,target_p25_ns,523.1891522804896,498.11254397397846,-0.04793029098024415,4.793029098024415,1.160229247493492,5,0,0
simt,4,256,7,target_p25_ns,532.9878131548563,500.52233646183726,-0.06091223080852404,6.091223080852403,1.1721150791581176,5,0,0
simt,4,256,8,target_p25_ns,533.150851726532,502.932128949696,-0.056679498267661055,5.6679498267661055,1.1658705552661326,5,0,0
simt,4,256,9,target_p25_ns,584.2195004224777,505.34192143755473,-0.13501360178474486,13.501360178474487,1.0862086648587712,5,0,0
simt,4,256,10,target_p25_ns,586.9008600711823,507.7517139254135,-0.13485948229172662,13.485948229172662,1.0709498621719684,5,0,0
simt,4,256,11,target_p25_ns,599.0410248438517,510.1615064132723,-0.14836966876141255,14.836966876141256,1.0862908436716867,5,0,0
simt,4,256,12,target_p25_ns,548.1351713339487,512.5712989011311,-0.06488157354739521,6.488157354739521,1.0951212222118238,5,0,0
simt,4,256,16,target_p25_ns,554.6038250128428,522.2104688525661,-0.058408100880888325,5.8408100880888325,1.1050957016402216,4,1,1
simt,4,256,20,target_p25_ns,637.4763051668803,531.8496388040012,-0.1656950470264582,16.569504702645823,1.0021825587846596,5,0,0
simt,4,256,24,target_p25_ns,654.4381479422251,541.4888087554363,-0.17258978490471522,17.25897849047152,1.002729786744011,5,0,0
simt,4,256,32,target_p25_ns,698.2580224672953,560.7671486583064,-0.1969055411968842,19.690554119688418,1.7176238531021533,3,2,1
simt,4,256,40,target_p25_ns,665.8029655615488,560.7671486583064,-0.15775810913466504,15.775810913466504,1.0073597441162028,5,0,0
simt,4,256,48,target_p25_ns,659.0585112571716,560.7671486583064,-0.149139053543777,14.913905354377698,1.006296990081003,5,0,0
simt,4,256,64,target_p25_ns,614.9679819742838,560.7671486583064,-0.0881360248089208,8.81360248089208,1.0010494355970105,2,3,1
simt,4,256,96,target_p25_ns,683.3108266194662,560.7671486583064,-0.17933811844811298,17.9338118448113,1.006241817161923,5,0,0
simt,4,256,128,target_p25_ns,579.2783399422964,560.7671486583064,-0.03195560753373583,3.195560753373583,1.0,1,4,1
simt,4,256,192,target_p25_ns,588.8941685358683,560.7671486583064,-0.047762435731860675,4.7762435731860675,1.0037196172780372,5,0,0
simt,4,256,256,target_p25_ns,485.29166479905444,560.7671486583064,0.15552602555105532,15.552602555105533,2.6757512137807997,5,0,1
simt,4,512,1,target_p25_ns,197.53067195415497,180.54640944231178,-0.08598291264753599,8.598291264753598,1.0156045821378399,5,0,0
simt,4,512,2,target_p25_ns,165.27549425760904,215.13053103865178,0.3016480876671013,30.164808766710127,1.0166982671088753,5,0,0
simt,4,512,3,target_p25_ns,507.64967004458106,498.11254397397846,-0.018786826099512766,1.8786826099512766,1.1618194795954313,5,0,0
simt,4,512,4,target_p25_ns,490.3135101000468,502.932128949696,0.025735817165377206,2.5735817165377206,1.1532771548794474,5,0,0
simt,4,512,5,target_p25_ns,579.7551870346069,507.7517139254135,-0.12419634135139757,12.419634135139756,1.0683209759780585,5,0,0
simt,4,512,6,target_p25_ns,551.6078422466913,512.5712989011311,-0.07076865184977243,7.076865184977244,1.0994859659644232,5,0,0
simt,4,512,7,target_p25_ns,554.6726485093435,517.3908838768486,-0.06721399501613756,6.721399501613757,1.0982616028093761,5,0,0
simt,4,512,8,target_p25_ns,563.3829931418101,522.2104688525661,-0.0730808788878019,7.30808788878019,1.1013939525534135,5,0,0
simt,4,512,9,target_p25_ns,622.6139763991038,527.0300538282837,-0.15352036124153678,15.352036124153678,1.0092677600489184,5,0,0
simt,4,512,10,target_p25_ns,634.2886785666147,531.8496388040012,-0.16150223584962686,16.150223584962685,1.0050441220082984,5,0,0
simt,4,512,11,target_p25_ns,641.0093208154043,536.6692237797188,-0.16277469554258328,16.277469554258328,1.002499844935276,5,0,0
simt,4,512,12,target_p25_ns,651.6583263874054,541.4888087554363,-0.16906024702042144,16.906024702042146,1.0026401898143502,5,0,0
simt,4,512,16,target_p25_ns,703.2783130804697,560.7671486583064,-0.2026383606199117,20.26383606199117,1.0028088589083692,5,0,0
simt,4,512,20,target_p25_ns,704.6350240707397,580.0454885611765,-0.17681428151243217,17.681428151243217,1.0048771537249452,5,0,0
simt,4,512,24,target_p25_ns,704.9063245455424,599.3238284640466,-0.14978230781170165,14.978230781170165,1.001579166051204,5,0,0
simt,4,512,32,target_p25_ns,680.6606849034628,637.8805082697869,-0.06285095875596713,6.2850958755967135,1.0052425661994853,5,0,0
simt,4,512,40,target_p25_ns,686.5208049615225,637.8805082697869,-0.07085043357784582,7.085043357784581,1.0047338887119663,5,0,0
simt,4,512,48,target_p25_ns,668.1026518344879,637.8805082697869,-0.04523577848660909,4.523577848660909,1.0060262042549681,5,0,0
simt,4,512,64,target_p25_ns,644.5974906285604,637.8805082697869,-0.010420428959820538,1.0420428959820538,1.0042103038057923,5,0,0
simt,4,512,96,target_p25_ns,914.6021803220113,637.8805082697869,-0.30255960242167457,30.255960242167458,1.004445753497591,5,0,0
simt,4,512,128,target_p25_ns,589.4879996776581,637.8805082697869,0.08209244059012333,8.209244059012333,1.0092734757430886,5,0,0
simt,4,512,192,target_p25_ns,844.7314898173014,637.8805082697869,-0.24487187235348862,24.487187235348863,1.0157840668859512,5,0,0
simt,4,512,256,target_p25_ns,503.1873484452566,637.8805082697869,0.267679941160492,26.7679941160492,1.00651408522527,5,0,0
simt,8,4,1,target_p25_ns,133.03516308466592,148.51079385188922,0.11632737096262535,11.632737096262534,1.011743638243397,5,0,0
simt,8,4,2,target_p25_ns,133.86483987172446,148.51079385188922,0.10940851977411836,10.940851977411835,1.0275912048575933,5,0,0
simt,8,4,3,target_p25_ns,138.0366732676824,148.51079385188922,0.07587925973770226,7.5879259737702265,1.0061093489846593,5,0,0
simt,8,4,4,target_p25_ns,134.42649940649667,148.51079385188922,0.1047731995371135,10.477319953711351,1.016249645891268,5,0,0
simt,8,4,5,target_p25_ns,137.1815005938212,148.51079385188922,0.08258615927823065,8.258615927823065,1.017877936578251,5,0,0
simt,8,4,6,target_p25_ns,137.60899504025778,148.51079385188922,0.07922301015600097,7.922301015600097,1.0132121249569326,5,0,0
simt,8,4,7,target_p25_ns,137.5624934832255,148.51079385188922,0.0795878301667945,7.958783016679449,1.004437966635899,5,0,0
simt,8,4,8,target_p25_ns,134.32917495568594,148.51079385188922,0.10557363209356163,10.557363209356163,1.0110181681783141,5,0,0
simt,8,4,9,target_p25_ns,137.69600292046866,148.51079385188922,0.07854106656724835,7.854106656724835,1.004995178303036,5,0,0
simt,8,4,10,target_p25_ns,137.54999140898386,148.51079385188922,0.07968595512532661,7.968595512532661,1.0041483309273276,5,0,0
simt,8,4,11,target_p25_ns,149.02366697788239,151.83329667009903,0.018853580435875594,1.8853580435875594,1.0112755101341446,5,0,0
simt,8,4,12,target_p25_ns,148.8081713517507,151.83329667009903,0.02032902689999183,2.032902689999183,1.0148119016049342,5,0,0
simt,8,4,16,target_p25_ns,147.77149756749472,151.83329667009903,0.027487026723465924,2.7487026723465924,1.0065200336417157,5,0,0
simt,8,4,20,target_p25_ns,149.13900196552277,151.83329667009903,0.018065661356639007,1.8065661356639007,1.019432518914176,5,0,0
simt,8,4,24,target_p25_ns,165.49333930015564,155.92979630060123,-0.057788084040101384,5.778808404010139,1.0029882269504655,5,0,0
simt,8,4,32,target_p25_ns,179.6931674083074,160.8002927433958,-0.10513963851492647,10.513963851492647,1.0049108355534948,5,0,0
simt,8,4,40,target_p25_ns,179.47699626286825,160.8002927433958,-0.10406182356717131,10.406182356717132,1.0120194547856571,5,0,0
simt,8,4,48,target_p25_ns,179.71832553545633,160.8002927433958,-0.10526490682403011,10.526490682403011,1.0148607841354575,5,0,0
simt,8,4,64,target_p25_ns,179.872656861941,160.8002927433958,-0.10603259245335972,10.603259245335972,1.0059730785102972,5,0,0
simt,8,4,96,target_p25_ns,165.50434132417044,160.8002927433958,-0.028422508697587,2.8422508697587,1.0057025200934142,5,0,0
simt,8,4,128,target_p25_ns,155.0885091225306,160.8002927433958,0.03682918646379196,3.6829186463791963,1.0070617411202414,5,0,0
simt,8,4,192,target_p25_ns,152.24067370096842,160.8002927433958,0.05622425882875559,5.622425882875559,1.0055362978451645,5,0,0
simt,8,4,256,target_p25_ns,144.69949901103973,160.8002927433958,0.11127055616915205,11.127055616915204,1.0038409965980677,5,0,0
simt,8,8,1,target_p25_ns,133.02000363667807,148.31422323289434,0.11497683940822823,11.497683940822823,1.0090762415570638,5,0,0
simt,8,8,2,target_p25_ns,134.21500225861868,148.31422323289434,0.10504951560562414,10.504951560562414,1.0093229806476882,5,0,0
simt,8,8,3,target_p25_ns,137.57184147834778,148.31422323289434,0.07808561431691885,7.808561431691885,1.0048399381972346,5,0,0
simt,8,8,4,target_p25_ns,134.21417276064554,148.31422323289434,0.10505634525941243,10.505634525941243,1.0060002567387896,5,0,0
simt,8,8,5,target_p25_ns,148.82349967956543,151.04701419411947,0.014940614347475512,1.4940614347475512,1.0091876788461085,5,0,0
simt,8,8,6,target_p25_ns,148.8836705684662,151.04701419411947,0.014530429142384893,1.4530429142384893,1.0088646339925809,5,0,0
simt,8,8,7,target_p25_ns,149.0810066461563,151.04701419411947,0.013187511891635362,1.3187511891635362,1.0053181804791418,5,0,0
simt,8,8,8,target_p25_ns,148.02267650763193,151.04701419411947,0.02043158357788255,2.043158357788255,1.0116822934467287,5,0,0
simt,8,8,9,target_p25_ns,148.82349967956543,151.04701419411947,0.014940614347475512,1.4940614347475512,1.0122497301683135,5,0,0
simt,8,8,10,target_p25_ns,165.25783638159433,154.16066072964722,-0.06715067735924363,6.715067735924363,1.0049156161631194,5,0,0
simt,8,8,11,target_p25_ns,165.10850191116333,154.16066072964722,-0.06630695000434683,6.630695000434683,1.0029273963278127,5,0,0
simt,8,8,12,target_p25_ns,165.14267027378082,154.16066072964722,-0.06650013304209712,6.650013304209712,1.006424610234596,5,0,0
simt,8,8,16,target_p25_ns,179.73216871420541,157.65516283947758,-0.12283280189999146,12.283280189999147,1.0022530581507825,5,0,0
simt,8,8,20,target_p25_ns,195.5725053946177,161.5305205236105,-0.17406324474045454,17.406324474045455,1.0125260486511314,5,0,0
simt,8,8,24,target_p25_ns,195.6765055656433,165.78673378204607,-0.15275094829189984,15.275094829189984,1.0096060830753122,5,0,0
simt,8,8,32,target_p25_ns,199.60366189479828,175.44172702182493,-0.12104955712539966,12.104955712539967,1.0105855502055943,5,0,0
simt,8,8,40,target_p25_ns,197.26999600728354,175.44172702182493,-0.11065174343417472,11.065174343417471,1.011648631681133,5,0,0
simt,8,8,48,target_p25_ns,195.660670598348,175.44172702182493,-0.10333677951062781,10.33367795106278,1.0073565863916814,5,0,0
simt,8,8,64,target_p25_ns,186.29800279935202,175.44172702182493,-0.05827370993998038,5.827370993998038,1.0068568752655211,5,0,0
simt,8,8,96,target_p25_ns,170.31466464201608,175.44172702182493,0.030103469895474966,3.0103469895474966,2.0324659570017687,5,0,1
simt,8,8,128,target_p25_ns,165.05350172519684,175.44172702182493,0.06293853319103637,6.293853319103637,1.0079317883440062,5,0,0
simt,8,8,192,target_p25_ns,215.04501005013785,244.98233401172723,0.1392142228950557,13.92142228950557,2.0733137795524788,5,0,1
simt,8,8,256,target_p25_ns,151.5664905309677,244.98233401172723,0.6163357293126281,61.63357293126281,1.001975412737428,5,0,0
simt,8,16,1,target_p25_ns,132.81250496705374,148.2159379233969,0.11597878498085867,11.597878498085867,1.0047751140856762,5,0,0
simt,8,16,2,target_p25_ns,134.01666283607483,148.2159379233969,0.10595156443113485,10.595156443113485,1.0063155180793055,5,0,0
simt,8,16,3,target_p25_ns,149.1104910771052,150.6538729561297,0.010350592154018345,1.0350592154018345,1.0042656902284817,5,0,0
simt,8,16,4,target_p25_ns,147.72632718086243,150.6538729561297,0.01981735978369703,1.981735978369703,1.0051173714457082,5,0,0
simt,8,16,5,target_p25_ns,165.07934033870697,153.27609294417022,-0.0715004516635398,7.15004516635398,1.0294088060720545,5,0,0
simt,8,16,6,target_p25_ns,165.1919980843862,153.27609294417022,-0.07213367038595231,7.213367038595231,1.0021677775315374,5,0,0
simt,8,16,7,target_p25_ns,179.5896738767624,156.08259788751846,-0.13089324949370362,13.089324949370361,1.0048492379630487,5,0,0
simt,8,16,8,target_p25_ns,179.83117202917734,156.08259788751846,-0.13206038682662702,13.206038682662701,1.0101505913408557,5,0,0
simt,8,16,9,target_p25_ns,195.04383206367493,159.0733877861744,-0.18442236238343301,18.442236238343302,1.0077500339124839,5,0,0
simt,8,16,10,target_p25_ns,194.90199287732443,159.0733877861744,-0.1838288288498996,18.38288288498996,1.010918037836555,5,0,0
simt,8,16,11,target_p25_ns,195.41150828202566,162.24846264013806,-0.16970876451158334,16.970876451158333,1.0199651101090554,5,0,0
simt,8,16,12,target_p25_ns,195.8636740843455,162.24846264013806,-0.17162555334141028,17.16255533414103,1.0099859337169446,5,0,0
simt,8,16,16,target_p25_ns,199.88317290941873,169.15146721398847,-0.15374833833239676,15.374833833239677,1.0157535288880708,5,0,0
simt,8,16,20,target_p25_ns,202.0046611626943,176.79161160906975,-0.12481419690270412,12.481419690270412,1.0123071048214627,5,0,0
simt,8,16,24,target_p25_ns,203.72665921847025,185.16889582538184,-0.09109148240234788,9.109148240234788,1.0180516949665002,5,0,0
simt,8,16,32,target_p25_ns,210.54367224375406,204.13488372169854,-0.03043923597302811,3.043923597302811,1.011917743499765,5,0,0
simt,8,16,40,target_p25_ns,206.1769962310791,204.13488372169854,-0.00990465739006019,0.990465739006019,1.8240314398419617,5,0,1
simt,8,16,48,target_p25_ns,203.09683680534363,204.13488372169854,0.0051110934699087895,0.511109346990879,1.9072066843038065,5,0,1
simt,8,16,64,target_p25_ns,197.71348933378854,204.13488372169854,0.03247828162634425,3.247828162634425,1.0209862305178488,5,0,0
simt,8,16,96,target_p25_ns,509.1761747996012,343.21609770150314,-0.32593841839401794,32.59384183940179,1.2084367904819926,5,0,0
simt,8,16,128,target_p25_ns,494.7013407945633,343.21609770150314,-0.3062155498704582,30.62155498704582,1.1825458054572138,5,0,0
simt,8,16,192,target_p25_ns,456.2976658344269,343.21609770150314,-0.24782412140139398,24.7824121401394,1.02151105959189,5,0,0
simt,8,16,256,target_p25_ns,410.61097880204517,343.21609770150314,-0.16413316881386397,16.413316881386397,1.3094381794400913,5,0,0
simt,8,32,1,target_p25_ns,132.56716231505075,148.16679526864817,0.11767343195085012,11.767343195085012,1.0069516859270693,5,0,0
simt,8,32,2,target_p25_ns,147.7681746085485,150.45730233713482,0.018198287525105217,1.8198287525105217,1.010704561108551,5,0,0
simt,8,32,3,target_p25_ns,165.0631676117579,152.83380905143173,-0.07408896083401617,7.408896083401617,1.0057922724125603,5,0,0
simt,8,32,4,target_p25_ns,179.7733356555303,155.2963154115389,-0.13615489835985817,13.615489835985816,1.0067825726452493,5,0,0
simt,8,32,5,target_p25_ns,194.68565781911215,157.84482141745633,-0.18923241092513177,18.923241092513177,1.008483850084285,5,0,0
simt,8,32,6,target_p25_ns,195.66000004609427,160.47932706918405,-0.17980513630083939,17.980513630083937,1.0025628500134545,5,0,0
simt,8,32,7,target_p25_ns,197.12233046690622,163.199832366722,-0.1720885605392093,17.20885605392093,1.0060615335423164,5,0,0
simt,8,32,8,target_p25_ns,199.53949252764383,166.00633731007025,-0.16805272376308145,16.805272376308146,1.0109335422559316,5,0,0
simt,8,32,9,target_p25_ns,200.55365562438965,168.89884189922873,-0.15783713154771006,15.783713154771007,1.0044461276250898,5,0,0
simt,8,32,10,target_p25_ns,201.99466745058695,171.8773461341975,-0.1490995861252472,14.90995861252472,1.0082110490886556,5,0,0
simt,8,32,11,target_p25_ns,201.46366953849792,174.94185001497652,-0.13164566884081952,13.164566884081951,1.004988164261017,5,0,0
simt,8,32,12,target_p25_ns,203.57483625411987,178.0923535415658,-0.12517501269530484,12.517501269530484,1.007783728277193,5,0,0
simt,8,32,16,target_p25_ns,210.83650489648184,191.55436410602562,-0.09145541850033756,9.145541850033755,1.0035633598151923,5,0,0
simt,8,32,20,target_p25_ns,215.06783862908682,206.39236900344963,-0.040338293633011335,4.033829363301134,1.8093086442984438,5,0,1
simt,8,32,24,target_p25_ns,223.23083380858102,222.60636823383788,-0.0027973983884260756,0.27973983884260756,1.8208046104763411,5,0,1
simt,8,32,32,target_p25_ns,256.3818395137787,259.16234969350705,0.010845191629023088,1.0845191629023088,1.0085189239646353,5,0,0
simt,8,32,40,target_p25_ns,536.4358425140381,537.3247776531161,0.0016571136166294576,0.16571136166294576,1.163233465875265,5,0,0
simt,8,32,48,target_p25_ns,557.0759971936544,537.3247776531161,-0.03545516166562135,3.545516166562135,1.1817364259177403,5,0,0
simt,8,32,64,target_p25_ns,556.0301492611567,537.3247776531161,-0.03364093050151307,3.3640930501513067,1.154014852908641,5,0,0
simt,8,32,96,target_p25_ns,494.1289921601613,537.3247776531161,0.0874180349226581,8.74180349226581,1.0296491701786943,5,0,0
simt,8,32,128,target_p25_ns,504.53435381253564,537.3247776531161,0.06499145914009263,6.499145914009263,1.1049913251900148,5,0,0
simt,8,32,192,target_p25_ns,562.5456621249517,537.3247776531161,-0.04483348849685653,4.483348849685653,1.0040679342113334,5,0,0
simt,8,32,256,target_p25_ns,474.9646832545598,537.3247776531161,0.13129417111868524,13.129417111868523,1.0057163864993361,5,0,0
simt,8,64,1,target_p25_ns,132.2211573521296,150.35901702763738,0.13717819476654003,13.717819476654004,1.0175882952848812,5,0,0
simt,8,64,2,target_p25_ns,147.8289912144343,154.90317417354913,0.04785382691851914,4.785382691851914,1.0075219512083504,5,0,0
simt,8,64,3,target_p25_ns,163.89666497707367,159.59475928370705,-0.026247670713546167,2.6247670713546167,1.0067546520007218,5,0,0
simt,8,64,4,target_p25_ns,180.04115919272104,164.43377235811113,-0.0866878823963988,8.66878823963988,1.0036779491239327,5,0,0
simt,8,64,5,target_p25_ns,194.04982527097067,169.42021339676137,-0.1269241641409189,12.69241641409189,1.0047203110490848,5,0,0
simt,8,64,6,target_p25_ns,197.16332852840424,174.5540823996578,-0.11467267416054627,11.467267416054627,1.0122847798998478,5,0,0
simt,8,64,7,target_p25_ns,201.22334361076355,179.8353793668004,-0.10628967723215543,10.628967723215544,1.0132176071250059,5,0,0
simt,8,64,8,target_p25_ns,200.67850251992544,185.26410429818912,-0.07681140744114245,7.681140744114245,1.0056224255547717,5,0,0
simt,8,64,9,target_p25_ns,200.34683247407278,190.84025719382407,-0.04745058937469837,4.745058937469837,1.0051606519800382,5,0,0
simt,8,64,10,target_p25_ns,201.86066130797067,196.56383805370515,-0.026239997530694503,2.6239997530694503,1.014555714856562,5,0,0
simt,8,64,11,target_p25_ns,202.75300244490305,202.4348468778324,-0.0015691780799009791,0.1569178079900979,1.0073145924977451,5,0,0
simt,8,64,12,target_p25_ns,204.8488308986028,208.45328366620583,0.017595671655979306,1.7595671655979306,1.0058688255886852,5,0,0
simt,8,64,16,target_p25_ns,215.1851604382197,234.0013104621612,0.08744167109675605,8.744167109675605,1.011919516712821,5,0,0
simt,8,64,20,target_p25_ns,518.9846654733022,525.1883443353531,0.0119534916439068,1.19534916439068,1.1752732144071247,5,0,0
simt,8,64,24,target_p25_ns,551.9783099492391,540.5717976768747,-0.020664783501028183,2.0664783501028183,1.1893155880709332,5,0,0
simt,8,64,32,target_p25_ns,553.2975097497305,578.4152466437336,0.045396439440626546,4.539643944062655,1.1177925618142697,5,0,0
simt,8,64,40,target_p25_ns,551.2351791063944,578.4152466437336,0.04930757064779612,4.930757064779612,1.0614478397620362,5,0,0
simt,8,64,48,target_p25_ns,513.0533476670583,578.4152466437336,0.12739786081483917,12.739786081483917,1.0169353428414154,5,0,0
simt,8,64,64,target_p25_ns,540.2083297570547,578.4152466437336,0.07072626389130554,7.072626389130554,1.0896179531829695,5,0,0
simt,8,64,96,target_p25_ns,558.4568480650584,578.4152466437336,0.0357384794327924,3.5738479432792403,1.0038920047778488,5,0,0
simt,8,64,128,target_p25_ns,539.3988192081451,578.4152466437336,0.07233317175752396,7.233317175752396,1.0053151772152622,5,0,0
simt,8,64,192,target_p25_ns,541.3750211397806,578.4152466437336,0.06841879299486431,6.841879299486431,1.0245892980709304,5,0,0
simt,8,64,256,target_p25_ns,474.93548691272736,578.4152466437336,0.2178817177963821,21.788171779638212,1.004772107162437,5,0,0
simt,8,128,1,target_p25_ns,132.72816936175028,154.70660355455422,0.1655898239122231,16.558982391222308,1.011177429434972,5,0,0
simt,8,128,2,target_p25_ns,148.03066849708557,163.64748988213157,0.10549720232705329,10.54972023270533,1.0042210470447124,5,0,0
simt,8,128,3,target_p25_ns,169.5591708024343,172.7849468287038,0.01902448573559079,1.902448573559079,1.0065497575826268,5,0,0
simt,8,128,4,target_p25_ns,181.21467034022012,182.1189743942709,0.004990236454659014,0.4990236454659014,1.0098473704387698,5,0,0
simt,8,128,5,target_p25_ns,193.81082554658255,191.6495725788329,-0.011151353190176572,1.1151353190176572,1.0080153252667872,5,0,0
simt,8,128,6,target_p25_ns,195.3463355700175,201.3767413823898,0.03087032984148741,3.087032984148741,1.0173243203730566,5,0,0
simt,8,128,7,target_p25_ns,200.19583900769553,211.30048080494157,0.05546889412031786,5.546889412031786,1.0063314997737296,5,0,0
simt,8,128,8,target_p25_ns,201.8589973449707,221.42079084648827,0.09690820700990144,9.690820700990145,1.0048557191808591,5,0,0
simt,8,128,9,target_p25_ns,487.3603234688441,502.4589653114833,0.030980449403785748,3.098044940378575,1.12683040566641,5,0,0
simt,8,128,10,target_p25_ns,510.9803477923075,505.53128243586417,-0.010663943104634144,1.0663943104634144,1.1719250154392509,5,0,0
simt,8,128,11,target_p25_ns,516.5824939807256,508.8001701792399,-0.015065016511721208,1.5065016511721208,1.1609185471310797,5,0,0
simt,8,128,12,target_p25_ns,518.9013133446375,512.2656285416106,-0.012787951451222801,1.27879514512228,1.1641614599137355,5,0,0
simt,8,128,16,target_p25_ns,532.2261651357015,528.0931681810418,-0.007765489984142171,0.7765489984142171,1.1686190868803819,5,0,0
simt,8,128,20,target_p25_ns,547.7056503295898,547.0658377243915,-0.0011681687140041586,0.11681687140041586,1.0830564382040475,5,0,0
simt,8,128,24,target_p25_ns,511.2396677335104,569.1836371716593,0.11334012811453609,11.334012811453608,1.0248366664517852,5,0,0
simt,8,128,32,target_p25_ns,551.1476695537567,622.8546257779495,0.13010479801584074,13.010479801584074,1.0821696007686306,5,0,0
simt,8,128,40,target_p25_ns,589.0099902947744,622.8546257779495,0.057460206177890605,5.7460206177890605,1.011879802013403,5,0,0
simt,8,128,48,target_p25_ns,584.786186615626,622.8546257779495,0.06509804785684103,6.5098047856841035,1.0191837243063677,5,0,0
simt,8,128,64,target_p25_ns,590.4718339443207,622.8546257779495,0.0548422295053661,5.48422295053661,1.0145613422214472,5,0,0
simt,8,128,96,target_p25_ns,566.1263763904572,622.8546257779495,0.10020421544246672,10.020421544246672,1.0080038149798771,5,0,0
simt,8,128,128,target_p25_ns,540.7088299592336,622.8546257779495,0.15192242343242146,15.192242343242146,1.0061237370258844,5,0,0
simt,8,128,192,target_p25_ns,549.7719943523407,622.8546257779495,0.1329326196611813,13.29326196611813,1.0183203784556163,5,0,0
simt,8,128,256,target_p25_ns,474.6006677548091,622.8546257779495,0.3123762103506611,31.23762103506611,1.00350695570596,5,0,0
simt,8,256,1,target_p25_ns,131.72882795333862,163.2543486441418,0.23932134811045502,23.9321348110455,1.0050157427264998,5,0,0
simt,8,256,2,target_p25_ns,149.17517205079398,180.54640944231178,0.21029798028881075,21.029798028881075,1.0586184751449212,5,0,0
simt,8,256,3,target_p25_ns,177.3554931084315,197.8384702404818,0.11549107824660076,11.549107824660076,1.019246651474464,5,0,0
simt,8,256,4,target_p25_ns,194.81266041596731,215.13053103865178,0.10429440560639858,10.429440560639858,1.0117476518084136,5,0,0
simt,8,256,5,target_p25_ns,492.0393427213033,495.70275148611967,0.0074453574069002215,0.7445357406900222,1.16091681870992,5,0,0
simt,8,256,6,target_p25_ns,503.7901699542999,498.11254397397846,-0.011269822872559176,1.1269822872559176,1.161906058208873,5,0,0
simt,8,256,7,target_p25_ns,514.6690060695013,500.52233646183726,-0.02748692740544323,2.748692740544323,1.1736722892134868,5,0,0
simt,8,256,8,target_p25_ns,522.8809863328934,502.932128949696,-0.03815181256274802,3.815181256274802,1.168962744196204,5,0,0
simt,8,256,9,target_p25_ns,560.912013053894,505.34192143755473,-0.0990709600134736,9.907096001347359,1.0864952973786506,5,0,0
simt,8,256,10,target_p25_ns,563.424160083135,507.7517139254135,-0.09881089612754068,9.881089612754067,1.0673614019401063,5,0,0
simt,8,256,11,target_p25_ns,573.0534940958023,510.1615064132723,-0.10974889487719586,10.974889487719587,1.086860830581778,5,0,0
simt,8,256,12,target_p25_ns,524.9021699031194,512.5712989011311,-0.023491750861430627,2.3491750861430627,1.1069207962861634,5,0,0
simt,8,256,16,target_p25_ns,540.2130136887232,522.2104688525661,-0.03332490032631896,3.3324900326318962,1.1091060838890137,5,0,0
simt,8,256,20,target_p25_ns,599.4663238525391,531.8496388040012,-0.11279480157282484,11.279480157282485,1.0044051721289013,5,0,0
simt,8,256,24,target_p25_ns,611.6918325424194,541.4888087554363,-0.11476861395254079,11.47686139525408,1.0031052501703563,5,0,0
simt,8,256,32,target_p25_ns,689.7747913996378,560.7671486583064,-0.1870286423189793,18.70286423189793,1.0032747585495903,5,0,0
simt,8,256,40,target_p25_ns,614.8440341154734,560.7671486583064,-0.08795219999973336,8.795219999973336,1.0035008157560024,5,0,0
simt,8,256,48,target_p25_ns,602.8224726517996,560.7671486583064,-0.06976402821960659,6.976402821960659,1.0019678514097854,5,0,0
simt,8,256,64,target_p25_ns,589.2808735370636,560.7671486583064,-0.048387324549680644,4.838732454968064,1.014963854507084,5,0,0
simt,8,256,96,target_p25_ns,648.0005085468292,560.7671486583064,-0.1346192768955501,13.461927689555008,1.0020106612827748,5,0,0
simt,8,256,128,target_p25_ns,539.1169786453247,560.7671486583064,0.04015857572763437,4.015857572763437,1.0038061010963848,5,0,0
simt,8,256,192,target_p25_ns,548.2453306516012,560.7671486583064,0.022839807849932336,2.2839807849932336,1.0126332687770645,5,0,0
simt,8,256,256,target_p25_ns,475.9013205766678,560.7671486583064,0.1783265236137681,17.83265236137681,1.005098207562969,5,0,0
simt,8,512,1,target_p25_ns,149.93301033973694,180.54640944231178,0.20418051390555814,20.418051390555814,1.0314483219271766,5,0,0
simt,8,512,2,target_p25_ns,165.04032413164774,215.13053103865178,0.30350283890044105,30.350283890044103,1.0288433135008743,5,0,0
simt,8,512,3,target_p25_ns,488.48650852839154,498.11254397397846,0.01970583686044103,1.9705836860441028,1.1387576633723577,5,0,0
simt,8,512,4,target_p25_ns,503.3428271611532,502.932128949696,-0.0008159413212929234,0.08159413212929234,1.1622485330978125,5,0,0
simt,8,512,5,target_p25_ns,570.2640066544215,507.7517139254135,-0.1096199163888143,10.961991638881429,1.0707580403386483,5,0,0
simt,8,512,6,target_p25_ns,531.7458162705103,512.5712989011311,-0.036059554739636734,3.6059554739636734,1.0977987083449094,5,0,0
simt,8,512,7,target_p25_ns,535.5386584997177,517.3908838768486,-0.03388695537631037,3.388695537631037,1.1058610042638288,5,0,0
simt,8,512,8,target_p25_ns,537.5888148943583,522.2104688525661,-0.028606149562122374,2.8606149562122374,1.1076598782180755,5,0,0
simt,8,512,9,target_p25_ns,598.8408227761587,527.0300538282837,-0.11991628863070547,11.991628863070547,1.005648373696248,5,0,0
simt,8,512,10,target_p25_ns,607.6841652393341,531.8496388040012,-0.12479266496184871,12.47926649618487,1.00516406230164,5,0,0
simt,8,512,11,target_p25_ns,611.8439733982086,536.6692237797188,-0.12286588229506612,12.286588229506613,1.0033875290986582,5,0,0
simt,8,512,12,target_p25_ns,616.9504721959432,541.4888087554363,-0.1223139730680689,12.23139730680689,1.002980360392534,5,0,0
simt,8,512,16,target_p25_ns,683.099369208018,560.7671486583064,-0.1790840777551046,17.90840777551046,1.0024341747488772,5,0,0
simt,8,512,20,target_p25_ns,681.8032066027323,580.0454885611765,-0.14924793115683777,14.924793115683777,1.0036392571286072,5,0,0
simt,8,512,24,target_p25_ns,683.4010283152262,599.3238284640466,-0.12302761682763819,12.302761682763819,1.004012864406048,5,0,0
simt,8,512,32,target_p25_ns,652.5538563728333,637.8805082697869,-0.0224860338495384,2.24860338495384,1.0036446655680433,5,0,0
simt,8,512,40,target_p25_ns,648.737500111262,637.8805082697869,-0.016735569994971833,1.6735569994971833,1.0032674507533716,5,0,0
simt,8,512,48,target_p25_ns,650.264839331309,637.8805082697869,-0.019045057202012217,1.9045057202012217,1.0036241142108673,5,0,0
simt,8,512,64,target_p25_ns,577.9343545436859,637.8805082697869,0.1037248491196412,10.372484911964118,1.0055638894250991,5,0,0
simt,8,512,96,target_p25_ns,897.2053329149882,637.8805082697869,-0.28903620512671735,28.903620512671736,1.0015796691920174,5,0,0
simt,8,512,128,target_p25_ns,540.2881602446238,637.8805082697869,0.18063018071870518,18.063018071870516,1.0019122254118091,5,0,0
simt,8,512,192,target_p25_ns,798.1899976730347,637.8805082697869,-0.20084126570189853,20.084126570189852,1.0038906541471242,5,0,0
simt,8,512,256,target_p25_ns,457.82150824864704,637.8805082697869,0.39329519644006794,39.329519644006794,1.0037866945547154,5,0,0
simt,16,4,1,target_p25_ns,138.52984209855398,148.903935089879,0.07488706284631874,7.488706284631874,1.01130065278754,5,0,0
simt,16,4,2,target_p25_ns,138.92066478729248,148.903935089879,0.07186310487264347,7.186310487264347,1.013542241688966,5,0,0
simt,16,4,3,target_p25_ns,144.78266735871634,148.903935089879,0.02846520102404071,2.846520102404071,1.0012497666814963,5,0,0
simt,16,4,4,target_p25_ns,139.5509938398997,148.903935089879,0.0670216742469747,6.702167424697469,1.0139244419119808,5,0,0
simt,16,4,5,target_p25_ns,144.56034203370413,148.903935089879,0.03004692016543631,3.004692016543631,1.0028288574763247,5,0,0
simt,16,4,6,target_p25_ns,144.12815868854523,148.903935089879,0.03313562349501753,3.313562349501753,1.0048641072662168,5,0,0
simt,16,4,7,target_p25_ns,144.74167426427206,148.903935089879,0.028756478372686356,2.8756478372686356,1.0067729669022123,5,0,0
simt,16,4,8,target_p25_ns,139.60449894269308,148.903935089879,0.06661272536068696,6.661272536068696,1.0094126133677215,5,0,0
simt,16,4,9,target_p25_ns,144.53334112962088,148.903935089879,0.03023934772488568,3.023934772488568,1.001052156146532,5,0,0
simt,16,4,10,target_p25_ns,144.47733263174692,148.903935089879,0.03063873327046318,3.063873327046318,1.0035538719506347,5,0,0
simt,16,4,11,target_p25_ns,148.97633095582327,153.40586162205815,0.02973311691740066,2.973311691740066,1.012087968389725,5,0,0
simt,16,4,12,target_p25_ns,148.8170027732849,153.40586162205815,0.030835581709464543,3.0835581709464543,1.0079309272909653,5,0,0
simt,16,4,16,target_p25_ns,148.96400272846222,153.40586162205815,0.029818337398550776,2.9818337398550776,1.0094980425778923,5,0,0
simt,16,4,20,target_p25_ns,148.72700969378153,153.40586162205815,0.031459328994175584,3.1459328994175584,1.0139707593790643,5,0,0
simt,16,4,24,target_p25_ns,166.6648437579473,159.46806744250924,-0.04318113018418068,4.318113018418068,1.00659357656575,5,0,0
simt,16,4,32,target_p25_ns,180.35949766635895,167.09055255123226,-0.07356942820761492,7.356942820761492,1.00652455689397,5,0,0
simt,16,4,40,target_p25_ns,179.541677236557,167.09055255123226,-0.06934949520895717,6.934949520895717,1.0073569964148779,5,0,0
simt,16,4,48,target_p25_ns,180.4741621017456,167.09055255123226,-0.07415803677740906,7.415803677740906,1.0094196461761284,5,0,0
simt,16,4,64,target_p25_ns,180.14784157276154,167.09055255123226,-0.0724809628998827,7.24809628998827,1.0081726748041957,5,0,0
simt,16,4,96,target_p25_ns,165.7053381204605,167.09055255123226,0.008359503963383252,0.8359503963383252,1.0094270890546893,5,0,0
simt,16,4,128,target_p25_ns,156.01701041062674,167.09055255123226,0.07097650513530973,7.097650513530973,1.015475985606271,5,0,0
simt,16,4,192,target_p25_ns,152.7001659075419,167.09055255123226,0.09423949579991664,9.423949579991664,1.0114308073609788,5,0,0
simt,16,4,256,target_p25_ns,144.99383171399435,167.09055255123226,0.1523976611696456,15.23976611696456,1.007549870783966,5,0,0
simt,16,8,1,target_p25_ns,137.58333524068198,148.51079385188922,0.07942428922871536,7.942428922871536,1.012522736534433,5,0,0
simt,16,8,2,target_p25_ns,139.67417180538177,148.51079385188922,0.0632659705963401,6.326597059634009,1.008858291984346,5,0,0
simt,16,8,3,target_p25_ns,144.1849966843923,148.51079385188922,0.030001714928534984,3.0001714928534984,1.0108616234450694,5,0,0
simt,16,8,4,target_p25_ns,139.7549957036972,148.51079385188922,0.0626510566159344,6.26510566159344,1.0051273622074761,5,0,0
simt,16,8,5,target_p25_ns,148.8396724065145,151.83329667009903,0.020113080169971598,2.0113080169971598,1.0097632283442648,5,0,0
simt,16,8,6,target_p25_ns,149.03600017229715,151.83329667009903,0.01876926712048088,1.8769267120480881,1.004428218266563,5,0,0
simt,16,8,7,target_p25_ns,149.13799862066904,151.83329667009903,0.018072510522857854,1.8072510522857854,1.0085729527758593,5,0,0
simt,16,8,8,target_p25_ns,149.31016167004904,151.83329667009903,0.01689861541792248,1.689861541792248,1.0019059973037745,5,0,0
simt,16,8,9,target_p25_ns,148.96298944950104,151.83329667009903,0.01926859303243944,1.926859303243944,1.0128364222606996,5,0,0
simt,16,8,10,target_p25_ns,166.11617306868234,155.92979630060123,-0.06132080085826119,6.13208008582612,1.004384400557676,5,0,0
simt,16,8,11,target_p25_ns,166.13800823688507,155.92979630060123,-0.061444169486663425,6.1444169486663425,1.0114960048811883,5,0,0
simt,16,8,12,target_p25_ns,166.3384884595871,155.92979630060123,-0.06257536818674847,6.257536818674847,1.0016707531375564,5,0,0
simt,16,8,16,target_p25_ns,180.63833812872568,160.8002927433958,-0.10982189933120945,10.982189933120946,1.0150256370582285,5,0,0
simt,16,8,20,target_p25_ns,196.73150281111398,166.44478599848276,-0.15394950162969134,15.394950162969135,1.0200023287650735,5,0,0
simt,16,8,24,target_p25_ns,195.89932759602866,172.8632760658621,-0.11759127411437609,11.759127411437609,1.0089396094909775,5,0,0
simt,16,8,32,target_p25_ns,199.29050405820212,188.02224663749786,-0.05654186823378904,5.654186823378904,1.0093172386008455,5,0,0
simt,16,8,40,target_p25_ns,197.2841670115789,188.02224663749786,-0.046947104343844415,4.694710434384442,1.006773214841959,5,0,0
simt,16,8,48,target_p25_ns,195.82833349704742,188.02224663749786,-0.0398618867870173,3.9861886787017298,1.0076947453589133,5,0,0
simt,16,8,64,target_p25_ns,186.55884265899658,188.02224663749786,0.00784419520213353,0.784419520213353,1.0086954378286421,5,0,0
simt,16,8,96,target_p25_ns,173.143337170283,188.02224663749786,0.08593405735608384,8.593405735608384,2.01256402409226,5,0,1
simt,16,8,128,target_p25_ns,167.97017057736716,188.02224663749786,0.11937879202721113,11.937879202721113,1.0055178587235922,5,0,0
simt,16,8,192,target_p25_ns,220.43167054653168,257.56285362740016,0.1684475873580531,16.84475873580531,2.0347113238073344,5,0,1
simt,16,8,256,target_p25_ns,154.86416717370352,257.56285362740016,0.6631533189889212,66.31533189889211,1.0166978119663503,5,0,0
simt,16,16,1,target_p25_ns,137.9628231128057,148.31422323289434,0.07503035880633435,7.503035880633435,1.0130022671496934,5,0,0
simt,16,16,2,target_p25_ns,139.89166915416718,148.31422323289434,0.060207688775556045,6.0207688775556045,1.0038770607352312,5,0,0
simt,16,16,3,target_p25_ns,148.79433810710907,151.04701419411947,0.015139528262082314,1.5139528262082314,1.0074483587864453,5,0,0
simt,16,16,4,target_p25_ns,148.71800442536673,151.04701419411947,0.015660577061612946,1.5660577061612946,1.020265649779995,5,0,0
simt,16,16,5,target_p25_ns,166.5869951248169,154.16066072964722,-0.07459366432451175,7.4593664324511755,1.008470742378372,5,0,0
simt,16,16,6,target_p25_ns,166.03400309880575,154.16066072964722,-0.07151151057950933,7.151151057950933,1.012663981715486,5,0,0
simt,16,16,7,target_p25_ns,180.20649751027426,157.65516283947758,-0.12514162908865667,12.514162908865668,1.0076986230985412,5,0,0
simt,16,16,8,target_p25_ns,180.01434206962585,157.65516283947758,-0.12420776574291059,12.42077657429106,1.0085560944617633,5,0,0
simt,16,16,9,target_p25_ns,196.7076708873113,161.5305205236105,-0.17882958099713797,17.882958099713797,1.0039439667473393,5,0,0
simt,16,16,10,target_p25_ns,196.6944932937622,161.5305205236105,-0.17877456649299528,17.87745664929953,1.0160634338219707,5,0,0
simt,16,16,11,target_p25_ns,195.00482579072317,165.78673378204607,-0.14983266126979655,14.983266126979656,1.0076417448434158,5,0,0
simt,16,16,12,target_p25_ns,195.70999840895334,165.78673378204607,-0.15289594231348347,15.289594231348346,1.0036527143454133,5,0,0
simt,16,16,16,target_p25_ns,199.4196673234304,175.44172702182493,-0.12023859343179344,12.023859343179344,1.0150884324443283,5,0,0
simt,16,16,20,target_p25_ns,201.86750094095865,186.62014255881422,-0.07553151602448338,7.553151602448338,1.0031554921765593,5,0,0
simt,16,16,24,target_p25_ns,203.80682746569315,199.3219803930139,-0.0220053819023025,2.20053819023025,1.0100382664799183,5,0,0
simt,16,16,32,target_p25_ns,226.89900795618692,229.2959229530444,0.010563796723696228,1.0563796723696228,1.0028189533240897,5,0,0
simt,16,16,40,target_p25_ns,213.20748825867972,229.2959229530444,0.07545905083242177,7.545905083242177,1.7774508862914797,5,0,1
simt,16,16,48,target_p25_ns,213.53582541147867,229.2959229530444,0.07380540249485712,7.380540249485712,1.838716504689948,5,0,1
simt,16,16,64,target_p25_ns,216.14416440327963,229.2959229530444,0.06084715997803358,6.084715997803358,1.0106953932868965,5,0,0
simt,16,16,96,target_p25_ns,505.0383309523264,368.377136932849,-0.27059568679031154,27.059568679031155,1.185420159404377,5,0,0
simt,16,16,128,target_p25_ns,490.61233301957446,368.377136932849,-0.24914823346246484,24.914823346246486,1.1625894675052222,5,0,0
simt,16,16,192,target_p25_ns,456.52098457018536,368.377136932849,-0.19307731871367062,19.30773187136706,1.0187402800405236,5,0,0
simt,16,16,256,target_p25_ns,411.13249957561493,368.377136932849,-0.10399412035511535,10.399412035511535,1.2748883757931793,5,0,0
simt,16,32,1,target_p25_ns,138.63984247048697,148.2159379233969,0.06907174216494405,6.907174216494405,1.0042610782498393,5,0,0
simt,16,32,2,target_p25_ns,148.98066222667694,150.6538729561297,0.01123105981974315,1.123105981974315,1.003414043354219,5,0,0
simt,16,32,3,target_p25_ns,166.3335015376409,153.27609294417022,-0.07850137508537824,7.850137508537824,1.0040698799503445,5,0,0
simt,16,32,4,target_p25_ns,180.32732605934143,156.08259788751846,-0.1344484427382049,13.44484427382049,1.0018247191872984,5,0,0
simt,16,32,5,target_p25_ns,196.75134122371674,159.0733877861744,-0.19150036387655667,19.150036387655668,1.004433226323259,5,0,0
simt,16,32,6,target_p25_ns,196.18216156959534,162.24846264013806,-0.17297035906814262,17.297035906814262,1.004120149446204,5,0,0
simt,16,32,7,target_p25_ns,197.1976707379023,165.6078224494094,-0.16019382059780685,16.019382059780686,1.0080858985566548,5,0,0
simt,16,32,8,target_p25_ns,199.11632935206094,169.15146721398847,-0.1504892252462685,15.048922524626851,1.0148707452889332,5,0,0
simt,16,32,9,target_p25_ns,200.676163037618,172.87939693387526,-0.13851553509388193,13.851553509388193,1.0060120954454288,5,0,0
simt,16,32,10,target_p25_ns,201.8901656071345,176.79161160906975,-0.12431786324305139,12.431786324305138,1.0234173065921721,5,0,0
simt,16,32,11,target_p25_ns,202.50649750232697,180.88811123957194,-0.10675403766986102,10.675403766986102,1.007339243617111,5,0,0
simt,16,32,12,target_p25_ns,203.8008322318395,185.16889582538184,-0.09142227832152505,9.142227832152505,1.0058702111475533,5,0,0
simt,16,32,16,target_p25_ns,226.67083144187927,204.13488372169854,-0.09942147199455253,9.942147199455253,1.0078325463155773,5,0,0
simt,16,32,20,target_p25_ns,225.69917142391205,226.04943090293858,0.0015518864195060988,0.15518864195060988,1.7312320416103208,5,0,1
simt,16,32,24,target_p25_ns,241.16483827431998,250.91253736910198,0.04041923841192063,4.041923841192063,1.7182220721229375,5,0,1
simt,16,32,32,target_p25_ns,370.9896703561147,309.48442815619876,-0.16578693994600113,16.578693994600112,1.0105581839299476,5,0,0
simt,16,32,40,target_p25_ns,540.0356451670328,587.6468561158079,0.0881630895568919,8.81630895568919,1.138258272414757,5,0,0
simt,16,32,48,target_p25_ns,573.5111633936564,587.6468561158079,0.02464763307919915,2.464763307919915,1.1378602829624038,5,0,0
simt,16,32,64,target_p25_ns,588.2556835810343,587.6468561158079,-0.0010349708166357274,0.10349708166357274,1.0954238448537494,5,0,0
simt,16,32,96,target_p25_ns,530.0401647885641,587.6468561158079,0.10868363409822601,10.868363409822601,1.0188982823005153,5,0,0
simt,16,32,128,target_p25_ns,539.6728217601776,587.6468561158079,0.0888946643619366,8.889466436193661,1.0708903474970115,5,0,0
simt,16,32,192,target_p25_ns,541.1947965621948,587.6468561158079,0.08583242087449494,8.583242087449495,1.039259525042886,5,0,0
simt,16,32,256,target_p25_ns,504.671980937322,587.6468561158079,0.1644134770953154,16.44134770953154,1.002493602111864,5,0,0
simt,16,64,1,target_p25_ns,135.44266919294992,150.45730233713482,0.11085600448995314,11.085600448995315,1.00995697727878,5,0,0
simt,16,64,2,target_p25_ns,150.3648410240809,155.2963154115389,0.032796725310727526,3.2796725310727526,1.0058835835015028,5,0,0
simt,16,64,3,target_p25_ns,165.33100108305612,160.47932706918405,-0.029345216457225543,2.9345216457225543,1.0073480333027478,5,0,0
simt,16,64,4,target_p25_ns,181.03850881258646,166.00633731007025,-0.08303300552523729,8.30330055252373,1.015435349717776,5,0,0
simt,16,64,5,target_p25_ns,193.77383589744568,171.8773461341975,-0.11300023897362932,11.300023897362932,1.0134521299377326,5,0,0
simt,16,64,6,target_p25_ns,197.46034344037375,178.0923535415658,-0.0980854664858638,9.80854664858638,1.0141511363831441,5,0,0
simt,16,64,7,target_p25_ns,199.09034172693887,184.65135953217518,-0.07252477478072439,7.252477478072439,1.0080946585231747,5,0,0
simt,16,64,8,target_p25_ns,201.07283691565195,191.55436410602562,-0.04733843196144505,4.733843196144505,1.0138088596539847,5,0,0
simt,16,64,9,target_p25_ns,201.48267348607382,198.8013672631171,-0.01330787494807606,1.330787494807606,1.012837245133567,5,0,0
simt,16,64,10,target_p25_ns,202.77383426825205,206.39236900344963,0.017845175874174002,1.7845175874174002,1.0078184718792618,5,0,0
simt,16,64,11,target_p25_ns,205.21332820256552,214.32736932702323,0.04441252039663457,4.441252039663457,1.0137157940516175,5,0,0
simt,16,64,12,target_p25_ns,209.8085085550944,222.60636823383788,0.06099781065543808,6.099781065543808,1.0343281837842233,5,0,0
simt,16,64,16,target_p25_ns,279.67466910680133,259.16234969350705,-0.07334350114296939,7.334350114296939,1.0136605788286353,5,0,0
simt,16,64,20,target_p25_ns,522.7338174978892,564.502468134331,0.07990424426024534,7.990424426024534,1.1484730900168938,5,0,0
simt,16,64,24,target_p25_ns,586.6758128007253,597.1841359474029,0.01791163521214889,1.791163521214889,1.1741101134631837,5,0,0
simt,16,64,32,target_p25_ns,703.1562030315399,679.059403569117,-0.034269482880949664,3.4269482880949664,1.1267432144453002,5,0,0
simt,16,64,40,target_p25_ns,722.7605183919271,679.059403569117,-0.060464169957762715,6.046416995776271,1.0733356323494174,5,0,0
simt,16,64,48,target_p25_ns,651.7438292503357,679.059403569117,0.041911519669009856,4.191151966900986,1.0146380472033554,5,0,0
simt,16,64,64,target_p25_ns,682.8451852003733,679.059403569117,-0.005544128761990841,0.5544128761990841,1.0703647559750926,5,0,0
simt,16,64,96,target_p25_ns,689.5537078380585,679.059403569117,-0.015218980261659465,1.5218980261659465,1.0103496758594728,5,0,0
simt,16,64,128,target_p25_ns,685.8766774336497,679.059403569117,-0.009939503833314434,0.9939503833314434,1.0078244629692763,5,0,0
simt,16,64,192,target_p25_ns,678.5065134366354,679.059403569117,0.0008148634118207987,0.08148634118207987,1.0048693850427088,5,0,0
simt,16,64,256,target_p25_ns,505.3738454977671,679.059403569117,0.3436773778830573,34.36773778830573,1.007020329614786,5,0,0
simt,16,128,1,target_p25_ns,135.9823395808538,154.90317417354913,0.13914185217739394,13.914185217739394,1.0084395170200302,5,0,0
simt,16,128,2,target_p25_ns,150.16316374142966,164.43377235811113,0.09503401673964751,9.50340167396475,1.0157368599401635,5,0,0
simt,16,128,3,target_p25_ns,166.37632747491202,174.5540823996578,0.049152154329040076,4.915215432904008,1.0044854862740216,5,0,0
simt,16,128,4,target_p25_ns,180.92050651709238,185.26410429818912,0.02400832202338754,2.400832202338754,1.0063347484116238,5,0,0
simt,16,128,5,target_p25_ns,192.0685072739919,196.56383805370515,0.02340483009690142,2.340483009690142,1.0134224641906941,5,0,0
simt,16,128,6,target_p25_ns,195.3405092159907,208.45328366620583,0.06712777857928165,6.712777857928165,1.0085072888707791,5,0,0
simt,16,128,7,target_p25_ns,197.8674978017807,220.9324411356912,0.11656762020115319,11.65676202011532,1.0126332115004806,5,0,0
simt,16,128,8,target_p25_ns,203.89684041341147,234.0013104621612,0.14764559366251762,14.764559366251762,1.0077348825396102,5,0,0
simt,16,128,9,target_p25_ns,479.67184086640674,518.3811854500693,0.08069963939042957,8.069963939042957,1.1284578668448906,5,0,0
simt,16,128,10,target_p25_ns,511.64618631203973,525.1883443353531,0.02646781777252305,2.646781777252305,1.1607493174244754,5,0,0
simt,16,128,11,target_p25_ns,518.9934968948364,532.5852150776216,0.02618860980745441,2.618860980745441,1.1663184081264695,5,0,0
simt,16,128,12,target_p25_ns,519.1786736249924,540.5717976768747,0.04120570651046185,4.120570651046185,1.147705301265804,5,0,0
simt,16,128,16,target_p25_ns,528.2414853572845,578.4152466437336,0.09498262192056561,9.498262192056561,1.1246341490812333,5,0,0
simt,16,128,20,target_p25_ns,542.4203077952067,625.6940853223473,0.1535226029158574,15.35226029158574,1.0695849056491809,5,0,0
simt,16,128,24,target_p25_ns,584.8668615023295,682.4083137127157,0.16677548110664797,16.677548110664798,1.0340325903918008,5,0,0
simt,16,128,32,target_p25_ns,833.4209819634756,824.1429396287165,-0.011132479905774373,1.1132479905774373,1.127539281867321,5,0,0
simt,16,128,40,target_p25_ns,824.2241938908895,824.1429396287165,-9.858271908946836e-05,0.009858271908946836,1.0589745027147979,5,0,0
simt,16,128,48,target_p25_ns,820.678840080897,824.1429396287165,0.004221017258685622,0.4221017258685622,1.0664903904442058,5,0,0
simt,16,128,64,target_p25_ns,840.1791354020437,824.1429396287165,-0.019086638905468134,1.9086638905468134,1.0827539459887408,5,0,0
simt,16,128,96,target_p25_ns,800.1916309197744,824.1429396287165,0.02993196602345294,2.993196602345294,1.0933600055048607,5,0,0
simt,16,128,128,target_p25_ns,684.818853934606,824.1429396287165,0.20344662664240065,20.344662664240065,1.0104030376563857,5,0,0
simt,16,128,192,target_p25_ns,793.9015030860901,824.1429396287165,0.03809217695780953,3.809217695780953,1.0257943763693225,5,0,0
simt,16,128,256,target_p25_ns,504.93916869163513,824.1429396287165,0.632162824215402,63.21628242154021,1.003813051594981,5,0,0
simt,16,256,1,target_p25_ns,134.11299884319305,163.64748988213157,0.22022094274001502,22.022094274001503,1.0073609961218597,5,0,0
simt,16,256,2,target_p25_ns,149.62033927440643,182.1189743942709,0.21720733476122778,21.720733476122778,1.0060763913126203,5,0,0
simt,16,256,3,target_p25_ns,169.42298909028372,201.3767413823898,0.18860340301916323,18.860340301916324,1.0200345174135088,5,0,0
simt,16,256,4,target_p25_ns,193.17249953746796,221.42079084648827,0.14623350309520244,14.623350309520244,1.027414281711127,5,0,0
simt,16,256,5,target_p25_ns,479.76400951544446,505.53128243586417,0.05370822406300202,5.370822406300202,1.1552565815113396,5,0,0
simt,16,256,6,target_p25_ns,500.30317902565,512.2656285416106,0.023910400767905626,2.3910400767905626,1.1631861453732852,5,0,0
simt,16,256,7,target_p25_ns,513.0321532487869,519.7862571233364,0.013165069346587677,1.3165069346587677,1.1749764058269956,5,0,0
simt,16,256,8,target_p25_ns,522.6759860912958,528.0931681810418,0.01036432174789037,1.036432174789037,1.1653532765420997,5,0,0
simt,16,256,9,target_p25_ns,560.6878399848938,537.1863617147269,-0.04191544134575864,4.191544134575864,1.0886539438663159,5,0,0
simt,16,256,10,target_p25_ns,563.4691764911016,547.0658377243915,-0.02911133288400769,2.911133288400769,1.074122486486159,5,0,0
simt,16,256,11,target_p25_ns,572.1270044644674,557.7315962100356,-0.025161210958581592,2.5161210958581592,1.0827824846812997,5,0,0
simt,16,256,12,target_p25_ns,520.8534896373749,569.1836371716593,0.09279029227188729,9.27902922718873,1.1002157073716627,5,0,0
simt,16,256,16,target_p25_ns,530.2688280741373,622.8546257779495,0.174601622426253,17.460162242625298,1.0798536516099626,5,0,0
simt,16,256,20,target_p25_ns,581.9808642069498,657.6548349607305,0.130028279979445,13.0028279979445,1.0069372636029015,5,0,0
simt,16,256,24,target_p25_ns,703.7128011385599,692.4550441435114,-0.015997658386822433,1.5997658386822433,1.0090839676684413,5,0,0
simt,16,256,32,target_p25_ns,941.348155339559,762.0554625090732,-0.19046374267957433,19.046374267957432,1.0129345767935118,5,0,0
simt,16,256,40,target_p25_ns,766.6134834289551,762.0554625090732,-0.005945657125014936,0.5945657125014936,1.0554600787241855,5,0,0
simt,16,256,48,target_p25_ns,748.2736905415853,762.0554625090732,0.018418089719969943,1.8418089719969943,1.042331999021895,5,0,0
simt,16,256,64,target_p25_ns,854.010800520579,762.0554625090732,-0.1076746780666622,10.76746780666622,1.0708014563033577,5,0,0
simt,16,256,96,target_p25_ns,859.7010175387064,762.0554625090732,-0.11358082989036,11.358082989036,1.0406427909044356,5,0,0
simt,16,256,128,target_p25_ns,685.5678657690684,762.0554625090732,0.11156823497583468,11.156823497583467,1.0074544212998642,5,0,0
simt,16,256,192,target_p25_ns,790.5048330624899,762.0554625090732,-0.035988863525604375,3.5988863525604375,1.059839077788368,5,0,0
simt,16,256,256,target_p25_ns,503.8306713104248,762.0554625090732,0.5125229683358212,51.25229683358212,1.0036588838608536,5,0,0
simt,16,512,1,target_p25_ns,134.8623385032018,180.54640944231178,0.33874594973025296,33.874594973025296,1.0250088713537526,5,0,0
simt,16,512,2,target_p25_ns,157.07315504550934,215.13053103865178,0.36961997724131335,36.961997724131336,1.0195401081810704,5,0,0
simt,16,512,3,target_p25_ns,468.6763485272725,498.11254397397846,0.06280708539955904,6.280708539955904,1.1775225038921415,5,0,0
simt,16,512,4,target_p25_ns,489.6756609280904,502.932128949696,0.02707193573084754,2.707193573084754,1.1884113064827084,5,0,0
simt,16,512,5,target_p25_ns,546.800489226977,507.7517139254135,-0.07141320476279656,7.141320476279656,1.0664588314827257,5,0,0
simt,16,512,6,target_p25_ns,513.6098514000574,512.5712989011311,-0.002022064989788186,0.2022064989788186,1.106538026446515,5,0,0
simt,16,512,7,target_p25_ns,519.6316589911779,517.3908838768486,-0.004312237477369196,0.4312237477369196,1.10832770921754,5,0,0
simt,16,512,8,target_p25_ns,526.6785124937693,522.2104688525661,-0.008483436356739538,0.8483436356739538,1.1087266190569727,5,0,0
simt,16,512,9,target_p25_ns,577.91535059611,527.0300538282837,-0.08804974070223082,8.804974070223082,1.0059422163040774,5,0,0
simt,16,512,10,target_p25_ns,584.0968191623688,531.8496388040012,-0.08944952042932419,8.94495204293242,1.0049533457139552,5,0,0
simt,16,512,11,target_p25_ns,587.9234671592712,536.6692237797188,-0.08717842753786087,8.717842753786087,1.0051107623315805,5,0,0
simt,16,512,12,target_p25_ns,589.6218121051788,541.4888087554363,-0.08163368851279273,8.163368851279273,1.0040174501850923,5,0,0
simt,16,512,16,target_p25_ns,688.2838507493337,560.7671486583064,-0.18526760718299595,18.526760718299595,1.0027707236834553,5,0,0
simt,16,512,20,target_p25_ns,680.5558005968729,580.0454885611765,-0.14768856858988655,14.768856858988656,1.0078619935474888,5,0,0
simt,16,512,24,target_p25_ns,719.6030020713806,599.3238284640466,-0.16714657006864875,16.714657006864876,1.0344946962427146,5,0,0
simt,16,512,32,target_p25_ns,942.6116943359375,637.8805082697869,-0.3232839014169364,32.32839014169364,1.0144270378145055,5,0,0
simt,16,512,40,target_p25_ns,637.9330058892568,637.8805082697869,-8.229331134346207e-05,0.008229331134346207,1.0097473950971207,5,0,0
simt,16,512,48,target_p25_ns,669.8071757952372,637.8805082697869,-0.0476654605671325,4.76654605671325,1.0291566372183454,5,0,0
simt,16,512,64,target_p25_ns,864.9636805057526,637.8805082697869,-0.2625349218168189,26.253492181681892,1.0380691722115791,5,0,0
simt,16,512,96,target_p25_ns,952.0033200581869,637.8805082697869,-0.3299597860322595,32.99597860322595,1.0037191628978375,5,0,0
simt,16,512,128,target_p25_ns,683.8711301485697,637.8805082697869,-0.06725042168221285,6.725042168221284,1.0119548566975873,5,0,0
simt,16,512,192,target_p25_ns,813.561201095581,637.8805082697869,-0.21594035284526103,21.594035284526104,1.0020572849538625,5,0,0
simt,16,512,256,target_p25_ns,505.1024854183197,637.8805082697869,0.2628734300158948,26.28734300158948,1.0043519005060206,5,0,0
simt,32,4,1,target_p25_ns,136.9875023762385,149.69021756585857,0.09272900789687988,9.272900789687988,1.008755763682899,5,0,0
simt,32,4,2,target_p25_ns,136.03482147057852,149.69021756585857,0.10038162249680638,10.038162249680639,1.0223607504542729,5,0,0
simt,32,4,3,target_p25_ns,142.72100726763406,149.69021756585857,0.0488310055516612,4.88310055516612,1.020663599730667,5,0,0
simt,32,4,4,target_p25_ns,135.659987727801,149.69021756585857,0.10342201907174675,10.342201907174676,1.0185876034430261,5,0,0
simt,32,4,5,target_p25_ns,143.60065758228302,149.69021756585857,0.04240621238162667,4.240621238162667,1.0146230677855665,5,0,0
simt,32,4,6,target_p25_ns,141.97984337806702,149.69021756585857,0.054306118420346605,5.4306118420346605,1.0180867244603165,5,0,0
simt,32,4,7,target_p25_ns,142.75566736857095,149.69021756585857,0.04857635654760939,4.857635654760939,1.0189788312593246,5,0,0
simt,32,4,8,target_p25_ns,135.7714980840683,149.69021756585857,0.1025157686127316,10.25157686127316,1.0093633164133278,5,0,0
simt,32,4,9,target_p25_ns,141.4338300625483,149.69021756585857,0.058376326934361567,5.837632693436157,1.0276768936462581,5,0,0
simt,32,4,10,target_p25_ns,142.193337281545,149.69021756585857,0.05272314742476025,5.272314742476025,1.0102785105772447,5,0,0
simt,32,4,11,target_p25_ns,150.4011700550715,156.5509915259764,0.04088945231378882,4.088945231378882,1.0080906016143811,5,0,0
simt,32,4,12,target_p25_ns,150.56966245174408,156.5509915259764,0.03972466283604281,3.9724662836042812,1.008570530680481,5,0,0
simt,32,4,16,target_p25_ns,149.67882633209229,156.5509915259764,0.045912741048869776,4.591274104886978,1.0095802808018377,5,0,0
simt,32,4,20,target_p25_ns,150.19899109999338,156.5509915259764,0.042290566530864604,4.22905665308646,1.0096029742206754,5,0,0
simt,32,4,24,target_p25_ns,164.98500605424246,166.54460972632526,0.009453002484177464,0.9453002484177464,1.008054125489488,5,0,0
simt,32,4,32,target_p25_ns,180.02449969450632,179.67107216690522,-0.0019632190518560355,0.19632190518560355,1.0082681981810875,5,0,0
simt,32,4,40,target_p25_ns,180.1198422908783,179.67107216690522,-0.0024915085326820963,0.24915085326820963,1.0072009794903127,5,0,0
simt,32,4,48,target_p25_ns,180.7496597369512,179.67107216690522,-0.005967300694317612,0.5967300694317612,1.0083713943476165,5,0,0
simt,32,4,64,target_p25_ns,180.05050718784332,179.67107216690522,-0.0021073810169400797,0.21073810169400797,1.0073058776999664,5,0,0
simt,32,4,96,target_p25_ns,169.07666623592377,179.67107216690522,0.06266036684327791,6.2660366843277915,1.0099492318172785,5,0,0
simt,32,4,128,target_p25_ns,156.80216749509177,179.67107216690522,0.14584559025645683,14.584559025645682,1.013980390448465,5,0,0
simt,32,4,192,target_p25_ns,153.7963350613912,179.67107216690522,0.1682402711038955,16.82402711038955,1.0071092575322869,5,0,0
simt,32,4,256,target_p25_ns,146.88182870546976,179.67107216690522,0.22323553396918205,22.323553396918207,1.011065818658198,5,0,0
simt,32,8,1,target_p25_ns,136.4611734946569,148.903935089879,0.09118169862220427,9.118169862220427,1.0072485730069067,5,0,0
simt,32,8,2,target_p25_ns,135.52749156951904,148.903935089879,0.09869911532671227,9.869911532671228,1.0149346605617624,5,0,0
simt,32,8,3,target_p25_ns,142.36433307329813,148.903935089879,0.04593567697334611,4.593567697334611,1.0136851192891785,5,0,0
simt,32,8,4,target_p25_ns,135.02216339111328,148.903935089879,0.10281105968177218,10.281105968177219,1.014975551547107,5,0,0
simt,32,8,5,target_p25_ns,149.6386577685674,153.40586162205815,0.02517533844307218,2.517533844307218,1.016590258037618,5,0,0
simt,32,8,6,target_p25_ns,149.875337878863,153.40586162205815,0.023556402228422035,2.3556402228422035,1.0090247725272923,5,0,0
simt,32,8,7,target_p25_ns,150.47067403793335,153.40586162205815,0.019506708552291308,1.9506708552291308,1.0122225798965405,5,0,0
simt,32,8,8,target_p25_ns,149.5963434378306,153.40586162205815,0.025465316174728025,2.5465316174728025,1.0063837904251718,5,0,0
simt,32,8,9,target_p25_ns,149.68899885813394,153.40586162205815,0.024830567324769293,2.4830567324769293,1.005615706841485,5,0,0
simt,32,8,10,target_p25_ns,164.8470014333725,159.46806744250924,-0.032629856437135785,3.2629856437135785,1.0019827753659973,5,0,0
simt,32,8,11,target_p25_ns,164.82249399026236,159.46806744250924,-0.03248601824984798,3.248601824984798,1.011668831113023,5,0,0
simt,32,8,12,target_p25_ns,164.361501733462,159.46806744250924,-0.02977238732515497,2.977238732515497,1.0061328188249536,5,0,0
simt,32,8,16,target_p25_ns,180.007666349411,167.09055255123226,-0.07175868706116928,7.175868706116928,1.0070292583675688,5,0,0
simt,32,8,20,target_p25_ns,195.5703447262446,176.27331694822723,-0.09867052085544437,9.867052085544437,1.0058654826751063,5,0,0
simt,32,8,24,target_p25_ns,197.82266517480215,187.01636063349412,-0.054626220568605,5.4626220568605,1.0050503873014582,5,0,0
simt,32,8,32,target_p25_ns,210.19750833511353,213.1832858688437,0.014204628577090483,1.4204628577090483,1.0075673676261099,5,0,0
simt,32,8,40,target_p25_ns,203.76033087571463,213.1832858688437,0.046245287061673856,4.624528706167386,1.0103651500280435,5,0,0
simt,32,8,48,target_p25_ns,205.03416657447815,213.1832858688437,0.03974517725759341,3.974517725759341,1.0043540438111032,5,0,0
simt,32,8,64,target_p25_ns,200.44883092244467,213.1832858688437,0.06352970425318216,6.352970425318216,1.0023729128866192,5,0,0
simt,32,8,96,target_p25_ns,189.21498954296112,213.1832858688437,0.12667229157571902,12.667229157571903,1.0091130616121453,5,0,0
simt,32,8,128,target_p25_ns,183.08101097742716,213.1832858688437,0.1644205192592474,16.442051925924737,1.007646165653955,5,0,0
simt,32,8,192,target_p25_ns,181.11282587051392,282.723892858746,0.5610373892618661,56.10373892618661,1.0039372509223723,5,0,0
simt,32,8,256,target_p25_ns,174.73617692788443,282.723892858746,0.6180043413415719,61.800434134157186,1.0053327338349691,5,0,0
simt,32,16,1,target_p25_ns,136.34433845678964,148.51079385188922,0.08923330101422122,8.923330101422122,1.0063904919178095,5,0,0
simt,32,16,2,target_p25_ns,135.45999427636465,148.51079385188922,0.09634430922017012,9.634430922017012,1.0165110843951808,5,0,0
simt,32,16,3,target_p25_ns,149.96199309825897,151.83329667009903,0.012478518944556427,1.2478518944556427,1.0039746854854,5,0,0
simt,32,16,4,target_p25_ns,149.38833812872568,151.83329667009903,0.016366461880488847,1.6366461880488847,1.009377573347646,5,0,0
simt,32,16,5,target_p25_ns,164.68316813309988,155.92979630060123,-0.05315280202421191,5.3152802024211905,1.0116075669530353,5,0,0
simt,32,16,6,target_p25_ns,165.0086690982183,155.92979630060123,-0.05502058071999261,5.502058071999261,1.0103087421515693,5,0,0
simt,32,16,7,target_p25_ns,179.5018364985784,160.8002927433958,-0.10418580734315053,10.418580734315054,1.0110563427714538,5,0,0
simt,32,16,8,target_p25_ns,179.78166043758392,160.8002927433958,-0.1055801111636635,10.55801111636635,1.004598503674945,5,0,0
simt,32,16,9,target_p25_ns,195.86582481861115,166.44478599848276,-0.15021016988223868,15.021016988223867,1.0027201177152028,5,0,0
simt,32,16,10,target_p25_ns,195.38683692614237,166.44478599848276,-0.14812692289296803,14.812692289296802,1.0106640438706773,5,0,0
simt,32,16,11,target_p25_ns,199.1888384024302,172.8632760658621,-0.13216384285238603,13.216384285238602,1.003227493410263,5,0,0
simt,32,16,12,target_p25_ns,198.07915886243185,172.8632760658621,-0.12730204904637377,12.730204904637377,1.0011565999158456,5,0,0
simt,32,16,16,target_p25_ns,210.76666315396628,188.02224663749786,-0.10791277983014558,10.791277983014558,1.0017467650214047,5,0,0
simt,32,16,20,target_p25_ns,213.78016968568167,206.27720445830317,-0.03509663800159768,3.509663800159768,1.0004280757064075,5,0,0
simt,32,16,24,target_p25_ns,218.278169631958,227.62814952827796,0.04283515805581972,4.283515805581972,1.0023826621473466,5,0,0
simt,32,16,32,target_p25_ns,356.24199112256366,279.6180014157361,-0.21508971883234662,21.50897188323466,1.0153723600459499,5,0,0
simt,32,16,40,target_p25_ns,246.31433685620627,279.6180014157361,0.1352079825502479,13.52079825502479,1.005128362068976,5,0,0
simt,32,16,48,target_p25_ns,255.11717796325684,279.6180014157361,0.09603752929568699,9.6037529295687,1.0062860317241253,5,0,0
simt,32,16,64,target_p25_ns,345.8608289559682,279.6180014157361,-0.19153029772176233,19.153029772176232,1.0119581278578254,5,0,0
simt,32,16,96,target_p25_ns,493.8863515853882,418.6992153955407,-0.15223570351457338,15.223570351457338,1.0620086895204897,5,0,0
simt,32,16,128,target_p25_ns,514.2379899819692,418.6992153955407,-0.18578708000507393,18.578708000507394,1.0927259986654663,5,0,0
simt,32,16,192,target_p25_ns,506.25234842300415,418.6992153955407,-0.1729436580397007,17.29436580397007,1.188084708304452,5,0,0
simt,32,16,256,target_p25_ns,469.0678318341573,418.6992153955407,-0.10738024017051928,10.738024017051927,1.1707498636367168,5,0,0
simt,32,32,1,target_p25_ns,136.7176671822866,148.31422323289434,0.084821196042981,8.482119604298099,1.009081207360925,5,0,0
simt,32,32,2,target_p25_ns,149.38799540201822,151.04701419411947,0.011105435799152907,1.1105435799152907,1.004436253957037,5,0,0
simt,32,32,3,target_p25_ns,164.33732211589813,154.16066072964722,-0.06192544246932463,6.192544246932464,1.0060344864325612,5,0,0
simt,32,32,4,target_p25_ns,179.8400084177653,157.65516283947758,-0.12335878858920357,12.335878858920356,1.008549726288842,5,0,0
simt,32,32,5,target_p25_ns,195.6238398949305,161.5305205236105,-0.1742799823867659,17.42799823867659,1.0084535814171733,5,0,0
simt,32,32,6,target_p25_ns,197.66700267791748,165.78673378204607,-0.16128270507454268,16.128270507454268,1.0058343811948693,5,0,0
simt,32,32,7,target_p25_ns,201.35200023651123,170.4238026147842,-0.15360263412033792,15.360263412033792,1.0030162124286428,5,0,0
simt,32,32,8,target_p25_ns,210.47750612099966,175.44172702182493,-0.16645854345610356,16.645854345610356,1.0053416569849374,5,0,0
simt,32,32,9,target_p25_ns,210.62582731246948,180.84050700316828,-0.141413428207519,14.141342820751902,1.0076413971954432,5,0,0
simt,32,32,10,target_p25_ns,213.57366939385733,186.62014255881422,-0.1262024804440539,12.620248044405391,1.004240283805577,5,0,0
simt,32,32,11,target_p25_ns,215.36200741926828,192.78063368876275,-0.10485309828369105,10.485309828369104,1.0047692969132813,5,0,0
simt,32,32,12,target_p25_ns,217.62566765149435,199.3219803930139,-0.08410628882155569,8.410628882155569,1.0104492718110438,5,0,0
simt,32,32,16,target_p25_ns,357.6643168926239,229.2959229530444,-0.35890746679691166,35.89074667969116,1.0073339393158236,5,0,0
simt,32,32,20,target_p25_ns,234.702005982399,265.3635547019165,0.13064033513977247,13.064033513977247,1.0061565010567162,5,0,0
simt,32,32,24,target_p25_ns,309.8604877789815,307.5248756396302,-0.0075376249359592196,0.753762493595922,1.0068257621322942,5,0,0
simt,32,32,32,target_p25_ns,663.5534763336182,410.12858508158223,-0.3819208252096026,38.192082520960255,1.0086355792569792,5,0,0
simt,32,32,40,target_p25_ns,629.9871901671091,688.2910130411914,0.09254763237109098,9.254763237109099,1.067055798278104,5,0,0
simt,32,32,48,target_p25_ns,717.5103028615316,688.2910130411914,-0.040723164118772415,4.0723164118772415,1.029216922639722,5,0,0
simt,32,32,64,target_p25_ns,890.4876708984375,688.2910130411914,-0.22706283811121641,22.70628381112164,1.0705796203780638,5,0,0
simt,32,32,96,target_p25_ns,814.8481647173563,688.2910130411914,-0.15531378378947858,15.531378378947858,1.5718722042293072,5,0,1
simt,32,32,128,target_p25_ns,860.430657863617,688.2910130411914,-0.2000621935645983,20.00621935645983,1.0904343925454247,5,0,0
simt,32,32,192,target_p25_ns,704.7063112258911,688.2910130411914,-0.023293814633423726,2.3293814633423726,1.0123520964248314,5,0,0
simt,32,32,256,target_p25_ns,766.9609785079956,688.2910130411914,-0.10257362195902653,10.257362195902653,1.0040196383000313,5,0,0
simt,32,64,1,target_p25_ns,138.2156709829966,150.6538729561297,0.08999125703092847,8.999125703092847,1.0124966362875547,5,0,0
simt,32,64,2,target_p25_ns,150.54750442504883,156.08259788751846,0.036766424548905885,3.6766424548905885,1.009931546367994,5,0,0
simt,32,64,3,target_p25_ns,165.19016524155936,162.24846264013806,-0.017807976625724753,1.7807976625724753,1.004531576647247,5,0,0
simt,32,64,4,target_p25_ns,181.4656654993693,169.15146721398847,-0.06785965957523588,6.7859659575235876,1.0175246386363312,5,0,0
simt,32,64,5,target_p25_ns,195.8821564912796,176.79161160906975,-0.09745933587911948,9.745933587911948,1.0034891610196301,5,0,0
simt,32,64,6,target_p25_ns,200.66950221856436,185.16889582538184,-0.07724445529495383,7.724445529495383,1.0110283682903,5,0,0
simt,32,64,7,target_p25_ns,208.63084495067596,194.28331986292477,-0.06876991315039349,6.87699131503935,1.0055856914594399,5,0,0
simt,32,64,8,target_p25_ns,218.9901719490687,204.13488372169854,-0.06783541058100584,6.7835410581005835,1.0047402863130481,5,0,0
simt,32,64,9,target_p25_ns,218.65965922673544,214.72358740170313,-0.018000905329093486,1.8000905329093486,1.0040268229695057,5,0,0
simt,32,64,10,target_p25_ns,222.61332968870798,226.04943090293858,0.015435289607479863,1.5435289607479863,1.0043946951637275,5,0,0
simt,32,64,11,target_p25_ns,225.20817319552103,238.11241422540485,0.05729916835070026,5.729916835070026,1.0037007415873587,5,0,0
simt,32,64,12,target_p25_ns,231.3278317451477,250.91253736910198,0.08466212420791042,8.466212420791042,1.0063354043442827,5,0,0
simt,32,64,16,target_p25_ns,391.18532339731854,309.48442815619876,-0.20885470480225032,20.88547048022503,1.0068414622537498,5,0,0
simt,32,64,20,target_p25_ns,654.3756524721781,643.1307157322868,-0.017184222391846027,1.7184222391846027,1.0880719919747261,5,0,0
simt,32,64,24,target_p25_ns,733.0176929632822,710.4088124884591,-0.03084356720425785,3.084356720425785,1.0599039889110644,5,0,0
simt,32,64,32,target_p25_ns,853.4123698870341,880.3477174198839,0.03156193709310218,3.1561937093102177,1.046678252916217,5,0,0
simt,32,64,40,target_p25_ns,841.8852984905243,880.3477174198839,0.04568605604388343,4.568605604388343,1.0022697472089073,5,0,0
simt,32,64,48,target_p25_ns,819.8923468589783,880.3477174198839,0.07373574200626609,7.373574200626609,1.0678031399424945,5,0,0
simt,32,64,64,target_p25_ns,854.150652885437,880.3477174198839,0.030670309091200387,3.0670309091200387,1.0361730253264843,5,0,0
simt,32,64,96,target_p25_ns,768.6456640561422,880.3477174198839,0.14532320754180805,14.532320754180805,1.0580070203403993,5,0,0
simt,32,64,128,target_p25_ns,845.3096747398376,880.3477174198839,0.04144994873130958,4.144994873130958,1.0025080683410132,5,0,0
simt,32,64,192,target_p25_ns,723.2255140940348,880.3477174198839,0.21725201927184767,21.725201927184767,1.0921171656161326,5,0,0
simt,32,64,256,target_p25_ns,766.9830322265625,880.3477174198839,0.14780598843786952,14.78059884378695,1.0054909104160965,5,0,0
simt,32,128,1,target_p25_ns,136.549174785614,155.2963154115389,0.13729222937713392,13.729222937713391,1.0087391638916596,5,0,0
simt,32,128,2,target_p25_ns,151.3069917758306,166.00633731007025,0.09714914930049967,9.714914930049968,1.008154366145941,5,0,0
simt,32,128,3,target_p25_ns,164.81049358844757,178.0923535415658,0.08058867893621335,8.058867893621336,1.0142118007694882,5,0,0
simt,32,128,4,target_p25_ns,180.7928333679835,191.55436410602562,0.05952410025091126,5.952410025091126,1.0215737392163484,5,0,0
simt,32,128,5,target_p25_ns,196.2560067574183,206.39236900344963,0.05164867263686013,5.164867263686013,1.001846788262415,5,0,0
simt,32,128,6,target_p25_ns,204.68799273173013,222.60636823383788,0.08753994439523427,8.753994439523428,1.0112411938835713,5,0,0
simt,32,128,7,target_p25_ns,222.246324022611,240.19636179719035,0.08076641021407016,8.076641021407017,1.004308240870243,5,0,0
simt,32,128,8,target_p25_ns,240.5604968468348,259.16234969350705,0.07732713014188719,7.732713014188719,1.0125924019843007,5,0,0
simt,32,128,9,target_p25_ns,473.51399064064026,550.2256257272414,0.16200500218127512,16.200500218127512,1.1131022943570283,5,0,0
simt,32,128,10,target_p25_ns,485.9441667795181,564.502468134331,0.16166116752761894,16.166116752761894,1.1025325116366098,5,0,0
simt,32,128,11,target_p25_ns,503.3164819081625,580.1553048743848,0.15266502434991325,15.266502434991324,1.0910535630390195,5,0,0
simt,32,128,12,target_p25_ns,531.5328240394592,597.1841359474029,0.12351318477195283,12.351318477195283,1.101676241029456,5,0,0
simt,32,128,16,target_p25_ns,746.6091314951578,679.059403569117,-0.09047535728737466,9.047535728737465,1.110570357113101,5,0,0
simt,32,128,20,target_p25_ns,779.6806693077087,782.9505805182589,0.004193910839746184,0.41939108397461844,1.0640822265182102,5,0,0
simt,32,128,24,target_p25_ns,894.2641715208689,908.8576667948284,0.016318998053047817,1.6318998053047817,1.0744941087814843,5,0,0
simt,32,128,32,target_p25_ns,916.5960351626078,1226.7195673302501,0.3383426507104901,33.83426507104901,1.032812730730536,5,0,0
simt,32,128,40,target_p25_ns,941.9203599294027,1226.7195673302501,0.302360177692935,30.2360177692935,1.0050051092596748,5,0,0
simt,32,128,48,target_p25_ns,933.4691762924194,1226.7195673302501,0.31415112409235757,31.415112409235757,1.0075470019290893,5,0,0
simt,32,128,64,target_p25_ns,954.7815322875977,1226.7195673302501,0.2848170244674777,28.481702446747768,1.005031630011485,5,0,0
simt,32,128,96,target_p25_ns,831.861654917399,1226.7195673302501,0.4746677648605633,47.466776486056325,1.1127505869179068,5,0,0
simt,32,128,128,target_p25_ns,845.6671833992004,1226.7195673302501,0.45059379317450987,45.05937931745099,1.001759933717338,5,0,0
simt,32,128,192,target_p25_ns,903.1049807866415,1226.7195673302501,0.35833551295634214,35.833551295634216,1.0048170910584175,5,0,0
simt,32,128,256,target_p25_ns,768.3459719022115,1226.7195673302501,0.596571872815618,59.6571872815618,1.0033034188321652,5,0,0
simt,32,256,1,target_p25_ns,135.47449310620627,164.43377235811113,0.2137618572169302,21.37618572169302,1.0334089770853543,5,0,0
simt,32,256,2,target_p25_ns,152.17365821202597,185.26410429818912,0.21745186699827967,21.74518669982797,1.0066396202732664,5,0,0
simt,32,256,3,target_p25_ns,170.56750257809958,208.45328366620583,0.22211605678378898,22.2116056783789,1.0177164437648503,5,0,0
simt,32,256,4,target_p25_ns,193.7111665805181,234.0013104621612,0.20799081742608827,20.799081742608827,1.0263222365405904,5,0,0
simt,32,256,5,target_p25_ns,477.64918704827625,525.1883443353531,0.09952734889146186,9.952734889146186,1.1297739299060252,5,0,0
simt,32,256,6,target_p25_ns,493.31381916999817,540.5717976768747,0.09579698899655442,9.579698899655442,1.1388978196114938,5,0,0
simt,32,256,7,target_p25_ns,507.31233755747473,558.3140984463348,0.10053325557666337,10.053325557666337,1.1357682367372406,5,0,0
simt,32,256,8,target_p25_ns,515.28466741244,578.4152466437336,0.12251592803704203,12.251592803704202,1.1036153381458096,5,0,0
simt,32,256,9,target_p25_ns,534.0928335984548,600.8752422690711,0.12503895291136802,12.503895291136802,1.0651596113739126,5,0,0
simt,32,256,10,target_p25_ns,532.3910117149353,625.6940853223473,0.17525290914823044,17.525290914823046,1.0246981767891394,5,0,0
simt,32,256,11,target_p25_ns,597.0197021961212,652.8717758035622,0.0935514747704147,9.35514747704147,1.0289279543985606,5,0,0
simt,32,256,12,target_p25_ns,631.3261886437734,682.4083137127157,0.08091241261300719,8.09124126130072,1.0689846751914962,5,0,0
simt,32,256,16,target_p25_ns,796.1431344350179,824.1429396287165,0.03516931062097095,3.516931062097095,1.075891845009957,5,0,0
simt,32,256,20,target_p25_ns,1016.5478090445201,909.2652272741891,-0.1055361890663743,10.55361890663743,1.0726828140464773,5,0,0
simt,32,256,24,target_p25_ns,1163.8149817784627,994.3875149196617,-0.14557938290147587,14.557938290147588,1.0102958861210627,5,0,0
simt,32,256,32,target_p25_ns,1279.0092428525288,1164.632090210607,-0.08942636910647384,8.942636910647384,1.0411879239243103,5,0,0
simt,32,256,40,target_p25_ns,1183.4264993667603,1164.632090210607,-0.015881348918762583,1.5881348918762583,1.0178330406722387,5,0,0
simt,32,256,48,target_p25_ns,1128.672460714976,1164.632090210607,0.03186011065854455,3.186011065854455,1.041654628668001,5,0,0
simt,32,256,64,target_p25_ns,955.5485049883524,1164.632090210607,0.21881001762940655,21.881001762940656,1.0044075491899926,5,0,0
simt,32,256,96,target_p25_ns,1188.3612076441448,1164.632090210607,-0.019967933386667358,1.9967933386667358,1.0559226529948897,5,0,0
simt,32,256,128,target_p25_ns,845.75887521108,1164.632090210607,0.37702615289723607,37.70261528972361,1.0028250005917378,5,0,0
simt,32,256,192,target_p25_ns,834.4894846280416,1164.632090210607,0.3956222476904192,39.56222476904192,1.1179234625385657,5,0,0
simt,32,256,256,target_p25_ns,767.3608462015787,1164.632090210607,0.5177111211440004,51.77111211440004,1.0448236732737004,5,0,0
simt,32,512,1,target_p25_ns,137.86766429742178,182.1189743942709,0.3209694624359909,32.09694624359909,1.0108958796552558,5,0,0
simt,32,512,2,target_p25_ns,157.76434044043222,221.42079084648827,0.4034907395951819,40.349073959518186,1.0099455201418228,5,0,0
simt,32,512,3,target_p25_ns,458.0956846475601,512.2656285416106,0.11825028200326004,11.825028200326004,1.136109634320087,5,0,0
simt,32,512,4,target_p25_ns,490.92299739519757,528.0931681810418,0.07571486971086405,7.571486971086405,1.1614354787700722,5,0,0
simt,32,512,5,target_p25_ns,545.7308491071066,547.0658377243915,0.0024462399724500816,0.24462399724500816,1.071378961039009,5,0,0
simt,32,512,6,target_p25_ns,509.63384906450904,569.1836371716593,0.11684818074086056,11.684818074086056,1.0897548103280865,5,0,0
simt,32,512,7,target_p25_ns,512.7454797426859,594.4465665228453,0.15934043303738132,15.934043303738132,1.0875029150983437,5,0,0
simt,32,512,8,target_p25_ns,520.7018355528513,622.8546257779495,0.19618288865188704,19.618288865188703,1.073245909470262,5,0,0
simt,32,512,9,target_p25_ns,550.7511297861735,640.25473036934,0.16251187831047376,16.251187831047375,1.012862271985911,5,0,0
simt,32,512,10,target_p25_ns,580.743650595347,657.6548349607305,0.13243568704804298,13.243568704804298,1.0224031206704705,5,0,0
simt,32,512,11,target_p25_ns,644.0801322460175,675.0549395521209,0.048091542892479966,4.809154289247997,1.014936222973054,5,0,0
simt,32,512,12,target_p25_ns,702.4119993050894,692.4550441435114,-0.014175377373149334,1.4175377373149334,1.0125465972715855,5,0,0
simt,32,512,16,target_p25_ns,951.8142938613892,762.0554625090732,-0.19936539362367478,19.936539362367476,1.0046181722374539,5,0,0
simt,32,512,20,target_p25_ns,1144.8155244191487,831.655880874635,-0.27354594418467826,27.354594418467826,1.0405191496787594,5,0,0
simt,32,512,24,target_p25_ns,1202.4495402971904,901.256299240197,-0.25048306058859837,25.048306058859836,1.0666554943496007,5,0,0
simt,32,512,32,target_p25_ns,1330.517828464508,1040.4571359713207,-0.21800586680445588,21.800586680445587,1.002738741228352,5,0,0
simt,32,512,40,target_p25_ns,1061.0918998718262,1040.4571359713207,-0.01944672643622858,1.9446726436228579,1.110666361642758,5,0,0
simt,32,512,48,target_p25_ns,1215.9846027692158,1040.4571359713207,-0.14435007351092988,14.435007351092988,1.0299973835207832,5,0,0
simt,32,512,64,target_p25_ns,956.2235077222189,1040.4571359713207,0.08808989485078778,8.808989485078778,1.005624939495999,5,0,0
simt,32,512,96,target_p25_ns,1168.849507967631,1040.4571359713207,-0.10984508366655021,10.984508366655021,1.0214130292599943,5,0,0
simt,32,512,128,target_p25_ns,844.8984821637472,1040.4571359713207,0.23145816679272113,23.145816679272112,1.0058115306303372,5,0,0
simt,32,512,192,target_p25_ns,824.6855139732361,1040.4571359713207,0.26164109632352184,26.164109632352183,1.0449805562318242,5,0,0
simt,32,512,256,target_p25_ns,731.0078342755636,1040.4571359713207,0.4233187213409615,42.33187213409615,1.004189261662385,5,0,0
simt,64,4,1,target_p25_ns,139.11999762058258,151.26278251781767,0.08728281415265471,8.72828141526547,1.009283180342326,5,0,0
simt,64,4,2,target_p25_ns,139.15167252222696,151.26278251781767,0.08703531747817239,8.70353174781724,1.0129674189461781,5,0,0
simt,64,4,3,target_p25_ns,145.1586683591207,151.26278251781767,0.042051323752815506,4.205132375281551,1.012949804006622,5,0,0
simt,64,4,4,target_p25_ns,139.4485036532084,151.26278251781767,0.08472144594674136,8.472144594674136,1.0049978155285852,5,0,0
simt,64,4,5,target_p25_ns,145.41883766651154,151.26278251781767,0.04018698639792473,4.018698639792473,1.0131189756713874,5,0,0
simt,64,4,6,target_p25_ns,145.2686736981074,151.26278251781767,0.0412622258269324,4.12622258269324,1.006304780320226,5,0,0
simt,64,4,7,target_p25_ns,146.12666765848795,151.26278251781767,0.03514837463708753,3.514837463708753,1.008729538452938,5,0,0
simt,64,4,8,target_p25_ns,139.8586630821228,151.26278251781767,0.08154031494637226,8.154031494637227,1.0080753109976641,5,0,0
simt,64,4,9,target_p25_ns,146.20533088843027,151.26278251781767,0.034591431096631986,3.4591431096631986,1.0031073420955257,5,0,0
simt,64,4,10,target_p25_ns,145.8493322134018,151.26278251781767,0.03711673013692729,3.711673013692729,1.0117122052914171,5,0,0
simt,64,4,11,target_p25_ns,153.99332841237387,162.84125133381286,0.05745653407623874,5.745653407623874,1.0074703121897797,5,0,0
simt,64,4,12,target_p25_ns,155.2649885416031,162.84125133381286,0.04879569350033952,4.879569350033952,1.0140109686848462,5,0,0
simt,64,4,16,target_p25_ns,152.8364966313044,162.84125133381286,0.06546050794819935,6.546050794819935,1.0089439678848353,5,0,0
simt,64,4,20,target_p25_ns,155.11017044385275,162.84125133381286,0.049842514309908825,4.9842514309908825,1.01018484674304,5,0,0
simt,64,4,24,target_p25_ns,181.01632595062256,180.6976942939573,-0.0017602371222149582,0.17602371222149582,1.0110989004330353,5,0,0
simt,64,4,32,target_p25_ns,194.34799253940582,204.83211139825107,0.05394508439144019,5.394508439144019,1.0062173486562103,5,0,0
simt,64,4,40,target_p25_ns,202.979842821757,204.83211139825107,0.009125381864250492,0.9125381864250492,1.007985870272547,5,0,0
simt,64,4,48,target_p25_ns,200.14983912309012,204.83211139825107,0.02339383481733104,2.339383481733104,1.0236372350368663,5,0,0
simt,64,4,64,target_p25_ns,195.0765053431193,204.83211139825107,0.05000912866453433,5.000912866453433,1.0095708259035292,5,0,0
simt,64,4,96,target_p25_ns,181.5794954697291,204.83211139825107,0.12805749827847923,12.805749827847922,1.0062663635505162,5,0,0
simt,64,4,128,target_p25_ns,172.53466447194418,204.83211139825107,0.18719395911051118,18.719395911051116,1.003186171457151,5,0,0
simt,64,4,192,target_p25_ns,171.1453398068746,204.83211139825107,0.19683136934601664,19.683136934601663,1.0041152182028423,5,0,0
simt,64,4,256,target_p25_ns,166.42800470193228,204.83211139825107,0.2307550749352516,23.07550749352516,1.0079800158125414,5,0,0
simt,64,8,1,target_p25_ns,139.74683483441672,149.69021756585857,0.07115282963813518,7.115282963813518,1.0021646335676764,5,0,0
simt,64,8,2,target_p25_ns,139.69249526659647,149.69021756585857,0.07156950185607269,7.156950185607269,1.0082639799634454,5,0,0
simt,64,8,3,target_p25_ns,145.8558440208435,149.69021756585857,0.026288789254595324,2.6288789254595324,1.0043061307101233,5,0,0
simt,64,8,4,target_p25_ns,139.14433618386587,149.69021756585857,0.07579094968017475,7.579094968017475,1.0051204961344469,5,0,0
simt,64,8,5,target_p25_ns,155.15866875648499,156.5509915259764,0.00897354160518482,0.897354160518482,1.0034002748843691,5,0,0
simt,64,8,6,target_p25_ns,155.06550669670105,156.5509915259764,0.009579724472063678,0.9579724472063678,1.0058387245544236,5,0,0
simt,64,8,7,target_p25_ns,155.3954929113388,156.5509915259764,0.007435856684060216,0.7435856684060216,1.011072000096496,5,0,0
simt,64,8,8,target_p25_ns,152.3151695728302,156.5509915259764,0.027809586957264987,2.7809586957264987,1.0086704058027651,5,0,0
simt,64,8,9,target_p25_ns,155.3148329257965,156.5509915259764,0.007959050509815047,0.7959050509815047,1.0075128761553718,5,0,0
simt,64,8,10,target_p25_ns,181.385338306427,166.54460972632526,-0.08181878821446009,8.18187882144601,1.0057398068522307,5,0,0
simt,64,8,11,target_p25_ns,185.65684060255685,166.54460972632526,-0.10294385498644743,10.294385498644743,1.003566450523913,5,0,0
simt,64,8,12,target_p25_ns,181.27932647864023,166.54460972632526,-0.08128183747445206,8.128183747445206,1.0066201680959024,5,0,0
simt,64,8,16,target_p25_ns,194.8793331782023,179.67107216690522,-0.07803937320223842,7.803937320223842,1.0070247406811077,5,0,0
simt,64,8,20,target_p25_ns,213.60265711943308,195.93037884771618,-0.08273435597683443,8.273435597683443,1.008024682646111,5,0,0
simt,64,8,24,target_p25_ns,210.69233119487762,215.32252976875822,0.021976113452358836,2.1976113452358836,1.0072959686216236,5,0,0
simt,64,8,32,target_p25_ns,328.3388316631317,263.5053643315355,-0.19745903036566181,19.745903036566183,1.0075751532550445,5,0,0
simt,64,8,40,target_p25_ns,214.063823223114,263.5053643315355,0.23096635556625378,23.09663555662538,1.0044977475755787,5,0,0
simt,64,8,48,target_p25_ns,262.83082365989685,263.5053643315355,0.002566444309102245,0.2566444309102245,1.004626618050225,5,0,0
simt,64,8,64,target_p25_ns,326.9283374150594,263.5053643315355,-0.19399656079064143,19.399656079064144,1.0032873080991378,5,0,0
simt,64,8,96,target_p25_ns,319.4959859053294,263.5053643315355,-0.17524671371109068,17.52467137110907,1.003925100729455,5,0,0
simt,64,8,128,target_p25_ns,323.792686065038,263.5053643315355,-0.18619111650160325,18.619111650160324,1.0092312550784703,5,0,0
simt,64,8,192,target_p25_ns,318.74464948972064,333.0459713214377,0.04486764516553321,4.486764516553321,1.0014917554656793,5,0,0
simt,64,8,256,target_p25_ns,318.18384925524396,333.0459713214377,0.04670922833129576,4.670922833129576,1.0091268903877675,5,0,0
simt,64,16,1,target_p25_ns,139.4953429698944,148.903935089879,0.06744735644698285,6.744735644698285,1.011462163408312,5,0,0
simt,64,16,2,target_p25_ns,139.52517012755075,148.903935089879,0.06721916163051023,6.721916163051023,1.003610810810811,5,0,0
simt,64,16,3,target_p25_ns,153.46449613571167,153.40586162205815,-0.0003820721738900801,0.03820721738900801,1.007172953392449,5,0,0
simt,64,16,4,target_p25_ns,152.44949360688528,153.40586162205815,0.006273343338476511,0.6273343338476511,1.0036653485750568,5,0,0
simt,64,16,5,target_p25_ns,185.39265791575113,159.46806744250924,-0.13983612277150115,13.983612277150115,1.0054905102709022,5,0,0
simt,64,16,6,target_p25_ns,181.121493379275,159.46806744250924,-0.1195519401522529,11.95519401522529,1.0047491589588138,5,0,0
simt,64,16,7,target_p25_ns,205.50400018692017,167.09055255123226,-0.1869231139089662,18.69231139089662,1.0082009156875866,5,0,0
simt,64,16,8,target_p25_ns,194.80199615160623,167.09055255123226,-0.1422544129312069,14.225441293120689,1.0042961928199037,5,0,0
simt,64,16,9,target_p25_ns,211.36900782585144,176.27331694822723,-0.16603990924979795,16.603990924979794,1.0106320162745406,5,0,0
simt,64,16,10,target_p25_ns,214.56816792488098,176.27331694822723,-0.17847405487500156,17.847405487500158,1.0020070747811352,5,0,0
simt,64,16,11,target_p25_ns,213.00333241621652,187.01636063349412,-0.12200265361080309,12.200265361080309,1.005159756364805,5,0,0
simt,64,16,12,target_p25_ns,211.18650337060294,187.01636063349412,-0.11444927754068446,11.444927754068445,1.0143702700999533,5,0,0
simt,64,16,16,target_p25_ns,328.6671539147695,213.1832858688437,-0.35137027436539414,35.13702743653941,1.0032705998739104,5,0,0
simt,64,16,20,target_p25_ns,249.42750732103983,245.59132825728108,-0.015379935857760763,1.5379935857760763,1.0020608855231685,5,0,0
simt,64,16,24,target_p25_ns,285.09267171223956,284.24048779880616,-0.0029891470317888746,0.29891470317888746,1.002159981269332,5,0,0
simt,64,16,32,target_p25_ns,637.5601887702942,380.2621583411195,-0.40356665137050496,40.3566651370505,1.0019815782499975,5,0,0
simt,64,16,40,target_p25_ns,382.2801609834035,380.2621583411195,-0.005278857885517074,0.5278857885517074,1.0098912441219081,5,0,0
simt,64,16,48,target_p25_ns,416.9626434644063,380.2621583411195,-0.08801864075485144,8.801864075485144,1.0046050724532258,5,0,0
simt,64,16,64,target_p25_ns,637.2181375821432,380.2621583411195,-0.40324649297651183,40.324649297651185,1.0030017728606042,5,0,0
simt,64,16,96,target_p25_ns,1238.5706901550293,519.3433723209241,-0.5806913755920391,58.06913755920391,1.0225091696490503,5,0,0
simt,64,16,128,target_p25_ns,1171.9114979108174,519.3433723209241,-0.5568407910949209,55.68407910949209,2.2913893123476137,5,0,1
simt,64,16,192,target_p25_ns,640.5537128448486,519.3433723209241,-0.1892274419667339,18.922744196673392,2.201197431252534,5,0,1
simt,64,16,256,target_p25_ns,699.1474827130636,519.3433723209241,-0.25717622509975147,25.717622509975147,1.0528068749594994,5,0,0
simt,64,32,1,target_p25_ns,139.764333764712,148.51079385188922,0.06258005781290055,6.258005781290055,1.006661400895856,5,0,0
simt,64,32,2,target_p25_ns,152.5773306687673,151.83329667009903,-0.004876438691167717,0.4876438691167717,1.0063330711071419,5,0,0
simt,64,32,3,target_p25_ns,184.86983080705008,155.92979630060123,-0.15654276514513488,15.654276514513487,1.0097312393136046,5,0,0
simt,64,32,4,target_p25_ns,195.02650201320648,160.8002927433958,-0.17549517074091303,17.549517074091302,1.0101273506339266,5,0,0
simt,64,32,5,target_p25_ns,211.5271637837092,166.44478599848276,-0.21312807763698893,21.312807763698892,1.0059450586694871,5,0,0
simt,64,32,6,target_p25_ns,211.18582785129547,172.8632760658621,-0.18146365300808842,18.146365300808842,1.0102058247658066,5,0,0
simt,64,32,7,target_p25_ns,220.1418330272039,180.0557629455338,-0.18209201554488963,18.209201554488963,1.010792771297749,5,0,0
simt,64,32,8,target_p25_ns,328.75901460647583,188.02224663749786,-0.4280848941509322,42.80848941509322,1.0033308810612547,5,0,0
simt,64,32,9,target_p25_ns,245.72632710138956,196.76272714175434,-0.1992607000528367,19.92607000528367,1.0036139886605535,5,0,0
simt,64,32,10,target_p25_ns,249.79482094446817,206.27720445830317,-0.1742134457456962,17.42134457456962,1.0057893298858624,5,0,0
simt,64,32,11,target_p25_ns,277.26900577545166,216.56567858714436,-0.218932970955536,21.8932970955536,1.0061623894900829,5,0,0
simt,64,32,12,target_p25_ns,285.1191659768422,227.62814952827796,-0.20163855436233202,20.163855436233202,1.0083251778344815,5,0,0
simt,64,32,16,target_p25_ns,637.5351746877035,279.6180014157361,-0.5614077269498001,56.140772694980015,1.0078170787393097,5,0,0
simt,64,32,20,target_p25_ns,289.7871633370717,343.9918022998723,0.1870498276686996,18.70498276686996,1.0066357185574066,5,0,0
simt,64,32,24,target_p25_ns,513.942023118337,420.7495521806865,-0.18132876228374228,18.13287622837423,1.0157512915876648,5,0,0
simt,64,32,32,target_p25_ns,2583.7510426839194,611.4168989323491,-0.7633607538684422,76.33607538684421,1.021489008195694,5,0,0
simt,64,32,40,target_p25_ns,2568.599224090576,889.5793268919583,-0.6536714180442386,65.36714180442385,1.0946466803740882,5,0,0
simt,64,32,48,target_p25_ns,2532.3479970296225,889.5793268919583,-0.6487136333807946,64.87136333807946,1.2493674860460964,5,0,0
simt,64,32,64,target_p25_ns,2824.3916829427085,889.5793268919583,-0.6850368409366248,68.50368409366247,1.1484089502246049,5,0,0
simt,64,32,96,target_p25_ns,2840.2766386667886,889.5793268919583,-0.6867983509840357,68.67983509840357,1.0854811768926107,5,0,0
simt,64,32,128,target_p25_ns,2997.4421660105386,889.5793268919583,-0.7032205201557071,70.32205201557072,1.1036694280831971,5,0,0
simt,64,32,192,target_p25_ns,2857.5384616851807,889.5793268919583,-0.6886903400182598,68.86903400182598,1.115826155636814,5,0,0
simt,64,32,256,target_p25_ns,2658.4948698679605,889.5793268919583,-0.6653823421009117,66.53823421009118,1.0758640105618122,5,0,0
simt,64,64,1,target_p25_ns,141.3106769323349,151.04701419411947,0.06890022377039995,6.890022377039995,1.0110523072711053,5,0,0
simt,64,64,2,target_p25_ns,153.28599512577057,157.65516283947758,0.028503371818946244,2.8503371818946244,1.013354962178994,5,0,0
simt,64,64,3,target_p25_ns,184.58600838979086,165.78673378204607,-0.10184560992318714,10.184560992318714,1.010229296153019,5,0,0
simt,64,64,4,target_p25_ns,198.77799848715463,175.44172702182493,-0.11739866405203658,11.739866405203658,1.0111730029597419,5,0,0
simt,64,64,5,target_p25_ns,209.89550650119781,186.62014255881422,-0.1108902440569911,11.08902440569911,1.0069655635282222,5,0,0
simt,64,64,6,target_p25_ns,212.92032301425934,199.3219803930139,-0.06386587446767478,6.386587446767478,1.0076596056919371,5,0,0
simt,64,64,7,target_p25_ns,230.72567085425058,213.54724052442396,-0.07445391865683748,7.445391865683748,1.0049106821088518,5,0,0
simt,64,64,8,target_p25_ns,338.01133433977765,229.2959229530444,-0.32163244347732356,32.16324434773236,1.0029025128790705,5,0,0
simt,64,64,9,target_p25_ns,273.63166213035583,246.56802767887524,-0.09890534684757246,9.890534684757245,1.0096308906293314,5,0,0
simt,64,64,10,target_p25_ns,271.67818943659466,265.3635547019165,-0.023243068380915832,2.3243068380915832,1.002173486617857,5,0,0
simt,64,64,11,target_p25_ns,306.37599031130475,285.68250402216813,-0.06754278058182761,6.754278058182761,1.0093542142216025,5,0,0
simt,64,64,12,target_p25_ns,323.0294982592265,307.5248756396302,-0.04799754419688962,4.799754419688962,1.0078327401978457,5,0,0
simt,64,64,16,target_p25_ns,1200.1968622207642,410.12858508158223,-0.6582822385298461,65.8282238529846,1.2112150508178614,5,0,0
simt,64,64,20,target_p25_ns,664.2685234546661,800.3872109281984,0.20491515504245017,20.491515504245015,1.094850852123258,5,0,0
simt,64,64,24,target_p25_ns,1042.5758759180706,936.8581655705719,-0.10140049543579344,10.140049543579345,1.1825580666569104,5,0,0
simt,64,64,32,target_p25_ns,2786.5007718404136,1282.9243451214177,-0.5395930415357184,53.95930415357184,1.0367916110746225,5,0,0
simt,64,64,40,target_p25_ns,2632.17830657959,1282.9243451214177,-0.5125997574273278,51.25997574273278,1.1898675859596652,5,0,0
simt,64,64,48,target_p25_ns,2914.0474796295166,1282.9243451214177,-0.5597448723503555,55.974487235035554,1.1043833561678746,5,0,0
simt,64,64,64,target_p25_ns,2960.7547918955484,1282.9243451214177,-0.5666901059712353,56.669010597123524,1.1078518353085791,5,0,0
simt,64,64,96,target_p25_ns,2908.3255926767984,1282.9243451214177,-0.5588787072699708,55.88787072699708,1.1227036968873765,5,0,0
simt,64,64,128,target_p25_ns,2896.82666460673,1282.9243451214177,-0.5571276801625319,55.712768016253186,1.146919167228883,5,0,0
simt,64,64,192,target_p25_ns,2665.0421619415283,1282.9243451214177,-0.5186101130247089,51.86101130247089,1.1223451761976027,5,0,0
simt,64,64,256,target_p25_ns,2720.2038764953613,1282.9243451214177,-0.5283719885090733,52.83719885090733,1.0811052378496073,5,0,0
simt,64,128,1,target_p25_ns,141.4871613184611,156.08259788751846,0.10315732136434463,10.315732136434463,1.006974731804893,5,0,0
simt,64,128,2,target_p25_ns,155.11584281921387,169.15146721398847,0.09048478955907169,9.048478955907168,1.004927031206101,5,0,0
simt,64,128,3,target_p25_ns,185.4654997587204,185.16889582538184,-0.0015992404718097042,0.15992404718097042,1.01020055727087,5,0,0
simt,64,128,4,target_p25_ns,203.99783054987589,204.13488372169854,0.0006718364183246894,0.06718364183246894,1.015575557950025,5,0,0
simt,64,128,5,target_p25_ns,216.09132488568625,226.04943090293858,0.04608285882147389,4.608285882147389,1.0152378943910387,5,0,0
simt,64,128,6,target_p25_ns,221.59167130788168,250.91253736910198,0.13231935066946443,13.231935066946443,1.0049285107714172,5,0,0
simt,64,128,7,target_p25_ns,245.08699774742126,278.7242031201887,0.13724598074122585,13.724598074122586,1.0068094121423037,5,0,0
simt,64,128,8,target_p25_ns,350.674827893575,309.48442815619876,-0.11746038341217058,11.746038341217059,1.0046013068263646,5,0,0
simt,64,128,9,target_p25_ns,514.8853361606598,613.9145062815857,0.19233247320530755,19.233247320530754,1.0888691255771208,5,0,0
simt,64,128,10,target_p25_ns,551.6268114248911,643.1307157322868,0.16588008851679037,16.588008851679035,1.092649037988328,5,0,0
simt,64,128,11,target_p25_ns,578.4406661987305,675.2954844679114,0.16744123283321377,16.74412328332138,1.0723075597003326,5,0,0
simt,64,128,12,target_p25_ns,613.0318144957224,710.4088124884591,0.1588449338030502,15.88449338030502,1.064691504236552,5,0,0
simt,64,128,16,target_p25_ns,805.2715063095093,880.3477174198839,0.09323092959596013,9.323092959596014,1.0484157909135179,5,0,0
simt,64,128,20,target_p25_ns,802.7418653170267,1097.4635709100821,0.3671438083980596,36.71438083980596,1.1066099296554808,5,0,0
simt,64,128,24,target_p25_ns,851.2339989344279,1361.7563729590538,0.5997438714427481,59.97438714427481,5.107552974502966,5,0,1
simt,64,128,32,target_p25_ns,2942.4317677815757,2031.8728227333177,-0.30945796433361894,30.945796433361895,1.0743019066952595,5,0,0
simt,64,128,40,target_p25_ns,2952.640692392985,2031.8728227333177,-0.3118455530440535,31.184555304405347,1.127569404739736,5,0,0
simt,64,128,48,target_p25_ns,2768.6779499053955,2031.8728227333177,-0.266121643796547,26.6121643796547,1.1227778180064,5,0,0
simt,64,128,64,target_p25_ns,3089.7909005482993,2031.8728227333177,-0.34239147950990745,34.23914795099074,1.0978761505730328,5,0,0
simt,64,128,96,target_p25_ns,2724.5024045308433,2031.8728227333177,-0.2542224153099236,25.422241530992363,1.1283689768098568,5,0,0
simt,64,128,128,target_p25_ns,2978.67488861084,2031.8728227333177,-0.31786015637278253,31.786015637278254,1.0673166920106554,5,0,0
simt,64,128,192,target_p25_ns,2734.7281773885093,2031.8728227333177,-0.25701104792300544,25.701104792300544,1.174614313528986,5,0,0
simt,64,128,256,target_p25_ns,2538.743575414022,2031.8728227333177,-0.19965417444652445,19.965417444652445,1.065505077486525,5,0,0
simt,64,256,1,target_p25_ns,143.29783618450165,166.00633731007025,0.15847064917526388,15.847064917526389,1.016664797711552,5,0,0
simt,64,256,2,target_p25_ns,161.7278258005778,191.55436410602562,0.18442428294452018,18.442428294452018,1.014782558052271,5,0,0
simt,64,256,3,target_p25_ns,200.28450588385263,222.60636823383788,0.11145076975115575,11.145076975115575,1.0051222765598509,5,0,0
simt,64,256,4,target_p25_ns,216.95583562056223,259.16234969350705,0.19453965804708995,19.453965804708993,1.0111778152614002,5,0,0
simt,64,256,5,target_p25_ns,447.778840859731,564.502468134331,0.26067249415021876,26.067249415021877,1.0699416439952627,5,0,0
simt,64,256,6,target_p25_ns,515.605017542839,597.1841359474029,0.15822017945701194,15.822017945701194,1.1018734286054348,5,0,0
simt,64,256,7,target_p25_ns,627.6973187923431,635.3697810923316,0.012223187944708558,1.2223187944708558,1.1820232295644075,5,0,0
simt,64,256,8,target_p25_ns,735.0589632987976,679.059403569117,-0.07618376555584849,7.618376555584849,1.1379267640926858,5,0,0
simt,64,256,9,target_p25_ns,744.3244655927023,728.2530033777595,-0.021592011223418806,2.1592011223418806,1.1074563354928575,5,0,0
simt,64,256,10,target_p25_ns,765.4231786727905,782.9505805182589,0.02289896926803303,2.289896926803303,1.029524696273243,5,0,0
simt,64,256,11,target_p25_ns,835.189700126648,843.1521349906152,0.00953368421899814,0.953368421899814,1.0480241445260332,5,0,0
simt,64,256,12,target_p25_ns,825.303296248118,908.8576667948284,0.10124080556391091,10.12408055639109,1.073941209186772,5,0,0
simt,64,256,16,target_p25_ns,895.5894708633423,1226.7195673302501,0.36973424458385007,36.973424458385004,1.77993430967183,5,0,1
simt,64,256,20,target_p25_ns,2294.5343255996704,1412.4860119011064,-0.384412777729112,38.4412777729112,1.1126677496794621,5,0,0
simt,64,256,24,target_p25_ns,2605.165878931681,1598.2524564719624,-0.3865064526611376,38.650645266113756,1.075232146735788,5,0,0
simt,64,256,32,target_p25_ns,3191.4337476094565,1969.7853456136745,-0.38278983635830066,38.278983635830066,1.124138347873039,5,0,0
simt,64,256,40,target_p25_ns,3020.502249399821,1969.7853456136745,-0.347861652476811,34.7861652476811,1.0873491879751005,5,0,0
simt,64,256,48,target_p25_ns,2821.352243423462,1969.7853456136745,-0.30182934434889497,30.182934434889496,1.1025601891513295,5,0,0
simt,64,256,64,target_p25_ns,3004.6016375223794,1969.7853456136745,-0.34441047990708795,34.441047990708796,1.184275234895611,5,0,0
simt,64,256,96,target_p25_ns,2865.7596906026206,1969.7853456136745,-0.3126481079090543,31.26481079090543,1.076599756317417,5,0,0
simt,64,256,128,target_p25_ns,2842.297077178955,1969.7853456136745,-0.30697415079188994,30.697415079188993,1.0892960012992565,5,0,0
simt,64,256,192,target_p25_ns,2813.441435496012,1969.7853456136745,-0.29986623472530194,29.986623472530194,1.1169552922279165,5,0,0
simt,64,256,256,target_p25_ns,2705.5246035257974,1969.7853456136745,-0.27193959240042354,27.193959240042354,1.0942374792595693,5,0,0
simt,64,512,1,target_p25_ns,145.82783977190653,185.26410429818912,0.2704302867543398,27.043028675433977,1.0067974098789017,5,0,0
simt,64,512,2,target_p25_ns,168.70016853014627,234.0013104621612,0.3870840349536806,38.70840349536806,1.0246101927725142,5,0,0
simt,64,512,3,target_p25_ns,449.95200137297314,540.5717976768747,0.20139880704472124,20.139880704472123,1.0843444178230972,5,0,0
simt,64,512,4,target_p25_ns,489.5871579647064,578.4152466437336,0.18143467865517549,18.14346786551755,1.107148665466313,5,0,0
simt,64,512,5,target_p25_ns,533.5900088151296,625.6940853223473,0.1726120710388499,17.261207103884992,1.0146227349442256,5,0,0
simt,64,512,6,target_p25_ns,630.2293241024017,682.4083137127157,0.08279365560247354,8.279365560247353,1.0747714057358035,5,0,0
simt,64,512,7,target_p25_ns,728.1740208466848,748.5579318148386,0.027993186222782906,2.7993186222782906,1.0827114252365881,5,0,0
simt,64,512,8,target_p25_ns,796.6901560624441,824.1429396287165,0.03445854496552947,3.445854496552947,1.0851530912846141,5,0,0
simt,64,512,9,target_p25_ns,851.3538241386414,866.7040834514528,0.018030410949691822,1.8030410949691822,1.0606237985008526,5,0,0
simt,64,512,10,target_p25_ns,909.6293250719706,909.2652272741891,-0.0004002705143137941,0.04002705143137941,1.0337902212168462,5,0,0
simt,64,512,11,target_p25_ns,926.3933698336283,951.8263710969254,0.027453781613165695,2.7453781613165695,1.0019327312913715,5,0,0
simt,64,512,12,target_p25_ns,953.9308349291483,994.3875149196617,0.04241049613782355,4.241049613782355,1.001977508895361,5,0,0
simt,64,512,16,target_p25_ns,1696.2517897288005,1164.632090210607,-0.31340848259513987,31.340848259513987,1.021731265802372,5,0,0
simt,64,512,20,target_p25_ns,2331.9700161616006,1334.8766655015522,-0.4275755450326304,42.75755450326304,1.0258375769675354,5,0,0
simt,64,512,24,target_p25_ns,2713.506817817688,1505.1212407924977,-0.44532247683719584,44.53224768371958,1.0493779342358225,5,0,0
simt,64,512,32,target_p25_ns,3351.8547217051187,1845.6103913743882,-0.44937637677938813,44.93763767793881,1.0423682875334033,5,0,0
simt,64,512,40,target_p25_ns,2978.120803833008,1845.6103913743882,-0.3802768547874268,38.027685478742676,1.0788185076601902,5,0,0
simt,64,512,48,target_p25_ns,2830.7220935821533,1845.6103913743882,-0.348007211460716,34.8007211460716,1.1221818558024146,5,0,0
simt,64,512,64,target_p25_ns,3083.5089683532715,1845.6103913743882,-0.40145775143957996,40.145775143958,1.0706898453237141,5,0,0
simt,64,512,96,target_p25_ns,2957.9830964406333,1845.6103913743882,-0.3760578302170735,37.60578302170735,1.0870078376260122,5,0,0
simt,64,512,128,target_p25_ns,2911.0726515452066,1845.6103913743882,-0.3660033216983669,36.60033216983669,1.193859035158696,5,0,0
simt,64,512,192,target_p25_ns,2832.1959177652993,1845.6103913743882,-0.3483464968657116,34.83464968657116,1.0390370702854579,5,0,0
simt,64,512,256,target_p25_ns,2656.770388285319,1845.6103913743882,-0.3053180660578101,30.531806605781007,1.1208179521857722,5,0,0
