spec,features,n_features,alpha,in_mape_pct,in_p50_pct,in_p90_pct,in_p95_pct,in_max_pct,in_bias_pct,in_rmse_pct,lobo_mape_pct,lobo_p50_pct,lobo_p90_pct,lobo_p95_pct,lobo_max_pct,lobo_bias_pct,lobo_rmse_pct,lowo_mape_pct,lowo_p50_pct,lowo_p90_pct,lowo_p95_pct,lowo_max_pct,lowo_bias_pct,lowo_rmse_pct,cv_score_pct,cv_max_score_pct,lobo_mean_fold_mape_pct,lowo_mean_fold_mape_pct,nonnegative,nonzero_terms
v7_reference,1;dupL;min_L_64;max_WL_minus_3072;dup_cross,5,1.0,24.52962410460814,15.70797372081505,62.4151067736076,76.97199720311843,142.68770130596965,-5.185637978373402e-14,34.22543486244922,31.380732902834584,18.146262685297053,69.73579354507768,84.94692563889343,679.8717018666172,5.331274699322589,57.201186456853016,25.362522161175004,16.953139141688133,63.710148401612855,76.81604613872562,168.34445724434661,-1.8125709636784857,35.27827302138486,28.371627532004794,424.1080795554819,31.380732902834584,25.362522161175004,True,5
v7_reference,1;dupL;min_L_64;max_WL_minus_3072;dup_cross,5,1.5,21.837048358913368,13.600301592453274,59.36466954535596,72.59440758856903,128.3594111446853,-5.144841049982311,31.303450663467476,27.889476596110324,15.155877960995017,68.17576079031275,80.86484865736159,608.2037582215016,-0.11925805457016943,51.43016067039924,22.697899121407207,13.959588925813105,62.055508009972044,74.60520365501011,136.54879274407824,-5.686388243333957,32.536472506553324,25.293687858758766,372.37627548278994,27.889476596110327,22.697899121407207,True,5
v7_reference,1;dupL;min_L_64;max_WL_minus_3072;dup_cross,5,2.0,21.32979552060396,13.466324633557925,58.50687931704476,70.79043241709228,114.08116930463584,-9.401420380127515,30.661735730593325,26.73325977516851,15.426045779500768,66.47943582664044,77.0683573168307,576.8049240906943,-4.469193267307337,48.901364925551306,21.909985115149897,13.78334618232051,60.733743243212224,73.376206033259,120.82044860486727,-9.483967343382133,31.57411104569053,24.321622445159203,348.81268634778075,26.73325977516851,21.909985115149897,True,5
v8_linear,1;K;min_L_64;max_L_minus_64;max_WL_minus_3072;dupL;cross;dup_cross,8,1.0,20.375379311626762,12.483964008963378,54.71131119486976,71.63451535578331,169.2277149292842,4.468475279236655e-14,30.959932151270458,26.63435118579842,14.197251206457906,67.30234141352489,82.35684912645843,566.0775600514478,5.156785164005398,51.15337328623354,21.973695651441073,13.977735882694848,59.734161254154195,73.94074587722149,178.1416951732191,-2.1207257272257207,32.542935969533524,24.304023418619746,372.10962761233344,26.634351185798423,21.973695651441073,True,6
v8_linear,1;K;min_L_64;max_L_minus_64;max_WL_minus_3072;dupL;cross;dup_cross,8,1.5,18.358995196004262,11.13629247821406,52.214968583462685,68.97664975123149,142.42970684519008,-4.376043949556496,28.417619314171066,23.771140786328253,12.45195965736251,64.79375786059398,78.0552169205937,459.5635255219103,0.5170811368528974,44.379376791650415,19.684290909039134,12.21335483522471,59.12121188044429,74.2330416877475,143.1906491830257,-5.273324315936297,30.25138041538145,21.727715847683694,301.37708735246804,23.771140786328253,19.684290909039134,True,6
v8_linear,1;K;min_L_64;max_L_minus_64;max_WL_minus_3072;dupL;cross;dup_cross,8,2.0,18.219595131714474,10.61129243948114,53.77382257532338,69.87727212687632,120.38313720509457,-7.806100685552704,27.93939993191047,22.958923455901726,12.511687270513288,62.37542483212308,76.60060696863965,382.9547109053747,-3.1303269928642004,40.60921885468707,19.203846363239645,11.473354542980225,58.351170734558636,73.89534778120695,119.99093196237479,-8.217838724297872,29.398587642697706,21.081384909570687,251.47282143387474,22.958923455901722,19.203846363239645,True,6
v8_cross,1;K;min_L_64;max_L_minus_64;max_WL_minus_3072;dup;dupL_minL;cross,8,1.0,18.33029225813225,10.43116174578893,47.92141522329039,65.09255994794138,155.0646325592028,-1.757600276499751e-12,27.9515189771313,20.36274931437755,11.90802332469048,51.0588552056136,67.63329560550557,210.33122629472345,2.0123362596913115,31.975121426410936,20.599922797802794,11.635779856285673,60.2657469974039,70.56361847916993,166.01049963263873,-2.144925196169857,31.126170583816787,20.48133605609017,188.1708629636811,20.36274931437755,20.599922797802794,True,6
v8_cross,1;K;min_L_64;max_L_minus_64;max_WL_minus_3072;dup;dupL_minL;cross,8,1.5,17.266678722345087,10.365017369125912,44.80511375125984,65.59151545822174,135.36249676393442,-3.7431472653529445,26.512632924620938,19.328562195073978,11.637156824435808,49.35657786488084,68.2080079836786,200.36633874479088,-1.4920672863421085,30.850530160493438,18.957121877121946,10.558783283014971,57.591875776674826,68.3367331069293,139.6720613559588,-5.020314031635613,29.01318169667549,19.14284203609796,170.01920005037482,19.328562195073978,18.957121877121946,True,6
v8_cross,1;K;min_L_64;max_L_minus_64;max_WL_minus_3072;dup;dupL_minL;cross,8,2.0,17.12399992516144,10.507041148559832,47.69996120286148,66.85834077468714,116.83219038295852,-6.825496961543473,26.125652071370126,19.052925448606604,11.225916492586974,50.06455146304638,69.73340320004745,193.47580965614765,-4.4663925278185,30.404378846083013,18.332603766967594,10.912323050066059,56.80974738602184,68.48056760579668,117.74746659701032,-7.558142463571639,27.927381022616665,18.692764607787097,155.61163812657898,19.052925448606608,18.332603766967594,True,6
v8_nocross,1;K;min_L_64;max_L_minus_64;max_WL_minus_3072;dup;dupL_minL,7,1.0,21.149887441558597,13.12288891924645,55.56322352324995,67.7177912747947,114.53219919745834,-2.94698702983731e-12,30.347559837749266,22.4239337239487,13.993226184197749,59.099722619789006,68.44381049716068,163.7580006968289,0.968803583682814,32.05644955193221,22.895252090177173,13.37271556399956,61.095914544077,73.1961496775123,120.00325819807385,-2.046513654002272,33.090500375789496,22.659592907062937,141.88062944745138,22.423933723948704,22.89525209017717,True,5
v8_nocross,1;K;min_L_64;max_L_minus_64;max_WL_minus_3072;dup;dupL_minL,7,1.5,20.075282497943448,12.62373175481688,52.15135433719626,67.18765446320896,105.20203656543568,-4.399135259938438,28.79723025488779,21.311213122037888,13.468648281906987,54.57940531962714,68.43589842105777,163.62459077936765,-3.0772103422928736,30.617111623995918,21.457884245986122,12.946221394686553,57.984669393104966,69.82803723505754,113.07555763802691,-5.530292274197284,30.939637393779734,21.384548684012003,138.35007420869727,21.31121312203789,21.45788424598612,True,5
v8_nocross,1;K;min_L_64;max_L_minus_64;max_WL_minus_3072;dup;dupL_minL,7,2.0,19.803384936498773,12.72784860352828,50.17197441519498,68.05814725075086,94.49768477315442,-8.036688274634162,28.34905337861391,20.91906506592087,13.164109990573763,51.298643523453514,69.32875789547806,152.34399669495158,-6.289810303839018,30.04795181376408,20.822900982105438,13.265226831863414,55.49099653956585,69.77656660946573,100.85388693811623,-8.624826024707275,29.876850408657322,20.870983024013153,126.59894181653391,20.91906506592087,20.822900982105438,True,5
v8_quadratic,1;K;min_L_64;max_L_minus_64;max_WL_minus_3072;dup;dupL_L;cross,8,1.0,17.95554093177586,10.304584802432803,50.07755564142699,66.00991672640335,158.95619733824535,9.985111426442402e-14,28.211019476950362,20.02946910313119,11.519761543989816,56.63263789868786,72.17831537194355,217.74893943754356,0.42279178779774435,32.201086696530396,19.934320300153395,11.171380437497398,58.34388559238205,71.9615056717696,162.81598071661833,-1.5419968582984898,30.82363120136898,19.981894701642293,190.28246007708094,20.02946910313119,19.93432030015339,True,6
v8_quadratic,1;K;min_L_64;max_L_minus_64;max_WL_minus_3072;dup;dupL_L;cross,8,1.5,16.997115699990797,9.403894104742271,50.07566648227186,66.66816732905949,136.75075373264306,-4.07940886046664,27.00509459621674,19.182124113369653,10.94077680905577,53.21386147467207,69.34968439142257,205.11829772517615,-2.9843371855845855,30.915994433161814,18.647070707887995,10.30199124796124,56.25443035225617,71.44895036555535,153.89884747538858,-4.816750687741597,29.323038847456047,18.914597410628822,179.50857260028238,19.182124113369653,18.647070707888,True,6
v8_quadratic,1;K;min_L_64;max_L_minus_64;max_WL_minus_3072;dup;dupL_L;cross,8,2.0,17.105362688363638,9.881210218940524,49.60839479000188,67.76309883544673,116.54727890829717,-7.1340295155601305,26.70960410706377,19.20310985461279,11.511461957355106,53.56332081946158,69.02982084888869,196.56313451927,-5.723459425008179,30.5308197594636,18.470149521917314,10.690557616650231,56.84702631537314,71.23653138035766,153.79475285045734,-7.393827512993923,28.742294182769484,18.836629688265052,175.17894368486367,19.20310985461279,18.47014952191731,True,7
v8_l32_t32_d64_p32,1;min_L_32;max_L_minus_32;dupL_minL_64;cross_minL_32,5,1.0,18.52325160601899,11.87441751063093,45.849209489750194,64.46042659450427,94.37327320071066,5.273904156728694e-13,26.44140664686956,19.440488460788615,13.024634192482543,46.65260629848378,64.85979329115233,102.26158415244417,0.8588159072896534,27.311510195077155,20.943634369412468,13.523349197784796,60.496625909564706,69.87195582430545,107.0277319733779,-2.163364042179815,29.832582272909292,20.19206141510054,104.64465806291103,19.440488460788615,20.94363436941247,True,5
v8_l32_t32_d64_p32,1;min_L_32;max_L_minus_32;dupL_minL_64;cross_minL_32,5,1.5,17.034781436982602,11.40900400224103,43.68948082729908,63.25676619012496,94.43829429605948,-3.4611927621072276,24.968460773856947,17.832070905913902,11.993027522855243,43.886360303402036,63.56507040387523,95.0156702530056,-2.6134123545437564,25.643039266877132,18.82098400175545,12.09149066802946,58.07060049693309,66.61960436444338,94.56474435705408,-4.694269130724503,27.49630726393472,18.326527453834675,94.79020730502984,17.832070905913902,18.820984001755452,True,5
v8_l32_t32_d64_p32,1;min_L_32;max_L_minus_32;dupL_minL_64;cross_minL_32,5,2.0,16.380181179506287,10.651637614291959,47.6786926164107,64.04414966122062,94.47576412848692,-6.056252720088383,24.609454931162123,17.06626162414696,11.046509228091162,47.04287283979021,64.45097161537151,94.46670544553932,-5.241553897850772,25.139584035365285,17.57600342619049,11.140073963035917,54.55144974260796,65.91432068687851,94.55229269423162,-6.7582906457896454,26.20738284661711,17.321132525168725,94.50949906988546,17.06626162414696,17.57600342619049,True,5
v8_l32_t32_d64_p32_lowW2,1;min_L_32;max_L_minus_32;dupL_minL_64;cross_minL_32;lowW_2_L,6,1.0,17.648341336202133,11.311714816089264,43.35155891356539,63.31072997886449,127.17683396019925,5.444919877292072e-13,25.621643952583828,18.60956670773637,12.68343766601679,45.93273694970238,63.10019064515473,152.55932545235305,0.7389445443235809,26.61991779025467,20.468177153215553,13.651512170815828,57.8225858356636,69.50519729500463,106.65115177687854,-4.4517288895313945,29.10337280103611,19.538871930475963,129.60523861461579,18.60956670773637,20.468177153215557,True,6
v8_l32_t32_d64_p32_lowW2,1;min_L_32;max_L_minus_32;dupL_minL_64;cross_minL_32;lowW_2_L,6,1.5,16.31402190493617,10.77367640793636,42.11187468320465,59.78467529729353,103.20169227708162,-3.1839578597645737,24.122135358400854,17.06412761049289,11.405080316334693,42.11338157921102,61.09877809839014,123.0242329757246,-2.433058605835679,24.822547542335506,18.612663764371682,12.33835891524162,55.956764993145484,67.13353076397223,94.66489417540393,-6.3386241538568715,27.109822718516774,17.838395687432286,108.84456357556427,17.06412761049289,18.612663764371682,True,6
v8_l32_t32_d64_p32_lowW2,1;min_L_32;max_L_minus_32;dupL_minL_64;cross_minL_32;lowW_2_L,6,2.0,15.735705963522216,10.163289569235324,46.32903550766098,60.33907570656793,94.53610955493626,-5.641912808468233,23.75271102099487,16.348181101406414,10.476710575309045,45.985463693514326,61.25950687530297,101.68954264962684,-4.916443898968379,24.28308850434501,17.5351381481261,11.371605915844507,53.27233235110251,66.493655660376,94.6319482615677,-7.985099124258163,26.001927951205683,16.94165962476626,98.16074545559727,16.348181101406418,17.5351381481261,True,6
v8_l32_t32_d64_p32_lowW4,1;min_L_32;max_L_minus_32;dupL_minL_64;cross_minL_32;lowW_4_L,6,1.0,17.41083933282543,11.256747536523198,43.72422532277766,61.45715709943465,107.95062675835739,2.0742551913493606e-12,25.418250698965682,18.439738625677563,12.604779421166334,44.65992901064456,62.461490147834986,121.41303489902353,0.5423116790244663,26.42040414070631,19.08728499584452,12.171905555502228,56.04860142078833,67.90689222305228,115.0500607494894,-2.359088002114197,27.894136374000066,18.76351181076104,118.23154782425647,18.439738625677563,19.08728499584452,True,6
v8_l32_t32_d64_p32_lowW4,1;min_L_32;max_L_minus_32;dupL_minL_64;cross_minL_32;lowW_4_L,6,1.5,16.139177739009103,10.593496627105136,40.414747485722344,58.59349691916541,94.282967098924,-3.105913457161238,23.882514690556135,16.8994819862911,11.133433170202384,41.00616021110803,58.98037099169915,96.38848260274251,-2.5481010338178174,24.528070169319616,17.4398189909393,11.074455629781276,54.14517236593672,62.655070237921,96.25186870449191,-4.475871077668226,25.897275565700205,17.1696504886152,96.32017565361721,16.8994819862911,17.439818990939298,True,6
v8_l32_t32_d64_p32_lowW4,1;min_L_32;max_L_minus_32;dupL_minL_64;cross_minL_32;lowW_4_L,6,2.0,15.570980636209136,9.989057142661862,44.56267503632244,59.427485763214875,94.33756908429079,-5.524071471116778,23.50334331774704,16.1872377971771,10.272171220104042,44.75084646630403,59.35159655330453,94.3259021869151,-4.984163140347009,23.97257815998996,16.482482154145664,10.386780545204399,48.96132658044305,61.75105172718537,94.35254684482732,-6.303265326443805,24.80365399225379,16.33485997566138,94.33922451587121,16.187237797177097,16.482482154145664,True,6
v8_l32_t32_d64_p32_lowW8,1;min_L_32;max_L_minus_32;dupL_minL_64;cross_minL_32;lowW_8_L,6,1.0,17.62643067168636,11.093441540866433,45.843169604709935,61.52780097186933,110.02233595776904,1.1695268632076183e-13,25.7806948275768,18.910936954446345,12.536973487389147,47.70143004490999,63.88815601073002,120.47142933370387,0.40594025105869264,27.200096694072844,19.532911183244508,12.184291935164682,56.47644761154478,68.73166323224177,134.15326325153129,-2.2711687456096787,28.583641991103136,19.221924068845425,127.31234629261758,18.910936954446345,19.532911183244504,True,6
v8_l32_t32_d64_p32_lowW8,1;min_L_32;max_L_minus_32;dupL_minL_64;cross_minL_32;lowW_8_L,6,1.5,16.345824450553188,10.582896219984466,41.76423466855713,59.7586182728571,94.31451422854757,-3.202120621236416,24.218941335706585,17.308849235303395,11.313807231762796,43.749562090941716,60.80396843603723,106.68652032851615,-2.7374581959692934,25.114953408528677,17.815798857928787,11.379511966356215,54.517756540947026,63.92498626383753,116.90562780146081,-4.523345554315493,26.480181604374913,17.56232404661609,111.79607406498849,17.3088492353034,17.815798857928787,True,6
v8_l32_t32_d64_p32_lowW8,1;min_L_32;max_L_minus_32;dupL_minL_64;cross_minL_32;lowW_8_L,6,2.0,15.736336000949416,9.922243252220792,44.044685852431456,60.742428175376595,94.36683952896567,-5.680464030604804,23.833724070327225,16.49915979942209,10.674502825414894,44.448427364171344,61.480486831305306,96.99773227981261,-5.20251409857541,24.457093635463902,16.783687304439542,10.731416686424366,51.29488512010717,62.81771146326285,103.36412145188487,-6.429465061672963,25.335375204473088,16.641423551930817,100.18092686584873,16.49915979942209,16.783687304439542,True,6
v8_l32_t32_d64_p32_lowW16,1;min_L_32;max_L_minus_32;dupL_minL_64;cross_minL_32;lowW_16_L,6,1.0,18.035210619226945,11.586534113098358,45.788859045337034,62.52712933671556,109.13549858188651,1.7967683931449118e-12,26.21821052959485,19.508240515452723,12.839816020329787,49.02404956815753,64.94105929945565,142.05128369630785,0.7624102797387549,28.095804255338404,20.184697875915894,12.836818683119066,57.23496285315573,68.13197332533399,137.78976029916575,-2.256803066667622,29.27224688807194,19.846469195684307,139.92052199773678,19.508240515452723,20.184697875915894,True,6
v8_l32_t32_d64_p32_lowW16,1;min_L_32;max_L_minus_32;dupL_minL_64;cross_minL_32;lowW_16_L,6,1.5,16.71223743703771,11.03851786296039,41.85052026339583,61.25095313874305,94.37041631111427,-3.3198966376999657,24.62675840067455,17.89926031651325,11.806222676315485,45.646231437629076,61.56600431106005,116.56935338898369,-2.8015512986381133,25.85065587991372,18.427638819316343,11.74961955406092,54.891692999444814,65.0507566491925,114.25523577468168,-4.760553652457411,27.11571756110519,18.163449567914796,115.41229458183268,17.89926031651325,18.427638819316346,True,6
v8_l32_t32_d64_p32_lowW16,1;min_L_32;max_L_minus_32;dupL_minL_64;cross_minL_32;lowW_16_L,6,2.0,16.06891441060565,10.362682592172467,44.70899496570929,62.348639669163525,94.41574399820308,-5.873347761598464,24.2349907398338,17.070093156059585,11.126327508739204,46.60603762070254,62.07973233757232,100.12591874826472,-5.5105994434383385,25.12007598061069,17.33227489985217,10.965322916021858,51.56659297543624,64.6645993641124,96.99134769759749,-6.792212348474629,25.937496275038995,17.201184027955875,98.5586332229311,17.070093156059585,17.332274899852173,True,6
v8_l32_t32_d64_p32_wl3072,1;min_L_32;max_L_minus_32;dupL_minL_64;cross_minL_32;max_WL_minus_3072,6,1.0,17.995920348282922,11.868557922703548,44.76697769610901,64.71530627953427,98.8166424357182,-3.2989484160290367e-13,25.932316259991072,19.604754039358195,13.066196052475103,48.73097274516248,65.74740020766671,170.15179646274862,1.6386677379735297,28.204127675813762,20.413427682235806,13.025664056231046,59.83376205230959,70.07574489179513,120.85657248258461,-2.126323387665643,29.354351426531167,20.009090860797002,145.50418447266662,19.604754039358195,20.413427682235806,True,6
v8_l32_t32_d64_p32_wl3072,1;min_L_32;max_L_minus_32;dupL_minL_64;cross_minL_32;max_WL_minus_3072,6,1.5,16.74624319646874,11.14589181949101,42.4413153741923,64.12615972089908,94.40664030705264,-3.438548925740781,24.69868938483709,18.230968412480994,12.047745678781274,46.4448857800607,65.62678347108644,167.31366720096185,-1.6120083775940808,26.957498755954347,18.57258214237661,11.696014015286604,57.07814426351624,67.58461379366317,112.53137401051289,-4.723943015464788,27.407493369163838,18.401775277428804,139.92252060573736,18.23096841248099,18.572582142376607,True,6
v8_l32_t32_d64_p32_wl3072,1;min_L_32;max_L_minus_32;dupL_minL_64;cross_minL_32;max_WL_minus_3072,6,2.0,16.17735733125132,10.471500538892979,45.71526135666417,65.25223374840851,94.45829604821854,-5.961121714541989,24.415408484279162,17.388966267270014,11.188516989215124,48.03763014325374,65.86737452728138,149.63804914727382,-4.166437348822889,26.171019232442383,17.52614290990496,11.069520762458374,56.050617473080216,67.60744191866031,97.61992717054369,-6.7160349673650686,26.35082219808012,17.457554588587485,123.62898815890875,17.388966267270014,17.526142909904962,True,6
v8_l32_t32_d64_p32_wl3072_lowW2,1;min_L_32;max_L_minus_32;dupL_minL_64;cross_minL_32;max_WL_minus_3072;lowW_2_L,7,1.0,17.12852206768369,11.145394353104688,41.328545678562115,60.25115421900628,122.55292464222056,-5.207704522962226e-13,24.963373949247824,18.763468186900848,12.793509000520764,45.50688629044455,62.59036072768378,157.24929360634866,1.484816304173321,27.060877619526387,19.86335013959005,13.286982357411192,57.74620739583823,69.28034469452204,114.67255071355682,-4.597927072414944,28.501517715162727,19.31340916324545,135.96092215995273,18.763468186900845,19.863350139590047,True,7
v8_l32_t32_d64_p32_wl3072_lowW2,1;min_L_32;max_L_minus_32;dupL_minL_64;cross_minL_32;max_WL_minus_3072;lowW_2_L,7,1.5,16.012754094804148,10.777606066361013,40.41088240455185,61.21020134384089,98.79511316030889,-3.138433092090858,23.75222574840698,17.40865210075216,11.42834656049742,42.7330643054792,62.95218443426327,158.89161385025798,-1.4512427204867364,25.811977055171397,18.36824189596822,12.014507543110103,55.11680753409907,67.7837197923053,110.43146651828097,-6.490836189278447,26.95298394394684,17.88844699836019,134.66154018426948,17.408652100752157,18.36824189596822,True,7
v8_l32_t32_d64_p32_wl3072_lowW2,1;min_L_32;max_L_minus_32;dupL_minL_64;cross_minL_32;max_WL_minus_3072;lowW_2_L,7,2.0,15.497581361106915,9.980708838270115,41.8188502632505,59.87135064458027,94.51830743302168,-5.506706012643184,23.466371710690844,16.597937008063518,10.392392994182275,45.36780190609256,64.51651144275952,144.09426173908014,-3.8398566140667008,25.094195728127843,17.486630583252815,11.215826998408584,54.426743900302746,67.46978279273215,98.28955481753492,-8.008671228991457,26.112683266167764,17.042283795658165,121.19190827830752,16.597937008063514,17.486630583252815,True,7
v8_l32_t32_d64_p32_wl3072_lowW4,1;min_L_32;max_L_minus_32;dupL_minL_64;cross_minL_32;max_WL_minus_3072;lowW_4_L,7,1.0,16.963397925990837,11.426259100723579,41.03022908574837,59.58898533267162,105.22006072161432,-4.1926434718763677e-13,24.581537674545082,18.59500251638345,13.000786705502177,44.209166427440096,61.91129132213333,146.48359311457284,1.2861133302646444,26.42019754660604,18.52491596274806,11.805334831970143,52.68830927903082,65.00254672359013,109.09443574371215,-2.394975096864848,26.953359706111907,18.559959239565757,127.7890144291425,18.595002516383452,18.52491596274806,True,7
v8_l32_t32_d64_p32_wl3072_lowW4,1;min_L_32;max_L_minus_32;dupL_minL_64;cross_minL_32;max_WL_minus_3072;lowW_4_L,7,1.5,15.80852543162155,10.716187222217833,38.529378298107325,59.08229658839131,94.21592092669755,-3.026891039122916,23.364247180688995,17.137764168319805,11.464902690082525,40.781408517930856,61.46149372653106,151.67723020105473,-1.5392993581055936,25.171522223057053,17.18305842475771,11.052094087510856,48.11191481635416,61.95325844028749,108.39562504057395,-4.565862604525047,25.450953781756674,17.160411296538758,130.03642762081432,17.137764168319805,17.18305842475771,True,7
v8_l32_t32_d64_p32_wl3072_lowW4,1;min_L_32;max_L_minus_32;dupL_minL_64;cross_minL_32;max_WL_minus_3072;lowW_4_L,7,2.0,15.299585289772835,10.02591861138306,38.01239409574139,59.28269608888947,94.29680021088637,-5.326247681013507,23.078664781597762,16.321524745515468,10.496333876862401,42.730648017570296,60.816146555677875,139.80718578539788,-3.8406485962247743,24.529558266631792,16.37687228320967,10.593809629243289,46.09548572198942,60.533158385848026,99.33661453037506,-6.261774922208079,24.656484535785555,16.34919851436257,119.57190015788646,16.321524745515465,16.376872283209668,True,7
v8_l32_t32_d64_p32_wl3072_lowW8,1;min_L_32;max_L_minus_32;dupL_minL_64;cross_minL_32;max_WL_minus_3072;lowW_8_L,7,1.0,16.81497013554131,10.66655105099667,41.89102917908496,60.609558371422764,98.00601640255759,-1.0111994057828132e-12,24.649866233786756,18.26258520359114,12.42395243110268,44.44172696729044,61.99357243004531,141.38764292852704,1.4950730262769785,26.463056618158674,18.3758985858871,11.63496802110407,53.11087021131969,65.64643819120187,113.91712909962112,-1.821309780755466,26.961981979227822,18.319241894739122,127.65238601407408,18.262585203591144,18.375898585887096,True,6
v8_l32_t32_d64_p32_wl3072_lowW8,1;min_L_32;max_L_minus_32;dupL_minL_64;cross_minL_32;max_WL_minus_3072;lowW_8_L,7,1.5,15.746601266474586,10.232101437996484,38.101605146477546,59.875086874351695,94.22951396658675,-3.072835047565642,23.471853927961618,16.98511118299056,11.096289262334313,40.54386639372127,62.19014859843625,146.03030444950284,-1.5284833473207426,25.163224634050835,16.978830312720895,10.775101526279528,47.73433089359192,62.918774824207404,106.61177379638178,-4.171151201592145,25.410817180748822,16.981970747855726,126.32103912294231,16.985111182990558,16.978830312720895,True,6
v8_l32_t32_d64_p32_wl3072_lowW8,1;min_L_32;max_L_minus_32;dupL_minL_64;cross_minL_32;max_WL_minus_3072;lowW_8_L,7,2.0,15.284379682165863,10.155636858193596,38.850048635532694,60.98993013647865,94.30399704602146,-5.384320636331086,23.20413893323728,16.283559593746286,10.295119328066743,42.14566198592365,62.651730981786926,135.23187492105632,-3.9564200883946716,24.532499390174973,16.229362963425796,10.362486124249255,45.87681240449079,62.15271066907892,100.78783499258996,-6.045709201714254,24.714618012072123,16.25646127858604,118.00985495682315,16.283559593746286,16.229362963425803,True,6
v8_l32_t32_d64_p32_wl3072_lowW16,1;min_L_32;max_L_minus_32;dupL_minL_64;cross_minL_32;max_WL_minus_3072;lowW_16_L,7,1.0,17.00605446510635,10.676562633705267,43.12719138235877,61.326570304177785,105.90231786681889,-5.516636147205746e-14,24.975642383430543,18.598399759481712,12.289640932682833,46.22046310280829,62.91042277444505,139.3670375907146,1.830419099479981,27.17516334172181,18.77608551014175,11.923330722873583,53.053147411833415,67.28849817930555,132.7472854163752,-1.6158766499113266,27.545136923835596,18.68724263481173,136.0571615035449,18.598399759481712,18.776085510141748,True,6
v8_l32_t32_d64_p32_wl3072_lowW16,1;min_L_32;max_L_minus_32;dupL_minL_64;cross_minL_32;max_WL_minus_3072;lowW_16_L,7,1.5,15.917588625812659,10.322318518036194,39.19005433993274,61.357948671573254,94.29625198795667,-3.1661448899512066,23.7851528360786,17.303863764874848,11.176763339621075,42.68179438604933,63.13710902341306,145.29412377701024,-1.32503043781238,25.74489676931975,17.284704179729633,11.003146969956035,48.45542615558126,64.10412755851969,109.49305092931571,-4.081355098201868,25.865772270456063,17.29428397230224,127.39358735316299,17.303863764874848,17.28470417972963,True,6
v8_l32_t32_d64_p32_wl3072_lowW16,1;min_L_32;max_L_minus_32;dupL_minL_64;cross_minL_32;max_WL_minus_3072;lowW_16_L,7,2.0,15.446038096645488,9.833264944037012,40.06017921562418,62.64841680468439,94.36284456334404,-5.529045456505402,23.513922379105615,16.583078530538987,10.405854431848816,44.62385857152838,64.13056029814399,135.62799128695949,-3.811134175393669,25.054569287976168,16.437312382560314,10.525005686810568,46.9142397115789,64.23536876419512,96.87051771458553,-5.976365909348839,25.02579645493365,16.510195456549653,116.24925450077251,16.583078530538984,16.437312382560318,True,6
v8_l32_t32_d64_p64,1;min_L_32;max_L_minus_32;dupL_minL_64;cross_minL_64,5,1.0,19.120564401851563,12.715273195031495,47.29409103461458,63.56754027674478,94.27067520408254,6.862695367123949e-13,26.910517340291086,19.94426456298112,13.35092563041585,48.19264474925674,63.98429662905783,94.24921532693055,0.34766600033747036,27.65969097245537,21.302818129878304,13.245828201048564,59.651559472911764,70.17125045403293,100.8823743925498,-2.1722685218528723,30.246379035398096,20.62354134642971,97.56579485974018,19.944264562981118,21.302818129878307,True,5
v8_l32_t32_d64_p64,1;min_L_32;max_L_minus_32;dupL_minL_64;cross_minL_64,5,1.5,17.709759251343012,11.792991513439205,44.91349037774098,63.2643636189142,94.3725984174406,-3.6440340069555126,25.436457421529333,18.505922119389883,12.828464202829476,45.939114271871524,64.27964133825061,94.36006712846951,-3.384457554964963,26.04139785317665,19.370568949115654,12.021179172703178,57.25129215721625,66.13509443883633,94.501206524597,-4.868135696686801,27.922449553408217,18.93824553425277,94.43063682653326,18.50592211938988,19.370568949115654,True,5
v8_l32_t32_d64_p64,1;min_L_32;max_L_minus_32;dupL_minL_64;cross_minL_64,5,2.0,17.140362738089298,11.24813296409442,47.26200478685109,63.381946023967274,94.43391607797238,-6.2923005777622985,25.084458490792926,17.879257998919435,11.946666267605977,47.961501205432334,63.1481681227653,94.42979881918244,-6.145131875832703,25.63647793222323,18.256783583334908,11.582222480177817,53.51431318863341,65.15774452919766,94.5124288042451,-6.975240646257287,26.64402871455753,18.06802079112717,94.47111381171376,17.879257998919435,18.25678358333491,True,5
v8_l32_t32_d64_p64_lowW2,1;min_L_32;max_L_minus_32;dupL_minL_64;cross_minL_64;lowW_2_L,6,1.0,18.26144582477224,11.66806087328901,46.00605569572095,62.18570183351208,124.1746265221511,6.399297930758666e-13,26.08280834621006,19.258084313408762,12.912790455783917,47.1893814520526,63.28937537786412,140.3050648200326,0.26080467894356874,27.103918357158374,20.642814928978087,12.848151237283224,57.55958399189474,69.64940033864173,98.84915791429556,-4.467228895752681,29.46330660643413,19.950449621193425,119.5771113671641,19.258084313408762,20.642814928978087,True,6
v8_l32_t32_d64_p64_lowW2,1;min_L_32;max_L_minus_32;dupL_minL_64;cross_minL_64;lowW_2_L,6,1.5,17.01166123786555,11.16500499067184,43.33476304944506,59.74341108617874,99.53666223467724,-3.3642090048855273,24.595978597154886,17.894922589407077,12.258314142705467,44.696569959144036,61.563012414562905,106.35687011694168,-3.1703435277180234,25.339209594980527,19.04002756527948,11.86910486254137,55.253597671811455,66.54130590243302,94.60253222981831,-6.51771277910883,27.52234272599931,18.46747507734328,100.47970117338,17.894922589407074,19.04002756527948,True,6
v8_l32_t32_d64_p64_lowW2,1;min_L_32;max_L_minus_32;dupL_minL_64;cross_minL_64;lowW_2_L,6,2.0,16.500286509770742,10.705324941423333,45.736051329106445,57.328436160457386,94.49494760904416,-5.874205129638084,24.236759539259698,17.32585728043252,11.393583769290938,46.43295876651666,58.991693414202295,94.48923588378815,-5.78753370619687,24.86754806696439,18.105686103825185,11.485819716147898,53.92234041438061,65.0233555725793,94.59292446227293,-8.206774705995906,26.440777521623353,17.715771692128854,94.54108017303054,17.325857280432515,18.10568610382519,True,6
v8_l32_t32_d64_p64_lowW4,1;min_L_32;max_L_minus_32;dupL_minL_64;cross_minL_64;lowW_4_L,6,1.0,18.113793795277715,11.791072839540762,45.04858811810774,60.93489475866786,104.88130879733984,2.4532480946623957e-12,25.891946726145033,19.406887556999514,13.112878411443486,46.00167774531378,62.8394393519427,109.65843916738791,0.07676475638375553,27.03523281875829,19.46507095224733,11.918343075244714,54.65245123582436,68.13036461968902,111.87610508878589,-2.367902425438169,28.313171790335463,19.435979254623422,110.7672721280869,19.406887556999514,19.465070952247327,True,6
v8_l32_t32_d64_p64_lowW4,1;min_L_32;max_L_minus_32;dupL_minL_64;cross_minL_64;lowW_4_L,6,1.5,16.896050216653517,11.204790010220488,42.73227315268508,58.236573149139346,94.21787345151908,-3.288183787861756,24.371623368881988,18.016468064751553,12.417039873333014,44.298379676669924,58.577118768816106,94.20109068420534,-3.274783961470536,25.212787336239455,18.02945364189362,11.070568443530309,53.173763809260365,62.69732015154308,94.27602358968198,-4.650098925625699,26.351786207636323,18.022960853322587,94.23855713694365,18.01646806475155,18.029453641893625,True,6
v8_l32_t32_d64_p64_lowW4,1;min_L_32;max_L_minus_32;dupL_minL_64;cross_minL_64;lowW_4_L,6,2.0,16.411808594989118,10.842720586463027,44.09551512279803,57.17248710013262,94.296270928798,-5.7614328751898745,24.002984971024393,17.40747971999296,11.628663607170708,44.281457148333864,57.41634009915822,94.28914139701298,-5.8479394238151965,24.740855169641165,17.210627742149644,10.920830029849355,47.72938099184404,60.88567222618692,94.31252055279514,-6.522604263744163,25.278453147573092,17.3090537310713,94.30083097490406,17.40747971999296,17.210627742149644,True,6
v8_l32_t32_d64_p64_lowW8,1;min_L_32;max_L_minus_32;dupL_minL_64;cross_minL_64;lowW_8_L,6,1.0,18.43507646554173,11.99410279281674,46.00113835347759,61.55142068911583,105.09447922427361,1.4784584874511402e-13,26.24465626929105,19.805646185503935,13.131225133005476,48.47308497610817,64.42492879146764,110.51483766716666,0.2733690899588861,27.683958024067362,20.072073067798527,12.528346635022869,55.755389640906095,69.90939904553117,129.39388925973478,-2.280290634095391,28.990768242030203,19.93885962665123,119.95436346345072,19.805646185503935,20.07207306779853,True,6
v8_l32_t32_d64_p64_lowW8,1;min_L_32;max_L_minus_32;dupL_minL_64;cross_minL_64;lowW_8_L,6,1.5,17.180199914940292,11.389400574182323,42.75049434212104,59.13069191338032,94.24940316326655,-3.383084545431004,24.69481758760551,18.277784793059247,12.471076430086047,45.20447106680305,60.76526079765301,94.23119023472329,-3.121323240599031,25.633654168046,18.50260008557866,11.476553304803582,54.0779640297261,63.924027371715276,110.77297906767028,-4.696682007106168,26.916474932786354,18.39019243931895,102.50208465119678,18.277784793059247,18.50260008557866,True,6
v8_l32_t32_d64_p64_lowW8,1;min_L_32;max_L_minus_32;dupL_minL_64;cross_minL_64;lowW_8_L,6,2.0,16.62867195017463,10.883429226817887,43.772279234941855,58.676969965692244,94.32522363154273,-5.914322354242935,24.3193798322309,17.516236819204327,11.691505144928433,44.586333275681945,58.42512473544562,94.31714957826402,-5.652713978339001,24.994208807789782,17.588990613466766,11.015746579898389,49.25877207262605,62.43555050896051,95.71500836728526,-6.64672161959664,25.786760477662007,17.552613716335546,95.01607897277464,17.516236819204327,17.588990613466766,True,6
v8_l32_t32_d64_p64_lowW16,1;min_L_32;max_L_minus_32;dupL_minL_64;cross_minL_64;lowW_16_L,6,1.0,18.760553443598784,12.203960222701344,46.910520483528856,61.30769562776645,104.30012512391156,8.859717652412429e-13,26.66970693964804,20.18620786636963,13.157409187139969,49.55832169788068,65.83203254577239,134.40743714269544,0.7692321947933171,28.457872099183962,20.613578347577466,12.852371275815099,56.439804474960866,70.42647893805713,133.18164927567562,-2.1238926640279563,29.59602863712199,20.39989310697355,133.79454320918552,20.186207866369635,20.61357834757746,True,6
v8_l32_t32_d64_p64_lowW16,1;min_L_32;max_L_minus_32;dupL_minL_64;cross_minL_64;lowW_16_L,6,1.5,17.45040504007499,11.57868547801565,43.09790663233347,60.68256115787932,94.30516520132231,-3.4992435273925078,25.087248597955142,18.576172362336912,12.513771947499853,45.98755420642847,61.711696524528996,103.19393650237187,-2.8702020363371306,26.146519734615836,18.97034920784087,11.781758506785668,54.41777097394777,64.56137927030817,108.28388688392643,-4.752790271011397,27.439022684872487,18.77326078508889,105.73891169314915,18.576172362336912,18.970349207840872,True,6
v8_l32_t32_d64_p64_lowW16,1;min_L_32;max_L_minus_32;dupL_minL_64;cross_minL_64;lowW_16_L,6,2.0,16.868725886166906,10.961002197317148,44.54308337898426,61.563604920577255,94.37356310200286,-6.1031514223727426,24.704557114777394,17.75032669014247,11.858586449123344,45.31578761132768,60.94340390560526,94.36491550870511,-5.57100772639201,25.385832783649892,17.973098305731725,11.261872270764034,49.55140498164639,63.58764728118326,94.44829511361306,-6.768968403062026,26.247170026144218,17.8617124979371,94.40660531115908,17.75032669014247,17.97309830573172,True,6
v8_l32_t32_d64_p64_wl3072,1;min_L_32;max_L_minus_32;dupL_minL_64;cross_minL_64;max_WL_minus_3072,6,1.0,18.597868594687665,12.440869726973025,46.31218744322949,63.91106535987915,95.73769832200828,2.9789835194911033e-13,26.37606987906048,20.16644816335978,13.22611774452715,50.71399839722687,65.42408672581031,155.9536061455133,1.0518741756361765,28.42012589213075,20.80965581234697,13.202691886274454,59.52757588374386,69.05263491834546,117.13829723601035,-2.1267940372978678,29.727248007943942,20.488051987853375,136.54595169076183,20.16644816335978,20.80965581234697,True,6
v8_l32_t32_d64_p64_wl3072,1;min_L_32;max_L_minus_32;dupL_minL_64;cross_minL_64;max_WL_minus_3072,6,1.5,17.404466590859403,11.519156833891364,43.56543206504727,63.50162370567902,94.33968132353796,-3.6169208520878975,25.145836713168773,18.88529354311194,12.620540484684877,46.44096103271194,65.24707182855471,150.354683126591,-2.4182517721050414,27.094419642279632,19.075215941895355,11.899358290276368,56.27831606902757,66.7346606421811,108.17924439140896,-4.875471649529851,27.7388930039938,18.980254742503647,129.26696375899996,18.885293543111942,19.07521594189535,True,6
v8_l32_t32_d64_p64_wl3072,1;min_L_32;max_L_minus_32;dupL_minL_64;cross_minL_64;max_WL_minus_3072,6,2.0,16.93450092979337,11.106124291993696,45.38413008978328,63.65868454619591,94.4154495621525,-6.186261134218783,24.87219558908863,18.115773104824047,11.94635157384906,46.894553961383586,65.09472228568748,130.29773144123737,-5.0679074897559895,26.30499643680103,18.149703344913075,11.574234275678442,54.156192696152345,65.80516521758544,94.48779056670222,-6.905156486420102,26.677996838963185,18.13273822486856,112.3927610039698,18.115773104824044,18.149703344913075,True,6
v8_l32_t32_d64_p64_wl3072_lowW2,1;min_L_32;max_L_minus_32;dupL_minL_64;cross_minL_64;max_WL_minus_3072;lowW_2_L,7,1.0,17.723319062876143,11.361114935693417,44.65732406438132,61.834408107304476,118.98677544576213,2.603852261481113e-13,25.394946997082613,19.404443684500876,12.985487956931197,48.02945018341614,64.3808539795951,144.76266246451073,1.0357896672522433,27.383078897724637,20.089643041463532,12.757879973152686,56.8689191366645,68.81321767334607,110.93336336886348,-4.5995643059952975,28.799703608265464,19.747043362982204,127.84801291668711,19.404443684500876,20.089643041463535,True,7
v8_l32_t32_d64_p64_wl3072_lowW2,1;min_L_32;max_L_minus_32;dupL_minL_64;cross_minL_64;max_WL_minus_3072;lowW_2_L,7,1.5,16.727128757777987,11.247625560821255,42.041794401645646,60.2252815341737,94.63149522267904,-3.312724931033163,24.20174759303775,18.14457777543387,12.075183571848308,45.19326636231637,62.39206725453262,143.48595799530602,-2.10272519866922,26.015242523625513,18.77307259554942,11.936559199978714,54.34692045565909,67.09327480482823,106.09467194416244,-6.649484794859566,27.283974901953346,18.458825185491644,124.79031496973423,18.144577775433866,18.773072595549422,True,7
v8_l32_t32_d64_p64_wl3072_lowW2,1;min_L_32;max_L_minus_32;dupL_minL_64;cross_minL_64;max_WL_minus_3072;lowW_2_L,7,2.0,16.31778847976478,10.782211706615596,43.30674430356142,59.515665901695975,94.47628965442362,-5.725924193029722,23.92890342876136,17.425015629596235,11.414157306659577,45.61901321286463,61.73486852517356,125.87967170894396,-4.600311685816042,25.253637592401706,18.048994820227833,11.528564174728235,51.33093725491391,65.99858742447375,94.56785759353954,-8.203848158482673,26.454995102339435,17.737005224912032,110.22376465124175,17.42501562959623,18.048994820227833,True,7
v8_l32_t32_d64_p64_wl3072_lowW4,1;min_L_32;max_L_minus_32;dupL_minL_64;cross_minL_64;max_WL_minus_3072;lowW_4_L,7,1.0,17.698002594703798,11.688613967313277,43.661083920473956,60.51051199509037,102.30082227787123,8.440453305224794e-13,25.02913082382764,19.200246299917506,13.133526623574372,46.3199448707834,62.71333082880081,139.90194286837027,1.168692944675327,26.748749512600824,18.937124150266726,12.094682770896853,50.698225007053246,64.14863609132493,105.39774108547158,-2.2177726712314016,27.22374893764718,19.068685225092118,122.64984197692092,19.20024629991751,18.937124150266726,True,6
v8_l32_t32_d64_p64_wl3072_lowW4,1;min_L_32;max_L_minus_32;dupL_minL_64;cross_minL_64;max_WL_minus_3072;lowW_4_L,7,1.5,16.65038757816941,11.246517278511519,40.429376697027344,56.901856207858486,94.15190035744446,-3.2017084563739147,23.828537102589266,17.914020712580555,12.063375858524939,42.95487326115853,59.54431126492827,140.13827003821234,-1.8884541155380001,25.433187721686775,17.7279107313948,11.162421400429045,47.48195675779058,61.256172097956984,104.12230086702219,-4.561555185063641,25.723444667551842,17.820965721987676,122.13028545261727,17.91402071258055,17.727910731394797,True,6
v8_l32_t32_d64_p64_wl3072_lowW4,1;min_L_32;max_L_minus_32;dupL_minL_64;cross_minL_64;max_WL_minus_3072;lowW_4_L,7,2.0,16.200211076568124,10.798571247888255,41.18491523952669,56.731955807863734,94.2548053981336,-5.548640763336516,23.555552982972188,17.166167077289828,11.284620119502414,42.91740668397338,57.977840255394405,123.97129247360606,-4.330274777597386,24.749910269972357,17.065296528547186,10.901956297466342,45.22384002824812,58.57847123942889,94.62609018742533,-6.344579213637558,24.96688404311042,17.115731802918507,109.2986913305157,17.166167077289824,17.065296528547186,True,6
v8_l32_t32_d64_p64_wl3072_lowW8,1;min_L_32;max_L_minus_32;dupL_minL_64;cross_minL_64;max_WL_minus_3072;lowW_8_L,7,1.0,17.745610232001034,11.8525021268572,44.62495982185917,60.98330540962803,97.97147135020225,-4.1485103826987214e-13,25.227585488684824,19.18168591152758,13.02480752332848,47.093439828429815,62.544520043188996,135.7929955458049,1.295514068570789,26.924432564384855,19.173345312194403,12.075983779779843,52.08580317902181,65.52409836350857,114.72804000845058,-1.8446985800995062,27.593499803211763,19.17751561186099,125.26051777712775,19.18168591152758,19.173345312194407,True,6
v8_l32_t32_d64_p64_wl3072_lowW8,1;min_L_32;max_L_minus_32;dupL_minL_64;cross_minL_64;max_WL_minus_3072;lowW_8_L,7,1.5,16.643538189037862,11.206872869354267,40.678661290095505,58.36876313911843,94.17837395369413,-3.266640770264707,24.0186293266723,17.841490875285125,12.01351311732931,41.9637632590045,59.79367780749002,137.6073264960426,-1.8617719793599967,25.536561080026747,17.850254358966353,11.16877405148935,47.564513966889365,62.31298330236688,104.06826282796935,-4.327502485214293,26.006752425367708,17.84587261712574,120.83779466200596,17.841490875285125,17.85025435896635,True,6
v8_l32_t32_d64_p64_wl3072_lowW8,1;min_L_32;max_L_minus_32;dupL_minL_64;cross_minL_64;max_WL_minus_3072;lowW_8_L,7,2.0,16.177716658982586,10.793762921921063,41.107770975147865,59.164249702294434,94.28094608520476,-5.638782826608042,23.74612142352397,17.090897478382832,11.254911690984493,43.205751836426174,59.62514304778329,122.8228889189435,-4.335468100601006,24.85562784572852,17.08435348601167,11.08512238309575,45.53914966741773,61.29554953645215,95.80225983989779,-6.169657783366813,25.206138027993664,17.08762548219725,109.31257437942065,17.090897478382836,17.08435348601167,True,6
v8_l32_t32_d64_p64_wl3072_lowW16,1;min_L_32;max_L_minus_32;dupL_minL_64;cross_minL_64;max_WL_minus_3072;lowW_16_L,7,1.0,17.992485861905152,11.606201125909731,45.121837731529816,61.37868933339875,103.44402861731182,-5.389753515820014e-13,25.65055127043745,19.52952252448557,12.958994032483794,48.03317574515804,64.2198197510685,134.47974547072286,1.5983453916530759,27.672007457604902,19.663017016192107,12.44962288258608,53.63912319127813,67.0486634390195,130.77412437133233,-1.6670750597660922,28.304387610341198,19.59626977033884,132.6269349210276,19.52952252448557,19.663017016192107,True,6
v8_l32_t32_d64_p64_wl3072_lowW16,1;min_L_32;max_L_minus_32;dupL_minL_64;cross_minL_64;max_WL_minus_3072;lowW_16_L,7,1.5,16.858597886030726,11.435471334158015,40.56963124556916,60.551945026085576,94.2403786623539,-3.380469039356989,24.411306479807642,18.167419285705055,12.09890083073496,43.84975531121237,62.01126752802636,138.092613737608,-1.7474513494004407,26.105360769266333,18.243660645063688,11.375708680569929,48.78084629497766,63.87459410404286,106.50988688574495,-4.321212901097308,26.59526917460112,18.20553996538437,122.30125031167647,18.167419285705055,18.243660645063688,True,6
v8_l32_t32_d64_p64_wl3072_lowW16,1;min_L_32;max_L_minus_32;dupL_minL_64;cross_minL_64;max_WL_minus_3072;lowW_16_L,7,2.0,16.40762933607275,10.922077102800559,42.45207093012709,61.90204013956933,94.33632040785412,-5.823069578614571,24.1310372313652,17.401733349771703,11.411359180238257,44.024671944286105,62.12248079365663,124.46185203609717,-4.3289683705325945,25.3553127944852,17.44195563841106,11.077656848476558,47.42084828531344,63.76602823309484,94.39777447842151,-6.275851660739515,25.725625084382823,17.42184449409138,109.42981325725934,17.401733349771703,17.44195563841106,True,6
v8_l32_t32_d128_p32,1;min_L_32;max_L_minus_32;dupL_minL_128;cross_minL_32,5,1.0,17.50664768581123,11.299061963283934,46.45511272537473,64.26205908532087,94.22302250657715,1.4894917597455518e-14,25.544984255181863,18.36887572734018,12.618682605142094,47.984247544191895,66.05245150779588,104.5643521132245,0.0966236923182721,26.381152571150025,20.04502738803502,12.89487910925413,56.34103470463611,70.15007707123013,117.71371670718209,-1.554442634083166,29.133491520431093,19.2069515576876,111.1390344102033,18.368875727340182,20.04502738803502,True,5
v8_l32_t32_d128_p32,1;min_L_32;max_L_minus_32;dupL_minL_128;cross_minL_32,5,1.5,16.53113458496363,10.577381305937845,44.06543180535392,65.23327429572561,94.35023566857767,-3.485581232679026,24.623162297684484,17.259386614881034,11.270690175868614,47.289962745369564,65.3904562864544,94.3370096426427,-3.1748410516437358,25.272001039232666,18.57215165885647,11.38586733140411,55.097182513012925,68.5942959795619,99.52010143236075,-4.394824856231164,27.50184264764524,17.915769136868754,96.92855553750172,17.25938661488103,18.572151658856473,True,5
v8_l32_t32_d128_p32,1;min_L_32;max_L_minus_32;dupL_minL_128;cross_minL_32,5,2.0,16.072582463050125,10.212603757176613,42.278274732896726,64.7659484182017,94.42547096386005,-5.95621251909364,24.405352935562643,16.743649907051743,10.608507523726473,43.27982143824039,65.09449022766151,94.4186486054306,-5.530833547899296,24.917286091454198,17.588126148833915,11.20650857927112,53.06905097585182,67.18721194013209,94.48693308683173,-6.479144141536926,26.42209081621953,17.165888027942827,94.45279084613117,16.74364990705174,17.58812614883391,True,5
v8_l32_t32_d128_p32_lowW2,1;min_L_32;max_L_minus_32;dupL_minL_128;cross_minL_32;lowW_2_L,6,1.0,16.700436021500344,10.582384690487185,41.39290873985961,63.888913212815424,121.54624957210953,4.13747711040431e-14,24.660748992680347,18.00896395419043,12.59329682633884,43.109795411427825,66.0141241138171,128.0662743885332,-0.07761686639171732,25.95705447564653,19.377184764129193,12.40283991090018,55.16994312368432,69.62127103843919,119.35650315938236,-3.93685244700634,28.301867808763344,18.693074359159812,123.71138877395778,18.00896395419043,19.377184764129193,True,6
v8_l32_t32_d128_p32_lowW2,1;min_L_32;max_L_minus_32;dupL_minL_128;cross_minL_32;lowW_2_L,6,1.5,15.813779263348035,10.127804915375698,40.64091554935071,62.729380080545326,98.5857877762686,-3.2029472963545045,23.739108071034202,16.6733494854718,11.026821215005434,42.19719139342869,63.936459462017496,104.94019750754977,-3.0270997239404114,24.56339138157349,18.319915061344037,11.511430009519207,53.62655807736888,68.62137567383843,101.63218924100046,-6.1063402952069845,27.101846949630126,17.49663227340792,103.28619337427511,16.673349485471796,18.319915061344034,True,6
v8_l32_t32_d128_p32_lowW2,1;min_L_32;max_L_minus_32;dupL_minL_128;cross_minL_32;lowW_2_L,6,2.0,15.391901144946983,9.70387186746371,39.63328629172192,59.71171105805978,94.48366784902612,-5.5307468455055675,23.51753993406982,16.087116089449726,10.394599347453347,41.8026762925544,61.21102887666712,94.475178567987,-5.222895574282405,24.099502625405016,17.52740794929571,11.318401599516514,52.32415070381466,66.97241782370361,94.56275305652969,-7.746351145809066,26.24144570009108,16.80726201937272,94.51896581225834,16.08711608944973,17.527407949295714,True,6
v8_l32_t32_d128_p32_lowW4,1;min_L_32;max_L_minus_32;dupL_minL_128;cross_minL_32;lowW_4_L,6,1.0,16.53731214886368,10.965509596240015,39.5310062364814,62.679395346091326,103.26190751952096,1.2302098608268815e-13,24.374009674121325,17.99093440794699,12.682063206539851,43.47235639193703,64.45780992356775,112.27562933536035,0.07114702044688184,25.761871897565776,18.315305939684144,11.283980582920329,51.57585255738543,67.19739874076399,120.65763891668495,-1.8569059120952809,27.136018858616893,18.153120173815566,116.46663412602265,17.990934407946988,18.315305939684144,True,6
v8_l32_t32_d128_p32_lowW4,1;min_L_32;max_L_minus_32;dupL_minL_128;cross_minL_32;lowW_4_L,6,1.5,15.620143758732157,10.050398487302019,37.746379083976066,60.29164387825559,94.17999965482322,-3.1129083079717086,23.435232150355297,16.736601961764983,11.051523790641937,41.82563206295044,61.36164067064637,94.16421318737244,-3.190053585273562,24.447437317039977,17.257998857272597,10.614219786326151,50.56058819946789,65.27508133917446,103.32115249327605,-4.250307213208023,25.855793667580784,16.99730040951879,98.74268284032425,16.736601961764983,17.257998857272593,True,6
v8_l32_t32_d128_p32_lowW4,1;min_L_32;max_L_minus_32;dupL_minL_128;cross_minL_32;lowW_4_L,6,2.0,15.225233586792648,9.73039697421601,37.546683256591386,59.55223481024736,94.27727788088771,-5.387518165999801,23.211027909164606,16.079799930316657,10.261010971370744,40.14714291582203,59.86950238735006,94.26885415264191,-5.313481690161103,23.88219321415039,16.509751819833493,10.49716777809293,49.28274511025598,63.18364194179689,94.27967410211767,-6.0629695618251755,24.97743950571545,16.294775875075075,94.27426412737978,16.079799930316657,16.509751819833493,True,6
v8_l32_t32_d128_p32_lowW8,1;min_L_32;max_L_minus_32;dupL_minL_128;cross_minL_32;lowW_8_L,6,1.0,16.670736052787426,10.785126808398626,42.38403313896919,62.276093706662394,98.71038490382209,2.0411553744661262e-14,24.62674394318267,17.928558308784716,12.360983831244255,44.3955796661322,63.86572338463464,114.72072326309974,0.600308163694101,26.05740960831515,18.659677843645888,11.463600357512677,51.612302524371316,68.08755867610012,121.60528164532329,-1.6761749531817798,27.63085252495334,18.2941180762153,118.16300245421152,17.928558308784716,18.659677843645888,True,6
v8_l32_t32_d128_p32_lowW8,1;min_L_32;max_L_minus_32;dupL_minL_128;cross_minL_32;lowW_8_L,6,1.5,15.747653557648936,9.99496997778503,40.23094863987039,61.70349713783031,94.20261225740992,-3.188870249393204,23.68402851629859,16.726316324750872,10.79319818083495,41.97194012794101,62.932199272960474,94.18572775433815,-2.8092746288851855,24.71711133491079,17.549849997057052,10.794939275122218,50.75268908417355,64.84757082545558,105.66056990046131,-4.3585998209624295,26.342625626275385,17.13808316090396,99.92314882739973,16.72631632475087,17.549849997057052,True,6
v8_l32_t32_d128_p32_lowW8,1;min_L_32;max_L_minus_32;dupL_minL_128;cross_minL_32;lowW_8_L,6,2.0,15.336138072595215,9.788997922129038,38.57282110778656,60.55135256698039,94.29916764964861,-5.504030806301296,23.46067093307695,16.217226636102858,10.156190345669264,41.96184112652572,62.08802250300285,94.29003819592513,-5.296926863408553,24.240830392529325,16.742385066697757,10.458704775902401,49.16738739008031,63.86187288111321,94.32728562599354,-6.232514215465159,25.41201746459328,16.479805851400307,94.30866191095933,16.217226636102858,16.742385066697757,True,6
v8_l32_t32_d128_p32_lowW16,1;min_L_32;max_L_minus_32;dupL_minL_128;cross_minL_32;lowW_16_L,6,1.0,16.837956589727828,10.546522141887815,44.2381150389027,62.076466923088965,103.01710552147752,1.2081433162380586e-13,24.934269349678303,18.07911863105635,12.138751068840836,45.28910844122171,64.92151594750841,123.67459340665752,0.9349077980639674,26.4924495688923,18.944452074064724,11.741496701519495,52.769661812908254,68.82454864371073,129.3459255820443,-1.2758562531932005,27.995853754825124,18.511785352560537,126.5102594943509,18.079118631056353,18.944452074064724,True,5
v8_l32_t32_d128_p32_lowW16,1;min_L_32;max_L_minus_32;dupL_minL_128;cross_minL_32;lowW_16_L,6,1.5,15.961951877040276,10.045379442699588,41.24694876878792,62.809419164087615,94.25353270793644,-3.2859583050763224,24.01445162786915,16.92946946518018,10.802655595321653,45.01539343718355,63.87106770644094,105.92957502925837,-2.4591579016093443,25.137649892497272,17.738648544701203,10.798335934832714,50.41206784741348,66.23799650246504,107.6084676130142,-4.090147140831816,26.599226992480414,17.33405900494069,106.76902132113628,16.929469465180183,17.738648544701203,True,5
v8_l32_t32_d128_p32_lowW16,1;min_L_32;max_L_minus_32;dupL_minL_128;cross_minL_32;lowW_16_L,6,2.0,15.563653228872802,9.537729326278221,39.98023524160915,62.6304099217788,94.34108832936855,-5.661078981317534,23.793022047058184,16.419463943280178,10.139433680401243,43.90627478776859,62.76671175533146,94.33296284533985,-4.97100629066169,24.616661674643055,16.940976143817757,10.565031531910108,49.40058398337505,64.71706505678169,94.39509526629149,-6.161666555352861,25.689992938954138,16.680220043548967,94.36402905581568,16.419463943280178,16.940976143817757,True,6
v8_l32_t32_d128_p32_wl3072,1;min_L_32;max_L_minus_32;dupL_minL_128;cross_minL_32;max_WL_minus_3072,6,1.0,17.43926575209565,11.316873536966787,47.19704392613044,64.67746548082685,94.21339642788283,4.771890267332971e-13,25.487513566323617,18.420926777346892,12.499576602532981,49.661430171140275,66.90477983024515,104.5643521132245,0.5201556676080483,26.6808084530552,19.97219692226045,12.627631890820734,56.60881251664981,70.1621462904918,116.327834124524,-1.4983043697111118,29.084070772414183,19.196561849803672,110.44609311887424,18.420926777346892,19.97219692226045,True,6
v8_l32_t32_d128_p32_wl3072,1;min_L_32;max_L_minus_32;dupL_minL_128;cross_minL_32;max_WL_minus_3072,6,1.5,16.4696804939379,10.426599883598342,44.49304222769912,65.26996115222101,94.34060701954003,-3.4905761579406445,24.593062597742787,17.365864838404597,11.202088636855434,48.77083424218215,66.62617469435901,105.77752249308662,-2.5898074737472254,25.674489051487132,18.487384423992747,11.31301790092213,55.4317061773643,68.98791336107654,96.98914046273256,-4.399313108958864,27.456866555621474,17.92662463119867,101.38333147790959,17.365864838404597,18.487384423992744,True,6
v8_l32_t32_d128_p32_wl3072,1;min_L_32;max_L_minus_32;dupL_minL_128;cross_minL_32;max_WL_minus_3072,6,2.0,16.044682500578055,10.258595326353863,41.267064642140454,64.8867930501335,94.41997134255148,-5.948037961375918,24.388599716621005,16.82245366590504,10.707403890769745,44.49192066170684,65.67508851464179,94.4132855321542,-5.035562143083787,25.11070471645722,17.567288201952053,11.148398837807484,53.62422620653088,67.64392446370519,94.47853413519886,-6.478628525200373,26.468660931225035,17.19487093392855,94.44590983367652,16.82245366590504,17.567288201952053,True,6
v8_l32_t32_d128_p32_wl3072_lowW2,1;min_L_32;max_L_minus_32;dupL_minL_128;cross_minL_32;max_WL_minus_3072;lowW_2_L,7,1.0,16.644955397905264,10.817924496358817,41.95154727733679,63.948432526408205,119.59212808437397,5.053238710840463e-13,24.553825983124447,17.98713286710996,12.451492055822222,44.05553426342033,66.90818850405776,124.03951113201796,0.2792992991477005,26.049809187320534,19.26267922746226,12.21850649791076,54.682603806718845,70.19828253803882,114.1074633413023,-3.9498446420894715,28.175934423411412,18.62490604728611,119.07348723666013,17.98713286710996,19.26267922746226,True,7
v8_l32_t32_d128_p32_wl3072_lowW2,1;min_L_32;max_L_minus_32;dupL_minL_128;cross_minL_32;max_WL_minus_3072;lowW_2_L,7,1.5,15.753535029974413,10.111155199161114,40.58910660685914,62.210635503912336,96.59936093498062,-3.20440750601815,23.681032942256753,16.711144843353992,10.798462151975974,43.79169467782519,64.90592287449728,100.34325963045427,-2.5461553985566483,24.713775716985538,18.22362770556763,11.509790661513831,53.7942490774143,68.87076019262057,94.90467064839088,-6.173803510850839,27.03047200581135,17.46738627446081,97.62396513942258,16.711144843353992,18.22362770556763,True,7
v8_l32_t32_d128_p32_wl3072_lowW2,1;min_L_32;max_L_minus_32;dupL_minL_128;cross_minL_32;max_WL_minus_3072;lowW_2_L,7,2.0,15.371259296360849,9.904588269940078,39.45737275095005,59.900020327721165,94.47606742810282,-5.511109219506773,23.475751786697927,16.124959939278757,10.509323025006111,42.009092087202845,61.472629600109116,94.46795304658842,-4.823910190952802,24.146397650656894,17.515393889996556,11.333444581927633,52.34800267353918,67.23319980490346,94.55120639534951,-7.7888027310921455,26.293741714704645,16.820176914637656,94.50957972096896,16.124959939278757,17.515393889996556,True,7
v8_l32_t32_d128_p32_wl3072_lowW4,1;min_L_32;max_L_minus_32;dupL_minL_128;cross_minL_32;max_WL_minus_3072;lowW_4_L,7,1.0,16.562053106825147,10.799354189428911,39.93658180478508,62.962013141711594,101.66811812061441,3.075524652067204e-13,24.206703323656782,17.852897396818403,12.54313373986723,43.44438060487791,65.5542354339841,106.67720309399469,0.4185299474322313,25.52597080853497,18.21658281572635,11.352773937309351,48.83333819105197,67.12043309558258,111.83784864048864,-1.7671852455360884,26.808383576911382,18.034740106272377,109.25752586724167,17.8528973968184,18.216582815726355,True,7
v8_l32_t32_d128_p32_wl3072_lowW4,1;min_L_32;max_L_minus_32;dupL_minL_128;cross_minL_32;max_WL_minus_3072;lowW_4_L,7,1.5,15.555183424699964,10.066182444882532,37.317992524938695,59.40170506729305,94.1484520751146,-3.104176392843551,23.321777432786707,16.572463920457995,11.050129577834838,40.666123241829396,60.87547039245785,94.13483571144653,-2.660859130127979,24.269571874503345,17.159545273275246,10.65355430551031,48.177950702159386,65.22553655607128,94.18281318301347,-4.307192166062536,25.6548534501506,16.86600459686662,94.15882444722999,16.572463920458,17.15954527327525,True,7
v8_l32_t32_d128_p32_wl3072_lowW4,1;min_L_32;max_L_minus_32;dupL_minL_128;cross_minL_32;max_WL_minus_3072;lowW_4_L,7,2.0,15.188155579680512,9.750427773095833,36.56996698487925,59.27003079298355,94.25808560087957,-5.3440434449850205,23.117187209920008,15.97905440206401,10.482938384071389,37.98555549590998,60.21791827670622,94.25023460560578,-4.942249095673857,23.753371386290787,16.484522992420228,10.342680817195138,46.68163373941288,63.17494581976432,94.26191836856384,-6.1005963864429615,24.93132217543366,16.23178869724212,94.25607648708481,15.979054402064012,16.484522992420228,True,7
v8_l32_t32_d128_p32_wl3072_lowW8,1;min_L_32;max_L_minus_32;dupL_minL_128;cross_minL_32;max_WL_minus_3072;lowW_8_L,7,1.0,16.361812855136776,10.528787898162218,43.211217312785756,63.3124759573291,96.1465253534196,-1.842556473166719e-12,24.274637872896456,17.570195198557105,12.230700249224718,43.82967202362012,65.37500576155236,106.4654932259907,0.5179759858992826,25.633261402809005,18.205350612936563,11.146035020310585,48.059741783952774,68.01077451410912,112.29366146294541,-1.2609561885484457,26.924157946370244,17.887772905746836,109.37957734446806,17.57019519855711,18.205350612936563,True,6
v8_l32_t32_d128_p32_wl3072_lowW8,1;min_L_32;max_L_minus_32;dupL_minL_128;cross_minL_32;max_WL_minus_3072;lowW_8_L,7,1.5,15.503065857553587,9.510562149554058,38.09200983318898,60.702233036616434,94.16203949272088,-3.158323309846382,23.446031654727587,16.4051739969884,10.688509029448511,40.212711157850094,62.07425516387946,94.15052164638253,-2.5364781997578243,24.31956951559865,17.02410002465286,10.499958293449163,47.11908417542917,64.95634778414079,94.97705691174218,-3.9428904776652938,25.649815450706164,16.71463701082063,94.56378927906235,16.405173996988403,17.024100024652864,True,6
v8_l32_t32_d128_p32_wl3072_lowW8,1;min_L_32;max_L_minus_32;dupL_minL_128;cross_minL_32;max_WL_minus_3072;lowW_8_L,7,2.0,15.207363748171899,9.652818125295465,38.045094899026054,60.869101057400066,94.26460532021493,-5.4111210638597305,23.261816489383847,15.941550893537347,10.314386438487327,40.17799595691961,61.56589517201764,94.26082608479504,-4.9323917575178156,23.87216631363393,16.38475649422431,10.009828039053126,45.66456202283581,63.39409058153415,94.28380745867344,-5.925205846748143,25.01884452818701,16.16315369388083,94.27231677173424,15.941550893537347,16.384756494224312,True,6
v8_l32_t32_d128_p32_wl3072_lowW16,1;min_L_32;max_L_minus_32;dupL_minL_128;cross_minL_32;max_WL_minus_3072;lowW_16_L,7,1.0,16.488571503768966,10.14457705620212,44.653354524119884,62.2334883750476,102.15096355958985,-1.4508753067151114e-13,24.57724181197011,17.707589250479426,11.70343336075782,46.02170339532701,65.52717125480275,121.83890156505161,0.7660975956140255,26.12873443243238,18.556644371774148,11.331894339759717,50.18803531908361,68.76869238330404,128.2315962521269,-1.0584213819020356,27.48384058949929,18.132116811126785,125.03524890858927,17.707589250479423,18.556644371774148,True,6
v8_l32_t32_d128_p32_wl3072_lowW16,1;min_L_32;max_L_minus_32;dupL_minL_128;cross_minL_32;max_WL_minus_3072;lowW_16_L,7,1.5,15.645532139568532,9.561519152313696,40.35046628299019,61.95213683578776,94.22551579017981,-3.2524458914908725,23.744667111366788,16.586550444647283,10.661041585629516,45.16619829771179,63.09348389109122,103.1017200296684,-2.392833253010234,24.76033874622293,17.30319349812238,10.520768129385427,48.36826664684847,65.41360428694794,106.32815164403135,-3.8656925734885155,26.092325391522287,16.94487197138483,104.71493583684988,16.58655044464728,17.30319349812238,True,6
v8_l32_t32_d128_p32_wl3072_lowW16,1;min_L_32;max_L_minus_32;dupL_minL_128;cross_minL_32;max_WL_minus_3072;lowW_16_L,7,2.0,15.36802366444148,9.734075330027192,38.90715611738819,62.08244421409692,94.3211984460624,-5.551133492263943,23.560843559312616,16.137323963158046,10.01297491683144,40.96897466424081,62.27999140668659,94.3172621730063,-4.826187139560633,24.2640006188733,16.588325602475415,10.145305165293,45.695408920729975,64.41428488899064,94.36639759186741,-5.850079807458151,25.313057921257236,16.36282478281673,94.34182988243685,16.137323963158046,16.588325602475415,True,6
v8_l32_t32_d128_p64,1;min_L_32;max_L_minus_32;dupL_minL_128;cross_minL_64,5,1.0,18.3442760315775,11.94326914057497,46.3834459373665,63.749593537313004,94.98282563185256,8.992116919945368e-14,26.23155450953078,19.477864214563308,13.056234923444155,47.45805011521648,66.1155422749845,108.68176249014007,-0.5186435178391843,27.38574428118492,20.700078134914097,12.64709375539897,56.53861536368499,69.04618494341177,120.73949134142805,-1.5923040649839557,29.79114682835451,20.088971174738703,114.71062691578406,19.477864214563304,20.700078134914097,True,5
v8_l32_t32_d128_p64,1;min_L_32;max_L_minus_32;dupL_minL_128;cross_minL_64,5,1.5,17.374392618109404,11.183844319693957,45.656378661062234,64.25201409015253,94.27521410968897,-3.710478931347448,25.244617734664505,18.424259612293568,12.333945981588984,46.467303316614306,65.02464248836861,94.27057106593325,-4.045779562488449,26.25357747465598,19.30320979097491,11.794687086288057,54.802597041939336,67.71762316743714,102.68095857498514,-4.641256167503749,28.10232554068915,18.86373470163424,98.4757648204592,18.424259612293568,19.303209790974915,True,5
v8_l32_t32_d128_p64,1;min_L_32;max_L_minus_32;dupL_minL_128;cross_minL_64,5,2.0,16.983094960492434,10.95159140652413,44.270239414680645,63.956165396805865,94.37735872166427,-6.260362303619747,25.02071602416653,18.02574989404844,11.919107289119447,46.04964301576881,64.96368001215419,94.37631850151197,-6.5335916948410455,25.941253007044875,18.41622560260607,11.532515236918083,52.83767539463509,66.4730506622757,94.43958849701025,-6.794123931306551,27.01593671645514,18.220987748327254,94.40795349926111,18.025749894048445,18.41622560260607,True,5
v8_l32_t32_d128_p64_lowW2,1;min_L_32;max_L_minus_32;dupL_minL_128;cross_minL_64;lowW_2_L,6,1.0,17.551009272259773,11.613499821168826,44.040977618825664,62.368581497344046,118.65342443448803,9.102449642889482e-14,25.354185502561172,18.99653749295413,13.072956827967818,45.261827326674855,65.89141729307951,120.46864501589613,-0.16730921687800018,26.80308807736294,19.879187152077986,12.2624093903686,55.04536677111308,68.42689565705251,122.34812509683847,-3.9766325266780367,28.902817257043683,19.437862322516057,121.40838505636731,18.996537492954126,19.879187152077986,True,6
v8_l32_t32_d128_p64_lowW2,1;min_L_32;max_L_minus_32;dupL_minL_128;cross_minL_64;lowW_2_L,6,1.5,16.706988187575025,10.776083771492306,44.45805480568716,60.90198567457674,95.01295642923402,-3.4272645314395875,24.37908585300749,17.876109496526958,12.172836019689093,45.59380034511954,62.9910234013213,94.34105214346688,-3.54103353488173,25.48075877427757,18.94137136344937,11.703502462524202,53.85145116171538,67.97597328455706,104.76182580284816,-6.3548009398190235,27.687303911046918,18.408740429988164,99.55143897315753,17.876109496526958,18.94137136344937,True,6
v8_l32_t32_d128_p64_lowW2,1;min_L_32;max_L_minus_32;dupL_minL_128;cross_minL_64;lowW_2_L,6,2.0,16.357068661157953,10.590253893140323,42.0684967914914,58.899589472199644,94.43585771030368,-5.83421992472121,24.15412992579396,17.399491060612586,11.601582381389612,44.86162562873823,61.920079506221576,94.4330832659803,-5.905548475748473,25.042974487497876,18.281507837907597,11.560422155824224,51.8365357142353,67.32323035261929,94.51572733110308,-8.062988476419921,26.836117136216693,17.840499449260093,94.47440529854168,17.399491060612583,18.2815078379076,True,6
v8_l32_t32_d128_p64_lowW4,1;min_L_32;max_L_minus_32;dupL_minL_128;cross_minL_64;lowW_4_L,6,1.0,17.606691905577662,11.59917546377911,42.981357234258134,60.84092841708437,100.27924045318164,1.1915934077964414e-13,25.091325811261246,18.980628576152608,13.110982862180158,44.47157931822346,62.31050879581291,116.34868256847382,0.21786515748737528,26.49529410957543,19.19887370840553,11.962971416245788,50.76825651680725,66.48863920470458,123.58164992439056,-1.8929835402413369,27.825351100696878,19.08975114227907,119.96516624643219,18.980628576152604,19.19887370840553,True,6
v8_l32_t32_d128_p64_lowW4,1;min_L_32;max_L_minus_32;dupL_minL_128;cross_minL_64;lowW_4_L,6,1.5,16.6912752550019,11.104987686509277,42.22301105382722,59.41244471698542,94.10548883203026,-3.341014671404958,24.099742145029587,17.759711123702864,12.145756961126065,43.930416560095786,60.586037058014284,96.0512064541139,-3.163005217570311,25.137017966281544,18.153394433057137,11.357948955633212,50.09596041247883,64.21141342557891,106.39037580282111,-4.4998503512635954,26.5035114444887,17.95655277838,101.22079112846751,17.759711123702864,18.153394433057137,True,6
v8_l32_t32_d128_p64_lowW4,1;min_L_32;max_L_minus_32;dupL_minL_128;cross_minL_64;lowW_4_L,6,2.0,16.27938220942222,10.69605068835179,40.37740675110295,57.2223443231399,94.23013360594071,-5.698735003581963,23.872023382156826,17.205876774735646,11.314441473208188,42.46299432163469,57.74671312593781,94.22709902796471,-5.540078229955826,24.68259546812214,17.47094717701047,11.084749355505641,48.39172306050402,62.130993701397514,94.23265755363285,-6.385210989918272,25.626989656683058,17.338411975873058,94.22987829079878,17.205876774735643,17.47094717701047,True,6
v8_l32_t32_d128_p64_lowW8,1;min_L_32;max_L_minus_32;dupL_minL_128;cross_minL_64;lowW_8_L,6,1.0,17.810414381676733,11.940902663016479,44.257120145271934,61.811962760408605,98.55889838960677,-3.577538541462927e-13,25.336226146321334,19.04364450336317,12.912559204005298,45.84807442966081,63.5167216683817,117.02635354076483,0.5098549375724742,26.718265853593596,19.58702661315343,12.2866470911918,51.88883057990544,66.57853637143472,124.22764898345733,-1.536075869431685,28.25055175418218,19.315335558258298,120.62700126211108,19.043644503363165,19.58702661315343,True,5
v8_l32_t32_d128_p64_lowW8,1;min_L_32;max_L_minus_32;dupL_minL_128;cross_minL_64;lowW_8_L,6,1.5,16.81900258677748,10.8706740848092,43.115183734823354,58.83527610006348,94.1289133526116,-3.417707321287591,24.340159386300925,17.75325917231248,11.8108057771171,43.7102114499883,61.097525637859775,97.76340884873522,-2.9155581747115167,25.330658527644996,18.41944022831487,11.451272856923,50.53420424219258,64.35949847248045,107.44340490375919,-4.375444646447745,26.85737750747074,18.086349700313676,102.6034068762472,17.75325917231248,18.419440228314865,True,5
v8_l32_t32_d128_p64_lowW8,1;min_L_32;max_L_minus_32;dupL_minL_128;cross_minL_64;lowW_8_L,6,2.0,16.370306619273745,10.69806444894032,41.622942709687706,59.59921160860479,94.2526974112891,-5.814167493162152,24.11258487421251,17.18245266378664,11.104686359335048,43.87277495978443,59.63459122274307,94.25006195678355,-5.349483006327825,24.832338022952587,17.63243840204211,11.196509449900937,47.82739678004856,62.67301687124946,94.28034527010684,-6.348432252910658,25.94221500216506,17.407445532914373,94.2652036134452,17.18245266378664,17.632438402042112,True,5
v8_l32_t32_d128_p64_lowW16,1;min_L_32;max_L_minus_32;dupL_minL_128;cross_minL_64;lowW_16_L,6,1.0,17.94414278985233,11.77789565264231,45.28287250673378,61.56443895172646,100.36075136077804,-1.1860767716492355e-13,25.70505823886781,19.19009499973649,12.589547447025119,46.20041886379015,63.94920533468413,117.52478029450866,0.723002113027415,27.20605520871226,19.94402566490136,12.309811958002149,52.73392403953744,66.98063471835532,127.15290928309435,-1.2666954654547506,28.814547405700587,19.567060332318924,122.33884478880151,19.19009499973649,19.944025664901357,True,5
v8_l32_t32_d128_p64_lowW16,1;min_L_32;max_L_minus_32;dupL_minL_128;cross_minL_64;lowW_16_L,6,1.5,16.96041014541746,10.701387523647089,43.19825724672523,61.35207014646705,94.18688087085987,-3.5269292945294795,24.69342550475607,17.910548561190993,11.708822638914535,45.65103668416696,62.665144824202976,98.0911282206469,-2.860703714150647,25.706130174436026,18.707362570613963,11.490176593746693,50.730226583492275,65.7214167621824,106.74414345909149,-4.262282039783145,27.29038683343226,18.30895556590248,102.41763583986919,17.910548561190993,18.70736257061396,True,5
v8_l32_t32_d128_p64_lowW16,1;min_L_32;max_L_minus_32;dupL_minL_128;cross_minL_64;lowW_16_L,6,2.0,16.5543640445804,10.769284297779258,42.8132611857933,61.902950593580144,94.30505138019049,-5.98446520760088,24.4631666135047,17.350763835116652,11.307156567192738,44.3934697095389,62.3068140882706,94.30270070855245,-5.397660140250172,25.16968388402611,17.89939942544704,11.211339267414804,48.43537065679965,64.07789137478967,94.35722670472981,-6.361756910997954,26.336912776974742,17.625081630281848,94.32996370664114,17.35076383511665,17.89939942544704,True,5
v8_l32_t32_d128_p64_wl3072,1;min_L_32;max_L_minus_32;dupL_minL_128;cross_minL_64;max_WL_minus_3072,6,1.0,18.259419762420887,11.943501134475154,47.165223290859835,63.751724239486656,94.09355790659858,2.2380992849213714e-12,26.15127809757177,19.49352686169394,12.828280727291974,49.83250688484789,66.54694476550347,108.68176249014007,0.008886013889987448,27.595505193451785,20.620319378658255,12.436042123592417,56.44346539552331,69.05819718830327,118.65599690218565,-1.5323669593308966,29.708969179322363,20.056923120176098,113.66887969616286,19.49352686169394,20.62031937865825,True,6
v8_l32_t32_d128_p64_wl3072,1;min_L_32;max_L_minus_32;dupL_minL_128;cross_minL_64;max_WL_minus_3072,6,1.5,17.300464269609833,11.235227438625294,45.0246517585502,64.4669348844138,94.26378256485884,-3.713797418534902,25.198989538083683,18.42928822136839,11.993610895022478,47.73098753352829,66.07733905129972,94.26058745498852,-3.2976244602000238,26.45974932600642,19.213443826303163,11.770275971937462,55.53458039269875,68.42152703279685,96.56209664541157,-4.643186043042212,28.026459435749267,18.82136602383578,95.41134205020005,18.42928822136839,19.21344382630316,True,6
v8_l32_t32_d128_p64_wl3072,1;min_L_32;max_L_minus_32;dupL_minL_128;cross_minL_64;max_WL_minus_3072,6,2.0,16.94467027626752,10.961261436394759,43.444709193102696,64.00084597950521,94.37018441842983,-6.246116028631331,24.992230850068385,17.95416413904098,11.955774384300316,45.641809531540424,65.12882167938542,94.36970221376151,-5.854499870322514,25.891442657276652,18.38325597630641,11.481544024801842,52.910036066009454,66.48933041412246,94.42924830740581,-6.790986139803441,27.03186154743212,18.168710057673692,94.39947526058367,17.954164139040984,18.383255976306405,True,6
v8_l32_t32_d128_p64_wl3072_lowW2,1;min_L_32;max_L_minus_32;dupL_minL_128;cross_minL_64;max_WL_minus_3072;lowW_2_L,7,1.0,17.458440445423502,11.466577988250403,45.203475743709234,61.93502845882493,116.20626489524244,-7.171626991367471e-15,25.21723048735748,18.857831066636848,12.877435943042737,47.506411826169256,65.90501851146914,119.0501969574762,0.24406078980799464,26.774669188782912,19.767456553522976,12.189147804790656,54.454984352492005,68.8484164181912,116.42731151839385,-3.9779499908163056,28.719706592852006,19.312643810079912,117.73875423793503,18.857831066636848,19.767456553522976,True,7
v8_l32_t32_d128_p64_wl3072_lowW2,1;min_L_32;max_L_minus_32;dupL_minL_128;cross_minL_64;max_WL_minus_3072;lowW_2_L,7,1.5,16.644459854491064,10.682125376001212,43.200771604669235,60.58613226172395,94.33242880615794,-3.4247739231402905,24.299897107580943,17.74869733527185,11.811912244490209,45.807411160444886,62.944907859429605,94.32777517432685,-2.946918461882804,25.439306482946666,18.834782450413254,11.443120773101857,53.08753741804201,68.2044832481235,96.24343389184456,-6.40432743103831,27.55786243807055,18.29173989284255,95.2856045330857,17.74869733527185,18.834782450413254,True,7
v8_l32_t32_d128_p64_wl3072_lowW2,1;min_L_32;max_L_minus_32;dupL_minL_128;cross_minL_64;max_WL_minus_3072;lowW_2_L,7,2.0,16.327259172743688,10.735044910484309,40.57419858093097,59.45933685314784,94.42682319182968,-5.80575228731854,24.095128734493898,17.287777567569435,11.450181693767181,44.02158571265109,61.70085678219678,94.42483461699958,-5.430099331141154,24.911214396636012,18.23980141025254,11.621838731231065,50.00296534091618,67.09700197317244,94.50255068206806,-8.082303023860964,26.8255504957995,17.763789488910987,94.46369264953381,17.287777567569435,18.239801410252543,True,7
v8_l32_t32_d128_p64_wl3072_lowW4,1;min_L_32;max_L_minus_32;dupL_minL_128;cross_minL_64;max_WL_minus_3072;lowW_4_L,7,1.0,17.45971316599921,11.606575037694295,43.53078772445896,60.192841713469505,99.11403653924535,9.756171026333363e-13,24.878073855628678,18.758641540608213,12.966244635495883,45.50058011132761,62.7500666080532,111.41345827927908,0.2809847004344195,26.23496099494623,19.015325672296694,12.280755622693352,48.86114153311426,65.54554122214783,114.15165399382184,-1.6330675510417847,27.385852762070673,18.886983606452453,112.78255613655045,18.758641540608213,19.01532567229669,True,6
v8_l32_t32_d128_p64_wl3072_lowW4,1;min_L_32;max_L_minus_32;dupL_minL_128;cross_minL_64;max_WL_minus_3072;lowW_4_L,7,1.5,16.594531400728172,10.910306325875185,42.29089475688992,57.87424691442265,94.07426632335284,-3.326206076369831,23.958066181415287,17.56228868876457,12.013395593539794,44.306871132690205,59.769394746940655,94.0701099610746,-2.816799886570396,24.91751117131732,17.98032394452073,11.312810804553747,47.29027916460052,63.697714282310635,95.17301669355022,-4.378297786963616,26.152818483334805,17.77130631664265,94.62156332731242,17.562288688764568,17.980323944520727,True,6
v8_l32_t32_d128_p64_wl3072_lowW4,1;min_L_32;max_L_minus_32;dupL_minL_128;cross_minL_64;max_WL_minus_3072;lowW_4_L,7,2.0,16.224405051619552,10.739633383713032,39.54722420790928,57.370410178556256,94.20885201158138,-5.643196456336275,23.75541297543844,17.061155098492467,11.386140862228045,41.73566107755507,58.28220841900685,94.20807729257572,-5.246854338622222,24.475229132551977,17.359460071324936,11.13327373350116,45.80164296683667,62.35566408413321,94.21244342759341,-6.302441262578228,25.45825984669247,17.2103075849087,94.21026036008456,17.06115509849247,17.359460071324936,True,6
v8_l32_t32_d128_p64_wl3072_lowW8,1;min_L_32;max_L_minus_32;dupL_minL_128;cross_minL_64;max_WL_minus_3072;lowW_8_L,7,1.0,17.54145373424354,11.447238318635183,44.75732876929434,60.87840918096967,96.07199926058401,-8.170138134011711e-13,25.07736322654325,18.823494618851015,12.840572689134587,46.50827843432777,62.99594467705579,111.90413866113182,0.31883817144983867,26.478303041619807,19.332600787031918,12.086193119926936,49.62683693088208,66.1847887244242,113.84887958488683,-1.3184542455664465,27.818432545958604,19.07804770294147,112.87650912300933,18.82349461885101,19.332600787031918,True,6
v8_l32_t32_d128_p64_wl3072_lowW8,1;min_L_32;max_L_minus_32;dupL_minL_128;cross_minL_64;max_WL_minus_3072;lowW_8_L,7,1.5,16.572099003408834,10.692550592771845,43.16778079821465,58.78960657411755,94.0990439345835,-3.3989047353923456,24.15247265177697,17.48605603716277,11.623119030135943,43.426398297073554,61.260466683979296,94.09537603122227,-2.871619792131393,25.0727767565854,18.128920407541276,11.236356698342886,47.44546065587321,64.27919872422945,95.76399857035574,-4.189139988485359,26.455225769440066,17.80748822235202,94.929687300789,17.48605603716277,18.128920407541276,True,6
v8_l32_t32_d128_p64_wl3072_lowW8,1;min_L_32;max_L_minus_32;dupL_minL_128;cross_minL_64;max_WL_minus_3072;lowW_8_L,7,2.0,16.186672253236623,10.461573454306915,40.512397739454826,59.72020516036612,94.23382435062906,-5.737871208595726,23.953853987604774,16.991399092477206,11.086548666619422,42.80310692572867,59.606518072956575,94.23389283999593,-5.3087657123388805,24.61763395879392,17.409591585820408,11.089670101111581,46.165630441170656,63.13840131574011,94.2555761991152,-6.149521085809989,25.706391798785216,17.20049533914881,94.24473451955556,16.991399092477202,17.40959158582041,True,6
v8_l32_t32_d128_p64_wl3072_lowW16,1;min_L_32;max_L_minus_32;dupL_minL_128;cross_minL_64;max_WL_minus_3072;lowW_16_L,7,1.0,17.7036069487729,11.439898188432434,45.73334489858157,60.70618449849241,99.83775711861975,1.5722413019536378e-13,25.46709701666039,18.984810790254905,12.701840632479344,46.92385993102255,63.95368639405185,116.07037827049184,0.5369193206007782,27.006035447448163,19.749601291372702,12.386818986959048,51.165325338464086,66.90965795141656,126.43417775069592,-1.1325466298253433,28.48835600028735,19.367206040813805,121.25227801059388,18.984810790254905,19.7496012913727,True,6
v8_l32_t32_d128_p64_wl3072_lowW16,1;min_L_32;max_L_minus_32;dupL_minL_128;cross_minL_64;max_WL_minus_3072;lowW_16_L,7,1.5,16.73128972775412,10.58004757004765,43.082596209055176,61.46539892991755,94.15877855848807,-3.510432434350677,24.521369554731546,17.671539223266816,11.464823799445917,44.954602984092666,62.46967048771572,94.15529498207314,-2.802827898014047,25.504869137820023,18.490745451112133,11.311794458605089,49.021515481598485,65.26526082857491,103.4195681782172,-4.175495654492886,27.003996655280275,18.081142337189476,98.78743158014518,17.671539223266816,18.490745451112133,True,6
v8_l32_t32_d128_p64_wl3072_lowW16,1;min_L_32;max_L_minus_32;dupL_minL_128;cross_minL_64;max_WL_minus_3072;lowW_16_L,7,2.0,16.393564583229338,10.689079527147221,41.52083380543811,62.026788008021555,94.28760577250756,-5.913964814643183,24.318644729186424,17.191704140535833,11.277725293531542,43.690620045418044,61.98157205600446,94.28788741870349,-5.320543745488293,24.99659330977785,17.73959453987871,11.212255926401294,47.23254534604993,64.51370729261566,94.33641362597368,-6.245459076291355,26.188215155253985,17.46564934020727,94.31215052233858,17.191704140535833,17.73959453987871,True,6
v8_l32_t64_d64_p32,1;min_L_32;max_L_minus_64;dupL_minL_64;cross_minL_32,5,1.0,18.540502884368298,11.87486620977789,46.06480305592146,64.74406401658135,94.58428510613419,2.7031517121308163e-13,26.48613516757365,19.595640524981945,13.137559548776718,49.85557170102454,64.91533894977557,112.74529352404569,1.097622407295734,27.569546611762608,20.952556300169338,13.570084501654712,60.4656878236373,69.66890758086517,108.66191097750648,-2.1680944106762325,29.864294120623203,20.27409841257564,110.70360225077609,19.595640524981945,20.952556300169338,True,5
v8_l32_t64_d64_p32,1;min_L_32;max_L_minus_64;dupL_minL_64;cross_minL_32,5,1.5,17.053337212452135,11.372366215791674,43.667590855844274,63.80782542923405,94.44093688265097,-3.4649427614384423,25.005450145420916,17.920642433251246,12.107869083175432,44.14649444551042,63.9293552763241,102.73909135245702,-2.4468237884003052,25.80638328494393,18.836322899252103,11.974138036041804,58.01975043574761,66.86078595616763,94.95119521119224,-4.703247100549521,27.523476608557885,18.378482666251674,98.84514328182463,17.920642433251242,18.836322899252107,True,5
v8_l32_t64_d64_p32,1;min_L_32;max_L_minus_64;dupL_minL_64;cross_minL_32,5,2.0,16.404863133904385,10.616526134024717,47.62283797174217,64.15909043532912,94.47739022043768,-6.072554368406536,24.64255337501935,17.125949185799154,11.080436603335786,46.988563497913276,64.21684924320856,94.46757791541404,-5.144030936897687,25.237971136238464,17.59563251928814,11.114971479265966,55.24575618911405,65.92677698669596,94.55389772734979,-6.779990718197511,26.23290450136424,17.360790852543648,94.51073782138192,17.125949185799154,17.595632519288145,True,5
v8_l32_t64_d64_p32_lowW2,1;min_L_32;max_L_minus_64;dupL_minL_64;cross_minL_32;lowW_2_L,6,1.0,17.677213249882126,11.487871332811622,44.25818860200998,63.52182578466784,127.74938369613795,1.8535897454611308e-13,25.656622503169142,18.69711015300924,12.5533492630992,46.547304443839444,64.28102182032282,157.50480853957188,0.9654963539948845,26.78252667833421,20.49558091936785,13.644682150816195,57.80909883622769,69.42755692096539,108.57560414472923,-4.456555398637016,29.13304405296194,19.596345536188544,133.04020634215055,18.69711015300924,20.495580919367853,True,6
v8_l32_t64_d64_p32_lowW2,1;min_L_32;max_L_minus_64;dupL_minL_64;cross_minL_32;lowW_2_L,6,1.5,16.333772195967388,11.022778143578481,42.30006380508733,59.807723818672564,103.71342842709383,-3.1865819709096224,24.15279699341027,17.12610233937467,11.387943136940947,42.23819576661724,61.50013256295364,127.21752641844475,-2.2735840939379024,24.943559412645357,18.63802566457625,12.366267866196583,55.943250645103326,67.3321354019595,94.66710652531582,-6.3489837835191825,27.137276791923625,17.882064001975458,110.94231647188028,17.126102339374665,18.638025664576254,True,6
v8_l32_t64_d64_p32_lowW2,1;min_L_32;max_L_minus_64;dupL_minL_64;cross_minL_32;lowW_2_L,6,2.0,15.757685497226703,10.172786490304077,46.11644976628123,60.70331715777708,94.53772325639346,-5.655152536939762,23.780564621009585,16.39210953426627,10.52656917856319,45.890703061094605,62.455715547177704,105.02336583185965,-4.821603713560648,24.362487034711723,17.55431273898906,11.321290102208781,53.86371750239084,66.81907918230674,94.63351044289035,-8.008434611552206,26.029771517218975,16.97321113662767,99.828438137375,16.39210953426627,17.55431273898906,True,6
v8_l32_t64_d64_p32_lowW4,1;min_L_32;max_L_minus_64;dupL_minL_64;cross_minL_32;lowW_4_L,6,1.0,17.42704287504376,11.28824589860169,43.93460058142074,61.49697324189122,108.44353145043897,1.1662168815192948e-12,25.441168985851792,18.44840670547505,12.782620710381654,44.75708136575446,62.62175429054021,124.92590627615785,0.7558490652171922,26.49151085594878,19.094600770277193,12.107500843371366,56.06064882845469,67.60071242618928,115.6922932788468,-2.3636298140351086,27.91393447284023,18.771503737876124,120.30909977750233,18.44840670547505,19.094600770277193,True,6
v8_l32_t64_d64_p32_lowW4,1;min_L_32;max_L_minus_64;dupL_minL_64;cross_minL_32;lowW_4_L,6,1.5,16.15315756776653,10.61495114513934,40.3134542337877,58.73499050694156,94.28417588013866,-3.107233909590386,23.904033065205464,16.933058523765315,11.316623231028034,41.27569492553796,58.99112319908666,99.49729998066165,-2.4049965234029544,24.586336252730877,17.452790280839174,11.075289362237095,54.04093282154093,62.360776530003534,96.77019500297152,-4.4819683055458865,25.91401351862659,17.192924402302246,98.13374749181659,16.933058523765315,17.452790280839174,True,6
v8_l32_t64_d64_p32_lowW4,1;min_L_32;max_L_minus_64;dupL_minL_64;cross_minL_32;lowW_4_L,6,2.0,15.58425257403035,9.990367422334913,44.59897418917945,59.76649071781573,94.33790691107481,-5.533336675742963,23.523045457049268,16.215656025255168,10.460738985807321,44.52366238497637,59.88951348377236,94.32627486032426,-4.906387312710198,24.010093461009635,16.490399916686343,10.394342346544544,48.64362537651641,61.82236433416003,94.35327212526946,-6.3180663677207916,24.81816055106304,16.353027970970757,94.33977349279687,16.215656025255168,16.490399916686343,True,6
v8_l32_t64_d64_p32_lowW8,1;min_L_32;max_L_minus_64;dupL_minL_64;cross_minL_32;lowW_8_L,6,1.0,17.625566084587202,11.026357090649064,45.971933518805386,61.810839203208864,110.52507024659302,9.102449642889482e-14,25.796304456652493,18.860500852408904,12.62944710989371,47.40037805707288,64.14394371539811,125.59342097954644,0.6086752311345015,27.209690994539248,19.518692589635886,12.183635531364922,56.660003454763164,68.65642478823074,134.94410257188275,-2.274809545571752,28.59922871672289,19.189596721022397,130.2687617757146,18.860500852408904,19.518692589635886,True,6
v8_l32_t64_d64_p32_lowW8,1;min_L_32;max_L_minus_64;dupL_minL_64;cross_minL_32;lowW_8_L,6,1.5,16.350574013943582,10.611553701537874,41.791370000577814,60.033964806885265,94.60038380119664,-3.2029008648697657,24.23436882606095,17.28848542120242,11.292657509531239,43.59295300963162,61.05521585635641,110.38727321798443,-2.609644826518596,25.139501109852013,17.812508181621553,11.280222270648421,54.5170530278284,64.0344818251642,117.56775335740532,-4.531170653959368,26.494177901719773,17.550496801411988,113.97751328769488,17.28848542120242,17.812508181621553,True,6
v8_l32_t64_d64_p32_lowW8,1;min_L_32;max_L_minus_64;dupL_minL_64;cross_minL_32;lowW_8_L,6,2.0,15.748163630659665,9.959054963769614,44.09766049550176,60.97188595509773,94.3665245655264,-5.687168409257133,23.84778482219535,16.498626409403858,10.688479333518298,44.97029161476799,61.61605872290571,99.26868471344797,-5.1423827135303055,24.4785616339383,16.7847499145723,10.704775966597046,51.335251809471224,62.84472953489364,103.79638728068032,-6.446977269159264,25.34774196448195,16.64168816198808,101.53253599706414,16.498626409403858,16.784749914572302,True,6
v8_l32_t64_d64_p32_lowW16,1;min_L_32;max_L_minus_64;dupL_minL_64;cross_minL_32;lowW_16_L,6,1.0,18.038039921985366,11.563139357583392,45.857083803792364,62.29616413001017,109.51786268285377,1.824903237495661e-12,26.228891503422286,19.5110074470228,12.882887807442517,49.278460130872745,65.38007498327691,142.05128369630785,0.7797686013060281,28.09754107331149,20.173434255744617,12.856689891423457,57.198397251561985,68.12498640388282,138.32750306124177,-2.258429126146846,29.280117114417926,19.842220851383708,140.1893933787748,19.5110074470228,20.173434255744613,True,6
v8_l32_t64_d64_p32_lowW16,1;min_L_32;max_L_minus_64;dupL_minL_64;cross_minL_32;lowW_16_L,6,1.5,16.72065186392444,10.965872867198339,41.90629563764126,61.27604961086055,94.37069674487275,-3.3203923920281,24.63857237895772,17.901029677016258,11.873848156928608,45.697345371276676,61.342049261968675,116.56935338898369,-2.7825502379458205,25.850456860737452,18.41498325939302,11.706307439992525,55.0693329783591,65.22658678984861,114.76378334217338,-4.7563844806226845,27.117591886244757,18.15800646820464,115.66656836557854,17.90102967701626,18.414983259393022,True,6
v8_l32_t64_d64_p32_lowW16,1;min_L_32;max_L_minus_64;dupL_minL_64;cross_minL_32;lowW_16_L,6,2.0,16.076546414212803,10.341636090881511,44.63882325973527,62.32855991167669,94.41488191966376,-5.878536938592219,24.24569433650485,17.0688029421088,11.17071811321702,46.60735110842406,62.22654066004687,100.12591874826472,-5.488798762469392,25.116205774790227,17.31899439126536,10.886260949309357,51.66303992418373,64.80397275479973,97.39311266719271,-6.783543624147502,25.933157977325934,17.19389866668708,98.75951570772872,17.0688029421088,17.31899439126536,True,6
v8_l32_t64_d64_p32_wl3072,1;min_L_32;max_L_minus_64;dupL_minL_64;cross_minL_32;max_WL_minus_3072,6,1.0,18.015991474104467,11.888230370681413,44.89209742527918,64.85698991562009,99.18713290328603,4.4574420069422433e-13,25.970504774520236,19.67400831451461,13.054123875443775,48.433234483252015,66.0227987403706,172.7076934343299,1.7732721052305247,28.347512065308145,20.42582480008254,13.060693289887375,59.851432218590126,69.52023986463202,121.30646520201256,-2.1307548886397196,29.380704445384183,20.049916557298573,147.00707931817124,19.67400831451461,20.42582480008254,True,6
v8_l32_t64_d64_p32_wl3072,1;min_L_32;max_L_minus_64;dupL_minL_64;cross_minL_32;max_WL_minus_3072,6,1.5,16.770594871508447,11.182768844357943,42.497136246619874,64.18265404703097,94.40844708813432,-3.4424678738190515,24.729069354135845,18.281467413019932,12.136677579485788,46.174675692359244,65.86486043517925,169.4816605893859,-1.5247879481483937,27.072557378038347,18.584733564298535,11.666696140604248,57.26921125182028,67.58118726243387,112.96334452493473,-4.731354045286942,27.42794605352169,18.433100488659235,141.2225025571603,18.281467413019936,18.584733564298535,True,6
v8_l32_t64_d64_p32_wl3072,1;min_L_32;max_L_minus_64;dupL_minL_64;cross_minL_32;max_WL_minus_3072,6,2.0,16.201673758520258,10.569681994229551,45.636129527587904,65.10182302778242,94.45926667786995,-5.974883457826078,24.4435747341221,17.444773255212947,11.288265887393877,48.10702802465628,65.97939235007573,151.92135169177968,-4.11427851120728,26.272819145177113,17.548851011963595,11.09677019919041,56.16222342141032,67.85538152361126,98.11792036486776,-6.734257634848256,26.371220907758914,17.49681213358827,125.01963602832372,17.444773255212947,17.548851011963592,True,6
v8_l32_t64_d64_p32_wl3072_lowW2,1;min_L_32;max_L_minus_64;dupL_minL_64;cross_minL_32;max_WL_minus_3072;lowW_2_L,7,1.0,17.155086081249394,11.197376213864125,41.09813876863716,60.32440749359651,122.80411477812932,1.6936072971921641e-13,24.986827312290206,18.789713333346253,12.739373351559781,46.30563031783068,63.25853028286406,159.03195415535652,1.603091859330489,27.133548895557595,19.880306320122582,13.431182280828523,57.661883529889884,69.12833566247276,114.9056860157038,-4.600676718744735,28.5160303102096,19.335009826734417,136.96882008553015,18.78971333334625,19.880306320122582,True,7
v8_l32_t64_d64_p32_wl3072_lowW2,1;min_L_32;max_L_minus_64;dupL_minL_64;cross_minL_32;max_WL_minus_3072;lowW_2_L,7,1.5,16.037323652703883,10.819981474084951,40.459822113796434,61.09901046862645,98.99379799400201,-3.141060641730619,23.77392926414222,17.449682123238613,11.494688680970121,43.2731675374517,63.32354455773547,160.4452472455393,-1.3738500604371047,25.890053438967314,18.383596172288318,11.999518067775705,55.17627805659434,67.86013060111105,110.70342485772512,-6.499140480205239,26.96993372888512,17.916639147763465,135.5743360516322,17.449682123238617,18.38359617228832,True,7
v8_l32_t64_d64_p32_wl3072_lowW2,1;min_L_32;max_L_minus_64;dupL_minL_64;cross_minL_32;max_WL_minus_3072;lowW_2_L,7,2.0,15.5207490939493,10.032154096518969,41.73829235412166,60.311506019751725,94.51919305242704,-5.516649833433335,23.487549538922092,16.6440082127953,10.540588005626972,45.58587859005185,64.53203632453233,145.84672281252944,-3.792513395741183,25.172086591054356,17.507198580437407,11.21865631577041,54.62445821137535,67.76205938319272,98.67147526760608,-8.028196396712062,26.134267774881394,17.07560339661635,122.25909904006775,16.6440082127953,17.507198580437407,True,7
v8_l32_t64_d64_p32_wl3072_lowW4,1;min_L_32;max_L_minus_64;dupL_minL_64;cross_minL_32;max_WL_minus_3072;lowW_4_L,7,1.0,16.973087421601875,11.445443015911216,41.03657461611355,59.52557168157528,105.27225236127097,2.1404548251158299e-13,24.588304378080934,18.568508436999895,12.94044144027982,44.13552624826382,61.700434987765526,147.5018350175748,1.3822783387154387,26.42675865586251,18.521262919789866,11.787711802037272,52.73739361235964,64.96456504371457,109.13499033787409,-2.393668759154304,26.950900634484892,18.54488567839488,128.31841267772444,18.5685084369999,18.52126291978986,True,7
v8_l32_t64_d64_p32_wl3072_lowW4,1;min_L_32;max_L_minus_64;dupL_minL_64;cross_minL_32;max_WL_minus_3072;lowW_4_L,7,1.5,15.821476747295305,10.706975824712718,38.47342156393367,59.11296903061893,94.21561170603677,-3.0280473256977922,23.373956914386483,17.138986530947715,11.475639855922237,40.87078419234422,61.463976634357095,152.42784028468336,-1.4816313341775604,25.197349872878693,17.18581869302748,11.032288103066767,47.96496791250916,62.2412369114674,108.49396147367139,-4.564374949185455,25.449913798751844,17.162402611987595,130.46090087917736,17.138986530947715,17.18581869302748,True,7
v8_l32_t64_d64_p32_wl3072_lowW4,1;min_L_32;max_L_minus_64;dupL_minL_64;cross_minL_32;max_WL_minus_3072;lowW_4_L,7,2.0,15.314551684276989,10.062332997708406,37.96503466878506,59.35212915387296,94.29605342077274,-5.331181746374777,23.0893519752611,16.340924555194167,10.53010633182403,42.740695367041155,61.08000092418247,140.6869758041285,-3.8120301282376747,24.561285282296293,16.39005572037683,10.567090894172043,45.8535195900894,60.999464798557845,99.56511764793983,-6.270466664333838,24.663165786461335,16.3654901377855,120.12604672603416,16.34092455519417,16.39005572037683,True,7
v8_l32_t64_d64_p32_wl3072_lowW8,1;min_L_32;max_L_minus_64;dupL_minL_64;cross_minL_32;max_WL_minus_3072;lowW_8_L,7,1.0,16.81497013554131,10.66655105099667,41.89102917908496,60.609558371422764,98.00601640255759,-1.0111994057828132e-12,24.649866233786756,18.262585203591435,12.42395243110268,44.44172696729044,61.99357243004531,141.38764292852704,1.4950730262774845,26.463056618158866,18.375898585886947,11.634968021104381,53.11087021131943,65.6464381912013,113.91712909962335,-1.821309780755454,26.961981979227595,18.319241894739193,127.6523860140752,18.262585203591435,18.37589858588695,True,6
v8_l32_t64_d64_p32_wl3072_lowW8,1;min_L_32;max_L_minus_64;dupL_minL_64;cross_minL_32;max_WL_minus_3072;lowW_8_L,7,1.5,15.74660126647458,10.232101437996544,38.10160514647708,59.875086874351766,94.22951396658674,-3.0728350475656194,23.471853927961604,16.98511118299055,11.096289262334313,40.54386639372127,62.190148598436586,146.03030444950284,-1.5284833473213668,25.163224634050806,16.9728767922579,10.768558819156627,47.71331582408687,62.9156365186216,106.61177379638201,-4.158900250702261,25.39924797338835,16.978993987624225,126.32103912294242,16.985111182990547,16.972876792257903,True,6
v8_l32_t64_d64_p32_wl3072_lowW8,1;min_L_32;max_L_minus_64;dupL_minL_64;cross_minL_32;max_WL_minus_3072;lowW_8_L,7,2.0,15.284379682165874,10.155636858193805,38.85004863553266,60.98993013647872,94.3039970460214,-5.384320636329798,23.20413893323728,16.283110021690653,10.298102852917467,42.14566198592356,62.651730981787935,135.23187492105825,-3.956198197689013,24.53212418586581,16.212366057599713,10.368241328842686,45.42365520709585,62.14413613350801,100.78783499258984,-6.0208470189900405,24.689377109160443,16.247738039645185,118.00985495682404,16.283110021690653,16.212366057599713,True,6
v8_l32_t64_d64_p32_wl3072_lowW16,1;min_L_32;max_L_minus_64;dupL_minL_64;cross_minL_32;max_WL_minus_3072;lowW_16_L,7,1.0,17.00605446510635,10.676562633705267,43.12719138235877,61.326570304177785,105.90231786681889,-5.516636147205746e-14,24.975642383430543,18.598399759481712,12.289640932682833,46.22046310280829,62.91042277444505,139.3670375907146,1.830419099479981,27.17516334172181,18.77608551014175,11.923330722873583,53.053147411833415,67.28849817930555,132.7472854163752,-1.6158766499113266,27.545136923835596,18.68724263481173,136.0571615035449,18.598399759481712,18.776085510141748,True,6
v8_l32_t64_d64_p32_wl3072_lowW16,1;min_L_32;max_L_minus_64;dupL_minL_64;cross_minL_32;max_WL_minus_3072;lowW_16_L,7,1.5,15.917588625812659,10.322318518036194,39.19005433993274,61.357948671573254,94.29625198795667,-3.1661448899512066,23.7851528360786,17.303863764874848,11.176763339621075,42.68179438604933,63.13710902341306,145.29412377701024,-1.32503043781238,25.74489676931975,17.284704179729633,11.003146969956035,48.45542615558126,64.10412755851969,109.49305092931571,-4.081355098201868,25.865772270456063,17.29428397230224,127.39358735316299,17.303863764874848,17.28470417972963,True,6
v8_l32_t64_d64_p32_wl3072_lowW16,1;min_L_32;max_L_minus_64;dupL_minL_64;cross_minL_32;max_WL_minus_3072;lowW_16_L,7,2.0,15.446038096645488,9.833264944037012,40.06017921562418,62.64841680468439,94.36284456334404,-5.529045456505402,23.513922379105615,16.583078530538987,10.405854431848816,44.62385857152838,64.13056029814399,135.62799128695949,-3.811134175393669,25.054569287976168,16.437312382560314,10.525005686810568,46.9142397115789,64.23536876419512,96.87051771458553,-5.976365909348839,25.02579645493365,16.510195456549653,116.24925450077251,16.583078530538984,16.437312382560318,True,6
v8_l32_t64_d64_p64,1;min_L_32;max_L_minus_64;dupL_minL_64;cross_minL_64,5,1.0,19.04791505465,12.446934435980396,47.31026078999695,63.59447032382315,94.27725197696047,2.7803846181916964e-13,26.848194373836602,19.966034941114692,13.316311354428144,48.5795563955613,63.95305527053455,94.25462435479108,0.6558418710860885,27.722259520103833,21.24452540748782,13.268086784765714,59.81400777993844,70.60783205249339,103.0760547390395,-2.1684499976565026,30.196478129226172,20.605280174301257,98.66533954691529,19.966034941114696,21.24452540748782,True,5
v8_l32_t64_d64_p64,1;min_L_32;max_L_minus_64;dupL_minL_64;cross_minL_64,5,1.5,17.641360501172205,11.775110008368571,44.56189902337347,63.54129690015662,94.37605112574703,-3.626656799232558,25.38324805774177,18.450255537894,12.768268759277145,45.46617798966259,63.580570953188385,94.36275912402657,-3.0770706710257176,26.010098511513718,19.314080721382805,11.99099013912548,57.10022835031047,66.1769044009249,94.50463385233473,-4.845916081132135,27.879182968912534,18.8821681296384,94.43369648818066,18.450255537894,19.314080721382805,True,5
v8_l32_t64_d64_p64,1;min_L_32;max_L_minus_64;dupL_minL_64;cross_minL_64,5,2.0,17.07555967573223,11.244812317374432,47.31554166321389,63.45385314188216,94.4357243634687,-6.266508544360475,25.032995314905378,17.78208462021879,11.926106730280129,47.84665569862633,63.51129080077929,94.4311048935157,-5.842631221611404,25.524435972130476,18.201140081176796,11.49714006869564,53.22180358215755,65.19564759171949,94.51424627503212,-6.9438561193797295,26.600765832546617,17.991612350697793,94.4726755842739,17.78208462021879,18.201140081176796,True,5
v8_l32_t64_d64_p64_lowW2,1;min_L_32;max_L_minus_64;dupL_minL_64;cross_minL_64;lowW_2_L,6,1.0,18.19992663824258,11.596590647284316,45.72677304939149,62.01131303113518,124.73756854653315,2.7748679820444906e-13,26.03249383211365,19.19551353166172,12.763989870210757,47.22667033476819,62.72896548744339,145.78204060910727,0.5658419029190547,27.08484289161781,20.610554812390138,12.869578278679395,57.47183725518169,69.52900819862114,98.35326927157337,-4.450411980729828,29.421020818528635,19.90303417202593,122.06765494034032,19.195513531661717,20.610554812390138,True,6
v8_l32_t64_d64_p64_lowW2,1;min_L_32;max_L_minus_64;dupL_minL_64;cross_minL_64;lowW_2_L,6,1.5,16.950528454373387,11.111851134161991,43.19932983556383,60.84209041337941,100.19592525728189,-3.3509527738040674,24.551701021742865,17.787660835781907,12.117873658831545,44.10112542038116,61.268608236220665,111.91570388403798,-2.869117234823714,25.266327225960023,18.99592941569693,11.858913796735576,55.42681904469617,66.33297949275412,94.6043536916386,-6.487289225553654,27.480131719526025,18.39179512573942,103.26002878783828,17.787660835781907,18.995929415696928,True,6
v8_l32_t64_d64_p64_lowW2,1;min_L_32;max_L_minus_64;dupL_minL_64;cross_minL_64;lowW_2_L,6,2.0,16.448130481385306,10.64951432924679,45.8324345708488,57.34024180891343,94.49598238498729,-5.853415157426416,24.193832183899104,17.15877699593432,11.30243992066709,46.58799683658313,57.636499102155874,94.48982519981801,-5.491870921562871,24.73713713878861,18.057159869702254,11.469395021517808,53.73854686032698,65.10718762276835,94.59385011545889,-8.169254092506998,26.39591813392002,17.60796843281829,94.54183765763845,17.15877699593432,18.057159869702254,True,6
v8_l32_t64_d64_p64_lowW4,1;min_L_32;max_L_minus_64;dupL_minL_64;cross_minL_64;lowW_4_L,6,1.0,18.055525303370157,11.809931292204778,44.88332603826833,60.85293465794035,105.25408289195286,1.3885373182516866e-12,25.85401736743106,19.216120302938965,12.925474684281141,45.804954226114276,62.787356140262624,113.79177599616166,0.38593854925847826,26.935064272557195,19.422490993360395,11.957714562469802,54.67156290797306,68.15723866693995,112.75950900294913,-2.3570986976419332,28.28556182430032,19.31930564814968,113.2756424995554,19.216120302938968,19.422490993360388,True,6
v8_l32_t64_d64_p64_lowW4,1;min_L_32;max_L_minus_64;dupL_minL_64;cross_minL_64;lowW_4_L,6,1.5,16.837702652042207,11.208221219761171,42.48403063349889,58.49774716047924,94.22086140887859,-3.2789447882681,24.33858191536976,17.807423869442353,12.248729585889551,44.48285724101159,59.38149630557558,94.20383501069549,-2.97427249629452,25.073791862180382,17.984770920700175,11.1057772894166,53.21346869732205,62.703920366438346,94.27944469637353,-4.628337092080841,26.32651916687899,17.896097395071266,94.24163985353451,17.807423869442353,17.984770920700175,True,6
v8_l32_t64_d64_p64_lowW4,1;min_L_32;max_L_minus_64;dupL_minL_64;cross_minL_64;lowW_4_L,6,2.0,16.358553290257248,10.810681055404036,43.993306602599844,57.37359602057166,94.29857600928493,-5.7461956023558765,23.97122358653651,17.19302303865746,11.43621762470225,44.150645026680586,57.58793276903291,94.29141776492173,-5.556131104900106,24.559044686795,17.165657881898404,10.86933333899438,47.92587196336654,60.97410994413652,94.3148852097969,-6.493960886154341,25.252038188266297,17.179340460277935,94.30315148735932,17.19302303865746,17.165657881898404,True,6
v8_l32_t64_d64_p64_lowW8,1;min_L_32;max_L_minus_64;dupL_minL_64;cross_minL_64;lowW_8_L,6,1.0,18.394206590330413,11.985202822063085,45.91879911932526,61.52428924082477,106.27323420340966,1.5722413019536378e-13,26.2216890774772,19.753225753784367,13.125162250381518,48.291895008659345,64.55558163776476,111.08964022533017,0.26588081235105093,27.633542297941442,20.03646653823556,12.48716740424074,55.77748779192505,70.14442723831402,130.76734486513652,-2.2603425287833367,28.9792071845235,19.89484614600996,120.92849254523335,19.753225753784367,20.03646653823555,True,6
v8_l32_t64_d64_p64_lowW8,1;min_L_32;max_L_minus_64;dupL_minL_64;cross_minL_64;lowW_8_L,6,1.5,17.13957964799673,11.257452504081817,42.652369019149425,59.07171330763564,94.2524786915807,-3.377912747935121,24.675704118780498,18.229829132947426,12.375044129071883,44.910186275498674,60.908340060705115,94.2343200450677,-3.1525615459917327,25.594542959742373,18.47007900128868,11.427347208206285,54.21692726522963,63.88875626253992,112.29270875624447,-4.667759168028917,26.9072190657388,18.349954067118055,103.26351440065608,18.22982913294743,18.470079001288685,True,6
v8_l32_t64_d64_p64_lowW8,1;min_L_32;max_L_minus_64;dupL_minL_64;cross_minL_64;lowW_8_L,6,2.0,16.595543309319737,10.789578609337525,43.76762852133749,58.78750371596143,94.32812373320712,-5.9056344098840405,24.301511084466046,17.48019922288811,11.669103907455137,44.47539568722441,58.43292391337316,94.32038024686918,-5.685971672848789,24.96612338319317,17.560008491774436,10.997209064463338,49.472651801285124,62.44412306343563,97.36224459702139,-6.61156079054156,25.77605995264844,17.52010385733127,95.84131242194528,17.480199222888114,17.560008491774436,True,6
v8_l32_t64_d64_p64_lowW16,1;min_L_32;max_L_minus_64;dupL_minL_64;cross_minL_64;lowW_16_L,6,1.0,18.744118462022634,12.02403005446665,46.83898051009594,61.7630293698987,104.93669048940303,1.2329681789004845e-12,26.657188069384823,20.16848834835425,13.181132743577145,49.508835941084634,65.82991715506753,134.40743714269544,0.7505664740395726,28.438922926052246,20.6298398513715,12.857233138502055,56.57666380437384,70.37505438976675,133.9123662954398,-2.1552546134745167,29.626017599757688,20.399164099862872,134.15990171906762,20.168488348354245,20.629839851371496,True,6
v8_l32_t64_d64_p64_lowW16,1;min_L_32;max_L_minus_64;dupL_minL_64;cross_minL_64;lowW_16_L,6,1.5,17.431599177396432,11.618398250808433,43.20215281738829,60.771261800740184,94.3083669864744,-3.4970547009680844,25.07702795739603,18.545814093835027,12.515056674048026,45.97480245574582,61.82264140790306,103.19393650237187,-2.9112250911625086,26.118606709868526,18.98577079959408,11.790433381071969,54.529615370138714,64.76316385716581,109.05394707591118,-4.783847417782038,27.468867028682382,18.765792446714553,106.12394178914153,18.545814093835027,18.985770799594082,True,6
v8_l32_t64_d64_p64_lowW16,1;min_L_32;max_L_minus_64;dupL_minL_64;cross_minL_64;lowW_16_L,6,2.0,16.85405430080265,10.958815193339777,44.52549992117777,61.681930757086434,94.3771858299454,-6.098822856645556,24.6957948984148,17.738661522296464,11.847945168622488,45.30479466359445,60.92231170671314,94.36923692415279,-5.605612571437587,25.375161927530293,17.992233968954803,11.234110199977899,49.90197532808616,63.6359715446732,94.45254517349481,-6.819307458488572,26.28006726008776,17.865447745625634,94.4108910488238,17.73866152229646,17.9922339689548,True,6
v8_l32_t64_d64_p64_wl3072,1;min_L_32;max_L_minus_64;dupL_minL_64;cross_minL_64;max_WL_minus_3072,6,1.0,18.55223848517078,12.306643228075188,46.24024252756208,63.753814176393846,96.17868267906375,-3.309981688323448e-14,26.34276976911219,20.093140434963644,13.264075143885485,50.09700583765981,65.52728599876787,159.0268589341488,1.2864548280964823,28.41842654370271,20.77549796695038,13.106796003021609,59.648964746252666,68.97522934217733,117.69567441612394,-2.1277902542746885,29.70743169704264,20.434319200957013,138.36126667513636,20.093140434963644,20.77549796695038,True,6
v8_l32_t64_d64_p64_wl3072,1;min_L_32;max_L_minus_64;dupL_minL_64;cross_minL_64;max_WL_minus_3072,6,1.5,17.359242575952706,11.468855276077488,43.51350269661318,63.79799305540742,94.34282492368993,-3.604609150115725,25.113962106756826,18.782670125662918,12.531966620982843,46.6805761994567,65.13937865020166,152.67817447015216,-2.192511757869566,27.05003034370866,19.048683575545976,11.861078381003543,56.410831041366855,66.7398541169234,108.58204783137455,-4.8638451567412915,27.732106847797194,18.91567685060445,130.63011115076335,18.782670125662918,19.048683575545976,True,6
v8_l32_t64_d64_p64_wl3072,1;min_L_32;max_L_minus_64;dupL_minL_64;cross_minL_64;max_WL_minus_3072,6,2.0,16.891534112350435,11.113394135469147,45.53900083629358,63.72145965496172,94.4173319419305,-6.169823740271697,24.83912989674107,18.00535773806516,11.864084833290939,47.011784826457934,64.93897539758555,132.00620377782207,-4.851117903588528,26.224292186751057,18.126414114369766,11.531349448753897,54.84509124034096,66.13653607257166,94.48970508210508,-6.887721804231985,26.669776239872256,18.06588592621746,113.24795442996357,18.00535773806516,18.126414114369762,True,6
v8_l32_t64_d64_p64_wl3072_lowW2,1;min_L_32;max_L_minus_64;dupL_minL_64;cross_minL_64;max_WL_minus_3072;lowW_2_L,7,1.0,17.69255305887824,11.360385761761432,44.817684473707125,61.82434410122534,119.57684255785472,4.3912423731757747e-13,25.37893704354865,19.321634495108036,13.01912928206988,47.74048590715549,64.15865417199407,146.40878624496528,1.152714847434515,27.352396925600797,20.06945115639198,12.826364190858396,56.85804172796264,68.90633251753387,111.43416867901803,-4.584110984268184,28.78882417391569,19.69554282575001,128.92147746199166,19.321634495108036,20.069451156391978,True,7
v8_l32_t64_d64_p64_wl3072_lowW2,1;min_L_32;max_L_minus_64;dupL_minL_64;cross_minL_64;max_WL_minus_3072;lowW_2_L,7,1.5,16.688005621686976,11.070128204950057,42.014471673838,59.66363234091801,95.34502874053348,-3.3061966000509693,24.183561346698067,18.06776185049927,12.052963731876105,45.08169867173354,62.55786334357759,144.54624988813868,-2.0118654193694416,25.983109529710347,18.747842250263513,11.876712434036962,54.56630430163171,67.16458986953897,106.44094374538788,-6.626588414167816,27.272499975557242,18.40780205038139,125.49359681676327,18.067761850499267,18.747842250263513,True,7
v8_l32_t64_d64_p64_wl3072_lowW2,1;min_L_32;max_L_minus_64;dupL_minL_64;cross_minL_64;max_WL_minus_3072;lowW_2_L,7,2.0,16.27623739372665,10.649196182984028,43.77250687269921,59.477328411057385,94.47712790343115,-5.7164629045175746,23.90912567309279,17.341709035881177,11.38293199608345,45.55466963283753,61.562851441397015,126.72270659900366,-4.504739676397866,25.210645832462543,18.020052843052998,11.522771861981951,51.97319180900914,66.00391150343947,94.56849754825795,-8.178039642578733,26.439813043143428,17.680880939467087,110.64560207363081,17.34170903588118,18.020052843053,True,7
v8_l32_t64_d64_p64_wl3072_lowW4,1;min_L_32;max_L_minus_64;dupL_minL_64;cross_minL_64;max_WL_minus_3072;lowW_4_L,7,1.0,17.698002594703798,11.688613967313277,43.661083920473956,60.51051199509037,102.30082227787123,8.440453305224794e-13,25.02913082382764,19.198041628052927,13.13352662357553,46.319944870784084,62.713330828800714,139.90194286837027,1.167958628899976,26.74888598908445,18.943602333526243,12.101491790083035,50.59934375877937,64.22637135671565,105.8875467440925,-2.2524755477242255,27.25320800136455,19.070821980789585,122.89474480623139,19.198041628052927,18.943602333526236,True,6
v8_l32_t64_d64_p64_wl3072_lowW4,1;min_L_32;max_L_minus_64;dupL_minL_64;cross_minL_64;max_WL_minus_3072;lowW_4_L,7,1.5,16.65038757816941,11.246517278511519,40.429376697027344,56.901856207858486,94.15190035744446,-3.2017084563739147,23.828537102589266,17.910642846701933,12.060637791390327,42.954873261158845,59.544311264929014,140.13827003821407,-1.8902674176415817,25.437904562412108,17.73479872343707,11.138614722107087,47.56972551718548,61.27485785581108,104.42561382569848,-4.599726393376675,25.7589236138902,17.8227207850695,122.28194193195628,17.910642846701933,17.73479872343707,True,6
v8_l32_t64_d64_p64_wl3072_lowW4,1;min_L_32;max_L_minus_64;dupL_minL_64;cross_minL_64;max_WL_minus_3072;lowW_4_L,7,2.0,16.184786564810764,10.80991084321401,41.18762525251028,56.843117611696655,94.256669661298,-5.548081101127372,23.554364990649663,17.158779949394106,11.226002148892068,42.90925809562734,57.977840255393964,123.97129247360309,-4.337753080483832,24.75276182390978,17.07344328154666,10.885038065817476,45.28057176890875,58.75001102098242,94.63489506158957,-6.379248259076867,24.99993313519933,17.11611161547038,109.30309376759632,17.158779949394102,17.07344328154666,True,7
v8_l32_t64_d64_p64_wl3072_lowW8,1;min_L_32;max_L_minus_64;dupL_minL_64;cross_minL_64;max_WL_minus_3072;lowW_8_L,7,1.0,17.745610232001034,11.8525021268572,44.62495982185917,60.98330540962803,97.97147135020225,-4.1485103826987214e-13,25.227585488684824,19.181685911527413,13.024807523328786,47.093439828429815,62.5445200431899,135.7929955458049,1.2955140685704554,26.924432564384826,19.173345312194463,12.075983779775491,52.08580317902232,65.52409836350931,114.72804000845667,-1.8446985801010019,27.593499803211774,19.17751561186094,125.26051777713079,19.18168591152741,19.173345312194463,True,6
v8_l32_t64_d64_p64_wl3072_lowW8,1;min_L_32;max_L_minus_64;dupL_minL_64;cross_minL_64;max_WL_minus_3072;lowW_8_L,7,1.5,16.643538189037862,11.206872869354267,40.678661290095505,58.36876313911843,94.17837395369413,-3.266640770264707,24.0186293266723,17.841490875285125,12.01351311732931,41.9637632590045,59.79367780749002,137.6073264960426,-1.8617719793599967,25.536561080026747,17.850254358966083,11.16877405148935,47.564513966890026,62.31298330236759,104.06826282796935,-4.327502485215954,26.006752425367363,17.845872617125604,120.83779466200596,17.841490875285125,17.85025435896608,True,6
v8_l32_t64_d64_p64_wl3072_lowW8,1;min_L_32;max_L_minus_64;dupL_minL_64;cross_minL_64;max_WL_minus_3072;lowW_8_L,7,2.0,16.177716658982586,10.793762921921063,41.107770975147865,59.164249702294434,94.28094608520476,-5.638782826608042,23.74612142352397,17.09089747838286,11.254911690984493,43.205751836426444,59.62514304778313,122.8228889189435,-4.335468100601024,24.855627845728534,17.08435348601166,11.08512238309575,45.539149667418975,61.295549536452114,95.80225983989779,-6.1696577833666835,25.206138027993653,17.08762548219726,109.31257437942065,17.09089747838286,17.084353486011658,True,6
v8_l32_t64_d64_p64_wl3072_lowW16,1;min_L_32;max_L_minus_64;dupL_minL_64;cross_minL_64;max_WL_minus_3072;lowW_16_L,7,1.0,17.992485861905152,11.606201125909731,45.121837731529816,61.37868933339875,103.44402861731182,-5.389753515820014e-13,25.65055127043745,19.52952252448557,12.958994032483794,48.03317574515804,64.2198197510685,134.47974547072286,1.5983453916530759,27.672007457604902,19.663017016192107,12.44962288258608,53.63912319127813,67.0486634390195,130.77412437133233,-1.6670750597660922,28.304387610341198,19.59626977033884,132.6269349210276,19.52952252448557,19.663017016192107,True,6
v8_l32_t64_d64_p64_wl3072_lowW16,1;min_L_32;max_L_minus_64;dupL_minL_64;cross_minL_64;max_WL_minus_3072;lowW_16_L,7,1.5,16.858597886030726,11.435471334158015,40.56963124556916,60.551945026085576,94.2403786623539,-3.380469039356989,24.411306479807642,18.167419285705055,12.09890083073496,43.84975531121237,62.01126752802636,138.092613737608,-1.7474513494004407,26.105360769266333,18.243660645063688,11.375708680569929,48.78084629497766,63.87459410404286,106.50988688574495,-4.321212901097308,26.59526917460112,18.20553996538437,122.30125031167647,18.167419285705055,18.243660645063688,True,6
v8_l32_t64_d64_p64_wl3072_lowW16,1;min_L_32;max_L_minus_64;dupL_minL_64;cross_minL_64;max_WL_minus_3072;lowW_16_L,7,2.0,16.40762933607275,10.922077102800559,42.45207093012709,61.90204013956933,94.33632040785412,-5.823069578614571,24.1310372313652,17.401733349771703,11.411359180238257,44.024671944286105,62.12248079365663,124.46185203609717,-4.3289683705325945,25.3553127944852,17.44195563841106,11.077656848476558,47.42084828531344,63.76602823309484,94.39777447842151,-6.275851660739515,25.725625084382823,17.42184449409138,109.42981325725934,17.401733349771703,17.44195563841106,True,6
v8_l32_t64_d128_p32,1;min_L_32;max_L_minus_64;dupL_minL_128;cross_minL_32,5,1.0,17.505932429986302,11.345242619446001,46.6188125306407,64.6441110717841,94.2261659886434,6.454464292230725e-14,25.561540119504013,18.361744117612123,12.61640720856052,48.73230342204111,66.25685160801275,104.06424522648385,0.2543710531362588,26.38457958986268,20.02841626218518,12.756187086975446,56.23753504462848,70.25437791133574,117.23108464869019,-1.5490659848130528,29.13435514084737,19.19508018989865,110.64766493758702,18.361744117612126,20.02841626218518,True,5
v8_l32_t64_d128_p32,1;min_L_32;max_L_minus_64;dupL_minL_128;cross_minL_32,5,1.5,16.54176493452005,10.592654146890258,44.06270895527621,65.38969417182314,94.35243249923111,-3.485147547690501,24.6382619516298,17.26461702636755,11.56107373829085,47.506797181035374,66.00207060506047,94.33834670833062,-3.0607394654933726,25.283133909605198,18.569812290294234,11.47336269099628,55.12321217071722,68.62579237665639,99.13603332776417,-4.392414948863859,27.505183776945763,17.91721465833089,96.73719001804739,17.264617026367546,18.569812290294234,True,5
v8_l32_t64_d128_p32,1;min_L_32;max_L_minus_64;dupL_minL_128;cross_minL_32,5,2.0,16.084501174603265,10.221829913010355,42.24190199932325,64.6871289040107,94.42706621240879,-5.9628202616503,24.4188866692368,16.75061494287823,10.706793146366744,42.937126761866686,65.38331904829046,94.4194526452155,-5.464806682988169,24.926919979375253,17.599691804613116,11.184016153507176,52.952518994245196,67.45770428746552,94.48846448094082,-6.486205356751536,26.426276935045273,17.175153373745673,94.45395856307816,16.750614942878233,17.599691804613112,True,5
v8_l32_t64_d128_p32_lowW2,1;min_L_32;max_L_minus_64;dupL_minL_128;cross_minL_32;lowW_2_L,6,1.0,16.71007413787249,10.801417890304865,41.82542870632966,63.74589015745298,122.02377387714938,-1.2136599523852643e-13,24.66870906368887,17.940849504724362,12.621311196541429,43.393669821188,65.91482753381815,130.2515976698457,0.06491524595781799,25.89530079837693,19.382269967945497,12.361390095089813,55.19264836708095,69.76026223912991,119.027722407202,-3.927369554642653,28.30036412374174,18.66155973633493,124.63966003852386,17.940849504724362,19.382269967945497,True,6
v8_l32_t64_d128_p32_lowW2,1;min_L_32;max_L_minus_64;dupL_minL_128;cross_minL_32;lowW_2_L,6,1.5,15.824817221790498,10.232137065866542,41.00858498859696,63.12141250510561,99.06141608047507,-3.202109204657893,23.74897062900552,16.63955981547081,11.108979731042478,42.488630536107685,64.57241103788239,107.17394694822704,-2.9230894372310745,24.54337235895181,18.327700404396477,11.594197410782725,53.619012946750104,68.66882989904491,101.34191060517304,-6.102645707710194,27.10515504405395,17.483630109933642,104.25792877670004,16.639559815470808,18.327700404396477,True,6
v8_l32_t64_d128_p32_lowW2,1;min_L_32;max_L_minus_64;dupL_minL_128;cross_minL_32;lowW_2_L,6,2.0,15.400367039299146,9.675010668883493,39.62937864977548,59.98403458091443,94.48511003072939,-5.53518617676914,23.52697638195187,16.080225917236785,10.360327385313605,41.582035403799686,61.914843853831805,94.4758125917739,-5.162323888822796,24.09493307646558,17.531650359842644,11.320347499609333,52.255888340319316,67.15936411603805,94.56402159431089,-7.753488948389292,26.247909771382798,16.805938138539716,94.5199170930424,16.080225917236785,17.53165035984264,True,6
v8_l32_t64_d128_p32_lowW4,1;min_L_32;max_L_minus_64;dupL_minL_128;cross_minL_32;lowW_4_L,6,1.0,16.524702235296353,10.960054422517596,39.53282729018743,62.51312346548316,103.570696048117,1.2467597692684987e-13,24.373143689896885,17.979114094727713,12.780037512599858,43.54834273523593,64.49111626634009,112.14229480753298,0.07350114451793968,25.750190706979588,18.3008812116251,11.264791521114692,51.52772547104229,67.20806921994502,120.4585747211409,-1.8499330050843432,27.131257768667748,18.139997653176408,116.30043476433694,17.979114094727713,18.300881211625097,True,6
v8_l32_t64_d128_p32_lowW4,1;min_L_32;max_L_minus_64;dupL_minL_128;cross_minL_32;lowW_4_L,6,1.5,15.615752925782003,10.008206105593832,38.098304273856634,60.59417757324962,94.18103981605044,-3.1117659823158608,23.438869801393583,16.683361331532613,11.07284504244037,41.11863184371719,61.717634105320435,94.16512307497746,-3.104015725136684,24.3936199676645,17.252665012952278,10.499553244444293,50.484679638682564,65.29139980109495,103.1272052775881,-4.244995626884151,25.854995048690878,16.968013172242443,98.64616417628278,16.683361331532613,17.25266501295228,True,6
v8_l32_t64_d128_p32_lowW4,1;min_L_32;max_L_minus_64;dupL_minL_128;cross_minL_32;lowW_4_L,6,2.0,15.227172006040458,9.726790345529139,37.4401393555698,59.74081819085844,94.27779830877013,-5.3894568569849355,23.21520376172717,16.060349142640387,10.335780169640262,39.85122625969327,60.16687918605925,94.26945550083,-5.2722941420078975,23.86046682024541,16.50887489389427,10.58058301214022,49.18955186672906,63.33879884675473,94.28052167880365,-6.0638852383865185,24.977045211814346,16.284612018267328,94.27498858981683,16.06034914264039,16.50887489389427,True,6
v8_l32_t64_d128_p32_lowW8,1;min_L_32;max_L_minus_64;dupL_minL_128;cross_minL_32;lowW_8_L,6,1.0,16.658566882295776,10.77622124363219,42.447050700399394,62.337302742627266,99.16873840902667,6.928895000890418e-12,24.622507297278297,17.918903868104763,12.35843288297082,44.46012898233738,63.76515347885147,114.72072326318394,0.5988291059700361,26.05312152378103,18.659015939655518,11.474357941134528,51.545803778079,68.11264741756959,121.52225303503519,-1.6879329609206768,27.640947233370035,18.28895990388014,118.12148814910957,17.918903868104763,18.659015939655518,True,6
v8_l32_t64_d128_p32_lowW8,1;min_L_32;max_L_minus_64;dupL_minL_128;cross_minL_32;lowW_8_L,6,1.5,15.74264353148926,9.99184306424552,40.2258929833651,61.70939342907989,94.20334619783975,-3.1881989707261638,23.68479323164385,16.71712498846902,10.81018772894572,41.97257532863136,62.951137032464274,94.18678986368758,-2.8063449807461462,24.709924255270714,17.543903468334992,10.748732090280466,50.97541130521837,64.92457258728635,106.34978431730926,-4.357997843894998,26.34653015562779,17.130514228402006,100.26828709049842,16.717124988469024,17.543903468334992,True,6
v8_l32_t64_d128_p32_lowW8,1;min_L_32;max_L_minus_64;dupL_minL_128;cross_minL_32;lowW_8_L,6,2.0,15.337664706514843,9.769631357568155,38.5711444439179,60.88258643888285,94.29927930099979,-5.504824568622607,23.462362559262154,16.20948845726446,10.209329290278902,41.996234822060075,62.246811114719925,94.29088422968832,-5.288155184842301,24.230871008687714,16.739999850812563,10.433125770741064,49.32513439389875,63.86118150290784,94.8381574297408,-6.232409759526343,25.413774997417338,16.47474415403851,94.56452082971455,16.209488457264463,16.739999850812563,True,6
v8_l32_t64_d128_p32_lowW16,1;min_L_32;max_L_minus_64;dupL_minL_128;cross_minL_32;lowW_16_L,6,1.0,16.837956589727828,10.546522141887815,44.2381150389027,62.076466923088965,103.01710552147752,1.2081433162380586e-13,24.934269349678303,18.082266572216128,12.138751068840836,45.28910844122171,64.92151594750841,123.67459340665752,0.9350415190472189,26.497302187819503,18.950450586339482,11.741496701519495,52.77098377625024,68.82454864371073,129.3459255820443,-1.2809549429258031,27.997802875340565,18.516358579277806,126.5102594943509,18.082266572216128,18.950450586339482,True,5
v8_l32_t64_d128_p32_lowW16,1;min_L_32;max_L_minus_64;dupL_minL_128;cross_minL_32;lowW_16_L,6,1.5,15.961951877040276,10.045379442699588,41.24694876878792,62.809419164087615,94.25353270793644,-3.2859583050763224,24.01445162786915,16.9308405515256,10.802655595321653,45.05145962999833,63.92839730886635,105.92957502925837,-2.4627930617481693,25.140050788272205,17.741207900223,10.814707512682475,50.45885434019968,66.25781830014022,107.70826475368027,-4.095961215968243,26.601290171641867,17.336024225874297,106.81891989146932,16.9308405515256,17.741207900222996,True,5
v8_l32_t64_d128_p32_lowW16,1;min_L_32;max_L_minus_64;dupL_minL_128;cross_minL_32;lowW_16_L,6,2.0,15.564198980360189,9.538669365258922,39.98396676654693,62.62873827104875,94.34087577377188,-5.661120645670861,23.793109602721564,16.41625795898435,10.130550655735586,43.895361022693976,62.779932043846166,94.33296284533985,-4.966428126826178,24.611726744127953,16.93532546659791,10.541143322995488,49.416447604477796,64.69480015613998,94.39519871121323,-6.15630048344738,25.682830263568547,16.67579171279113,94.36408077827653,16.416257958984346,16.93532546659791,True,6
v8_l32_t64_d128_p32_wl3072,1;min_L_32;max_L_minus_64;dupL_minL_128;cross_minL_32;max_WL_minus_3072,6,1.0,17.44576106270479,11.269797732530185,47.16525168283326,64.68341101262618,94.2169711455616,-1.3736424006542308e-13,25.507286529611257,18.413255832014336,12.416499009742054,49.68842875036385,66.69905338776144,104.06424522648385,0.6251853408028524,26.67591416607572,19.96417759458347,12.567270109096253,56.508628912353515,70.21010283804496,116.04801532519602,-1.4951928837472108,29.08942773765149,19.188716713298902,110.05613027583993,18.413255832014336,19.96417759458347,True,6
v8_l32_t64_d128_p32_wl3072,1;min_L_32;max_L_minus_64;dupL_minL_128;cross_minL_32;max_WL_minus_3072,6,1.5,16.479457445357546,10.482436003536666,44.14852065659428,65.46209264067511,94.34290818916094,-3.490326234525349,24.608592766565334,17.37507092352303,11.340739582300664,48.519937263896445,66.6521092536747,106.99774530840229,-2.52154759316666,25.68644304954038,18.486465795772904,11.30857170150913,55.213529376312955,69.03777095353666,97.37975471459296,-4.397056635815399,27.460518014837117,17.930768359647967,102.18875001149763,17.37507092352303,18.486465795772904,True,6
v8_l32_t64_d128_p32_wl3072,1;min_L_32;max_L_minus_64;dupL_minL_128;cross_minL_32;max_WL_minus_3072,6,2.0,16.062194580355847,10.260705041691438,41.21504934764179,64.99956963767767,94.42148327297268,-5.954812132303373,24.402483751256447,16.838825221964,10.73802061051723,44.604370708705126,66.24599005561026,94.41432357453468,-4.9953138987398775,25.129531882987937,17.581234004398528,11.1018504680501,53.50445180387145,67.69426557322228,94.47997738620907,-6.48549573316278,26.472857676563443,17.210029613181263,94.44715048037187,16.838825221964,17.581234004398528,True,6
v8_l32_t64_d128_p32_wl3072_lowW2,1;min_L_32;max_L_minus_64;dupL_minL_128;cross_minL_32;max_WL_minus_3072;lowW_2_L,7,1.0,16.653119134243806,10.784096430250244,41.82890439421443,64.00917004515046,119.97621516511843,-1.2136599523852643e-13,24.562464135273217,17.935724230305933,12.342319520679013,44.0718691697689,66.92078392351542,125.92034238557287,0.37236159332076785,26.00169426034452,19.26383185283707,12.283842403267842,54.478042528423735,70.11759742455494,113.944709871687,-3.9399623562634942,28.171399418012673,18.5997780415715,119.93252612862993,17.935724230305933,19.26383185283707,True,7
v8_l32_t64_d128_p32_wl3072_lowW2,1;min_L_32;max_L_minus_64;dupL_minL_128;cross_minL_32;max_WL_minus_3072;lowW_2_L,7,1.5,15.766891305510105,10.13923925149659,40.422423966827836,63.068881007438584,96.96977811472239,-3.2040575563642295,23.690750634275993,16.696698493033942,10.898037925979466,43.673626626713634,65.05992575760017,102.12345653770596,-2.4854180312544027,24.70556881833524,18.23030625453088,11.532138266404157,53.921295669167904,69.00510348781944,95.17419721575666,-6.169396159408441,27.03108121059034,17.46350237378241,98.6488268767313,16.69669849303394,18.230306254530884,True,7
v8_l32_t64_d128_p32_wl3072_lowW2,1;min_L_32;max_L_minus_64;dupL_minL_128;cross_minL_32;max_WL_minus_3072;lowW_2_L,7,2.0,15.38524828471944,9.964887581166298,39.29155093867,60.22363237483295,94.47731461964517,-5.5156579075313115,23.485437844611816,16.128965672378683,10.538102024856173,42.13015981569161,61.803257892455946,94.46871685963553,-4.78922918280416,24.151142172757066,17.52279208834488,11.306075433897444,52.331540056403554,67.34889627089623,94.55221210879661,-7.795015875075969,26.298573371555396,16.82587888036178,94.51046448421607,16.128965672378683,17.522792088344875,True,7
v8_l32_t64_d128_p32_wl3072_lowW4,1;min_L_32;max_L_minus_64;dupL_minL_128;cross_minL_32;max_WL_minus_3072;lowW_4_L,7,1.0,16.55322118373542,10.830669925531467,39.84473376225113,62.94982109131262,101.77316411537225,-8.440453305224793e-14,24.2047881539501,17.85086954695646,12.579362804852712,43.41132464396768,65.553343973617,106.63242200289518,0.4175463697320716,25.522967778328255,18.207906590112465,11.353749465311996,48.8560176934585,67.33086874327576,111.79636448995356,-1.7738215628457523,26.80905758119534,18.029388068534463,109.21439324642438,17.85086954695646,18.207906590112465,True,7
v8_l32_t64_d128_p32_wl3072_lowW4,1;min_L_32;max_L_minus_64;dupL_minL_128;cross_minL_32;max_WL_minus_3072;lowW_4_L,7,1.5,15.557206851624075,10.074733235539245,37.33347200777607,59.43067882766331,94.14908274635015,-3.1037918954391155,23.324676543868094,16.570611213761154,11.043200889209354,40.66612324182942,60.90825106553406,94.13581648042,-2.657702218463584,24.263576761056907,17.152788843795122,10.6418507866894,48.22266793455711,65.24066108882285,94.18401090111391,-4.304654642596809,25.652862871083304,16.861700028778138,94.15991369076696,16.570611213761154,17.152788843795125,True,7
v8_l32_t64_d128_p32_wl3072_lowW4,1;min_L_32;max_L_minus_64;dupL_minL_128;cross_minL_32;max_WL_minus_3072;lowW_4_L,7,2.0,15.194193379791287,9.787053832842119,36.603916721107126,59.25577416990024,94.25822359208868,-5.345960473893505,23.121333166349654,15.970763726031834,10.456602267199706,37.95789490195396,60.21450700696965,94.25104419108169,-4.923960397886414,23.74384425785715,16.484839215113755,10.386607655373803,46.57722162642614,63.11125549656344,94.26251165354576,-6.100409171604326,24.92876628301663,16.227801470572793,94.25677792231372,15.97076372603183,16.484839215113755,True,7
v8_l32_t64_d128_p32_wl3072_lowW8,1;min_L_32;max_L_minus_64;dupL_minL_128;cross_minL_32;max_WL_minus_3072;lowW_8_L,7,1.0,16.361812855136776,10.528787898162218,43.211217312785756,63.3124759573291,96.1465253534196,-1.842556473166719e-12,24.274637872896456,17.57019519855719,12.230700249224718,43.82967202362012,65.3750057615525,106.4654932259907,0.517975985899094,25.633261402809065,18.205350612936645,11.146035020310553,48.05974178395127,68.01077451410926,112.29366146294532,-1.260956188548529,26.924157946370396,17.887772905746917,109.379577344468,17.570195198557194,18.205350612936645,True,6
v8_l32_t64_d128_p32_wl3072_lowW8,1;min_L_32;max_L_minus_64;dupL_minL_128;cross_minL_32;max_WL_minus_3072;lowW_8_L,7,1.5,15.503065857553603,9.510562149555152,38.09200983318794,60.70223303661614,94.16203949272088,-3.1583233098462946,23.446031654727623,16.405173996988363,10.68850902944843,40.212711157849775,62.07425516387983,94.15052164638261,-2.536478199757688,24.319569515598637,17.027026414931374,10.500809170474295,47.15156558605352,64.95098388060654,94.97705691174218,-3.9451375321610684,25.64901409180351,16.71610020595987,94.5637892790624,16.405173996988363,17.027026414931374,True,6
v8_l32_t64_d128_p32_wl3072_lowW8,1;min_L_32;max_L_minus_64;dupL_minL_128;cross_minL_32;max_WL_minus_3072;lowW_8_L,7,2.0,15.207363748171945,9.65281812529546,38.04509489901802,60.86910105739568,94.26460532021481,-5.411121063858228,23.261816489383843,15.939539376831794,10.314386438487327,40.161502008965364,61.56589517201883,94.26082608479493,-4.929649644860084,23.869434481995143,16.378414129435228,9.999780461993119,45.36991661809253,63.43202453139664,94.28321967636116,-5.914198764306839,25.00751349868755,16.158976753133512,94.27202288057805,15.939539376831796,16.378414129435225,True,6
v8_l32_t64_d128_p32_wl3072_lowW16,1;min_L_32;max_L_minus_64;dupL_minL_128;cross_minL_32;max_WL_minus_3072;lowW_16_L,7,1.0,16.488571503768966,10.14457705620212,44.653354524119884,62.2334883750476,102.15096355958985,-1.4508753067151114e-13,24.57724181197011,17.707589250479426,11.70343336075782,46.02170339532701,65.52717125480275,121.83890156505161,0.7660975956140255,26.12873443243238,18.556644371774148,11.331894339759717,50.18803531908361,68.76869238330404,128.2315962521269,-1.0584213819020356,27.48384058949929,18.132116811126785,125.03524890858927,17.707589250479423,18.556644371774148,True,6
v8_l32_t64_d128_p32_wl3072_lowW16,1;min_L_32;max_L_minus_64;dupL_minL_128;cross_minL_32;max_WL_minus_3072;lowW_16_L,7,1.5,15.645532139568532,9.561519152313696,40.35046628299019,61.95213683578776,94.22551579017981,-3.2524458914908725,23.744667111366788,16.586550444647283,10.661041585629516,45.16619829771179,63.09348389109122,103.1017200296684,-2.392833253010234,24.76033874622293,17.30319349812238,10.520768129385427,48.36826664684847,65.41360428694794,106.32815164403135,-3.8656925734885155,26.092325391522287,16.94487197138483,104.71493583684988,16.58655044464728,17.30319349812238,True,6
v8_l32_t64_d128_p32_wl3072_lowW16,1;min_L_32;max_L_minus_64;dupL_minL_128;cross_minL_32;max_WL_minus_3072;lowW_16_L,7,2.0,15.36802366444148,9.734075330027192,38.90715611738819,62.08244421409692,94.3211984460624,-5.551133492263943,23.560843559312616,16.137323963158046,10.01297491683144,40.96897466424081,62.27999140668659,94.3172621730063,-4.826187139560633,24.2640006188733,16.588325602475415,10.145305165293,45.695408920729975,64.41428488899064,94.36639759186741,-5.850079807458151,25.313057921257236,16.36282478281673,94.34182988243685,16.137323963158046,16.588325602475415,True,6
v8_l32_t64_d128_p64,1;min_L_32;max_L_minus_64;dupL_minL_128;cross_minL_64,5,1.0,18.25796988863988,11.961523281887803,46.686512388677436,63.441902356154756,94.50388796904573,7.888789690504217e-14,26.174408370341773,19.22450812329823,12.767384900756579,47.21145970478008,65.79296860841887,108.27092852206795,-0.22668524561392447,27.1798566848294,20.629392086338164,12.568365806319132,56.63133755292084,69.08568049119599,120.44513991493386,-1.5876093161608904,29.747003559390205,19.926950104818197,114.3580342185009,19.22450812329823,20.629392086338164,True,5
v8_l32_t64_d128_p64,1;min_L_32;max_L_minus_64;dupL_minL_128;cross_minL_64,5,1.5,17.305350960680663,11.14560355996036,45.81655750292755,64.09833685310933,94.27732615462676,-3.696127328629665,25.197159083024413,18.17905600483422,12.069005744658138,46.90370243800835,64.88496319418368,94.27211396206513,-3.752022441787001,26.036393162006792,19.249587060658527,11.757078903789997,54.690381981306395,67.67506214555182,102.48994795037719,-4.621669263991674,28.067965493691037,18.714321532746375,98.38103095622117,18.179056004834223,19.249587060658524,True,5
v8_l32_t64_d128_p64,1;min_L_32;max_L_minus_64;dupL_minL_128;cross_minL_64,5,2.0,16.92334049559375,10.929390101724195,44.12363952946083,63.96480850652536,94.37841962216947,-6.237657931382784,24.975303664586008,17.783718069631828,11.63422886987786,45.931054119779944,64.8399716444132,94.37695569515168,-6.241649535468684,25.703102738946587,18.370618430893714,11.527841513463565,52.68391529379689,66.7457041774247,94.44051372168651,-6.765331648398123,26.98324539153465,18.077168250262773,94.4087347084191,17.783718069631828,18.37061843089371,True,5
v8_l32_t64_d128_p64_lowW2,1;min_L_32;max_L_minus_64;dupL_minL_128;cross_minL_64;lowW_2_L,6,1.0,17.495876675283846,11.482758965719565,44.32952582479495,62.5397788918873,119.21799060981,4.4133089177645976e-14,25.312565315336883,18.925483313051156,13.02745375372757,45.21968083542238,65.89141729307944,120.46864501589525,-0.20270818623965423,26.739544327060894,19.841918304285112,12.263899424149177,54.89340441194442,68.39406082787531,122.11305805018773,-3.955864387569061,28.86676171306953,19.383700808668134,121.29085153304149,18.925483313051156,19.84191830428511,True,6
v8_l32_t64_d128_p64_lowW2,1;min_L_32;max_L_minus_64;dupL_minL_128;cross_minL_64;lowW_2_L,6,1.5,16.64889064637247,10.755273595115856,44.39518903961364,61.0119118245702,95.68579519740783,-3.417748927638643,24.34277274512546,17.811768151301564,12.115340146227016,45.33999399990886,62.99102340132069,94.34126369484571,-3.5733284567574484,25.42649905559128,18.898383107058738,11.637720019311164,53.79677248690687,67.92319207106496,104.60522438968228,-6.325112415122079,27.653445323306723,18.35507562918015,99.47324404226399,17.811768151301564,18.89838310705874,True,6
v8_l32_t64_d128_p64_lowW2,1;min_L_32;max_L_minus_64;dupL_minL_128;cross_minL_64;lowW_2_L,6,2.0,16.299676030769152,10.625261917756285,41.818153373175605,59.18697748709346,94.43603485147867,-5.817431994365208,24.119353213478373,17.329187375028596,11.484384992040887,44.625521344242436,61.82558885713442,94.43291138452753,-5.9132387882859065,24.985654572460913,18.23580712272241,11.523844908871993,51.913107043454055,67.23719985979199,94.51559779328882,-8.026814296974058,26.801309236007835,17.7824972488755,94.47425458890817,17.329187375028596,18.23580712272241,True,6
v8_l32_t64_d128_p64_lowW4,1;min_L_32;max_L_minus_64;dupL_minL_128;cross_minL_64;lowW_4_L,6,1.0,17.55237035470597,11.563389587685101,43.09489991354193,60.82255205915321,100.60339935528901,7.943956051976276e-14,25.06716005446521,18.933039130268373,13.090872869862569,44.47554039475303,62.293018873216546,116.09116210003884,0.1791229221059583,26.457843593124597,19.160629730321244,11.960645340667654,50.84878172873661,66.57571421013596,123.3872399563202,-1.8799300954898839,27.809864246470685,19.04683443029481,119.73920102817952,18.93303913026837,19.160629730321244,True,6
v8_l32_t64_d128_p64_lowW4,1;min_L_32;max_L_minus_64;dupL_minL_128;cross_minL_64;lowW_4_L,6,1.5,16.633659273483303,10.895623360299023,42.436317939139016,59.37483406904238,94.10728520190051,-3.336467089896823,24.07802399360871,17.708456852882794,12.154075339521086,43.94370763341878,60.68887820291237,95.76211608431764,-3.2034103504786713,25.100941974711233,18.110592466568033,11.279636186505515,50.12243359495215,64.29864465631951,106.25635021480319,-4.480892921728009,26.490744270736815,17.909524659725413,101.00923314956042,17.708456852882797,18.110592466568036,True,6
v8_l32_t64_d128_p64_lowW4,1;min_L_32;max_L_minus_64;dupL_minL_128;cross_minL_64;lowW_4_L,6,2.0,16.23130431003628,10.633559448182716,40.587138831308515,57.43125324723957,94.23188185317167,-5.688930479662868,23.851478947149214,17.163620257122048,11.329166245730304,42.372065859940726,57.74671312593781,94.22895372555702,-5.5781965526616695,24.653700970864396,17.429836078243138,11.004945083425284,48.33489378033859,62.18799305818369,94.23430789358777,-6.3600568611178,25.61448607586909,17.296728167682595,94.2316308095724,17.163620257122048,17.42983607824314,True,6
v8_l32_t64_d128_p64_lowW8,1;min_L_32;max_L_minus_64;dupL_minL_128;cross_minL_64;lowW_8_L,6,1.0,17.810414381677088,11.94090266301725,44.257120145271415,61.81196276040704,98.55889838960204,8.305295719618252e-13,25.33622614632145,19.03964342048431,12.922988006594831,45.85641574657822,63.37837131042913,117.02635354076483,0.5063617636671094,26.725653370414676,19.59714710222862,12.26257496794046,51.81825623645463,66.6463724561284,124.22764898345733,-1.5797771085353358,28.281947271558128,19.318395261356464,120.62700126211108,19.03964342048431,19.597147102228625,True,5
v8_l32_t64_d128_p64_lowW8,1;min_L_32;max_L_minus_64;dupL_minL_128;cross_minL_64;lowW_8_L,6,1.5,16.803262309592927,10.886147058455675,42.75663607310341,58.95197948291415,94.1302516233509,-3.418154801317054,24.338406589896028,17.751144064386306,11.81891177312983,43.647845223764016,61.137428486217196,97.76340884873522,-2.921466721843505,25.337544207496933,18.43408464306362,11.401814438818764,50.530489578903385,64.43491208943476,107.32813465531285,-4.420612408694168,26.896335758478155,18.09261435372496,102.54577175202404,17.751144064386306,18.43408464306362,True,6
v8_l32_t64_d128_p64_lowW8,1;min_L_32;max_L_minus_64;dupL_minL_128;cross_minL_64;lowW_8_L,6,2.0,16.35979081351225,10.681767048328606,41.533882985597266,59.711816595915934,94.2545506270865,-5.813464034013598,24.111126132998496,17.18306773859595,11.112563478781574,43.86503522552127,59.78351332965844,94.25132514278411,-5.353521279105586,24.839652888199986,17.650570840342844,11.217077633850518,47.885480994280584,62.74240112409916,94.28333699414976,-6.391030380031337,25.98072105600529,17.416819289469395,94.26733106846694,17.18306773859595,17.650570840342844,True,6
v8_l32_t64_d128_p64_lowW16,1;min_L_32;max_L_minus_64;dupL_minL_128;cross_minL_64;lowW_16_L,6,1.0,17.94414278985233,11.77789565264231,45.28287250673378,61.56443895172646,100.36075136077804,-1.1860767716492355e-13,25.70505823886781,19.19009499973649,12.589547447025119,46.20041886379015,63.94920533468413,117.52478029450866,0.723002113027415,27.20605520871226,19.95440647686884,12.335927460755657,52.73392403953744,66.98063471835532,127.15290928309435,-1.2816334872272483,28.825058363556987,19.572250738302664,122.33884478880151,19.19009499973649,19.954406476868844,True,5
v8_l32_t64_d128_p64_lowW16,1;min_L_32;max_L_minus_64;dupL_minL_128;cross_minL_64;lowW_16_L,6,1.5,16.96041014541746,10.701387523647089,43.19825724672523,61.35207014646705,94.18688087085987,-3.5269292945294795,24.69342550475607,17.910548561190993,11.708822638914535,45.65103668416696,62.665144824202976,98.0911282206469,-2.860703714150647,25.706130174436026,18.723518376005384,11.490176593746693,50.730226583492275,65.88772832057768,106.74414345909149,-4.28391850007392,27.307015694428383,18.31703346859819,102.41763583986919,17.910548561190993,18.723518376005384,True,5
v8_l32_t64_d128_p64_lowW16,1;min_L_32;max_L_minus_64;dupL_minL_128;cross_minL_64;lowW_16_L,6,2.0,16.5543640445804,10.769284297779258,42.8132611857933,61.902950593580144,94.30505138019049,-5.98446520760088,24.4631666135047,17.350763835116652,11.307156567192738,44.3934697095389,62.3068140882706,94.30270070855245,-5.397660140250172,25.16968388402611,17.911192501861542,11.22843835481892,48.43537065679965,64.10093743689227,94.35722670472981,-6.376700510037939,26.349035155217482,17.630978168489097,94.32996370664114,17.35076383511665,17.911192501861542,True,5
v8_l32_t64_d128_p64_wl3072,1;min_L_32;max_L_minus_64;dupL_minL_128;cross_minL_64;max_WL_minus_3072,6,1.0,18.190922080262123,11.822056775182732,47.18112808269354,63.552524965881304,94.09833211160058,1.8204899285778964e-14,26.108773268852975,19.315483167528196,12.611929896115726,49.578261717004615,66.77425121271393,108.27092852206795,0.14384508426146772,27.43920330830264,20.56432106872131,12.49406520617179,56.42724989538736,69.11737732925083,118.86297582111362,-1.5311249506505322,29.68263541433867,19.939902118124753,113.56695217159078,19.315483167528193,20.56432106872131,True,6
v8_l32_t64_d128_p64_wl3072,1;min_L_32;max_L_minus_64;dupL_minL_128;cross_minL_64;max_WL_minus_3072,6,1.5,17.245121911976014,11.007175258479666,45.43934540833834,64.52738292033001,94.26662338509844,-3.700697975476509,25.161381582857455,18.296044516471895,11.81828786571505,47.75440385425158,65.8578502161609,94.26293201452148,-3.208591830101252,26.34251283140234,19.169670871188032,11.666674470003219,55.27520976902488,68.30881835265431,96.89992578431274,-4.62432743663068,28.005082325654552,18.732857693829963,95.58142889941712,18.296044516471895,19.16967087118803,True,6
v8_l32_t64_d128_p64_wl3072,1;min_L_32;max_L_minus_64;dupL_minL_128;cross_minL_64;max_WL_minus_3072,6,2.0,16.896263196910855,10.919316114505328,43.58088814372195,63.94720739479645,94.37201397055377,-6.227252193733049,24.954462914943555,17.838100923649503,11.814226150645046,45.87106467517843,64.9133015693025,94.37121748054061,-5.77238087238598,25.782427922599364,18.351177713094337,11.489831955286721,52.99500085186404,66.4753198733184,94.43109294286342,-6.765633916946031,27.012318335790493,18.094639318371918,94.40115521170202,17.838100923649503,18.351177713094334,True,6
v8_l32_t64_d128_p64_wl3072_lowW2,1;min_L_32;max_L_minus_64;dupL_minL_128;cross_minL_64;max_WL_minus_3072;lowW_2_L,7,1.0,17.415476863332657,11.448537946445258,45.178257315135056,61.966503818323645,116.88024251895821,3.971978025988138e-14,25.194654911497498,18.812442597304393,12.78856825339465,47.4960557478937,65.90501851146907,119.05019695747434,0.20964326826014026,26.73542137581669,19.742248995681013,12.218731727671823,54.54638130195733,68.89030410821864,116.71601479209994,-3.958428397578627,28.707666785533632,19.277345796492703,117.88310587478713,18.812442597304393,19.742248995681017,True,7
v8_l32_t64_d128_p64_wl3072_lowW2,1;min_L_32;max_L_minus_64;dupL_minL_128;cross_minL_64;max_WL_minus_3072;lowW_2_L,7,1.5,16.600054986681318,10.569474369574305,43.36053800129027,60.68508012462436,94.33331570922083,-3.4180204691156764,24.277358443188728,17.707921578999223,11.805350078382293,45.786126687404995,62.9362640162971,94.32840454357749,-2.9697970444981343,25.415723242623056,18.808139477379157,11.541093744448794,53.012069222899434,68.08333175453821,96.63373230030992,-6.3777442135892635,27.543032138966517,18.258030528189188,95.4810684219437,17.707921578999223,18.808139477379154,True,7
v8_l32_t64_d128_p64_wl3072_lowW2,1;min_L_32;max_L_minus_64;dupL_minL_128;cross_minL_64;max_WL_minus_3072;lowW_2_L,7,2.0,16.276024033770206,10.59102785906944,41.22962752861071,59.19942326812556,94.42752922912095,-5.7945890107845255,24.07195258134331,17.24827373101778,11.464155961502003,43.90275401406463,61.73112719728764,94.42532358846012,-5.448428649444819,24.886410805542504,18.21409235393764,11.543925677540123,50.64046321881596,67.0817143489695,94.5029966161908,-8.05179652941734,26.807009055161394,17.73118304247771,94.46416010232545,17.248273731017775,18.21409235393764,True,7
v8_l32_t64_d128_p64_wl3072_lowW4,1;min_L_32;max_L_minus_64;dupL_minL_128;cross_minL_64;max_WL_minus_3072;lowW_4_L,7,1.0,17.45971316599912,11.606575037695288,43.53078772445906,60.192841713469285,99.11403653924636,8.31357067383906e-13,24.878073855628625,18.757859854415564,12.966244635495672,45.50058011132772,62.730059673129965,111.41345827927908,0.2807440967567609,26.236751950768195,19.020505130823302,12.267326161458591,48.90508707499026,65.8102573027077,114.53649278527114,-1.667730392469574,27.41426986828467,18.889182492619433,112.97497553227511,18.757859854415564,19.0205051308233,True,6
v8_l32_t64_d128_p64_wl3072_lowW4,1;min_L_32;max_L_minus_64;dupL_minL_128;cross_minL_64;max_WL_minus_3072;lowW_4_L,7,1.5,16.59413470015616,10.910724812977746,42.29181565660344,57.87742644955196,94.07429783913123,-3.326197436714494,23.958012671910893,17.559917505676022,12.01350552998176,44.3850704825538,59.70070684268589,94.0701099610746,-2.8284167949936316,24.929358605135423,17.986415434187766,11.269368849029938,47.34389240389119,64.26002593622046,95.63755817864022,-4.423948153848606,26.191961121872403,17.773166469931894,94.85383406985741,17.559917505676022,17.98641543418777,True,7
v8_l32_t64_d128_p64_wl3072_lowW4,1;min_L_32;max_L_minus_64;dupL_minL_128;cross_minL_64;max_WL_minus_3072;lowW_4_L,7,2.0,16.19347997190739,10.714375716084128,39.689723732993464,57.44588767201896,94.21151925652576,-5.641893025661771,23.752669377696538,17.052066971284045,11.386661168950551,41.70383305505473,58.297248943521325,94.21003635992177,-5.2564844008702565,24.48190422489333,17.365828900014698,11.12123854524965,46.16619172974909,62.43576766129846,94.21527063813966,-6.340049341229477,25.494483832133042,17.20894793564937,94.21265349903072,17.052066971284045,17.365828900014694,True,7
v8_l32_t64_d128_p64_wl3072_lowW8,1;min_L_32;max_L_minus_64;dupL_minL_128;cross_minL_64;max_WL_minus_3072;lowW_8_L,7,1.0,17.54145373424354,11.447238318635183,44.75732876929434,60.87840918096967,96.07199926058401,-8.170138134011711e-13,25.07736322654325,18.823494618851015,12.840572689134587,46.50827843432777,62.99594467705579,111.90413866113182,0.31883817144983867,26.478303041619807,19.332600787031655,12.086193119926403,49.62683693088208,66.1847887244296,113.84887958488683,-1.3184542455684176,27.818432545958366,19.078047702941333,112.87650912300933,18.82349461885101,19.332600787031655,True,6
v8_l32_t64_d128_p64_wl3072_lowW8,1;min_L_32;max_L_minus_64;dupL_minL_128;cross_minL_64;max_WL_minus_3072;lowW_8_L,7,1.5,16.572099003408834,10.692550592771845,43.16778079821465,58.78960657411755,94.0990439345835,-3.3989047353923456,24.15247265177697,17.4860560371628,11.623119030135598,43.426398297073554,61.260466683979296,94.09537603122227,-2.871619792131301,25.072776756585462,18.128920407541276,11.236356698346128,47.44546065587333,64.27919872422932,95.76399857035636,-4.189139988485581,26.455225769440144,17.80748822235204,94.92968730078931,17.4860560371628,18.128920407541276,True,6
v8_l32_t64_d128_p64_wl3072_lowW8,1;min_L_32;max_L_minus_64;dupL_minL_128;cross_minL_64;max_WL_minus_3072;lowW_8_L,7,2.0,16.186672253236623,10.461573454306915,40.512397739454826,59.72020516036612,94.23382435062906,-5.737871208595726,23.953853987604774,16.991399092477277,11.086548666619422,42.80310692572867,59.606518072956575,94.23389283999593,-5.308765712339042,24.617633958793977,17.409591585820426,11.089670101111581,46.16563044117611,63.13840131574011,94.25557619911518,-6.149521085809898,25.706391798785212,17.20049533914885,94.24473451955555,16.99139909247728,17.409591585820426,True,6
v8_l32_t64_d128_p64_wl3072_lowW16,1;min_L_32;max_L_minus_64;dupL_minL_128;cross_minL_64;max_WL_minus_3072;lowW_16_L,7,1.0,17.7036069487729,11.439898188432434,45.73334489858157,60.70618449849241,99.83775711861975,1.5722413019536378e-13,25.46709701666039,18.984810790254905,12.701840632479344,46.92385993102255,63.95368639405185,116.07037827049184,0.5369193206007782,27.006035447448163,19.749601291372702,12.386818986959048,51.165325338464086,66.90965795141656,126.43417775069592,-1.1325466298253433,28.48835600028735,19.367206040813805,121.25227801059388,18.984810790254905,19.7496012913727,True,6
v8_l32_t64_d128_p64_wl3072_lowW16,1;min_L_32;max_L_minus_64;dupL_minL_128;cross_minL_64;max_WL_minus_3072;lowW_16_L,7,1.5,16.73128972775412,10.58004757004765,43.082596209055176,61.46539892991755,94.15877855848807,-3.510432434350677,24.521369554731546,17.671539223266816,11.464823799445917,44.954602984092666,62.46967048771572,94.15529498207314,-2.802827898014047,25.504869137820023,18.490745451112133,11.311794458605089,49.021515481598485,65.26526082857491,103.4195681782172,-4.175495654492886,27.003996655280275,18.081142337189476,98.78743158014518,17.671539223266816,18.490745451112133,True,6
v8_l32_t64_d128_p64_wl3072_lowW16,1;min_L_32;max_L_minus_64;dupL_minL_128;cross_minL_64;max_WL_minus_3072;lowW_16_L,7,2.0,16.393564583229338,10.689079527147221,41.52083380543811,62.026788008021555,94.28760577250756,-5.913964814643183,24.318644729186424,17.191704140535833,11.277725293531542,43.690620045418044,61.98157205600446,94.28788741870349,-5.320543745488293,24.99659330977785,17.73959453987871,11.212255926401294,47.23254534604993,64.51370729261566,94.33641362597368,-6.245459076291355,26.188215155253985,17.46564934020727,94.31215052233858,17.191704140535833,17.73959453987871,True,6
v8_l64_t32_d64_p32,1;min_L_64;max_L_minus_32;dupL_minL_64;cross_minL_32,5,1.0,18.797069517833148,12.700539640017194,45.20812525085405,64.18796038897813,94.37733548585562,5.825567771449268e-13,26.519157517029562,19.660294335082128,13.573874784916867,47.48817991965241,64.5449333343671,94.33167668530086,0.7219861225278073,27.347770406385596,21.24626470999623,14.046314725471353,60.29958152756724,70.19312691510032,104.52649488643266,-2.189955982049309,29.97105162444741,20.453279522539177,99.42908578586676,19.66029433508213,21.246264709996233,True,5
v8_l64_t32_d64_p32,1;min_L_64;max_L_minus_32;dupL_minL_64;cross_minL_32,5,1.5,17.249597846679293,11.54810950652863,44.085090868671394,62.4821669421739,94.44283051574092,-3.4959141269346925,24.999548394653072,17.97775764098194,12.438739523632226,44.311152396870554,63.275870642714075,94.41840281412235,-2.9157198885645665,25.572142457867997,19.043415284640524,12.376802762093764,58.14110048932219,66.01368690049382,94.57064921362016,-4.735858400353679,27.55218125202178,18.510586462811233,94.49452601387125,17.97775764098194,19.043415284640524,True,5
v8_l64_t32_d64_p32,1;min_L_64;max_L_minus_32;dupL_minL_64;cross_minL_32,5,2.0,16.55826921407068,10.898630023634198,47.83603030650416,63.90879985306375,94.478509967355,-6.068619265761854,24.63456771643859,17.19348519776106,11.440870197616587,47.853572033501905,63.83663791275144,94.47076677810513,-5.614856770916757,25.07645697210646,17.77810404121944,11.612916568646003,54.103792931688204,65.62045393641161,94.55523233149395,-6.767826998189892,26.238122631895155,17.48579461949025,94.51299955479953,17.19348519776106,17.77810404121944,True,5
v8_l64_t32_d64_p32_lowW2,1;min_L_64;max_L_minus_32;dupL_minL_64;cross_minL_32;lowW_2_L,6,1.0,17.882401062280874,11.662148706000197,43.6683492375539,62.709863808506476,126.46720179035987,6.774429188768657e-13,25.686020716127896,18.834838352047402,13.042141578913164,45.86130146162176,63.37242997994161,151.17299622234967,0.6599066886089586,26.731938539941265,20.753463431107864,14.100446441907387,57.7909165687421,69.81461657053794,104.34567309957647,-4.4874078723188795,29.25832906418679,19.794150891577633,127.75933466096308,18.8348383520474,20.753463431107864,True,6
v8_l64_t32_d64_p32_lowW2,1;min_L_64;max_L_minus_32;dupL_minL_64;cross_minL_32;lowW_2_L,6,1.5,16.48371236758755,10.685120987694297,42.204159285617386,60.01107432728467,101.88134772573116,-3.2125572944493745,24.14452251349054,17.231297249827833,11.589462658322125,43.28217934915765,60.93064433454642,116.88293200610774,-2.679386257063177,24.81567415541253,18.806013793145397,12.588235922744783,55.88349690585808,66.61101710126641,94.67029882045301,-6.385187458731856,27.172417741439858,18.018655521486615,105.77661541328038,17.231297249827833,18.8060137931454,True,6
v8_l64_t32_d64_p32_lowW2,1;min_L_64;max_L_minus_32;dupL_minL_64;cross_minL_32;lowW_2_L,6,2.0,15.867421748026759,10.169462505708925,45.88425991811091,58.660908194563774,94.53857940711295,-5.6497964461554755,23.769300465414354,16.491397506182224,10.604996396644495,46.254554039473014,59.14884547493413,94.52986626037895,-5.242004433474239,24.257174396083567,17.667907388001282,11.593770950425498,53.382736234941675,65.81225130694118,94.63450354258529,-8.000914978706469,26.031959001996093,17.079652447091753,94.58218490148212,16.491397506182224,17.667907388001286,True,6
v8_l64_t32_d64_p32_lowW4,1;min_L_64;max_L_minus_32;dupL_minL_64;cross_minL_32;lowW_4_L,6,1.0,17.629907069414365,11.52749057708881,43.10608826056722,60.92413059011577,107.42180029848467,2.513379428666938e-12,25.483376586579542,18.71007689699669,13.02573575607947,44.20747814140544,62.756787072726446,121.46060870227244,0.4929331779567671,26.587225358908363,19.363881772628186,12.75833271137362,56.00451299679098,68.63088278810348,114.45567846239442,-2.3838033621342904,28.013070363722626,19.036979334812436,117.95814358233343,18.71007689699669,19.363881772628186,True,6
v8_l64_t32_d64_p32_lowW4,1;min_L_64;max_L_minus_32;dupL_minL_64;cross_minL_32;lowW_4_L,6,1.5,16.299305768036024,10.768080697258647,40.38885956645867,58.38595176947331,94.28623954036256,-3.132754269385469,23.906677013091123,17.11991353443474,11.710359948536508,41.84768876103018,59.08323977462855,94.25858787356186,-2.7672479184998555,24.60440271198768,17.624510333524988,11.397075252963408,53.3290024379172,62.61832224804135,94.85860379047595,-4.511876334623262,25.94685364942103,17.372211933979862,94.55859583201891,17.119913534434737,17.624510333524988,True,6
v8_l64_t32_d64_p32_lowW4,1;min_L_64;max_L_minus_32;dupL_minL_64;cross_minL_32;lowW_4_L,6,2.0,15.700153360102716,10.142068319563846,43.99671649212495,58.336075234493144,94.3393487467073,-5.532433490496093,23.52112559062318,16.40979578339344,10.664647730725813,42.79797954221888,58.29307171132264,94.328587971111,-5.286269981648864,24.042191892710484,16.638875962656417,10.914191117221044,49.685474929883874,61.12007645933612,94.35405825004455,-6.313446844873652,24.832733930862787,16.52433587302493,94.34132311057778,16.40979578339344,16.638875962656417,True,6
v8_l64_t32_d64_p32_lowW8,1;min_L_64;max_L_minus_32;dupL_minL_64;cross_minL_32;lowW_8_L,6,1.0,17.84647572346747,11.521559983109608,45.054945806707046,61.404974789988636,108.99695174607098,8.219787859336562e-14,25.83802635745625,19.177578020985504,12.830686747364485,47.47999705819691,63.67906418122975,119.98099340409563,0.3841161362428112,27.4148260222359,19.78568895165189,12.777160008995303,56.509825393256385,69.0812613022237,133.2788403946414,-2.2969573479676764,28.692251510549653,19.481633486318696,126.62991689936851,19.177578020985504,19.785688951651885,True,6
v8_l64_t32_d64_p32_lowW8,1;min_L_64;max_L_minus_32;dupL_minL_64;cross_minL_32;lowW_8_L,6,1.5,16.5123455687732,10.73763802418638,41.550878589686555,59.451092742207706,94.31713179468626,-3.2265130224365843,24.23692759781499,17.544019507089267,11.568909434741947,45.1192349276153,60.34148391191975,98.61329263817198,-2.9305796624212723,25.213885397503553,17.996005637122202,11.634213815539479,54.11066410265121,63.990703277320094,114.80319382631552,-4.5582010122165,26.520927369226694,17.770012572105735,106.70824323224375,17.544019507089267,17.9960056371222,True,6
v8_l64_t32_d64_p32_lowW8,1;min_L_64;max_L_minus_32;dupL_minL_64;cross_minL_32;lowW_8_L,6,2.0,15.87017930976533,10.104704429579536,43.888496587589586,59.86227671622105,94.3678221094466,-5.686011124753879,23.845358300420358,16.72083258848856,10.90908681836465,43.769804509613536,59.63145632598428,94.35611895143506,-5.4784963352578275,24.53213504748935,16.93741370150463,10.900891367653797,50.49593124435427,62.28529296576931,100.0398887185601,-6.438878296721108,25.354453384812004,16.829123144996593,97.19800383499759,16.72083258848856,16.93741370150463,True,6
v8_l64_t32_d64_p32_lowW16,1;min_L_64;max_L_minus_32;dupL_minL_64;cross_minL_32;lowW_16_L,6,1.0,18.199077830746518,12.03878312317126,45.56264206088459,62.55936468215072,108.3402668199549,1.942959251045864e-12,26.26857280100097,19.699520221265747,12.926655171409863,49.315084575766726,66.47425771212767,145.62751157997855,0.8472396852767177,28.34478261058267,20.38710095064251,13.079782834074262,57.10790577012999,69.0860115319393,137.31770752301108,-2.250188665541757,29.35952767769971,20.043310585954128,141.47260955149483,19.69952022126575,20.38710095064251,True,6
v8_l64_t32_d64_p32_lowW16,1;min_L_64;max_L_minus_32;dupL_minL_64;cross_minL_32;lowW_16_L,6,1.5,16.83386446802761,11.223741772872797,42.00606177451696,60.82024275375523,94.37246153494236,-3.342423575920097,24.63944741710891,17.998897553370316,12.1030390734222,45.56642317913787,61.506488924621266,116.19833228542103,-2.706943193270101,25.89690638023131,18.530931294207655,11.76081437115542,54.52735990316279,65.15349814476293,112.52157283518409,-4.721515966071229,27.10986683748007,18.264914423788987,114.35995256030256,17.998897553370313,18.530931294207655,True,6
v8_l64_t32_d64_p32_lowW16,1;min_L_64;max_L_minus_32;dupL_minL_64;cross_minL_32;lowW_16_L,6,2.0,16.17287247693729,10.601739499542262,44.890629278106886,62.07022954558418,94.41592950731616,-5.8764413904321104,24.241372466162318,17.087410936722005,11.178213479876359,46.484958304166504,61.44604309868946,95.23854574390487,-5.3574864380153535,25.0327834571755,17.398584768342424,11.179642818170038,50.599460223283906,64.20328487907238,94.48939423696955,-6.694810869350082,25.888788488108194,17.242997852532213,94.8639699904372,17.087410936722005,17.398584768342424,True,6
v8_l64_t32_d64_p32_wl3072,1;min_L_64;max_L_minus_32;dupL_minL_64;cross_minL_32;max_WL_minus_3072,6,1.0,18.196925567839703,12.332403849514929,44.805278863605004,63.99519315517056,97.57296492820893,1.2136599523852643e-14,25.972225344744988,19.712894096032105,13.427218794767903,48.837239821067456,65.63318500385641,163.45367983193256,1.4119266024552248,28.094494624679562,20.654971072775982,13.651399870936398,59.79989344346742,70.2433101200739,119.41405199273629,-2.1453405433422383,29.442742015463903,20.183932584404044,141.43386591233443,19.712894096032105,20.654971072775975,True,6
v8_l64_t32_d64_p32_wl3072,1;min_L_64;max_L_minus_32;dupL_minL_64;cross_minL_32;max_WL_minus_3072,6,1.5,16.911946346112114,11.246599558542547,41.6196353201525,64.15134060878658,94.40856344488728,-3.4688913427129138,24.708924938938043,18.2896426636599,12.468276376838993,44.87290554088638,65.64578564585064,157.93069265008816,-1.9503611049769145,26.723051070949783,18.73835579198271,12.105541468574867,56.74926466835899,67.7473817530634,110.48468919463295,-4.747816218894851,27.39556747238488,18.513999227821305,134.20769092236054,18.2896426636599,18.738355791982713,True,6
v8_l64_t32_d64_p32_wl3072,1;min_L_64;max_L_minus_32;dupL_minL_64;cross_minL_32;max_WL_minus_3072,6,2.0,16.328351260959533,10.832780456498309,45.57664248776744,64.27364120313382,94.4593344542705,-5.965727796675541,24.42483939901228,17.430513684920758,11.282300468362338,47.69985694183483,65.46926997056578,138.3368130399206,-4.536476867500165,25.895706372561513,17.64843924131719,11.339771154100031,54.65798146079642,66.45352493127123,95.13140043207315,-6.7054946608618256,26.310305514623717,17.539476463118973,116.73410673599687,17.430513684920754,17.64843924131719,True,6
v8_l64_t32_d64_p32_wl3072_lowW2,1;min_L_64;max_L_minus_32;dupL_minL_64;cross_minL_32;max_WL_minus_3072;lowW_2_L,7,1.0,17.241711880909566,11.489821039188815,41.8077598408617,60.7579503675242,121.42761913181404,2.719701620572433e-13,24.981334708631074,18.81609303459857,13.069239845911511,46.46336072591862,63.10894656865992,151.83284579984004,1.2987714512670807,27.01343713106919,20.05143468791627,13.483568245152583,57.61818840023242,69.6945129175601,113.45481162667102,-4.619594877970791,28.58347565479639,19.433763861257418,132.64382871325552,18.81609303459857,20.05143468791627,True,7
v8_l64_t32_d64_p32_wl3072_lowW2,1;min_L_64;max_L_minus_32;dupL_minL_64;cross_minL_32;max_WL_minus_3072;lowW_2_L,7,1.5,16.13100547011788,10.767942445486572,39.59880750215227,60.42962909860954,97.10956302932216,-3.1613843591257234,23.750255046047553,17.47081117697044,11.710312665557831,42.59234816890915,62.98973359242515,150.6450278455501,-1.741034829301348,25.63161605458484,18.479652044369402,12.106753249075897,54.71346294639745,68.27394841438566,108.62668953470154,-6.519414911356044,26.956570875930126,17.975231610669923,129.63585869012581,17.47081117697044,18.479652044369402,True,7
v8_l64_t32_d64_p32_wl3072_lowW2,1;min_L_64;max_L_minus_32;dupL_minL_64;cross_minL_32;max_WL_minus_3072;lowW_2_L,7,2.0,15.629025249339511,9.815834435316745,42.19146997643718,58.89934374787158,94.51893168337034,-5.5057857108019785,23.464410733708807,16.66316692795929,10.567705226107048,44.76963186276046,62.14889066143013,133.82065262674433,-4.166673497970801,24.849663972504356,17.57526190910127,11.410089865246519,52.8144288915564,66.33802149622953,96.03612487540865,-8.005078085569595,26.08195670378457,17.119214418530277,114.92838875107648,16.663166927959285,17.575261909101272,True,7
v8_l64_t32_d64_p32_wl3072_lowW4,1;min_L_64;max_L_minus_32;dupL_minL_64;cross_minL_32;max_WL_minus_3072;lowW_4_L,7,1.0,17.072269243081628,11.460433773720535,42.072806072255126,60.317577199762276,104.2227606716303,3.6520131294502044e-13,24.593430671388816,18.60865713144542,13.027279220230426,44.29507147810758,61.94232278755685,143.5038124259727,1.2539805466001008,26.394721984413906,18.642791062361358,12.261157715549064,51.94702452090058,64.91365403458228,108.05500555577505,-2.3697577309523843,26.976374425518863,18.62572409690339,125.77940899087389,18.60865713144542,18.642791062361358,True,7
v8_l64_t32_d64_p32_wl3072_lowW4,1;min_L_64;max_L_minus_32;dupL_minL_64;cross_minL_32;max_WL_minus_3072;lowW_4_L,7,1.5,15.932067351700345,10.613555524765816,38.65264610940401,58.33582226664375,94.215680951978,-3.046643944058439,23.360805640899372,17.204908394887052,11.429826992382209,40.663052118115544,60.80046880497208,144.94983209694635,-1.6868431352266127,25.052083353280764,17.269711793353974,10.94883960133144,48.891878344094096,61.68258378974653,106.77700704112797,-4.548391409780654,25.40730618890285,17.237310094120513,125.86341956903716,17.20490839488705,17.269711793353974,True,7
v8_l64_t32_d64_p32_wl3072_lowW4,1;min_L_64;max_L_minus_32;dupL_minL_64;cross_minL_32;max_WL_minus_3072;lowW_4_L,7,2.0,15.418480002986387,10.08264870794336,38.0293604226937,57.95548690172787,94.29627288487099,-5.324587761078066,23.075068279591587,16.40312067337609,10.499056920349886,41.01259675840269,59.4256034729454,130.38092700029011,-4.0931349890229995,24.35774168017826,16.458062973655558,10.769289845797246,45.04735684308505,59.8657296843671,97.26122398840984,-6.236154475963152,24.61303367558953,16.430591823515826,113.82107549434997,16.40312067337609,16.45806297365556,True,7
v8_l64_t32_d64_p32_wl3072_lowW8,1;min_L_64;max_L_minus_32;dupL_minL_64;cross_minL_32;max_WL_minus_3072;lowW_8_L,7,1.0,17.002837955017434,10.820778825493598,42.376265884098835,60.455051383533494,98.28533513128986,-2.592818989186701e-14,24.730913322289663,18.449351871729736,12.738040969881004,44.26441177306753,61.96986669871521,138.30902248426048,1.4155457629189205,26.606039111583364,18.639829747273918,12.104895136529809,53.376635644313154,65.40179611333673,114.35241264628431,-1.8838693816681,27.11982994697068,18.544590809501827,126.3307175652724,18.449351871729732,18.639829747273918,True,6
v8_l64_t32_d64_p32_wl3072_lowW8,1;min_L_64;max_L_minus_32;dupL_minL_64;cross_minL_32;max_WL_minus_3072;lowW_8_L,7,1.5,15.877225831608154,10.298376682019084,38.65824424248486,59.04430781411242,94.24099468543035,-3.0996281436972137,23.492708708337638,17.062118485675775,11.343331132718776,40.55360004086293,61.83862988798238,141.3512224562377,-1.5844637255489802,25.116438299490035,17.159915598682822,10.92096660532108,47.95505291932511,62.29820876866505,105.67787258956515,-4.194886959326265,25.47794276137766,17.1110170421793,123.51454752290144,17.062118485675775,17.159915598682822,True,6
v8_l64_t32_d64_p32_wl3072_lowW8,1;min_L_64;max_L_minus_32;dupL_minL_64;cross_minL_32;max_WL_minus_3072;lowW_8_L,7,2.0,15.3880441669816,10.157966742834473,39.124952283254935,59.17423057011716,94.31566516162833,-5.388462525734097,23.213062111092125,16.286205875138222,10.486566655998297,41.68541505204695,60.707276917335534,128.28401213864083,-3.967872470095994,24.406407397359008,16.288385157580493,10.582756959931633,46.10659444385349,61.36134668898884,98.52825579842258,-5.95341266692251,24.67056924487129,16.287295516359357,113.4061339685317,16.286205875138222,16.288385157580496,True,6
v8_l64_t32_d64_p32_wl3072_lowW16,1;min_L_64;max_L_minus_32;dupL_minL_64;cross_minL_32;max_WL_minus_3072;lowW_16_L,7,1.0,17.284447346861807,11.327153136695333,42.86058710198318,61.07860906649628,106.08257972608742,-7.359192620372467e-13,25.127989244946914,18.93232662909805,12.756991092387139,46.33583048896259,63.30326969905844,140.83719966044717,1.8411240415184882,27.52305202487473,19.095823765078126,12.663495675449155,53.094232574701344,68.14972466708599,133.2009487447097,-1.6829751252427454,27.763200142186367,19.01407519708809,137.01907420257845,18.93232662909805,19.09582376507813,True,6
v8_l64_t32_d64_p32_wl3072_lowW16,1;min_L_64;max_L_minus_32;dupL_minL_64;cross_minL_32;max_WL_minus_3072;lowW_16_L,7,1.5,16.10297923533097,10.727890238793137,39.398949033357184,61.18037977683269,94.31027182011391,-3.206356890637909,23.853601296547865,17.47843518127497,11.876681698790481,42.312136114095125,63.23630069006997,140.63531038238355,-1.3729744303727787,25.78243661160859,17.520345610998014,11.131381574676862,48.69819386036587,64.36632659102546,109.1328501305433,-4.155991766917546,26.008346930567182,17.49939039613649,124.88408025646342,17.47843518127497,17.520345610998014,True,6
v8_l64_t32_d64_p32_wl3072_lowW16,1;min_L_64;max_L_minus_32;dupL_minL_64;cross_minL_32;max_WL_minus_3072;lowW_16_L,7,2.0,15.611119332953761,10.204128886498047,40.82810853872994,62.137846873164925,94.3760491082022,-5.553487282727543,23.565838161901127,16.66935596887311,10.788190041082341,42.82668373830104,63.02112543575135,129.04712882478515,-3.862741596151005,24.954792494109856,16.64358795721616,10.852850972276068,47.4368578888159,63.79066740197631,94.89573666029672,-6.013226949163416,25.139889737744596,16.656471963044634,111.97143274254094,16.66935596887311,16.64358795721616,True,6
v8_l64_t32_d64_p64,1;min_L_64;max_L_minus_32;dupL_minL_64;cross_minL_64,5,1.0,19.855547816179357,13.740102544064802,46.75627661097886,63.79657878250123,94.27584812075025,8.087388591803624e-13,27.276459942067206,20.97865960693767,15.27322647285979,48.76963306813245,64.17448270489116,95.32025274021917,0.5186605680107523,28.27474506290193,22.044610883314274,14.994737485773818,58.912606859136126,70.28190639364325,99.07715946342748,-2.147308032336709,30.579003074323662,21.511635245125973,97.19870610182332,20.97865960693767,22.044610883314277,True,5
v8_l64_t32_d64_p64,1;min_L_64;max_L_minus_32;dupL_minL_64;cross_minL_64,5,1.5,18.32830673044186,12.609383918895421,44.69889714179979,63.327667473134404,94.38486922733932,-3.7885044752843795,25.77507221731382,19.294003265797,13.693383355600453,45.85954383646595,64.09192151144966,94.35518569836591,-3.5204744689012704,26.542321286110486,19.9370018606291,12.931141231375364,56.669513162334695,66.72067439870466,94.51648783853898,-4.982379592936443,28.210503091729066,19.61550256321305,94.43583676845245,19.294003265797,19.9370018606291,True,5
v8_l64_t32_d64_p64,1;min_L_64;max_L_minus_32;dupL_minL_64;cross_minL_64,5,2.0,17.692110485316633,11.902320488176315,46.78874794329748,62.967109741883085,94.44592108244755,-6.464022521998923,25.424442023364996,18.591320114904132,12.774976892204204,47.01970145403976,63.388663984728694,94.4354037681275,-6.406768516260593,26.150378478003617,18.767482894143264,12.352009623177413,52.9159682971527,65.42252114571592,94.52607688255125,-7.114831049782672,26.937364917996536,18.679401504523696,94.48074032533938,18.59132011490413,18.767482894143267,True,5
v8_l64_t32_d64_p64_lowW2,1;min_L_64;max_L_minus_32;dupL_minL_64;cross_minL_64;lowW_2_L,6,1.0,18.929625198487415,12.774750525611916,45.82866723599684,62.45531490422231,124.659906162035,8.330120582280677e-13,26.42727770968138,20.292181025937968,14.552674647781233,47.86922951402136,64.07015554201682,140.0149344519089,0.446374826822552,27.77316679649513,21.45617494859597,14.438183473100624,56.87598363703685,69.86631785353576,100.49832195438006,-4.470940061421213,29.860395522066753,20.874177987266968,120.25662820314449,20.29218102593797,21.456174948595965,True,6
v8_l64_t32_d64_p64_lowW2,1;min_L_64;max_L_minus_32;dupL_minL_64;cross_minL_64;lowW_2_L,6,1.5,17.5604805994787,11.584248364469529,43.260524780967785,59.911293567450286,100.16649917732022,-3.4951265996657788,24.90895324477488,18.709116366668372,13.277294252375409,45.30591775171631,61.36887189454048,105.28386074900263,-3.2773756383267516,25.85554828436525,19.64057958264455,12.960530792631147,55.30110221167512,67.00634475634648,94.62071850329335,-6.652282811051357,27.833574478796464,19.17484797465646,99.95228962614799,18.70911636666837,19.640579582644545,True,6
v8_l64_t32_d64_p64_lowW2,1;min_L_64;max_L_minus_32;dupL_minL_64;cross_minL_64;lowW_2_L,6,2.0,16.99945776481436,11.366706796631497,45.96777381964173,58.076366592177784,94.50869826241673,-6.027307834002256,24.55057602989698,18.056245406561498,12.488379319306736,45.89365877807295,60.01815937473131,94.49671942852565,-6.015319971849147,25.37139519778235,18.606547621260166,12.246373187343696,53.70580981796021,65.34515693851401,94.60866284838139,-8.365997238850516,26.7379632957308,18.331396513910832,94.55269113845353,18.056245406561494,18.60654762126017,True,6
v8_l64_t32_d64_p64_lowW4,1;min_L_64;max_L_minus_32;dupL_minL_64;cross_minL_64;lowW_4_L,6,1.0,18.738932187645762,12.670484488817706,44.8496509985677,60.959573480433214,105.61442936687966,2.7930728813302694e-12,26.217180974394484,20.46705559958679,14.82433286983399,46.40925061949315,63.502432305334864,110.7073182194735,0.2620221725290541,27.756328743840758,20.164508364687187,13.181037893821918,54.227568366980655,68.12058278537165,112.00472283843878,-2.3508692557565896,28.62431234202804,20.31578198213699,111.35602052895615,20.46705559958679,20.164508364687187,True,6
v8_l64_t32_d64_p64_lowW4,1;min_L_64;max_L_minus_32;dupL_minL_64;cross_minL_64;lowW_4_L,6,1.5,17.424742175872254,11.809612387521312,42.37049539314628,58.63331959858774,94.2291082846983,-3.410885072179797,24.665099601172592,18.75521565574164,13.550393731895472,45.127557076250355,59.473929481068936,94.19525107441508,-3.2484681245841562,25.70334848350025,18.552216828910808,12.092767257869635,52.510943546245784,63.273779236441754,94.28932135706638,-4.753114673354744,26.60440802419907,18.653716242326226,94.24228621574073,18.75521565574164,18.552216828910808,True,6
v8_l64_t32_d64_p64_lowW4,1;min_L_64;max_L_minus_32;dupL_minL_64;cross_minL_64;lowW_4_L,6,2.0,16.898337105197648,11.371480112755439,44.38386491232445,56.96475867297642,94.3055234837392,-5.903456605234353,24.297029870412416,17.93352264366152,12.549126882844508,44.0001980986849,57.45212738056286,94.29160355609451,-5.738482121253964,25.066534284840564,17.67001421681692,11.717322815551569,48.93303712096759,60.64440327287897,94.32270103794308,-6.64452385496182,25.53232927541363,17.80176843023922,94.3071522970188,17.93352264366152,17.67001421681692,True,6
v8_l64_t32_d64_p64_lowW8,1;min_L_64;max_L_minus_32;dupL_minL_64;cross_minL_64;lowW_8_L,6,1.0,19.005223523694475,12.820638848670352,46.076434816810654,61.01649821876019,104.88298506538034,1.8204899285778965e-13,26.54904526765553,20.722177427935446,14.803703611054253,49.062151937046444,66.00605535271349,114.64157978127072,0.6871559396319628,28.359952950477695,20.700319543278983,13.820558722614473,55.12934754655062,69.73327162663041,129.15620545806127,-2.271695398543349,29.278141786357775,20.711248485607214,121.89889261966599,20.72217742793545,20.700319543278983,True,6
v8_l64_t32_d64_p64_lowW8,1;min_L_64;max_L_minus_32;dupL_minL_64;cross_minL_64;lowW_8_L,6,1.5,17.676594159875552,11.910210205018501,43.022590770725344,59.06388549272341,94.25990733970919,-3.5007339609528834,24.971072090115307,18.946233995909616,13.493747545178163,46.40155489459279,61.07476340345732,94.22462673490628,-2.9341433983784095,26.07667487780227,18.998237276323273,12.435402240188948,53.75474338455052,63.7377357152557,110.43334185269859,-4.805835916600353,27.15127676699592,18.972235636116444,102.32898429380243,18.946233995909616,18.998237276323273,True,6
v8_l64_t32_d64_p64_lowW8,1;min_L_64;max_L_minus_32;dupL_minL_64;cross_minL_64;lowW_8_L,6,2.0,17.09976774146075,11.185380255984246,43.75116432960771,58.76170235064134,94.33334548760041,-6.049805776422896,24.59635293376478,18.056361998990063,12.39496007536728,44.73643072199664,58.53419445515559,94.31835261236526,-5.530187234948783,25.32981710364269,18.044455401330374,11.853870602835382,50.643714063388494,61.97027306874038,95.23720314967943,-6.756981020934215,26.012651118886076,18.05040870016022,94.77777788102235,18.056361998990063,18.044455401330374,True,6
v8_l64_t32_d64_p64_lowW16,1;min_L_64;max_L_minus_32;dupL_minL_64;cross_minL_64;lowW_16_L,6,1.0,19.300491872661024,12.893240195774723,46.76875916837253,61.61676472130382,104.85291613409356,1.8475214456992047e-12,26.95962111291071,21.095220692160957,14.919365227824633,51.20358845208521,67.0354265962769,142.08054868618945,1.1817830926883615,29.200221445838377,21.14807624593198,14.087860606954594,55.73571366181296,70.20716491636207,133.88424844791902,-2.044505287448066,29.82314879848173,21.12164846904647,137.98239856705425,21.095220692160957,21.14807624593198,True,6
v8_l64_t32_d64_p64_lowW16,1;min_L_64;max_L_minus_32;dupL_minL_64;cross_minL_64;lowW_16_L,6,1.5,17.931614244102427,11.95941502115025,43.92948314129553,60.959774876411,94.31534548132095,-3.6135719757671088,25.352898630793376,19.2511162635644,13.375682675905187,47.22563524408935,62.50430983248308,109.84843518982883,-2.6816925672824294,26.61678774902585,19.401641782675064,12.525441262532162,54.056917043294,64.43620740272723,108.95486347580191,-4.758304940381864,27.615405915973533,19.32637902311973,109.40164933281537,19.2511162635644,19.401641782675064,True,6
v8_l64_t32_d64_p64_lowW16,1;min_L_64;max_L_minus_32;dupL_minL_64;cross_minL_64;lowW_16_L,6,2.0,17.328743649652896,11.515992696907407,44.777035246598714,61.221095503029716,94.38263307827403,-6.235750015842599,24.971483768175247,18.29458839656865,12.54732034948911,45.59258720269403,60.9098753900866,94.36869115300442,-5.463377913550177,25.71985329596585,18.38286011429158,11.98228375062933,50.207921822439175,63.284267204433995,94.45625586627827,-6.774749128271402,26.418564711457567,18.338724255430115,94.41247350964134,18.29458839656865,18.38286011429158,True,5
v8_l64_t32_d64_p64_wl3072,1;min_L_64;max_L_minus_32;dupL_minL_64;cross_minL_64;max_WL_minus_3072,6,1.0,19.332068864307455,13.320786440955823,46.71575785540089,63.72362020923363,94.61114574471125,2.2066544588822988e-14,26.758938006850823,21.18440210476478,15.032327210045821,50.95765231173151,65.95825527464825,147.96036222368008,1.1774578079500857,28.928326652175823,21.549067791760578,14.364419297943098,58.59525081948615,69.25782203914643,115.83815164779985,-2.102034020785559,30.063118133022716,21.36673494826268,131.89925693573997,21.18440210476478,21.549067791760574,True,6
v8_l64_t32_d64_p64_wl3072,1;min_L_64;max_L_minus_32;dupL_minL_64;cross_minL_64;max_WL_minus_3072,6,1.5,18.028026711537024,12.315330857537532,43.24137646342771,63.83638115013572,94.35160228588666,-3.7642017180834095,25.496395688955037,19.608095789094058,13.49716944119226,46.039845344715026,65.41222810138157,142.1762553502041,-2.5222396599262233,27.40766483154976,19.6695401234235,12.861065478007706,55.89979174939223,67.27711733087158,106.62514475841243,-4.991151271664987,28.02415746542975,19.638817956258777,124.40070005430826,19.608095789094058,19.6695401234235,True,6
v8_l64_t32_d64_p64_wl3072,1;min_L_64;max_L_minus_32;dupL_minL_64;cross_minL_64;max_WL_minus_3072,6,2.0,17.506704896818494,11.747010802079043,44.83518072380244,63.72289334237845,94.4273353573813,-6.361732697289252,25.222475487725678,18.675466431422482,12.768605132444067,46.27216662848124,65.14653071398858,121.99744074919371,-5.192526000685592,26.554241831974085,18.677330978407078,12.220205184131494,54.25021252320622,65.58118972797698,94.50133505586409,-7.046299800288544,26.961800111350463,18.67639870491478,108.2493879025289,18.675466431422485,18.677330978407078,True,6
v8_l64_t32_d64_p64_wl3072_lowW2,1;min_L_64;max_L_minus_32;dupL_minL_64;cross_minL_64;max_WL_minus_3072;lowW_2_L,7,1.0,18.37900313851525,12.849639113066324,44.74565991896644,61.85075990401727,119.47011512931928,8.319087309986266e-13,25.75461872380171,20.272590746023024,14.72626012789991,47.81113338866407,64.9820668595331,139.02006832077785,1.3334865081031917,27.87743481527049,20.906059811972522,14.337700508605199,56.3387015518442,69.28493851879603,109.72864642637425,-4.60080858788237,29.20585365891543,20.589325278997773,124.37435737357606,20.272590746023024,20.90605981197252,True,7
v8_l64_t32_d64_p64_wl3072_lowW2,1;min_L_64;max_L_minus_32;dupL_minL_64;cross_minL_64;max_WL_minus_3072;lowW_2_L,7,1.5,17.270413642647767,11.597188048008833,41.92849938054272,60.40128775432627,95.26918902494795,-3.446570638324933,24.527057308282114,18.7511361053096,13.018190219471338,44.870570098147596,62.365989148216336,136.7079695409063,-2.064560034970038,26.28581351173887,19.387646822258574,12.724071967344026,53.900128004127524,66.83850667483125,104.65406654048897,-6.783624017155589,27.59751611350695,19.069391463784086,120.68101804069764,18.7511361053096,19.387646822258574,True,7
v8_l64_t32_d64_p64_wl3072_lowW2,1;min_L_64;max_L_minus_32;dupL_minL_64;cross_minL_64;max_WL_minus_3072;lowW_2_L,7,2.0,16.84330934208752,11.191716556340758,43.00294691036845,60.04716248398106,94.48974575248403,-5.882549257146891,24.253967215997537,17.90934120434344,11.946284219134384,44.31566488728352,61.66117451435017,118.27799932366273,-4.647419331082877,25.46967852812383,18.566915147425494,12.218149369850517,51.198507278075674,66.29349789549342,94.58323745981954,-8.363230712405327,26.746760868668375,18.23812817588447,106.43061839174113,17.90934120434344,18.566915147425497,True,7
v8_l64_t32_d64_p64_wl3072_lowW4,1;min_L_64;max_L_minus_32;dupL_minL_64;cross_minL_64;max_WL_minus_3072;lowW_4_L,7,1.0,18.261295978498097,12.493498333082957,44.01921568097801,61.18156495008663,103.31141145414446,3.8781952114856405e-13,25.379853881018267,19.99794952940025,14.596416610410301,47.135427965448926,63.666871840121615,133.98218532135496,1.4185203140015736,27.259675666985316,19.57323977669463,12.914697259094,50.691602255664996,64.92727618127756,104.42285809336545,-2.17427754157793,27.54703688249457,19.78559465304744,119.2025217073602,19.997949529400252,19.57323977669463,True,6
v8_l64_t32_d64_p64_wl3072_lowW4,1;min_L_64;max_L_minus_32;dupL_minL_64;cross_minL_64;max_WL_minus_3072;lowW_4_L,7,1.5,17.14509207540407,11.694702733139383,40.62565277519356,57.01188793504813,94.16583506182333,-3.329367042458875,24.14035795228207,18.480234075386615,12.98662155938242,42.62432572568502,59.3126177245404,133.28880582688595,-1.8896060884652703,25.699235144664172,18.251549195990258,11.931545497270491,47.706842350280425,61.71653293904164,102.98931966339033,-4.627522097023843,25.98291892443752,18.365891635688435,118.13906274513815,18.480234075386615,18.25154919599026,True,6
v8_l64_t32_d64_p64_wl3072_lowW4,1;min_L_64;max_L_minus_32;dupL_minL_64;cross_minL_64;max_WL_minus_3072;lowW_4_L,7,2.0,16.683158118286794,11.354700925252757,41.24872210470162,56.513829202601215,94.26717865128951,-5.695397893269636,23.865032774478504,17.633908085254866,11.944062650809528,42.3874284487467,58.26946728377085,116.4243996539602,-4.409744355865261,24.950575476286506,17.525578497124435,11.595362957515597,46.45489455255852,58.32322947698549,94.27972915665856,-6.415340195434214,25.209483678580046,17.57974329118965,105.35206440530938,17.633908085254866,17.525578497124435,True,6
v8_l64_t32_d64_p64_wl3072_lowW8,1;min_L_64;max_L_minus_32;dupL_minL_64;cross_minL_64;max_WL_minus_3072;lowW_8_L,7,1.0,18.30028267448015,12.528782429757868,44.649568242181346,61.1706078248379,99.12545758928266,-1.3626091283598193e-13,25.58385022237417,20.026411573939964,14.578019450524677,47.76921376756849,63.93418701209424,129.53040786123228,1.5854175411802478,27.533385753606325,19.771881421620787,12.995902784886109,51.8388985650437,65.73493334664504,115.89034068144453,-1.8269571795615127,27.925282433564018,19.899146497780375,122.7103742713384,20.02641157393996,19.771881421620794,True,6
v8_l64_t32_d64_p64_wl3072_lowW8,1;min_L_64;max_L_minus_32;dupL_minL_64;cross_minL_64;max_WL_minus_3072;lowW_8_L,7,1.5,17.150790969782136,11.488786347288283,40.373786999473644,58.282648483842834,94.1949366561906,-3.3985035600805444,24.33733617918323,18.468253338825754,12.909281621299968,41.88240228802318,60.69431471360967,130.5658957520798,-1.8412423187309606,25.86014266252075,18.371318583424696,12.03375483786761,48.151708595926806,62.048284185868205,102.97981870239244,-4.429467694777383,26.28972599465445,18.419785961125225,116.77285722723612,18.468253338825754,18.371318583424692,True,6
v8_l64_t32_d64_p64_wl3072_lowW8,1;min_L_64;max_L_minus_32;dupL_minL_64;cross_minL_64;max_WL_minus_3072;lowW_8_L,7,2.0,16.66419430599927,11.20632983061448,40.92640897047124,59.24814225482217,94.29542882637966,-5.790072089927064,24.062568628322108,17.605285277044448,11.797490629827571,42.32275006694517,59.721916817366406,115.25725795814577,-4.404841987897548,25.101559712873545,17.575914494656477,11.517487236824142,46.64284573369692,61.15658155005568,94.40160780517934,-6.283864384980909,25.487247150185922,17.590599885850462,104.82943288166256,17.605285277044445,17.57591449465648,True,6
v8_l64_t32_d64_p64_wl3072_lowW16,1;min_L_64;max_L_minus_32;dupL_minL_64;cross_minL_64;max_WL_minus_3072;lowW_16_L,7,1.0,18.570129279766594,12.350172137943,45.15673415570512,61.25008142498027,104.89572197483268,-4.187126835729162e-12,26.008839093346513,20.466696818212235,14.459897617054029,49.19973475518136,64.7844043382316,137.4498821639347,1.9471359461150723,28.39543546681777,20.26368176490514,13.383482946515613,53.24021451799448,67.7492218104135,132.4131878267192,-1.646696777101934,28.62927108840817,20.365189291558686,134.93153499532696,20.466696818212235,20.263681764905137,True,6
v8_l64_t32_d64_p64_wl3072_lowW16,1;min_L_64;max_L_minus_32;dupL_minL_64;cross_minL_64;max_WL_minus_3072;lowW_16_L,7,1.5,17.37142131534936,11.586420728913659,41.06618525858456,60.7839491866954,94.25872845690986,-3.515914860251127,24.734703038243683,18.83433142985486,13.018082645807759,44.49529290000527,62.07237678367955,130.76658065895575,-1.6862849880033008,26.488082286705822,18.77629415096592,12.216254543141979,49.07179379963594,63.777121414542606,108.3017024248301,-4.423300579288084,26.881883515626352,18.80531279041039,119.53414154189292,18.83433142985486,18.77629415096592,True,6
v8_l64_t32_d64_p64_wl3072_lowW16,1;min_L_64;max_L_minus_32;dupL_minL_64;cross_minL_64;max_WL_minus_3072;lowW_16_L,7,2.0,16.880436958095775,11.21332864823177,42.36560717622664,61.561627886968424,94.352255831931,-5.979164024764639,24.452329183061856,17.930945201458584,12.144312948798223,43.542841627813196,61.61289493100576,116.84227053372167,-4.368545073855323,25.630419609306927,17.9455950708586,11.72538451986352,47.46103705054123,63.673831332845864,94.41510819051224,-6.392001386517925,26.013917784639524,17.938270136158593,105.62868936211696,17.930945201458588,17.945595070858598,True,6
v8_l64_t32_d128_p32,1;min_L_64;max_L_minus_32;dupL_minL_128;cross_minL_32,5,1.0,17.90711435478048,11.90142037547514,45.7498644168177,64.30197506836615,94.23218283252459,2.758318073602873e-14,25.74235293388089,18.954334008636163,13.145726034641235,46.08151359737869,66.53313613025304,106.59764657272257,-0.05267596424878312,26.807455058765754,20.520790470989535,13.346330402882938,57.05301741909388,69.64982906012851,119.08003640141476,-1.5967247547093166,29.397180593777062,19.73756223981285,112.83884148706866,18.954334008636163,20.520790470989535,True,5
v8_l64_t32_d128_p32,1;min_L_64;max_L_minus_32;dupL_minL_128;cross_minL_32,5,1.5,16.8142671098674,10.96921930332072,43.226614618940694,64.2982918603285,94.35906017298508,-3.5486204285407217,24.730796743726916,17.711217697944196,12.124328260522514,44.6765048245727,65.98336326730089,94.33702880991383,-3.5132612195439443,25.571835616450496,18.898834463275143,12.05880175766325,55.00924855948389,68.23197112985083,101.16373026596266,-4.480226507943712,27.64969587475325,18.30502608060967,97.75037953793824,17.7112176979442,18.898834463275143,True,5
v8_l64_t32_d128_p32,1;min_L_64;max_L_minus_32;dupL_minL_128;cross_minL_32,5,2.0,16.341005843677895,10.686360615284872,42.437501605562126,63.844356227188854,94.43077209238804,-6.002635107366137,24.500275727767264,17.160944794482266,11.242159213876507,43.631148682014484,64.32960746722465,94.42334673418759,-5.944591374415064,25.197073985349444,17.85811709151561,11.298446985981421,53.50043607291137,66.66146039881795,94.49326960854378,-6.538929966738317,26.539272831353287,17.509530942998936,94.45830817136569,17.16094479448227,17.858117091515613,True,5
v8_l64_t32_d128_p32_lowW2,1;min_L_64;max_L_minus_32;dupL_minL_128;cross_minL_32;lowW_2_L,6,1.0,16.99160380302824,11.428033128905346,40.17069216792078,63.682480883313644,120.87905009033908,-1.4232921259790825e-13,24.847733761397247,18.57914298324723,13.065679592678393,42.671214682696764,66.67047802784636,124.51195071165482,-0.13598980730118587,26.423992419034086,19.87331274314583,13.17920998615525,55.122320259351184,69.4473842192719,120.5107126899493,-3.992258861984823,28.604460920906703,19.22622786319653,122.51133170080206,18.57914298324723,19.873312743145828,True,6
v8_l64_t32_d128_p32_lowW2,1;min_L_64;max_L_minus_32;dupL_minL_128;cross_minL_32;lowW_2_L,6,1.5,16.031768116288536,10.33167556185155,41.14796525063057,62.20891838394454,97.32567795430987,-3.2596242910225044,23.838421357106306,17.20417300265871,11.925602368799426,41.39566983057576,63.99288365578703,97.2380865704401,-3.3097596309772976,24.923506258935042,18.612315887524137,11.906070293914267,53.800448468919626,68.12790903192031,103.09983680351347,-6.199814052999895,27.26136069061947,17.908244445091423,100.16896168697679,17.204173002658706,18.612315887524137,True,6
v8_l64_t32_d128_p32_lowW2,1;min_L_64;max_L_minus_32;dupL_minL_128;cross_minL_32;lowW_2_L,6,2.0,15.621187348787796,9.940629339681362,39.9590668850733,58.66673687277862,94.48910520031978,-5.571514755011369,23.604056335747742,16.593027085946662,10.798545668643488,42.18316473025323,61.07085904237461,94.48037458404356,-5.588689882619049,24.420832533243654,17.75274201420655,11.575034673009243,52.545467902223514,66.41005485850864,94.56938856235497,-7.8134043705345615,26.356602000608405,17.172884550076606,94.52488157319927,16.593027085946666,17.752742014206547,True,6
v8_l64_t32_d128_p32_lowW4,1;min_L_64;max_L_minus_32;dupL_minL_128;cross_minL_32;lowW_4_L,6,1.0,16.84890216667204,11.38350680138645,39.08498716104815,63.087137195922914,102.81955020477001,-1.6571974986206063e-12,24.56353100708882,18.372805409498508,12.825117893730624,43.629064239008464,65.2785615136994,113.83658156904492,0.26508348958835637,26.08312314218388,18.72521007783328,11.63619308162726,51.45997221552273,67.40149953084462,121.65860640946953,-1.896910474182564,27.382495193702262,18.549007743665896,117.74759398925723,18.372805409498508,18.725210077833278,True,6
v8_l64_t32_d128_p32_lowW4,1;min_L_64;max_L_minus_32;dupL_minL_128;cross_minL_32;lowW_4_L,6,1.5,15.868476882182312,10.335714444911398,38.28040315234106,59.83077002138361,94.18789806119702,-3.16781581193625,23.536225548360274,17.02321768000471,11.801268839232648,41.56792945895046,61.42023673875356,94.16347744127556,-3.029812728549818,24.608877656741914,17.534446774208117,10.865770918784524,50.822276990777794,64.92773001812493,104.67257013645428,-4.3296511501239054,25.995038352556797,17.278832227106413,99.41802378886493,17.023217680004706,17.534446774208117,True,6
v8_l64_t32_d128_p32_lowW4,1;min_L_64;max_L_minus_32;dupL_minL_128;cross_minL_32;lowW_4_L,6,2.0,15.467615183617205,9.831487858301834,38.12550417461136,58.36743393292372,94.28191495327559,-5.428157377865553,23.298406335768703,16.425791779225168,10.656845001988552,40.58265335803933,59.520143196585906,94.27222921751101,-5.372501507190215,24.119241033961735,16.757921118644404,10.486183320507681,49.51214392463112,62.732873084803984,94.28467115433496,-6.120880735501056,25.090720401580803,16.591856448934784,94.27845018592299,16.425791779225165,16.7579211186444,True,6
v8_l64_t32_d128_p32_lowW8,1;min_L_64;max_L_minus_32;dupL_minL_128;cross_minL_32;lowW_8_L,6,1.0,16.964643599023166,10.972805285232356,42.44608567752903,62.722644873589104,97.60649571752282,1.0095444149386517e-13,24.803709219986928,18.315241516332723,12.34239230031351,44.44066950023346,64.77317282427674,115.61952085952973,0.6825916143302105,26.3975662365334,19.02788381760075,11.945151719378494,52.07299374165905,68.33732138945904,122.52495699004785,-1.6640100676176404,27.83247239332139,18.671562666966736,119.07223892478879,18.315241516332723,19.027883817600753,True,6
v8_l64_t32_d128_p32_lowW8,1;min_L_64;max_L_minus_32;dupL_minL_128;cross_minL_32;lowW_8_L,6,1.5,15.959556658680263,10.257908711098786,40.15263080545018,59.906870387924,94.20985651316781,-3.2407715257589573,23.775836914927236,16.9877147680957,11.583433092813,41.779731779745326,62.2495792615467,96.08581543367123,-2.6468971535269734,24.855916513639123,17.745505412389505,11.028316977501639,50.8891908710783,64.52719119246073,105.7097058828258,-4.323821546615614,26.399590687584634,17.366610090242602,100.89776065824852,16.9877147680957,17.745505412389512,True,6
v8_l64_t32_d128_p32_lowW8,1;min_L_64;max_L_minus_32;dupL_minL_128;cross_minL_32;lowW_8_L,6,2.0,15.54452229438649,10.114324636937933,38.94329844305681,59.61951242573456,94.30302458674707,-5.540948166693015,23.539218692839086,16.366832053312223,10.604483243022361,41.08558844049321,60.329808946115165,94.29253968576225,-5.066040485304582,24.28444989456567,16.911274656895635,10.704910670240064,49.17837180972308,63.195141749403,94.331468140523,-6.211645315276347,25.467834982272862,16.63905335510393,94.31200391314263,16.366832053312223,16.911274656895635,True,6
v8_l64_t32_d128_p32_lowW16,1;min_L_64;max_L_minus_32;dupL_minL_128;cross_minL_32;lowW_16_L,6,1.0,17.125157206900354,11.16266691525244,43.473972927279306,62.44010006424016,103.18596376042612,-1.5998244826896666e-13,25.148835358192954,18.56775327533414,12.251539634804226,45.59565249586497,66.70026070796955,130.4594513068265,1.0427313163514877,27.026570255580438,19.28560230421252,11.973251640045623,53.61180409071902,69.01480748908524,129.82702412519376,-1.297967644059145,28.243632206259793,18.92667778977333,130.14323771601013,18.567753275334137,19.28560230421252,True,5
v8_l64_t32_d128_p32_lowW16,1;min_L_64;max_L_minus_32;dupL_minL_128;cross_minL_32;lowW_16_L,6,1.5,16.13390655566109,10.243096319722373,41.45940573465115,61.75412455545929,94.26763253399606,-3.342213526090534,24.10820824130463,17.186765892920732,11.510627758787834,44.41948447937476,63.41500302516215,106.48321845302546,-2.4303371633519246,25.294836419552,17.93033879284403,10.99259648068832,50.75755416376617,65.69741453435401,107.10392782239336,-4.115078787583144,26.705906094057035,17.55855234288238,106.79357313770942,17.186765892920732,17.93033879284403,True,5
v8_l64_t32_d128_p32_lowW16,1;min_L_64;max_L_minus_32;dupL_minL_128;cross_minL_32;lowW_16_L,6,2.0,15.737509051619618,10.0684211544945,40.74391180567348,61.98532128255254,94.35222102096259,-5.697776546349021,23.870015807177108,16.56100649107076,10.591830737980668,43.379185432698485,62.15812804995179,94.34321614986177,-4.907764527770301,24.63741208277709,17.071299446909965,10.667199575367237,49.54532771772429,64.35674033200394,94.40216681741677,-6.104040344440851,25.737146068639444,16.816152968990362,94.37269148363927,16.56100649107076,17.07129944690996,True,5
v8_l64_t32_d128_p32_wl3072,1;min_L_64;max_L_minus_32;dupL_minL_128;cross_minL_32;max_WL_minus_3072,6,1.0,17.80772153200821,11.908255572423183,46.579389536804996,64.80614835829853,94.220346271783,3.309981688323448e-14,25.66328307584596,18.98998593421648,12.863014682126352,48.72297056786884,67.63688782872995,106.59764657272252,0.36082266238392074,27.053910903825717,20.414258294235967,13.190136130607765,56.86587730560964,70.18118001663959,117.38655480655015,-1.5381497005195992,29.316123672639293,19.702122114226224,111.99210068963635,18.989985934216485,20.414258294235967,True,6
v8_l64_t32_d128_p32_wl3072,1;min_L_64;max_L_minus_32;dupL_minL_128;cross_minL_32;max_WL_minus_3072,6,1.5,16.72714562263333,10.809568335339703,44.221101104007985,64.76318078584458,94.34707142286652,-3.5516580802843785,24.688597419821193,17.79488988544857,12.00498033406398,46.80549264852485,66.58819039872925,97.11737849420878,-2.9125198508801855,25.89344905034211,18.780376879756297,11.919315245571372,55.56312871346035,68.4575561722521,95.29179251111961,-4.4819651602691195,27.58092409493824,18.287633382602433,96.2045855026642,17.794889885448573,18.780376879756297,True,6
v8_l64_t32_d128_p32_wl3072,1;min_L_64;max_L_minus_32;dupL_minL_128;cross_minL_32;max_WL_minus_3072,6,2.0,16.288639642616808,10.669248632805262,41.10277580736318,63.768907150283994,94.42349897535698,-5.990483992600748,24.475465251148254,17.195867920150867,11.3778152818925,45.02473968876045,64.57864447447996,94.41674184230425,-5.40892759692555,25.295417256709396,17.81486506829947,11.178703243169391,53.983366252361066,66.78768326140323,94.48268667877132,-6.539927256488635,26.571297680325305,17.505366494225168,94.44971426053777,17.195867920150867,17.814865068299472,True,6
v8_l64_t32_d128_p32_wl3072_lowW2,1;min_L_64;max_L_minus_32;dupL_minL_128;cross_minL_32;max_WL_minus_3072;lowW_2_L,7,1.0,16.877867979424295,11.306366756815745,40.83317295722527,64.14730709496739,118.63036792226671,6.040716581190293e-13,24.70575105565171,18.344840259301918,12.449264433687235,42.670266148075335,67.28163999672947,122.93656700441514,0.3214584900963163,26.334503332040036,19.673297959537255,12.74377599322717,54.86056889745894,69.93726379595843,115.00612820739522,-3.9943612193368567,28.423312660819,19.009069109419585,118.97134760590518,18.344840259301918,19.67329795953725,True,7
v8_l64_t32_d128_p32_wl3072_lowW2,1;min_L_64;max_L_minus_32;dupL_minL_128;cross_minL_32;max_WL_minus_3072;lowW_2_L,7,1.5,15.946372048920855,10.276863792012104,40.38414541774318,61.56992669921823,95.0149610608259,-3.257233270413377,23.763764283519244,17.089460518750652,11.634072906201649,41.747975967843146,63.72265030323777,94.39431365751086,-2.7569735726466544,24.928644297696955,18.467359590104063,11.725986241340753,53.90801047178613,68.4575561722521,94.84459422794171,-6.2528431361159,27.147191757634907,17.778410054427358,94.6194539427263,17.089460518750652,18.467359590104063,True,7
v8_l64_t32_d128_p32_wl3072_lowW2,1;min_L_64;max_L_minus_32;dupL_minL_128;cross_minL_32;max_WL_minus_3072;lowW_2_L,7,2.0,15.574084454380314,10.107330122494684,39.27889459087903,59.22257869851657,94.47963944134553,-5.546321227097635,23.550628923868153,16.525223292126352,10.815168607478832,41.527742998653714,61.96959751066945,94.47189076151317,-5.160397614873434,24.3629403301794,17.70227534228337,11.4805786876776,51.559996993836435,66.33871317288109,94.55548812889417,-7.84060316806675,26.367421760830894,17.113749317204864,94.51368944520367,16.52522329212635,17.70227534228337,True,7
v8_l64_t32_d128_p32_wl3072_lowW4,1;min_L_64;max_L_minus_32;dupL_minL_128;cross_minL_32;max_WL_minus_3072;lowW_4_L,7,1.0,16.76442239787511,11.320272464842894,40.17926519890396,62.97966470150587,100.93962369460381,5.05875534698767e-13,24.34735316158319,18.099241859652007,12.64390365380747,43.19161291595994,66.19888051301858,108.0249735801493,0.4173810978991029,25.75303640012157,18.50851020704669,11.830256197486655,49.03816219696835,67.00704006297113,112.62931528360696,-1.7365630609038947,26.969908527145066,18.303876033349347,110.32714443187812,18.099241859652007,18.50851020704669,True,6
v8_l64_t32_d128_p32_wl3072_lowW4,1;min_L_64;max_L_minus_32;dupL_minL_128;cross_minL_32;max_WL_minus_3072;lowW_4_L,7,1.5,15.767482585833756,10.218530706041395,38.28443608757225,59.09824995948969,94.15275598819908,-3.153171888686314,23.400954559914602,16.78290956599656,11.511559340714218,39.907039163861,59.998852041037516,94.13237328748096,-2.5730309524086783,24.36329565332536,17.3471973862191,10.67976480877989,48.14401536155525,65.0504472552947,94.18879791737848,-4.318524712178595,25.707490289831984,17.06505347610783,94.16058560242972,16.782909565996558,17.3471973862191,True,7
v8_l64_t32_d128_p32_wl3072_lowW4,1;min_L_64;max_L_minus_32;dupL_minL_128;cross_minL_32;max_WL_minus_3072;lowW_4_L,7,2.0,15.38637918872326,9.933005532248224,37.26131610680368,57.95406692643868,94.26012800472986,-5.377081208272004,23.188534253530875,16.21797521659286,10.734515235659192,38.90442013811905,59.43638128756369,94.25188750391233,-4.959632976165478,23.877442522955587,16.65968993635347,10.466729353838955,46.388808056314296,62.66375133861929,94.26421217475142,-6.1234379810291575,24.988204492546274,16.438832576473164,94.25804983933187,16.217975216592862,16.65968993635347,True,7
v8_l64_t32_d128_p32_wl3072_lowW8,1;min_L_64;max_L_minus_32;dupL_minL_128;cross_minL_32;max_WL_minus_3072;lowW_8_L,7,1.0,16.68143720556648,11.049132951490636,42.27117103059338,63.35562515731538,96.70166454275322,-3.155515876201687e-13,24.497988506550186,18.079932548234787,12.307684794406093,44.02917271332765,66.49701287983245,108.65397809755115,0.5218910958952792,26.10679522050379,18.621508354338438,11.642774171105257,48.39929766976172,68.0198023870083,113.05719561678806,-1.3378677870832048,27.222430562364707,18.350720451286612,110.85558685716961,18.079932548234783,18.621508354338435,True,6
v8_l64_t32_d128_p32_wl3072_lowW8,1;min_L_64;max_L_minus_32;dupL_minL_128;cross_minL_32;max_WL_minus_3072;lowW_8_L,7,1.5,15.712374967930305,9.946695054310656,38.609152935341214,59.87289678226829,94.17862675894004,-3.215497259016907,23.545370868522483,16.701759884198783,11.300249153093183,39.40908249087545,61.85478276946351,94.15626504985339,-2.557182551830543,24.507955206465024,17.283153924362615,10.767569860822501,47.541814623563994,64.67062231081258,95.87061566744406,-4.01805222739829,25.8257212166761,16.9924569042807,95.01344035864872,16.701759884198783,17.283153924362615,True,6
v8_l64_t32_d128_p32_wl3072_lowW8,1;min_L_64;max_L_minus_32;dupL_minL_128;cross_minL_32;max_WL_minus_3072;lowW_8_L,7,2.0,15.363484720601344,9.97466663551368,37.77872947253566,59.676524875761174,94.27940896879193,-5.4484132903103735,23.341836453694302,16.131568940549712,10.599459279288181,39.54922637263266,59.54223814459109,94.27293840501659,-4.91445004694012,23.986715244869945,16.534689752246273,10.447776821672422,46.06538411317893,62.9251044131042,94.29877851242804,-5.87390138050214,25.07788215800739,16.333129346397993,94.28585845872232,16.131568940549712,16.534689752246273,True,6
v8_l64_t32_d128_p32_wl3072_lowW16,1;min_L_64;max_L_minus_32;dupL_minL_128;cross_minL_32;max_WL_minus_3072;lowW_16_L,7,1.0,16.857667379392428,11.185433339056283,44.205158520947066,62.729220488870055,102.58872260912098,4.727757178155325e-13,24.871436323018315,18.382694309851978,12.436212207758507,45.75488912267638,67.49059313820145,129.09592200970383,0.827883141407559,26.81982536633826,19.017291431232202,11.966532364488469,51.03850994935933,68.88707092602034,129.03381465688773,-1.1348842664374146,27.84064100838868,18.69999287054209,129.06486833329578,18.38269430985198,19.017291431232202,True,6
v8_l64_t32_d128_p32_wl3072_lowW16,1;min_L_64;max_L_minus_32;dupL_minL_128;cross_minL_32;max_WL_minus_3072;lowW_16_L,7,1.5,15.891918633980715,10.065163250689054,39.97325434167786,61.417140744077145,94.24463297012528,-3.3224493884907647,23.89033131708169,16.96284588673045,11.581404986639654,44.398543219550575,62.508348806136404,103.87645876085205,-2.4162601873842613,25.02858808309497,17.621382132526026,11.10088718226846,48.90819773940202,65.06122385448577,106.20870230460481,-3.9801282616329154,26.33148971998322,17.292114009628236,105.04258053272844,16.96284588673045,17.621382132526026,True,6
v8_l64_t32_d128_p32_wl3072_lowW16,1;min_L_64;max_L_minus_32;dupL_minL_128;cross_minL_32;max_WL_minus_3072;lowW_16_L,7,2.0,15.574141696889294,10.081459562674116,39.30128228426781,61.22789876059244,94.33769544493272,-5.608609365783178,23.682502751572503,16.401083158592247,10.710831311972186,41.26469755923742,61.48627278187351,94.32995692946633,-4.853773636701421,24.412599261435815,16.867816760000434,10.459682707713613,47.09000791103274,64.30738732603938,94.38491042674686,-5.931735080408098,25.523598013294485,16.63444995929634,94.35743367810659,16.401083158592247,16.867816760000434,True,6
v8_l64_t32_d128_p64,1;min_L_64;max_L_minus_32;dupL_minL_128;cross_minL_64,5,1.0,19.18570456741434,12.802179057596375,45.57518112023872,63.576925951440266,96.9063788305425,1.1253937740299723e-13,26.67083154905082,20.713106207180232,14.368335817336053,46.97201130061449,66.22019580780125,110.96747360477744,-0.111723102073737,28.206962024038063,21.593035545692842,13.935419333916977,56.2498232549925,69.10989435868174,122.25679378145999,-1.5939113277940589,30.202119180970012,21.153070876436537,116.61213369311872,20.713106207180232,21.593035545692846,True,5
v8_l64_t32_d128_p64,1;min_L_64;max_L_minus_32;dupL_minL_128;cross_minL_64,5,1.5,18.061873337634157,12.205760678468202,45.099254158504515,64.03480823069096,94.28572247275477,-3.8886146349549398,25.655482447570016,19.32162027077551,13.706025535864363,46.001704367686,65.12428902435164,94.83720665927126,-3.9370856866328983,26.833739120526,19.979738171916882,13.091798955861933,54.84498898963544,67.98708517120568,104.50489449460329,-4.811128479059803,28.476066688689862,19.650679221346195,99.67105057693728,19.321620270775508,19.97973817191689,True,5
v8_l64_t32_d128_p64,1;min_L_64;max_L_minus_32;dupL_minL_128;cross_minL_64,5,2.0,17.608336884389267,11.239143263121692,43.51578506712893,64.31615391760702,94.38825867127815,-6.468717308251653,25.433673168167708,18.703439475316152,12.501090856287849,46.04014458495483,65.04013309555032,94.37988821334099,-6.436499352515387,26.37411473903809,19.02438428718984,12.041101494722216,52.784117533904904,66.37867346235645,94.45209210502884,-6.988959864803103,27.396386400793517,18.863911881252996,94.41599015918491,18.703439475316152,19.024384287189836,True,5
v8_l64_t32_d128_p64_lowW2,1;min_L_64;max_L_minus_32;dupL_minL_128;cross_minL_64;lowW_2_L,6,1.0,18.26427271625693,12.415152000561546,43.31485551198951,62.49901519007838,118.99893892741487,-8.49561966669685e-14,25.773391299592895,20.02857870178482,14.65492373941834,44.78813705132523,65.38479971007752,123.4935479726413,0.36698029077838223,27.52463491358566,20.82352132040269,13.362815081544344,54.77211189695279,68.57022708842615,123.74774423397695,-4.0081321834310355,29.386213141495173,20.426050011093757,123.62064610330913,20.028578701784824,20.823521320402694,True,6
v8_l64_t32_d128_p64_lowW2,1;min_L_64;max_L_minus_32;dupL_minL_128;cross_minL_64;lowW_2_L,6,1.5,17.304188567534318,11.469775312504549,44.01487584373882,61.37539322730069,95.52590415647988,-3.5921219003227,24.76640602097429,18.618426348906056,13.182675257964094,45.00385906295911,63.00853306529663,95.41471955635117,-3.333544129872558,25.98276604863232,19.642211916165696,12.881726899985269,53.62377143011233,68.27246695383495,106.49790577234964,-6.546052935319173,28.084435370738436,19.130319132535874,100.9563126643504,18.618426348906056,19.6422119161657,True,6
v8_l64_t32_d128_p64_lowW2,1;min_L_64;max_L_minus_32;dupL_minL_128;cross_minL_64;lowW_2_L,6,2.0,16.932623449265623,11.058625249691001,42.00210980430981,59.83338797687493,94.44865943466958,-6.023715711225611,24.543259178898396,18.02136046250263,12.022650496334963,44.35462250800223,61.74425684695124,94.43857974737874,-5.794985301600192,25.45697365808471,18.873126344145064,12.192227670983064,51.75997900622655,67.48435966662778,94.53060521681044,-8.277453406587936,27.21886032842404,18.447243403323846,94.4845924820946,18.02136046250263,18.87312634414506,True,6
v8_l64_t32_d128_p64_lowW4,1;min_L_64;max_L_minus_32;dupL_minL_128;cross_minL_64;lowW_4_L,6,1.0,18.24244269425752,12.825113694989609,42.637686759266394,62.004926373206224,100.86969987826473,-1.5854812287069315e-12,25.490032760051967,19.912409364061322,14.719887854359715,44.58210241095881,63.124303275074574,117.93812095289601,0.7072344015741349,27.180029675791616,19.852119593236942,13.122750108681469,51.02827424140422,66.33350199041591,124.91996253355899,-1.8937257138082315,28.203709088377714,19.882264478649134,121.4290417432275,19.91240936406132,19.852119593236942,True,6
v8_l64_t32_d128_p64_lowW4,1;min_L_64;max_L_minus_32;dupL_minL_128;cross_minL_64;lowW_4_L,6,1.5,17.235751744494596,11.72764164975424,42.85922875648252,60.1723072206749,94.11514489342294,-3.4977739217284713,24.467443416417318,18.46903473045247,13.183471065062164,43.649522580082504,61.24464465427645,98.47870944152501,-2.95249611584008,25.62855896870289,18.728223088883578,12.18282709024886,49.7399499115669,64.01349585506831,108.09378347921097,-4.659131058770413,26.84292471075243,18.598628909668022,103.28624646036799,18.46903473045247,18.728223088883585,True,6
v8_l64_t32_d128_p64_lowW4,1;min_L_64;max_L_minus_32;dupL_minL_128;cross_minL_64;lowW_4_L,6,2.0,16.835217901585757,11.026592643567396,40.150794473821556,56.65170927116818,94.23848034186412,-5.876536830658844,24.241569319372328,17.830636695222694,12.193376088639713,42.379512022594774,57.84457850877248,94.22760869317341,-5.422562372743546,25.087146194657723,18.016241813122193,11.529494925320899,48.30291525680159,62.25758255340738,94.24182858373057,-6.561697892931282,25.97043670630766,17.923439254172443,94.234718638452,17.830636695222694,18.016241813122196,True,6
v8_l64_t32_d128_p64_lowW8,1;min_L_64;max_L_minus_32;dupL_minL_128;cross_minL_64;lowW_8_L,6,1.0,18.38167171587285,12.454525551737461,44.026370908684854,62.415023857042705,99.69388923700357,3.0959362058118647e-12,25.714918134988814,19.962818863624562,14.24817181829558,46.355671342201695,64.3106098583799,118.66165121217284,0.9695314402951922,27.427450719036322,20.217306899203177,13.024976946689126,51.36045204504655,67.07327721494612,125.3604104838554,-1.503927172709996,28.57812564944166,20.09006288141387,122.01103084801412,19.962818863624562,20.21730689920318,True,5
v8_l64_t32_d128_p64_lowW8,1;min_L_64;max_L_minus_32;dupL_minL_128;cross_minL_64;lowW_8_L,6,1.5,17.346246102974924,11.621304282166633,42.81251301234636,59.023236037849095,94.14092253862401,-3.573920414986794,24.692224590146672,18.483009442101842,12.887717966011735,43.54521050378818,61.735257462355555,99.81323849562554,-2.773413049383169,25.809843277191852,18.94464607898883,12.3073126909518,50.022973509484565,64.25193747884299,109.02308289212534,-4.465879340078404,27.14596725731048,18.713827760545335,104.41816069387545,18.483009442101842,18.94464607898883,True,5
v8_l64_t32_d128_p64_lowW8,1;min_L_64;max_L_minus_32;dupL_minL_128;cross_minL_64;lowW_8_L,6,2.0,16.902954669632525,10.987250963622795,41.221731854544416,59.27526609089713,94.26390466766729,-5.986903182064769,24.468149055587947,17.798593407336387,11.897753676191481,43.09301739003776,59.033262524476505,94.25316271553521,-5.299223942463035,25.22833326853908,18.130947842778227,11.519594390554598,47.79745507470313,62.470278405003924,94.28989375638322,-6.44653779773412,26.236751932256574,17.964770625057305,94.27152823595921,17.79859340733639,18.130947842778223,True,5
v8_l64_t32_d128_p64_lowW16,1;min_L_64;max_L_minus_32;dupL_minL_128;cross_minL_64;lowW_16_L,6,1.0,18.587841462512003,12.120466767086707,44.852414773890665,62.250265475972505,101.61727064840953,-7.359192620372467e-13,26.085760051609853,20.24417600488166,13.859206360235682,46.08509195053519,65.3920243688794,123.91114492552782,1.2268509826314586,28.004576423900573,20.658564950765598,13.283238781314877,53.061582327750585,67.64250317552452,128.59268123090936,-1.267135626924589,29.16987294370317,20.45137047782363,126.25191307821859,20.244176004881655,20.658564950765594,True,5
v8_l64_t32_d128_p64_lowW16,1;min_L_64;max_L_minus_32;dupL_minL_128;cross_minL_64;lowW_16_L,6,1.5,17.506733041434607,11.545775146474163,43.469197107091965,61.02628278430323,94.20052607869327,-3.687610225492151,25.05145700497152,18.67866408609289,12.884124021604881,45.936399055375276,62.61564892525139,100.18803813434438,-2.6943237036433834,26.25159143598194,19.282920939096684,12.372257219134365,50.61149062686082,65.71206078390702,108.35404579661447,-4.408098268356806,27.626592641394982,18.98079251259479,104.27104196547943,18.67866408609289,19.28292093909668,True,5
v8_l64_t32_d128_p64_lowW16,1;min_L_64;max_L_minus_32;dupL_minL_128;cross_minL_64;lowW_16_L,6,2.0,17.07167316405315,10.871962293565058,42.61826728637418,61.567138152980895,94.3176847933123,-6.162871052651825,24.82513051859172,17.980335752387838,11.974206202212928,43.94287313585505,61.7556111011816,94.3067884768978,-5.336251993606444,25.612146299047247,18.44676806969841,11.580616705815617,49.06014211154527,64.12587388743437,94.3709111698741,-6.515455539433574,26.68579273380245,18.213551911043126,94.33884982338594,17.980335752387845,18.44676806969841,True,5
v8_l64_t32_d128_p64_wl3072,1;min_L_64;max_L_minus_32;dupL_minL_128;cross_minL_64;max_WL_minus_3072,6,1.0,19.09953833843866,12.634425473434685,45.927273361860614,63.897374913987825,94.09357788809358,7.281959714311585e-14,26.593662333759145,20.63035278443668,14.14188620287382,48.20626257458302,66.35430006798174,110.96747360477744,0.41476758317949985,28.276373304712276,21.512063907920233,13.78265569565096,56.25925302428546,69.01566040791616,120.46032698563627,-1.5327108009798618,30.11943632829243,21.07120834617846,115.71390029520686,20.63035278443668,21.512063907920236,True,6
v8_l64_t32_d128_p64_wl3072,1;min_L_64;max_L_minus_32;dupL_minL_128;cross_minL_64;max_WL_minus_3072,6,1.5,17.9899984443095,11.993115350020679,45.07071922369936,64.20617262223108,94.2740081904892,-3.8919520434468593,25.61243326086653,19.26257936437284,13.431494306694558,46.76726726684145,65.48008585443397,94.83720665927353,-3.2577681759875112,26.913979749388258,19.906534360851524,12.967913958867626,55.177639492570876,68.25802511585275,98.72525598043057,-4.810827896183416,28.398430207573377,19.58455686261218,96.78123131985205,19.26257936437284,19.90653436085152,True,6
v8_l64_t32_d128_p64_wl3072,1;min_L_64;max_L_minus_32;dupL_minL_128;cross_minL_64;max_WL_minus_3072,6,2.0,17.570696356037683,11.250942204844051,43.32019596652808,64.4427921358011,94.38101030463018,-6.455261825407506,25.40720729518989,18.635687582162298,12.517896878695156,45.160512987326165,65.18438489669018,94.37331751071862,-5.9385640688268095,26.308882264652695,18.994574604744766,11.9901334010126,52.72763853724912,66.11156446209559,94.44166088434568,-6.982940775470131,27.402649964384334,18.81513109345353,94.40748919753216,18.635687582162298,18.994574604744763,True,6
v8_l64_t32_d128_p64_wl3072_lowW2,1;min_L_64;max_L_minus_32;dupL_minL_128;cross_minL_64;max_WL_minus_3072;lowW_2_L,7,1.0,18.17606054451533,12.344570104931645,43.65527915274014,60.959696830972874,116.53632777967778,2.80245116278052e-13,25.63908628786709,19.894081443076182,14.299717935885319,45.50196428972757,66.00565573483588,122.52149825882283,0.617763976827991,27.47396974221899,20.695314533858554,13.291413722384648,54.14254409011178,68.69653060379758,118.09054043984287,-4.0052816456032945,29.19504365248054,20.29469798846737,120.30601934933284,19.89408144307618,20.69531453385855,True,7
v8_l64_t32_d128_p64_wl3072_lowW2,1;min_L_64;max_L_minus_32;dupL_minL_128;cross_minL_64;max_WL_minus_3072;lowW_2_L,7,1.5,17.255744993235705,11.335916573519755,43.92478044617738,61.16929681282318,94.34484848964387,-3.5896533849867818,24.69034784353977,18.511736821493756,12.950660151397619,45.75470568422462,63.27844725022537,94.32124684187033,-2.905535857421501,25.923581132147877,19.5401598591561,12.839088939157122,52.752153901451415,68.3856281736367,98.28979093407267,-6.5905102249018315,27.953031850489314,19.025948340324927,96.3055188879715,18.511736821493756,19.540159859156095,True,7
v8_l64_t32_d128_p64_wl3072_lowW2,1;min_L_64;max_L_minus_32;dupL_minL_128;cross_minL_64;max_WL_minus_3072;lowW_2_L,7,2.0,16.90728863802149,11.198271787177454,41.84544792763205,60.54571246616556,94.43937539582231,-5.996142212849266,24.487021486594145,17.944000730138164,12.040937036793526,43.95355359911763,61.58223367599503,94.43023724067064,-5.501991846179931,25.35271589129137,18.83547526591611,12.174349539441037,50.68969196241671,67.5541655030043,94.51707852174039,-8.293195827908955,27.20244924373416,18.389737998027137,94.47365788120551,17.94400073013816,18.83547526591611,True,7
v8_l64_t32_d128_p64_wl3072_lowW4,1;min_L_64;max_L_minus_32;dupL_minL_128;cross_minL_64;max_WL_minus_3072;lowW_4_L,7,1.0,18.10233631914323,12.577454167147184,43.27490647492517,60.413251826576946,100.11136182576412,3.045183153257572e-13,25.288915205705603,19.75784155345701,14.643818731203545,44.27108628868612,63.26156313186756,114.76583312712916,0.6157435519021079,26.994696910046866,19.65461719443806,13.243940569943819,48.64788047925414,65.30772287282404,115.893215738028,-1.617039928140965,27.777259437032992,19.706229373947536,115.32952443257858,19.75784155345701,19.65461719443806,True,6
v8_l64_t32_d128_p64_wl3072_lowW4,1;min_L_64;max_L_minus_32;dupL_minL_128;cross_minL_64;max_WL_minus_3072;lowW_4_L,7,1.5,17.12194977187362,11.54796397978623,41.937100331205095,58.754523597818185,94.08675388970646,-3.4865636304505827,24.335100639126633,18.28838574198854,13.244323488264609,43.34044049855854,60.791148722061884,94.06265669588355,-2.820049372267037,25.420670808309566,18.530673858706123,11.9747449339283,48.185646950916905,64.09653152224331,97.19237867987118,-4.499247620268666,26.488670136051322,18.409529800347332,95.62751768787737,18.28838574198854,18.53067385870612,True,6
v8_l64_t32_d128_p64_wl3072_lowW4,1;min_L_64;max_L_minus_32;dupL_minL_128;cross_minL_64;max_WL_minus_3072;lowW_4_L,7,2.0,16.756766419469862,11.230313134660769,40.1020923684968,57.33591339101395,94.22042535466129,-5.823863945806579,24.132683120214857,17.71215997885285,12.098451179466718,42.74654170392271,58.53404193244397,94.21174404895982,-5.345290893198118,24.9175108453754,17.890964199386367,11.540116439975002,46.6262773274483,62.118900086319194,94.22142877063735,-6.424167545438742,25.788660464494033,17.801562089119606,94.21658640979858,17.71215997885285,17.890964199386367,True,6
v8_l64_t32_d128_p64_wl3072_lowW8,1;min_L_64;max_L_minus_32;dupL_minL_128;cross_minL_64;max_WL_minus_3072;lowW_8_L,7,1.0,18.168224653596457,12.497521353121698,44.91077613944469,61.25451935427105,97.34964830650287,-2.0383970563925235e-13,25.49222568983196,19.869830818586507,14.361889256306304,46.84616427104026,64.36929200828874,115.33567519515509,0.685049456100089,27.342293185708183,20.02317945784414,13.107437748642091,48.965782602515006,66.68874490943956,115.89403469945849,-1.3268913815286862,28.220138352615088,19.946505138215322,115.61485494730678,19.869830818586507,20.023179457844133,True,6
v8_l64_t32_d128_p64_wl3072_lowW8,1;min_L_64;max_L_minus_32;dupL_minL_128;cross_minL_64;max_WL_minus_3072;lowW_8_L,7,1.5,17.138387234055315,11.46079936013077,41.914721887399324,59.1060878714852,94.11414901756953,-3.564826874411009,24.53814935513764,18.31323717425932,13.105360730651006,42.579737479765214,61.612371432832056,94.08885139966655,-2.861838562149492,25.649468415944465,18.716495587033798,12.057624168112246,48.117078703043546,64.22473314827418,97.76170144002091,-4.346522684615029,26.829436662667494,18.51486638064656,95.92527641984373,18.313237174259317,18.716495587033794,True,6
v8_l64_t32_d128_p64_wl3072_lowW8,1;min_L_64;max_L_minus_32;dupL_minL_128;cross_minL_64;max_WL_minus_3072;lowW_8_L,7,2.0,16.750222193908822,10.918407331152412,40.07891275322371,59.37652751239783,94.24759340287831,-5.924531020196746,24.340359529385744,17.70418081979877,11.86871755851902,42.544193227412585,59.6867902115688,94.23875920632916,-5.415587181175765,25.128761804838717,17.97496939297716,11.417386193677338,46.853635680033214,63.12934986533244,94.27031748300848,-6.317278578515255,26.082110070079256,17.839575106387965,94.25453834466882,17.70418081979877,17.97496939297716,True,6
v8_l64_t32_d128_p64_wl3072_lowW16,1;min_L_64;max_L_minus_32;dupL_minL_128;cross_minL_64;max_WL_minus_3072;lowW_16_L,7,1.0,18.399809979558693,12.338101496967045,45.21895836546772,60.791055792025745,101.18757782195655,1.9385459421280995e-12,25.88185296186199,20.159733711891846,13.997651890989149,47.198609933089074,65.48038903514536,123.47387982803247,0.9458245692427066,27.950075176320787,20.51258826755303,13.412678094431051,50.89226668765955,67.95910212893259,127.99833590309908,-1.1418241809043024,28.883596380386923,20.336160989722437,125.73610786556577,20.15973371189185,20.512588267553035,True,6
v8_l64_t32_d128_p64_wl3072_lowW16,1;min_L_64;max_L_minus_32;dupL_minL_128;cross_minL_64;max_WL_minus_3072;lowW_16_L,7,1.5,17.31883189405108,11.245333349876685,43.025959082880746,61.051608363974836,94.17543871934872,-3.6804059181800874,24.911443418032277,18.530561167850337,13.062256902986896,45.18253215138766,62.71725006035308,98.20836716012276,-2.7655430535681047,26.119191473456414,19.10624179721286,12.214078568851717,48.935378297764665,65.33502271748624,105.12443122339046,-4.337065295683679,27.383487548923657,18.8184014825316,101.66639919175661,18.530561167850337,19.106241797212867,True,6
v8_l64_t32_d128_p64_wl3072_lowW16,1;min_L_64;max_L_minus_32;dupL_minL_128;cross_minL_64;max_WL_minus_3072;lowW_16_L,7,2.0,16.94290756857798,10.824488248812681,41.80559248192229,61.65929317728945,94.30273019725857,-6.1058803151130965,24.710079552917772,17.891151562716235,11.916506800310062,43.61427065808024,61.79312831911505,94.29369665831337,-5.40759811778901,25.520640326423145,18.317881924262263,11.48115032961261,47.531104374576785,64.46570595231292,94.35305028038124,-6.418878955461926,26.572513356812415,18.10451674348925,94.3233734693473,17.89115156271624,18.317881924262263,True,6
v8_l64_t64_d64_p32,1;min_L_64;max_L_minus_64;dupL_minL_64;cross_minL_32,5,1.0,18.659132513878575,12.384137927163952,45.33524677567075,64.2994241059553,94.37582430785638,3.718212763216673e-13,26.473092816919515,19.58690141544182,13.328320325939336,47.06955915514505,64.63125862629957,104.86674937021117,0.9348176346343221,27.438975453658454,21.122770304922902,13.802692390262518,60.42658788831533,70.36537092581113,106.12387118979427,-2.1886383103931815,29.9268875119416,20.354835860182362,105.49531028000271,19.58690141544182,21.122770304922902,True,5
v8_l64_t64_d64_p32,1;min_L_64;max_L_minus_64;dupL_minL_64;cross_minL_32,5,1.5,17.155798276397984,11.481397659159644,43.772229303871285,62.79651269098911,94.44084339827789,-3.4810027507760153,24.973003995834265,17.918100007457827,12.302805395940698,43.887221400744295,63.72859672264538,94.41866196001291,-2.6783553284453707,25.613886689797383,18.949614040848974,12.181219091046348,58.022075596838356,66.25168427095655,94.56854015105209,-4.719703091023772,27.52766946725603,18.4338570241534,94.49360105553251,17.918100007457824,18.949614040848978,True,5
v8_l64_t64_d64_p32,1;min_L_64;max_L_minus_64;dupL_minL_64;cross_minL_32,5,2.0,16.485944613820383,10.914456448330412,47.70245241295494,63.59680740895503,94.47695532209599,-6.056438540707783,24.609832467344813,17.112711319862125,11.191091401756886,47.05125507192663,63.83021519199965,94.47021528753035,-5.385286058889908,25.056411593600124,17.701874055901374,11.381784856964693,54.07792533060474,65.62827656785132,94.553624050165,-6.754108520903465,26.215875734282967,17.40729268788175,94.51191966884767,17.112711319862125,17.70187405590137,True,5
v8_l64_t64_d64_p32_lowW2,1;min_L_64;max_L_minus_64;dupL_minL_64;cross_minL_32;lowW_2_L,6,1.0,17.77866733679118,11.575977317076504,43.476615864932086,62.94890593999173,126.86349881409838,3.155515876201687e-13,25.65140896906018,18.733098853512434,12.743403370870766,45.96908231712817,64.26282179071688,155.71822858575447,0.8577973368271423,26.762597514476376,20.649794434290023,14.10401653987169,57.85212855243124,69.9055172844962,105.1268658340066,-4.480462940496066,29.211096230582157,19.69144664390123,130.42254720988052,18.73309885351243,20.649794434290023,True,6
v8_l64_t64_d64_p32_lowW2,1;min_L_64;max_L_minus_64;dupL_minL_64;cross_minL_32;lowW_2_L,6,1.5,16.412604283012634,10.673065661801301,41.83671479092051,60.03035014554602,102.33157308474338,-3.2011244235078467,24.12399277307246,17.142048440462627,11.434201819052491,42.31388215137817,60.953835545820915,121.40579549416776,-2.461484795202728,24.82753817999457,18.727632473565894,12.456027693360205,55.60592276565874,66.7143657843212,94.66844270760507,-6.365829172265992,27.145096935701563,17.93484045701426,108.03711910088641,17.14204844046263,18.727632473565894,True,6
v8_l64_t64_d64_p32_lowW2,1;min_L_64;max_L_minus_64;dupL_minL_64;cross_minL_32;lowW_2_L,6,2.0,15.815499326699051,10.120356567107681,45.926437676208884,58.99814481288572,94.53705662408757,-5.640694376172115,23.750146054651054,16.408625956135108,10.441243847270542,46.45508588709323,60.39754541318163,96.18565076220548,-5.030704429428756,24.228732213952465,17.616005102672478,11.463305013646142,53.119870476178086,66.16055894999023,94.63297425664304,-7.983928487696801,26.009068259780072,17.012315529403793,95.40931250942427,16.408625956135108,17.616005102672478,True,6
v8_l64_t64_d64_p32_lowW4,1;min_L_64;max_L_minus_64;dupL_minL_64;cross_minL_32;lowW_4_L,6,1.0,17.552732901353316,11.451300086489002,43.11686708839716,61.16147255669893,107.70917096060634,1.4459103341826263e-12,25.45664640081999,18.548441796542267,12.674708530306445,44.47827527122985,62.88741997634354,124.65709098773851,0.6794773202531098,26.55877822266878,19.274121944662657,12.427391596128102,56.125818735338555,68.54119307882532,115.02801205776589,-2.3826758840480093,27.984379119268294,18.911281870602462,119.8425515227522,18.548441796542267,19.274121944662657,True,6
v8_l64_t64_d64_p32_lowW4,1;min_L_64;max_L_minus_64;dupL_minL_64;cross_minL_32;lowW_4_L,6,1.5,16.245758515486195,10.685793817455913,40.556699452555485,58.45635055017768,94.28565614436877,-3.1241723106266015,23.890370458275275,16.985248891255928,11.616212335594778,41.554443291044265,58.968927682588564,94.67030752001494,-2.568212689937573,24.56321549579788,17.55971402478984,11.359430875800214,53.49807509347104,62.98875598679887,95.47986819280254,-4.499812333478085,25.930213673522186,17.272481458022884,95.07508785640874,16.98524889125593,17.559714024789837,True,6
v8_l64_t64_d64_p32_lowW4,1;min_L_64;max_L_minus_64;dupL_minL_64;cross_minL_32;lowW_4_L,6,2.0,15.655408545469282,10.118259140401914,44.12588030868192,58.50787998297123,94.33896389238188,-5.5253199184918,23.505999060863797,16.270972775433304,10.510677774143794,42.94847830995356,58.7086417884564,94.32924053770917,-5.096146956431174,23.975522034656745,16.585508054838893,10.817520185848723,49.786984413327296,61.11285699167861,94.35330859206137,-6.301430951286674,24.81739529338495,16.4282404151361,94.34127456488527,16.2709727754333,16.585508054838897,True,6
v8_l64_t64_d64_p32_lowW8,1;min_L_64;max_L_minus_64;dupL_minL_64;cross_minL_32;lowW_8_L,6,1.0,17.78339901658461,11.474051077982661,45.408966917254816,61.48218759103983,109.57254090676992,-5.2408043398454596e-14,25.82034101026188,19.030998884313306,12.655460368006661,47.13229512660963,64.83610714108667,125.25709719744383,0.5513356805527886,27.35988659739404,19.70951360178236,12.675197474466382,56.513920540620944,68.99194077634895,134.07509318095995,-2.2954620174140765,28.673919493526846,19.370256243047834,129.66609518920188,19.030998884313306,19.709513601782355,True,6
v8_l64_t64_d64_p32_lowW8,1;min_L_64;max_L_minus_64;dupL_minL_64;cross_minL_32;lowW_8_L,6,1.5,16.47110710059896,10.754616266675498,41.55925770471422,59.51490163976903,94.31724413040348,-3.220747379273075,24.226261219158808,17.430849280779597,11.425989230794897,44.37465612858326,60.0584734586426,103.72030044109599,-2.7546335088059912,25.15199347105494,17.94297495427987,11.65126990490581,54.129947260612354,63.997616908185854,115.74125497443086,-4.547269870348293,26.512249545833555,17.686912117529733,109.73077770776342,17.430849280779594,17.942974954279865,True,6
v8_l64_t64_d64_p32_lowW8,1;min_L_64;max_L_minus_64;dupL_minL_64;cross_minL_32;lowW_8_L,6,2.0,15.83962414746962,10.04259721927564,43.94208850831586,59.9925157617079,94.36815221336587,-5.681329245835458,23.83553910830569,16.614849290941493,10.928622780942582,43.72938998644377,59.8086238127975,94.35759790671086,-5.312264324860587,24.4568559566914,16.898258868979966,10.864743596080162,51.24565324123219,62.3486538822928,101.01624152158894,-6.426579024824164,25.346986501589804,16.75655407996073,97.6869197141499,16.614849290941493,16.89825886897997,True,6
v8_l64_t64_d64_p32_lowW16,1;min_L_64;max_L_minus_64;dupL_minL_64;cross_minL_32;lowW_16_L,6,1.0,18.168056843708044,12.053302881308998,45.589237745142896,62.60742468169339,108.66408101338946,1.6489225443997977e-12,26.25731884896806,19.65425171889714,12.89372194315045,49.36095216929184,66.38060560473339,145.62751157997855,0.8327462670952005,28.315615912344335,20.345207474975105,12.955622091950437,57.148003922340614,69.08467974909337,137.73856071386496,-2.2650055601865953,29.3548989133567,19.99972959693612,141.68303614692175,19.654251718897136,20.3452074749751,True,6
v8_l64_t64_d64_p32_lowW16,1;min_L_64;max_L_minus_64;dupL_minL_64;cross_minL_32;lowW_16_L,6,1.5,16.809380559543694,11.167366769814784,42.00147166308783,60.90417235130107,94.37304918438882,-3.3387191208081815,24.63234946549803,17.963581349788743,11.97928879178321,45.54410186663923,61.5457009087422,116.19833228542103,-2.715227769810126,25.873162829611964,18.502681098006253,11.813333316678854,54.607903870464426,64.9823573026872,113.00338043168937,-4.733670125976725,27.1151342263289,18.233131223897498,114.6008563585552,17.963581349788747,18.502681098006253,True,6
v8_l64_t64_d64_p32_lowW16,1;min_L_64;max_L_minus_64;dupL_minL_64;cross_minL_32;lowW_16_L,6,2.0,16.156948822179782,10.58654009475563,44.97749782486174,62.10644366782105,94.41681807921988,-5.873349384710451,24.234994088528776,17.060149343155995,11.214304891871464,46.50537772400847,61.477722328482855,95.23854574390487,-5.361886141622634,25.013445728528357,17.383744556369944,11.192241331962887,50.85036774411037,64.25206074248102,94.50114282065478,-6.705674334500104,25.895142277639955,17.22194694976297,94.86984428227981,17.060149343155995,17.383744556369944,True,6
v8_l64_t64_d64_p32_wl3072,1;min_L_64;max_L_minus_64;dupL_minL_64;cross_minL_32;max_WL_minus_3072,6,1.0,18.118925122375778,12.155655717571957,44.748010626748986,64.26870003670781,97.99041964581919,5.0753052554292867e-14,25.944973469650616,19.626533865857624,13.302296845764321,48.552200544235106,65.41878640478552,166.22922006739213,1.5475227192289795,28.119117273187165,20.583478936523573,13.566610400269008,59.67519653813733,70.29803005393609,119.93121320651063,-2.148604693541793,29.42105703324833,20.1050064011906,143.08021663695138,19.626533865857624,20.583478936523573,True,6
v8_l64_t64_d64_p32_wl3072,1;min_L_64;max_L_minus_64;dupL_minL_64;cross_minL_32;max_WL_minus_3072,6,1.5,16.856491618653294,11.256917901971697,41.67092562226578,64.3339053450397,94.40778220160684,-3.4583151772715017,24.69208812605946,18.22345036329284,12.155820849557863,45.0707890914681,65.35826958638756,160.10283802164258,-1.7969843759442037,26.74005740431654,18.68739421807904,12.102734464874871,56.91507569504766,67.57748345927749,110.95797876376392,-4.7403182264999595,27.393496375941645,18.455422290685938,135.53040839270324,18.22345036329284,18.68739421807904,True,6
v8_l64_t64_d64_p32_wl3072,1;min_L_64;max_L_minus_64;dupL_minL_64;cross_minL_32;max_WL_minus_3072,6,2.0,16.28066574253683,10.843878402541634,45.696734192338496,64.49977701814333,94.45866684660832,-5.957510002661326,24.408010985455725,17.362779875875283,11.234020341945012,47.747599156809116,65.65067407350378,140.08842727567253,-4.3839616691509065,25.893241154121544,17.608133666471225,11.229924834838156,55.183426804077556,66.96129352658151,95.47848619418482,-6.699412984383015,26.309420259592592,17.485456771173254,117.78345673492868,17.362779875875283,17.608133666471225,True,6
v8_l64_t64_d64_p32_wl3072_lowW2,1;min_L_64;max_L_minus_64;dupL_minL_64;cross_minL_32;max_WL_minus_3072;lowW_2_L,7,1.0,17.19947016370368,11.263396468220682,41.72278223477726,60.59387854106954,121.70712962417909,-1.5998244826896665e-14,24.96719577184826,18.735227277443695,12.795247752532795,46.32238836500886,62.705492342921,153.88066582298396,1.42269467912323,27.010793714475227,20.005815050312336,13.394179633074094,57.54734999939432,69.715918995924,113.78266087443323,-4.618352136642778,28.563624017653378,19.370521163878017,133.8316633487086,18.735227277443695,20.00581505031234,True,7
v8_l64_t64_d64_p32_wl3072_lowW2,1;min_L_64;max_L_minus_64;dupL_minL_64;cross_minL_32;max_WL_minus_3072;lowW_2_L,7,1.5,16.09446514229973,10.791954299644729,39.736165954018254,60.71845867806654,97.46268393184312,-3.1552720551141866,23.74004586480657,17.404542349964142,11.579432526661703,42.73033863256489,63.06633308313086,152.2689172752362,-1.606279225333801,25.63533805705766,18.44646810021429,12.088836445814167,54.735854028775925,67.96596303056934,108.95060426361863,-6.509274899410351,26.947736671319138,17.925505225089218,130.6097607694274,17.40454234996414,18.446468100214286,True,7
v8_l64_t64_d64_p32_wl3072_lowW2,1;min_L_64;max_L_minus_64;dupL_minL_64;cross_minL_32;max_WL_minus_3072;lowW_2_L,7,2.0,15.593266620192312,9.81912085280311,42.322253173002196,58.67993274081738,94.51836813048712,-5.500862844106704,23.453918316790414,16.591705744169722,10.455920946353782,45.015010050159816,62.30372438144806,135.14562266376325,-4.03138673303691,24.846220564463703,17.54699496621607,11.369222609882147,53.26124517219338,66.4803409647227,96.27692809158404,-7.995513322989782,26.0761146031008,17.069350355192896,115.71127537767364,16.591705744169722,17.546994966216072,True,7
v8_l64_t64_d64_p32_wl3072_lowW4,1;min_L_64;max_L_minus_64;dupL_minL_64;cross_minL_32;max_WL_minus_3072;lowW_4_L,7,1.0,17.062157835166634,11.399411731117059,41.91617433079927,60.31248274545262,104.31731436377953,2.4273199047705286e-14,24.59105862645888,18.599577984238564,13.011961583460707,44.321296721914194,61.94232278755685,143.5038124259727,1.2464159238903847,26.390946793753617,18.635738647554962,12.254277360204613,52.057021325300504,64.96737050184534,108.22333568466713,-2.38466141645438,26.98103786480393,18.61765831589676,125.86357405531993,18.59957798423856,18.635738647554962,True,7
v8_l64_t64_d64_p32_wl3072_lowW4,1;min_L_64;max_L_minus_64;dupL_minL_64;cross_minL_32;max_WL_minus_3072;lowW_4_L,7,1.5,15.916758799127335,10.616223297983122,38.67344104910829,58.399680600773905,94.21666829281577,-3.044904910026646,23.357072439820996,17.185178782758342,11.399245326122903,40.769158293073254,60.84610991982646,144.99771681205198,-1.6893212763930836,25.043331921103302,17.260082465029143,10.954424221597332,48.85695889126883,61.6293450197054,106.94673920618398,-4.5547673768512436,25.41489138754288,17.222630623893743,125.97222800911797,17.18517878275835,17.260082465029143,True,7
v8_l64_t64_d64_p32_wl3072_lowW4,1;min_L_64;max_L_minus_64;dupL_minL_64;cross_minL_32;max_WL_minus_3072;lowW_4_L,7,2.0,15.400391057375764,10.023933887775616,38.12811635273639,58.036004071972165,94.29707669504353,-5.322595895518288,23.07075182025592,16.35786364674817,10.396934698996724,40.91751560057851,59.329849771167986,130.77845924099068,-4.03192870337995,24.339943437625596,16.44674883855879,10.73779355729334,45.55338631022129,59.936777890315945,97.35145103653274,-6.238071277267741,24.620208996376412,16.40230624265348,114.06495513876172,16.357863646748168,16.446748838558786,True,7
v8_l64_t64_d64_p32_wl3072_lowW8,1;min_L_64;max_L_minus_64;dupL_minL_64;cross_minL_32;max_WL_minus_3072;lowW_8_L,7,1.0,17.002837955017434,10.820778825493598,42.376265884098835,60.455051383533494,98.28533513128986,-2.592818989186701e-14,24.730913322289663,18.449351871729736,12.738040969881004,44.26441177306753,61.96986669871521,138.30902248426048,1.4155457629189205,26.606039111583364,18.639829747273918,12.104895136529809,53.376635644313154,65.40179611333673,114.35241264628431,-1.8838693816681,27.11982994697068,18.544590809501827,126.3307175652724,18.449351871729732,18.639829747273918,True,6
v8_l64_t64_d64_p32_wl3072_lowW8,1;min_L_64;max_L_minus_64;dupL_minL_64;cross_minL_32;max_WL_minus_3072;lowW_8_L,7,1.5,15.877225831608154,10.298376682019084,38.65824424248486,59.04430781411242,94.24099468543035,-3.0996281436972137,23.492708708337638,17.062118485675775,11.343331132718776,40.55360004086293,61.83862988798238,141.3512224562377,-1.5844637255489802,25.116438299490035,17.159915598682836,10.92096660532108,47.95505291932511,62.29820876866509,105.67787258956515,-4.194886959326317,25.47794276137767,17.111017042179306,123.51454752290144,17.062118485675775,17.15991559868284,True,6
v8_l64_t64_d64_p32_wl3072_lowW8,1;min_L_64;max_L_minus_64;dupL_minL_64;cross_minL_32;max_WL_minus_3072;lowW_8_L,7,2.0,15.3880441669816,10.157966742834473,39.124952283254935,59.17423057011716,94.31566516162833,-5.388462525734097,23.213062111092125,16.28620587513818,10.486566655998143,41.68541505204695,60.707276917335534,128.28401213864083,-3.967872470095878,24.406407397358944,16.289137765624794,10.582756959929629,46.10659444385217,61.36270228111382,98.52825579842258,-5.954371732112499,24.671180976388147,16.287671820381487,113.4061339685317,16.286205875138176,16.28913776562479,True,6
v8_l64_t64_d64_p32_wl3072_lowW16,1;min_L_64;max_L_minus_64;dupL_minL_64;cross_minL_32;max_WL_minus_3072;lowW_16_L,7,1.0,17.284447346861807,11.327153136695333,42.86058710198318,61.07860906649628,106.08257972608742,-7.359192620372467e-13,25.127989244946914,18.93232662909805,12.756991092387139,46.33583048896259,63.30326969905844,140.83719966044717,1.8411240415184882,27.52305202487473,19.095823765078126,12.663495675449155,53.094232574701344,68.14972466708599,133.2009487447097,-1.6829751252427454,27.763200142186367,19.01407519708809,137.01907420257845,18.93232662909805,19.09582376507813,True,6
v8_l64_t64_d64_p32_wl3072_lowW16,1;min_L_64;max_L_minus_64;dupL_minL_64;cross_minL_32;max_WL_minus_3072;lowW_16_L,7,1.5,16.10297923533097,10.727890238793137,39.398949033357184,61.18037977683269,94.31027182011391,-3.206356890637909,23.853601296547865,17.47843518127497,11.876681698790481,42.312136114095125,63.23630069006997,140.63531038238355,-1.3729744303727787,25.78243661160859,17.520345610998014,11.131381574676862,48.69819386036587,64.36632659102546,109.1328501305433,-4.155991766917546,26.008346930567182,17.49939039613649,124.88408025646342,17.47843518127497,17.520345610998014,True,6
v8_l64_t64_d64_p32_wl3072_lowW16,1;min_L_64;max_L_minus_64;dupL_minL_64;cross_minL_32;max_WL_minus_3072;lowW_16_L,7,2.0,15.611119332953761,10.204128886498047,40.82810853872994,62.137846873164925,94.3760491082022,-5.553487282727543,23.565838161901127,16.66935596887311,10.788190041082341,42.82668373830104,63.02112543575135,129.04712882478515,-3.862741596151005,24.954792494109856,16.64358795721616,10.852850972276068,47.4368578888159,63.79066740197631,94.89573666029672,-6.013226949163416,25.139889737744596,16.656471963044634,111.97143274254094,16.66935596887311,16.64358795721616,True,6
v8_l64_t64_d64_p64,1;min_L_64;max_L_minus_64;dupL_minL_64;cross_minL_64,5,1.0,19.758954564842565,13.676581918807084,46.594399465596936,63.73174028795461,94.2806441116862,3.5085805896228547e-13,27.200507515256046,20.92632792116245,15.19538419723865,47.77309675868363,64.09960763429508,94.67639731975943,0.8560955756986085,28.264779311769384,21.960471278210484,14.813063098955215,58.99169470481012,70.72400688910402,101.73501440344128,-2.1398486994878945,30.516591866722482,21.443399599686465,98.20570586160036,20.926327921162454,21.960471278210488,True,5
v8_l64_t64_d64_p64,1;min_L_64;max_L_minus_64;dupL_minL_64;cross_minL_64,5,1.5,18.243436153001312,12.37378473134973,44.50207527661901,63.37463980504706,94.38696261762303,-3.7670432893689063,25.71193714284029,19.18651244005764,13.783729699985624,45.896904886815896,63.76852468624538,94.35734430415145,-3.1555786110968542,26.42798475628233,19.869159378886124,12.994784652802416,56.413928420461595,66.52860643154511,94.51856347711765,-4.952621924720515,28.158555497124237,19.527835909471882,94.43795389063456,19.18651244005764,19.869159378886128,True,5
v8_l64_t64_d64_p64,1;min_L_64;max_L_minus_64;dupL_minL_64;cross_minL_64,5,2.0,17.62015043225739,11.781634787253164,46.84659222059757,63.44008146102532,94.44692790980763,-6.433350183638388,25.364049723258038,18.409659401933098,12.720633727743625,47.2440396105465,63.36948584973532,94.4362995423418,-6.027935915541651,25.931096417064293,18.706339406278385,12.317256279635092,53.04695769959079,65.42647369658403,94.52713075961474,-7.075112036392298,26.886571804155597,18.557999404105743,94.48171515097826,18.409659401933098,18.70633940627838,True,5
v8_l64_t64_d64_p64_lowW2,1;min_L_64;max_L_minus_64;dupL_minL_64;cross_minL_64;lowW_2_L,6,1.0,18.8508871167885,12.69270984427407,45.82960129747972,62.51053879518981,125.26936585835867,4.1760935634347505e-13,26.36803690635285,20.138738693359556,14.394390272381008,47.88697948258807,63.68033926650758,146.22305117929204,0.7754224211876998,27.68255616862236,21.39723985425326,14.44473876818932,56.752288678062456,69.97882525692496,99.93937531318839,-4.44799364300527,29.80292157349548,20.767989273806407,123.08121324624022,20.13873869335956,21.39723985425326,True,6
v8_l64_t64_d64_p64_lowW2,1;min_L_64;max_L_minus_64;dupL_minL_64;cross_minL_64;lowW_2_L,6,1.5,17.496093434003704,11.579799529792446,43.01093875714773,60.13348019604766,100.91300073124954,-3.479542036536426,24.85840222293115,18.488546330514023,13.12019921951944,44.592782948385434,61.32527037326549,111.88411500962391,-2.9274191980189754,25.701781401804347,19.58021521431897,12.93949923616637,55.21834985445263,67.09666395117114,94.62149554201491,-6.612998715159627,27.781226112550232,19.034380772416498,103.25280527581941,18.488546330514023,19.58021521431897,True,6
v8_l64_t64_d64_p64_lowW2,1;min_L_64;max_L_minus_64;dupL_minL_64;cross_minL_64;lowW_2_L,6,2.0,16.944515880116786,11.252564681641964,45.871984436489896,58.0962606184354,94.50900395899765,-6.003569359048249,24.502182268215755,17.78143294390751,12.13931912285683,45.9800261058997,58.732171410494146,94.49689332136812,-5.652485633936848,25.1391032945259,18.554652131650425,12.27385134908302,53.5776208151265,65.31538162773778,94.60894038539872,-8.318894969398983,26.684552808338317,18.168042537778966,94.55291685338342,17.78143294390751,18.55465213165042,True,6
v8_l64_t64_d64_p64_lowW4,1;min_L_64;max_L_minus_64;dupL_minL_64;cross_minL_64;lowW_4_L,6,1.0,18.669620754150806,12.524852855317935,44.77725034518852,61.22228260495078,106.00399187300766,1.6285109906551365e-12,26.175160914525502,20.211097455336024,14.617957519642067,46.036740772667386,63.55513650003808,115.35110147747419,0.5922685441151732,27.583006121073485,20.1113007036569,13.182503068704888,54.221727122850325,68.12129011230022,112.98877227515321,-2.336530577303063,28.58989510047475,20.161199079496463,114.1699368763137,20.211097455336024,20.111300703656898,True,6
v8_l64_t64_d64_p64_lowW4,1;min_L_64;max_L_minus_64;dupL_minL_64;cross_minL_64;lowW_4_L,6,1.5,17.361899512250574,11.696126012709435,42.418230947951606,58.932489366352684,94.2317376244608,-3.4009567441671678,24.62977282453595,18.551192152186154,13.391340545419496,44.99631224877051,59.93639405169448,94.1979393591199,-3.0316993085003032,25.544381552728897,18.499929046247587,12.064297746029112,52.67954226889448,63.11846493584656,94.29213968543633,-4.726517516447265,26.575240138495538,18.52556059921687,94.24503952227812,18.551192152186154,18.499929046247587,True,6
v8_l64_t64_d64_p64_lowW4,1;min_L_64;max_L_minus_64;dupL_minL_64;cross_minL_64;lowW_4_L,6,2.0,16.83239885813634,11.319884512627887,44.251687913369786,57.12646171357347,94.30783476495488,-5.887253956753093,24.263664102428784,17.838207688857008,12.460891742585211,43.92771901443274,57.47551055246274,94.29402033078073,-5.713706143611702,24.98837084557814,17.61609887971978,11.666732515731853,48.83362075153365,60.23954038458098,94.32485701887806,-6.61027524537985,25.503312471634658,17.72715328428839,94.3094386748294,17.838207688857004,17.61609887971978,True,6
v8_l64_t64_d64_p64_lowW8,1;min_L_64;max_L_minus_64;dupL_minL_64;cross_minL_64;lowW_8_L,6,1.0,18.96635810529141,12.758651459806119,46.05528637360953,60.89046900012048,106.21463983907992,1.7708402032530447e-13,26.526967449462408,20.67359179044933,14.795508000419666,48.99318578937,65.91796573051377,114.64157978127072,0.6472145836341647,28.309751835196806,20.65722872686095,13.73508063576241,55.130593921459344,70.03010731366129,130.69302152433596,-2.248222494362549,29.26331148553786,20.66541025865514,122.66730065280333,20.67359179044933,20.657228726860954,True,6
v8_l64_t64_d64_p64_lowW8,1;min_L_64;max_L_minus_64;dupL_minL_64;cross_minL_64;lowW_8_L,6,1.5,17.638756732531505,11.9267337720404,42.94117940223408,59.30992940298439,94.26301231385243,-3.4966014299410575,24.954237054745498,18.89847111933673,13.463917294708482,46.19144165548072,61.07632841120019,94.22783692712885,-2.976091067413159,26.037965415575528,18.96157074708935,12.423440042237221,53.724035241588886,63.64576111033371,112.1936499396499,-4.772497947982541,27.141000118437848,18.93002093321304,103.21074343338938,18.898471119336726,18.961570747089354,True,6
v8_l64_t64_d64_p64_lowW8,1;min_L_64;max_L_minus_64;dupL_minL_64;cross_minL_64;lowW_8_L,6,2.0,17.067942087956613,11.220124288505552,44.19569357266168,58.68236642807039,94.33669006733574,-6.042476476611817,24.581449258764447,18.02268794849823,12.371222933049753,44.68348131314213,58.532436541974164,94.32201011704026,-5.574314193170209,25.304735833960244,18.025805690264658,11.888097048334457,50.620089872425105,62.098876581979226,97.22044760879307,-6.734765400541272,26.014531466930734,18.024246819381446,95.77122886291667,18.02268794849823,18.025805690264658,True,6
v8_l64_t64_d64_p64_lowW16,1;min_L_64;max_L_minus_64;dupL_minL_64;cross_minL_64;lowW_16_L,6,1.0,19.2970358109306,12.835258100968128,46.48153561326354,61.39377170972963,105.55165734623762,1.7752535121708093e-12,26.9532527653864,21.09052610005809,14.934628134427442,51.36635709498069,67.0898171861174,142.08054868618945,1.1653438887532832,29.189427051698836,21.16897324844909,14.04500423164891,55.737109764022556,70.18342208508905,134.67535920881448,-2.0838077004317306,29.858619397846553,21.12974967425359,138.37795394750196,21.09052610005809,21.168973248449085,True,6
v8_l64_t64_d64_p64_lowW16,1;min_L_64;max_L_minus_64;dupL_minL_64;cross_minL_64;lowW_16_L,6,1.5,17.928075620576244,11.978615016984872,43.78397433710033,61.13427155501277,94.31868922687443,-3.6143507677137294,25.349982670847936,19.244118683342105,13.444379593165957,47.23861052069251,62.46671778988202,109.84843518982883,-2.705318516020295,26.61197056314436,19.426515718210098,12.531022953386532,54.19274227293261,64.43082588990993,109.8223044969659,-4.816756846503907,27.657815063506746,19.335317200776103,109.83536984339736,19.244118683342105,19.426515718210094,True,6
v8_l64_t64_d64_p64_lowW16,1;min_L_64;max_L_minus_64;dupL_minL_64;cross_minL_64;lowW_16_L,6,2.0,17.325802016366474,11.529565080010768,44.782584411401224,61.32872278951801,94.38513235527557,-6.235008431805323,24.96999886224544,18.300151056320157,12.602604889930348,45.6322720833608,60.92410586387452,94.369984903708,-5.48412904761406,25.727754942141033,18.41734169875246,12.004444542578717,50.327351700316626,63.45518169121051,94.46121282200559,-6.837341613226133,26.46765879981197,18.358746377536306,94.4155988628568,18.300151056320153,18.41734169875246,True,6
v8_l64_t64_d64_p64_wl3072,1;min_L_64;max_L_minus_64;dupL_minL_64;cross_minL_64;max_WL_minus_3072,6,1.0,19.274163313477562,13.279378704532451,46.45514866455768,63.72040387999512,95.14166005117299,3.420314411267563e-14,26.720290681235415,21.043063392516476,15.081459863088053,50.579114518937956,65.74219928222004,151.46480923700324,1.4418849454460752,28.852392884580425,21.502516449272154,14.36306530767606,58.821886119293566,69.23258139619335,116.50906312908664,-2.101929597835474,30.041509881797012,21.272789920894315,133.98693618304495,21.043063392516476,21.502516449272154,True,6
v8_l64_t64_d64_p64_wl3072,1;min_L_64;max_L_minus_64;dupL_minL_64;cross_minL_64;max_WL_minus_3072,6,1.5,17.980246129414958,12.228017287730857,43.58986006676641,64.15329285978059,94.35429116160556,-3.749583221010237,25.460567867487672,19.484548507541046,13.368806377046837,46.163879057056164,65.17564016323696,144.15149546596115,-2.3261102129143367,27.310014711605714,19.636621961121772,12.719604483839785,56.23319508138754,67.15642111104285,107.10226041660538,-4.976438691520102,28.020351707645,19.56058523433141,125.62687794128325,19.484548507541042,19.636621961121772,True,6
v8_l64_t64_d64_p64_wl3072,1;min_L_64;max_L_minus_64;dupL_minL_64;cross_minL_64;max_WL_minus_3072,6,2.0,17.458106160178566,11.68564238667521,44.95737064564543,63.81630701084911,94.42907555618524,-6.343049461371166,25.18541137518181,18.584799996678324,12.683626786569496,46.28746092072954,64.89671308377785,122.79959486903623,-5.095508113209137,26.47174373829676,18.652584467777263,12.20815771874793,54.91338070494827,65.92229024485526,94.50330549119884,-7.025167462349143,26.956127400173635,18.618692232227794,108.65145018011754,18.58479999667832,18.652584467777263,True,6
v8_l64_t64_d64_p64_wl3072_lowW2,1;min_L_64;max_L_minus_64;dupL_minL_64;cross_minL_64;max_WL_minus_3072;lowW_2_L,7,1.0,18.345700468096133,12.795804574250935,44.529525108429624,61.98803480108671,120.17632245759442,-1.7542902948114273e-13,25.739636596760963,20.232394003227313,14.656181054356566,47.813666039737726,64.90256050576163,139.2322038514317,1.3170845146276293,27.84881186757377,20.88372175485834,14.33099291744593,56.356832944386575,69.25979850331873,110.32097527182864,-4.58254951802874,29.194237485196485,20.558057879042828,124.77658956163017,20.232394003227313,20.883721754858335,True,7
v8_l64_t64_d64_p64_wl3072_lowW2,1;min_L_64;max_L_minus_64;dupL_minL_64;cross_minL_64;max_WL_minus_3072;lowW_2_L,7,1.5,17.229853777860797,11.554339670164094,41.96559714027857,59.775290884423654,96.15246873350804,-3.4400706213890757,24.509666978156616,18.71633102223999,12.964885735369926,44.875073256770875,62.365989148216336,136.7079695409063,-2.0923172487472335,26.261357888095404,19.364245089150042,12.688955839622363,54.10937777159307,66.97371404589506,105.05988478801211,-6.756582059280912,27.58656778106901,19.040288055695015,120.88392716445921,18.716331022239995,19.364245089150042,True,7
v8_l64_t64_d64_p64_wl3072_lowW2,1;min_L_64;max_L_minus_64;dupL_minL_64;cross_minL_64;max_WL_minus_3072;lowW_2_L,7,2.0,16.796574827251664,11.222235578344353,43.14729943663328,59.99019688034645,94.49056036430873,-5.873211955136649,24.234710551472883,17.871308623250314,11.91505078395171,44.33011949937665,61.66117451435017,118.27799932366273,-4.6724958888794585,25.44588130259826,18.54162134295404,12.209349932043544,51.610977808954964,66.29589133025415,94.5841296252185,-8.332413064704255,26.73135955055698,18.20646498310218,106.4310644744406,17.871308623250314,18.541621342954038,True,7
v8_l64_t64_d64_p64_wl3072_lowW4,1;min_L_64;max_L_minus_64;dupL_minL_64;cross_minL_64;max_WL_minus_3072;lowW_4_L,7,1.0,18.261295978497945,12.493498333083137,44.019215680977986,61.18156495008907,103.31141145414841,1.2357264969740872e-13,25.37985388101824,19.997949529399904,14.596416610410712,47.13542796544889,63.666871840121416,133.98218532135496,1.4185203140014104,27.25967566698502,19.586457677224793,12.894977763041155,50.88639588286793,65.05004253985636,104.77964913575275,-2.218925764488557,27.579928609233544,19.79220360331235,119.38091722855386,19.997949529399904,19.586457677224796,True,6
v8_l64_t64_d64_p64_wl3072_lowW4,1;min_L_64;max_L_minus_64;dupL_minL_64;cross_minL_64;max_WL_minus_3072;lowW_4_L,7,1.5,17.145092075404005,11.694702733139362,40.625652775192854,57.01188793504831,94.16583506182344,-3.3293670424597672,24.140357952282017,18.479142079083196,12.98662155938242,42.62432572568502,59.33444677409953,133.28880582688595,-1.8899869642435598,25.699437593920376,18.262432932013255,11.913102631655203,47.74146941490952,61.81442984176317,103.08886738835153,-4.674359118999295,26.014554933080085,18.370787505548225,118.18883660761874,18.479142079083196,18.262432932013255,True,6
v8_l64_t64_d64_p64_wl3072_lowW4,1;min_L_64;max_L_minus_64;dupL_minL_64;cross_minL_64;max_WL_minus_3072;lowW_4_L,7,2.0,16.683158118286833,11.354700925252743,41.248722104701244,56.51382920260111,94.26717865128948,-5.695397893269285,23.865032774478507,17.635128426823215,11.970414843078553,42.39014461221111,58.26946728377085,116.4243996539602,-4.411259494325614,24.95557940598754,17.539363608617755,11.583870006182083,46.853942024580185,58.57708544063157,94.28315124503686,-6.4644963398837545,25.245610084977777,17.587246017720485,105.35377544949853,17.635128426823215,17.539363608617755,True,6
v8_l64_t64_d64_p64_wl3072_lowW8,1;min_L_64;max_L_minus_64;dupL_minL_64;cross_minL_64;max_WL_minus_3072;lowW_8_L,7,1.0,18.30028267448015,12.528782429757868,44.649568242181346,61.1706078248379,99.12545758928266,-1.3626091283598193e-13,25.58385022237417,20.026411573939964,14.578019450524677,47.76921376756849,63.93418701209424,129.53040786123228,1.5854175411802478,27.533385753606325,19.771881421620787,12.995902784886109,51.8388985650437,65.73493334664504,115.89034068144453,-1.8269571795615127,27.925282433564018,19.899146497780375,122.7103742713384,20.02641157393996,19.771881421620794,True,6
v8_l64_t64_d64_p64_wl3072_lowW8,1;min_L_64;max_L_minus_64;dupL_minL_64;cross_minL_64;max_WL_minus_3072;lowW_8_L,7,1.5,17.150790969782136,11.488786347288283,40.373786999473644,58.282648483842834,94.1949366561906,-3.3985035600805444,24.33733617918323,18.468253338825754,12.909281621299968,41.88240228802318,60.69431471360967,130.5658957520798,-1.8412423187309606,25.86014266252075,18.371318583424696,12.03375483786761,48.151708595926806,62.048284185868205,102.97981870239244,-4.429467694777383,26.28972599465445,18.419785961125225,116.77285722723612,18.468253338825754,18.371318583424692,True,6
v8_l64_t64_d64_p64_wl3072_lowW8,1;min_L_64;max_L_minus_64;dupL_minL_64;cross_minL_64;max_WL_minus_3072;lowW_8_L,7,2.0,16.66419430599927,11.20632983061448,40.92640897047124,59.24814225482217,94.29542882637966,-5.790072089927064,24.062568628322108,17.605285277044448,11.797490629827571,42.32275006694517,59.721916817366406,115.25725795814577,-4.404841987897548,25.101559712873545,17.575914494656477,11.517487236824142,46.64284573369692,61.15658155005568,94.40160780517934,-6.283864384980909,25.487247150185922,17.590599885850462,104.82943288166256,17.605285277044445,17.57591449465648,True,6
v8_l64_t64_d64_p64_wl3072_lowW16,1;min_L_64;max_L_minus_64;dupL_minL_64;cross_minL_64;max_WL_minus_3072;lowW_16_L,7,1.0,18.570129279766594,12.350172137943,45.15673415570512,61.25008142498027,104.89572197483268,-4.187126835729162e-12,26.008839093346513,20.466696818212235,14.459897617054029,49.19973475518136,64.7844043382316,137.4498821639347,1.9471359461150723,28.39543546681777,20.26368176490514,13.383482946515613,53.24021451799448,67.7492218104135,132.4131878267192,-1.646696777101934,28.62927108840817,20.365189291558686,134.93153499532696,20.466696818212235,20.263681764905137,True,6
v8_l64_t64_d64_p64_wl3072_lowW16,1;min_L_64;max_L_minus_64;dupL_minL_64;cross_minL_64;max_WL_minus_3072;lowW_16_L,7,1.5,17.37142131534936,11.586420728913659,41.06618525858456,60.7839491866954,94.25872845690986,-3.515914860251127,24.734703038243683,18.83433142985486,13.018082645807759,44.49529290000527,62.07237678367955,130.76658065895575,-1.6862849880033008,26.488082286705822,18.77629415096592,12.216254543141979,49.07179379963594,63.777121414542606,108.3017024248301,-4.423300579288084,26.881883515626352,18.80531279041039,119.53414154189292,18.83433142985486,18.77629415096592,True,6
v8_l64_t64_d64_p64_wl3072_lowW16,1;min_L_64;max_L_minus_64;dupL_minL_64;cross_minL_64;max_WL_minus_3072;lowW_16_L,7,2.0,16.880436958095775,11.21332864823177,42.36560717622664,61.561627886968424,94.352255831931,-5.979164024764639,24.452329183061856,17.930945201458584,12.144312948798223,43.542841627813196,61.61289493100576,116.84227053372167,-4.368545073855323,25.630419609306927,17.9455950708586,11.72538451986352,47.46103705054123,63.673831332845864,94.41510819051224,-6.392001386517925,26.013917784639524,17.938270136158593,105.62868936211696,17.930945201458588,17.945595070858598,True,6
v8_l64_t64_d128_p32,1;min_L_64;max_L_minus_64;dupL_minL_128;cross_minL_32,5,1.0,17.797884629564127,11.859774180214016,45.62470979352369,64.14465232335425,94.23131787293413,2.1514880974102412e-14,25.684686838754413,18.745263387634573,12.739486084457031,46.40914866836061,66.31036681514067,106.09130285197392,0.1263365569231876,26.633923755185187,20.42723613819432,13.231055376713801,57.040954937139624,69.63198892128392,118.6445646388758,-1.5925311913464775,29.348290816179517,19.58624976291445,112.36793374542486,18.74526338763457,20.42723613819432,True,5
v8_l64_t64_d128_p32,1;min_L_64;max_L_minus_64;dupL_minL_128;cross_minL_32,5,1.5,16.737763565354776,10.766989249940568,43.28315726729543,64.48193925534285,94.35787061283837,-3.534152579977584,24.695158542805135,17.546005185035057,11.88158071233147,45.33180039124347,65.90756461398104,94.33729738850143,-3.303651363455033,25.430085813645892,18.828160848882117,11.842864532989072,54.89820798171156,68.08910200905737,100.79316984114213,-4.462104543686088,27.620704539829344,18.18708301695859,97.56523361482178,17.546005185035057,18.828160848882113,True,5
v8_l64_t64_d128_p32,1;min_L_64;max_L_minus_64;dupL_minL_128;cross_minL_32,5,2.0,16.274629342811807,10.539118977302437,42.35940499190479,64.04207264930042,94.42986724882229,-5.986569700186794,24.46746758491193,17.001377143211013,10.984111537267532,44.142356115201416,64.56336033216823,94.42304755073178,-5.733688841024252,25.056219348817233,17.792459973763496,11.307609772051086,53.3610243857109,66.7246109040608,94.49246967462113,-6.519510190088187,26.512794185208705,17.396918558487254,94.45775861267646,17.00137714321101,17.792459973763496,True,5
v8_l64_t64_d128_p32_lowW2,1;min_L_64;max_L_minus_64;dupL_minL_128;cross_minL_32;lowW_2_L,6,1.0,16.926086815134763,11.313470594635305,40.36676575362801,63.69910140359905,121.31648332275202,1.1033272294411493e-15,24.806319041683075,18.363252085066232,13.126806705015781,41.823773925973,65.92648370305146,127.10382342687856,-0.006044099712482038,26.23845085014404,19.802339799599785,13.069126558207778,55.08816825380408,69.54768530359375,120.20818886984755,-3.97902773316646,28.55801108829148,19.082795942333007,123.65600614836305,18.363252085066232,19.802339799599782,True,6
v8_l64_t64_d128_p32_lowW2,1;min_L_64;max_L_minus_64;dupL_minL_128;cross_minL_32;lowW_2_L,6,1.5,15.979517004644572,10.309340979058407,40.838372261696804,62.18016040875015,97.84793377806788,-3.249497763142417,23.81056563148532,17.00160395133227,11.637411208134003,41.69984141360372,62.513782457397696,100.60924921751196,-3.121924043757355,24.76035587296749,18.56533074447843,11.853648614174784,53.64544361447544,68.14667754905513,102.8175858208642,-6.176462866800279,27.230176235299876,17.78346734790535,101.71341751918808,17.00160395133227,18.565330744478434,True,6
v8_l64_t64_d128_p32_lowW2,1;min_L_64;max_L_minus_64;dupL_minL_128;cross_minL_32;lowW_2_L,6,2.0,15.564559642740662,9.712671775385905,40.08390871613408,58.77097037906654,94.48817292325828,-5.5593934003153205,23.57836593217465,16.413161336995536,10.459338994308652,41.599255670307706,61.19928662116708,94.47985265408757,-5.3981316504573345,24.274012116263755,17.70329352632101,11.525244286473452,52.58667286169655,66.46562658162922,94.56857733943198,-7.789408130892332,26.328832988754126,17.058227431658274,94.52421499675978,16.413161336995536,17.703293526321005,True,6
v8_l64_t64_d128_p32_lowW4,1;min_L_64;max_L_minus_64;dupL_minL_128;cross_minL_32;lowW_4_L,6,1.0,16.79341047460108,11.266838578920268,39.20514520532708,63.01385780695957,103.07212109669805,1.175043499354824e-13,24.537773415189594,18.308446341291067,12.789810571228543,43.56347454352473,65.20729361343595,113.65627003670342,0.23218472204506063,26.035499995481455,18.676414380066166,11.526887888824195,51.541387097844186,67.39609455688186,121.46668021235047,-1.8921428213894789,27.3604821929073,18.49243036067862,117.56147512452694,18.308446341291067,18.67641438006617,True,6
v8_l64_t64_d128_p32_lowW4,1;min_L_64;max_L_minus_64;dupL_minL_128;cross_minL_32;lowW_4_L,6,1.5,15.817072617894883,10.317001055339936,38.14296130466685,60.14113228027654,94.18853700557005,-3.16184952283627,23.516800248084056,16.962903015996183,11.672735934707013,41.36248048931387,61.55728255479963,94.16479937016145,-3.0522763607750836,24.568784748650014,17.486143259594687,10.885918464452082,50.70139862975361,64.93544973754501,104.47986566284824,-4.3164769214440195,25.979633890090238,17.224523137795437,99.32233251650484,16.962903015996183,17.486143259594687,True,6
v8_l64_t64_d128_p32_lowW4,1;min_L_64;max_L_minus_64;dupL_minL_128;cross_minL_32;lowW_4_L,6,2.0,15.41946538212941,9.787627094013846,37.9978643396902,58.4404893923213,94.28252020515204,-5.419808708125371,23.280482615542184,16.368985775444717,10.622015976641435,40.696058860151204,59.520143196585906,94.27348838629487,-5.386939184142419,24.084507664920668,16.713391079770393,10.48320593057293,49.463172726728615,62.85291545632988,94.28497929054507,-6.104350047772904,25.07636033586237,16.541188427607555,94.27923383841997,16.36898577544472,16.713391079770393,True,6
v8_l64_t64_d128_p32_lowW8,1;min_L_64;max_L_minus_64;dupL_minL_128;cross_minL_32;lowW_8_L,6,1.0,16.948816815777075,10.965499952010106,42.32066132818333,62.81181036921052,98.33302442358884,7.528553350091682e-12,24.797806742332167,18.30916940086805,12.359323532686345,44.48601377655167,64.75871260675056,115.61952085952973,0.6762494762453977,26.396438903112013,19.02446054814492,11.915227233274667,52.066217018423636,68.34316388986204,122.42923447118783,-1.6917821624859817,27.85072957006115,18.666814974506487,119.02437766535877,18.30916940086805,19.024460548144923,True,6
v8_l64_t64_d128_p32_lowW8,1;min_L_64;max_L_minus_64;dupL_minL_128;cross_minL_32;lowW_8_L,6,1.5,15.942067205897608,10.22468061239672,39.982915388979364,60.039576383911324,94.21165407418388,-3.2395344593748687,23.76866691277063,16.966282639994475,11.55348204315178,41.8522510322555,62.31953910659682,95.9338173717351,-2.6672773444612474,24.842978678988526,17.747436312736383,11.0076667517936,51.02760837501708,64.63787790548858,105.6019924510295,-4.349027571514884,26.42040197665303,17.35685947636543,100.7679049113823,16.966282639994475,17.74743631273638,True,6
v8_l64_t64_d128_p32_lowW8,1;min_L_64;max_L_minus_64;dupL_minL_128;cross_minL_32;lowW_8_L,6,2.0,15.52917613533692,10.114001194984525,38.95345034600695,59.640649922235696,94.30475775078106,-5.537777875255669,23.532483666743744,16.347420704532915,10.61236685394169,41.227942416635706,60.30489549961742,94.2950406837819,-5.0814818255914975,24.270987661075072,16.916925946240983,10.687367666531301,49.46762328721771,63.52573804796716,94.33336352857167,-6.232796194892787,25.48736243960603,16.63217332538695,94.3142021061768,16.347420704532915,16.916925946240983,True,6
v8_l64_t64_d128_p32_lowW16,1;min_L_64;max_L_minus_64;dupL_minL_128;cross_minL_32;lowW_16_L,6,1.0,17.125157206900354,11.16266691525244,43.473972927279306,62.44010006424016,103.18596376042612,-1.5998244826896666e-13,25.148835358192954,18.56775327533414,12.251539634804226,45.59565249586497,66.70026070796955,130.4594513068265,1.0427313163514877,27.026570255580438,19.30338779796002,12.021238629226726,53.560568236782125,69.01480748908524,129.82702412519376,-1.3180932798762854,28.261321958488413,18.93557053664708,130.14323771601013,18.567753275334137,19.303387797960017,True,5
v8_l64_t64_d128_p32_lowW16,1;min_L_64;max_L_minus_64;dupL_minL_128;cross_minL_32;lowW_16_L,6,1.5,16.13390655566109,10.243096319722373,41.45940573465115,61.75412455545929,94.26763253399606,-3.342213526090534,24.10820824130463,17.18938759063054,11.51012517962463,44.41948447937476,63.47540693172053,106.48321845302546,-2.430214805058491,25.301228243519464,17.949046383515174,10.99259648068832,50.79074565939835,65.79902621062107,107.10392782239336,-4.137913988636768,26.72664299651198,17.569216987072856,106.79357313770942,17.18938759063054,17.949046383515178,True,5
v8_l64_t64_d128_p32_lowW16,1;min_L_64;max_L_minus_64;dupL_minL_128;cross_minL_32;lowW_16_L,6,2.0,15.737509051619618,10.0684211544945,40.74391180567348,61.98532128255254,94.35222102096259,-5.697776546349021,23.870015807177108,16.564206563711178,10.591830737980668,43.37918543269843,62.20962275079323,94.34321614986177,-4.905897373493596,24.643930432808027,17.0909763365118,10.682896271313869,49.59399835233807,64.40914399188975,94.40216681741677,-6.12246870442942,25.76319057096769,16.82759145011149,94.37269148363927,16.56420656371118,17.090976336511797,True,5
v8_l64_t64_d128_p32_wl3072,1;min_L_64;max_L_minus_64;dupL_minL_128;cross_minL_32;max_WL_minus_3072,6,1.0,17.71670047935053,11.910050114960676,46.45071229868908,64.63158153777259,94.22070996174952,-1.7101572056337816e-14,25.618455384875162,18.77744284796087,12.57922117131135,49.55528531531392,67.55934280060515,106.09130285197396,0.4809844002697364,26.883548653100203,20.34249406334204,13.01383408532632,56.80726674800522,70.02138874005355,117.26702002671949,-1.5375859480492164,29.28345551500491,19.559968455651457,111.67916143934673,18.77744284796087,20.342494063342038,True,6
v8_l64_t64_d128_p32_wl3072,1;min_L_64;max_L_minus_64;dupL_minL_128;cross_minL_32;max_WL_minus_3072,6,1.5,16.666627699614,10.66100160061237,44.281245563719615,64.72780303810627,94.34704141664822,-3.5385470411222886,24.659640039030492,17.635488092314304,11.806028219284386,47.101319918987016,66.67677485181926,98.55107878280384,-2.7698300412911063,25.766088030988914,18.730761079519052,11.774326196505092,55.2758433626748,68.32269080687071,95.65077936251704,-4.465166091205229,27.56119544008775,18.18312458591668,97.10092907266045,17.635488092314308,18.730761079519056,True,6
v8_l64_t64_d128_p32_wl3072,1;min_L_64;max_L_minus_64;dupL_minL_128;cross_minL_32;max_WL_minus_3072,6,2.0,16.234840184275196,10.657799988153776,41.25586041266364,63.96017475529503,94.42345256408342,-5.976771509988718,24.447436491355017,17.054229370186345,11.15293905855101,44.85529653631765,64.67468054562138,94.41734838638328,-5.263672586969447,25.179352528157455,17.761275922136385,11.195698351751165,53.89754382149846,66.86348954679184,94.48298488121203,-6.519464525075125,26.548432998558074,17.407752646161363,94.45016663379766,17.05422937018634,17.761275922136385,True,6
v8_l64_t64_d128_p32_wl3072_lowW2,1;min_L_64;max_L_minus_64;dupL_minL_128;cross_minL_32;max_WL_minus_3072;lowW_2_L,7,1.0,16.831694083791533,11.249133112368536,40.437534381320454,64.27744821458303,119.08328035417854,-5.478019694175307e-13,24.680852626844846,18.27981711688633,12.47921178066692,42.76832891570088,67.16009985075104,122.93656700441514,0.28771108687847735,26.27878237938796,19.62859566167753,12.75438493223377,54.68326933356351,70.02138874005355,115.00133773232272,-3.9838252998128842,28.394106316542512,18.95420638928193,118.96895236836893,18.27981711688633,19.628595661677533,True,7
v8_l64_t64_d128_p32_wl3072_lowW2,1;min_L_64;max_L_minus_64;dupL_minL_128;cross_minL_32;max_WL_minus_3072;lowW_2_L,7,1.5,15.902478399154049,10.247229606194352,40.079228753004514,61.840636587455016,95.56751971141482,-3.2497258218624037,23.744515863864798,16.99352124107874,11.529832648739568,41.624022082662655,63.92565575440224,95.09325311185293,-2.6983877338047897,24.855347767306036,18.434095323281387,11.69558561228845,53.94062018001941,68.25167056770519,94.89491788670621,-6.233198156554402,27.128097701194605,17.71380828218006,94.99408549927958,16.99352124107874,18.434095323281383,True,7
v8_l64_t64_d128_p32_wl3072_lowW2,1;min_L_64;max_L_minus_64;dupL_minL_128;cross_minL_32;max_WL_minus_3072;lowW_2_L,7,2.0,15.532829227133329,10.028364247300159,39.15860069642539,58.88119238304243,94.47952915565716,-5.537408958091585,23.531699807049964,16.39378501579951,10.680010230881676,41.379803155194026,61.91568695272622,94.47218659071727,-5.027995951520735,24.258512340062968,17.66995206186181,11.483420854111975,51.80315331624844,66.32751833423777,94.55572773944805,-7.820099315764116,26.34996822857444,17.031868538830658,94.51395716508266,16.39378501579951,17.669952061861807,True,7
v8_l64_t64_d128_p32_wl3072_lowW4,1;min_L_64;max_L_minus_64;dupL_minL_128;cross_minL_32;max_WL_minus_3072;lowW_4_L,7,1.0,16.75055361693889,11.345018936621498,40.17023829127687,63.046977207178486,101.05749585113072,1.0564358221899006e-13,24.344441415534938,18.09670802491638,12.629165200444941,43.20870376698695,66.18759796556776,108.23975734649846,0.4176466266086723,25.760988294728946,18.50594114118895,11.794462212075462,49.09272592589435,67.11642907119258,112.75005065649056,-1.7665007819096474,26.985074481173406,18.301324583052665,110.49490400149452,18.096708024916378,18.50594114118895,True,7
v8_l64_t64_d128_p32_wl3072_lowW4,1;min_L_64;max_L_minus_64;dupL_minL_128;cross_minL_32;max_WL_minus_3072;lowW_4_L,7,1.5,15.741972677681554,10.211148317635738,38.1310410049124,59.14858457764063,94.15490323357119,-3.151394427444116,23.393428710782,16.764893476805245,11.48353993597157,39.92473318246134,60.03351471208153,94.13470548818506,-2.5847750738121964,24.357020622135437,17.34165961040922,10.72926102823179,48.20307470820825,65.19158930323812,94.19093090856919,-4.336995037162818,25.72331898788629,17.053276543607232,94.16281819837712,16.764893476805245,17.34165961040922,True,7
v8_l64_t64_d128_p32_wl3072_lowW4,1;min_L_64;max_L_minus_64;dupL_minL_128;cross_minL_32;max_WL_minus_3072;lowW_4_L,7,2.0,15.360766540836046,9.915236625185514,37.08622977243953,58.08806810451437,94.26193083782529,-5.373374073471607,23.180539410184835,16.192656130154738,10.676777944463334,38.82020070565016,59.40138587422204,94.25442374367064,-4.9664242915090275,23.86301295053129,16.647362101455183,10.395316347880112,46.5671580791295,62.89302067261255,94.26580770472665,-6.125271069533178,24.997662598486396,16.42000911580496,94.26011572419864,16.192656130154738,16.647362101455183,True,7
v8_l64_t64_d128_p32_wl3072_lowW8,1;min_L_64;max_L_minus_64;dupL_minL_128;cross_minL_32;max_WL_minus_3072;lowW_8_L,7,1.0,16.68143720556648,11.049132951490636,42.27117103059338,63.35562515731538,96.70166454275322,-3.155515876201687e-13,24.497988506550186,18.079932548234787,12.307684794406093,44.02917271332765,66.49701287983245,108.65397809755115,0.5218910958952792,26.10679522050379,18.621508354338438,11.642774171105257,48.39929766976172,68.0198023870083,113.05719561678806,-1.3378677870832048,27.222430562364707,18.350720451286612,110.85558685716961,18.079932548234783,18.621508354338435,True,6
v8_l64_t64_d128_p32_wl3072_lowW8,1;min_L_64;max_L_minus_64;dupL_minL_128;cross_minL_32;max_WL_minus_3072;lowW_8_L,7,1.5,15.712374967930305,9.946695054310656,38.609152935341214,59.87289678226829,94.17862675894004,-3.215497259016907,23.545370868522483,16.701759884198783,11.300249153093183,39.40908249087545,61.85478276946351,94.15626504985339,-2.557182551830543,24.507955206465024,17.283153924362615,10.767569860822501,47.541814623563994,64.67062231081258,95.87061566744406,-4.01805222739829,25.8257212166761,16.9924569042807,95.01344035864872,16.701759884198783,17.283153924362615,True,6
v8_l64_t64_d128_p32_wl3072_lowW8,1;min_L_64;max_L_minus_64;dupL_minL_128;cross_minL_32;max_WL_minus_3072;lowW_8_L,7,2.0,15.363484720601344,9.97466663551368,37.77872947253566,59.676524875761174,94.27940896879193,-5.4484132903103735,23.341836453694302,16.131568940549577,10.599459279288181,39.549226372630606,59.54223814459109,94.27293840501659,-4.914450046940398,23.986715244869792,16.54057633137262,10.454154615186035,46.121635611808024,62.925104413106304,94.29877851242804,-5.882339417874038,25.08303401480137,16.3360726359611,94.28585845872232,16.131568940549577,16.54057633137262,True,6
v8_l64_t64_d128_p32_wl3072_lowW16,1;min_L_64;max_L_minus_64;dupL_minL_128;cross_minL_32;max_WL_minus_3072;lowW_16_L,7,1.0,16.857667379392428,11.185433339056283,44.205158520947066,62.729220488870055,102.58872260912098,4.727757178155325e-13,24.871436323018315,18.382694309851978,12.436212207758507,45.75488912267638,67.49059313820145,129.09592200970383,0.827883141407559,26.81982536633826,19.017291431232202,11.966532364488469,51.03850994935933,68.88707092602034,129.03381465688773,-1.1348842664374146,27.84064100838868,18.69999287054209,129.06486833329578,18.38269430985198,19.017291431232202,True,6
v8_l64_t64_d128_p32_wl3072_lowW16,1;min_L_64;max_L_minus_64;dupL_minL_128;cross_minL_32;max_WL_minus_3072;lowW_16_L,7,1.5,15.891918633980715,10.065163250689054,39.97325434167786,61.417140744077145,94.24463297012528,-3.3224493884907647,23.89033131708169,16.96284588673045,11.581404986639654,44.398543219550575,62.508348806136404,103.87645876085205,-2.4162601873842613,25.02858808309497,17.621382132526026,11.10088718226846,48.90819773940202,65.06122385448577,106.20870230460481,-3.9801282616329154,26.33148971998322,17.292114009628236,105.04258053272844,16.96284588673045,17.621382132526026,True,6
v8_l64_t64_d128_p32_wl3072_lowW16,1;min_L_64;max_L_minus_64;dupL_minL_128;cross_minL_32;max_WL_minus_3072;lowW_16_L,7,2.0,15.574141696889294,10.081459562674116,39.30128228426781,61.22789876059244,94.33769544493272,-5.608609365783178,23.682502751572503,16.401083158592247,10.710831311972186,41.26469755923742,61.48627278187351,94.32995692946633,-4.853773636701421,24.412599261435815,16.867816760000434,10.459682707713613,47.09000791103274,64.30738732603938,94.38491042674686,-5.931735080408098,25.523598013294485,16.63444995929634,94.35743367810659,16.401083158592247,16.867816760000434,True,6
v8_l64_t64_d128_p64,1;min_L_64;max_L_minus_64;dupL_minL_128;cross_minL_64,5,1.0,19.088850387101495,12.687755480676316,45.34337261473795,63.58506232428564,96.38053488747025,-5.4063034242616325e-14,26.607408405493942,20.472058031969983,14.266586648851764,46.5432843892565,65.83635402052874,110.48363805431971,0.03185956080007296,27.993297202550654,21.515895082474586,13.84487082201365,56.159682291969396,69.05407607123693,121.92051999588358,-1.5878457233933023,30.155697991024365,20.993976557222283,116.20207902510165,20.472058031969986,21.51589508247459,True,5
v8_l64_t64_d128_p64,1;min_L_64;max_L_minus_64;dupL_minL_128;cross_minL_64,5,1.5,17.987383998794893,12.128285499264003,44.98128527528463,64.04564455925332,94.28672618831881,-3.8721687844782458,25.602797984632847,19.150768783656417,13.528673962000854,45.9525200704314,64.83573535025343,94.29888822861766,-3.8437950086166204,26.673550027735914,19.921221984090852,13.051465881555135,54.68173801706838,67.82046734526408,104.29719905434895,-4.787576168957895,28.440004313665558,19.535995383873633,99.2980436414833,19.150768783656417,19.921221984090852,True,5
v8_l64_t64_d128_p64,1;min_L_64;max_L_minus_64;dupL_minL_128;cross_minL_64,5,2.0,17.544714473738754,11.20115560708555,43.45732905210378,64.27672785696187,94.38864570171106,-6.443256193174722,25.38356986945411,18.623297502435058,12.461216931667856,46.04401224577736,65.15130028845867,94.3801256073231,-6.458312458632317,26.302734214661,18.978263097691396,12.03829280735685,52.447641603260095,66.6758877062032,94.45242967706996,-6.9549738086379955,27.362331827788616,18.800780300063227,94.41627764219652,18.623297502435058,18.9782630976914,True,5
v8_l64_t64_d128_p64_lowW2,1;min_L_64;max_L_minus_64;dupL_minL_128;cross_minL_64;lowW_2_L,6,1.0,18.202331604962968,12.368324632813676,43.54430125757844,62.230567689018926,119.65519129250208,3.751312580099908e-14,25.730069280243,19.947206263040016,14.566406676548072,44.79393784289797,65.38479971007752,123.4935479726413,0.3146391539439716,27.4503041434307,20.778602760260867,13.339196810123232,54.748312417330226,68.60395813601814,123.48655653052374,-3.983134636201296,29.34561602728452,20.36290451165044,123.49005225158251,19.947206263040016,20.778602760260867,True,6
v8_l64_t64_d128_p64_lowW2,1;min_L_64;max_L_minus_64;dupL_minL_128;cross_minL_64;lowW_2_L,6,1.5,17.23866209989689,11.404324301983344,44.075077862277624,61.496914012509876,96.32379573911926,-3.582438418255169,24.728777555508845,18.550169923062715,13.114946744174027,45.06561738901806,63.00869697399632,95.20631827567969,-3.3794435414147417,25.922828243316815,19.594995418853422,12.783938142892554,53.650054294842114,68.16471630408668,106.33420743195555,-6.511033544153445,28.047416438879925,19.07258267095807,100.77026285381763,18.550169923062715,19.59499541885342,True,6
v8_l64_t64_d128_p64_lowW2,1;min_L_64;max_L_minus_64;dupL_minL_128;cross_minL_64;lowW_2_L,6,2.0,16.87023067618593,11.01351614034285,41.918438442875164,60.26150376166842,94.44824618221728,-6.006208495398905,24.50756718933771,17.964367106039493,11.990768720168848,44.26224248082686,61.7964093858338,94.4380042200367,-5.837115878992071,25.411098631182288,18.829677401614507,12.210254070910548,51.632494317498434,67.39387200138427,94.53002360097493,-8.234811686574076,27.18142240520492,18.397022253827,94.48401391050581,17.964367106039496,18.829677401614504,True,6
v8_l64_t64_d128_p64_lowW4,1;min_L_64;max_L_minus_64;dupL_minL_128;cross_minL_64;lowW_4_L,6,1.0,18.19055665451661,12.69320706491262,42.60562683588253,61.77700846713081,101.24678650434889,2.278370728795973e-13,25.469101661800163,19.879945454201,14.727880524638193,44.58656266238942,63.18698436684936,117.93812095289601,0.6844674942387019,27.161606794027037,19.820314693197748,13.039518570327463,50.98454885675542,66.47080748304407,124.71298107277997,-1.8884086454520357,28.199108948134754,19.850130073699376,121.32555101283799,19.879945454201,19.82031469319775,True,6
v8_l64_t64_d128_p64_lowW4,1;min_L_64;max_L_minus_64;dupL_minL_128;cross_minL_64;lowW_4_L,6,1.5,17.179791377273055,11.600591045772518,42.966412652145635,60.250139442809136,94.11690900705473,-3.4949617402641278,24.44889007082279,18.42176963350299,13.140614476001078,43.659121494518445,61.25134471387564,98.16677396274578,-3.0042255577665262,25.594538490254553,18.68691707942689,12.155399506938952,49.75700290531501,64.36691336584107,107.96250097095239,-4.639388206843429,26.833192640643507,18.55434335646494,103.06463746684909,18.421769633502993,18.686917079426895,True,6
v8_l64_t64_d128_p64_lowW4,1;min_L_64;max_L_minus_64;dupL_minL_128;cross_minL_64;lowW_4_L,6,2.0,16.78562066807566,10.983024158787487,40.019082200173614,56.93701116337632,94.24042136635927,-5.868266423999668,24.224504998038494,17.78944365259913,11.935157885922253,42.51336806403581,58.05157514783261,94.22965622208507,-5.473052118348262,25.06215233791463,17.974140756529298,11.527615425984362,48.1683077172949,62.421647481939075,94.24348250051739,-6.534444261662147,25.96156991101801,17.881792204564213,94.23656936130124,17.789443652599132,17.974140756529298,True,6
v8_l64_t64_d128_p64_lowW8,1;min_L_64;max_L_minus_64;dupL_minL_128;cross_minL_64;lowW_8_L,6,1.0,18.38167171587285,12.454525551737461,44.026370908684854,62.415023857042705,99.69388923700357,3.0959362058118647e-12,25.714918134988814,19.964429552956616,14.24817181829558,46.355671342201695,64.35372908650763,118.66165121217284,0.9642324756779591,27.433410346694988,20.23969144788428,13.006207249584067,51.36045204504525,67.17700106743028,125.3604104838554,-1.5339411012462012,28.613883498103625,20.10206050042045,122.01103084801412,19.964429552956616,20.239691447884276,True,5
v8_l64_t64_d128_p64_lowW8,1;min_L_64;max_L_minus_64;dupL_minL_128;cross_minL_64;lowW_8_L,6,1.5,17.346246102974952,11.621304282166944,42.81251301234651,59.023236037849045,94.140922538624,-3.573920414986674,24.692224590146683,18.48422862274951,12.88771796601116,43.816905834811564,61.753963778884604,99.81323849562472,-2.7788685234602886,25.820455177657358,18.965383835891103,12.322572670973141,50.068664190799865,64.32932763483448,109.02308289212024,-4.509784053987528,27.185036482756885,18.724806229320308,104.41816069387248,18.48422862274951,18.9653838358911,True,5
v8_l64_t64_d128_p64_lowW8,1;min_L_64;max_L_minus_64;dupL_minL_128;cross_minL_64;lowW_8_L,6,2.0,16.90295466963253,10.987250963622552,41.22173185454422,59.2752660908969,94.26390466766729,-5.986903182064716,24.468149055587947,17.802822873419444,11.955812851313597,43.09200194656527,59.16007154492825,94.25316271553524,-5.304580148165716,25.238935977004108,18.156807265554928,11.511158496929175,47.89101070707713,62.470113626325485,94.29165020654442,-6.4876708233407285,26.276622879186274,17.979815069487188,94.27240646103982,17.802822873419448,18.15680726555493,True,5
v8_l64_t64_d128_p64_lowW16,1;min_L_64;max_L_minus_64;dupL_minL_128;cross_minL_64;lowW_16_L,6,1.0,18.587841462512003,12.120466767086707,44.852414773890665,62.250265475972505,101.61727064840953,-7.359192620372467e-13,26.085760051609853,20.24417600488166,13.859206360235682,46.08509195053519,65.3920243688794,123.91114492552782,1.2268509826314586,28.004576423900573,20.658564950765598,13.283238781314877,53.061582327750585,67.64250317552452,128.59268123090936,-1.267135626924589,29.16987294370317,20.45137047782363,126.25191307821859,20.244176004881655,20.658564950765594,True,5
v8_l64_t64_d128_p64_lowW16,1;min_L_64;max_L_minus_64;dupL_minL_128;cross_minL_64;lowW_16_L,6,1.5,17.506733041434607,11.545775146474163,43.469197107091965,61.02628278430323,94.20052607869327,-3.687610225492151,25.05145700497152,18.67866408609289,12.884124021604881,45.936399055375276,62.61564892525139,100.18803813434438,-2.6943237036433834,26.25159143598194,19.282920939096684,12.372257219134365,50.61149062686082,65.71206078390702,108.35404579661447,-4.408098268356806,27.626592641394982,18.98079251259479,104.27104196547943,18.67866408609289,19.28292093909668,True,5
v8_l64_t64_d128_p64_lowW16,1;min_L_64;max_L_minus_64;dupL_minL_128;cross_minL_64;lowW_16_L,6,2.0,17.07167316405315,10.871962293565058,42.61826728637418,61.567138152980895,94.3176847933123,-6.162871052651825,24.82513051859172,17.980335752387838,11.974206202212928,43.94287313585505,61.7556111011816,94.3067884768978,-5.336251993606444,25.612146299047247,18.44676806969841,11.580616705815617,49.06014211154527,64.12587388743437,94.3709111698741,-6.515455539433574,26.68579273380245,18.213551911043126,94.33884982338594,17.980335752387845,18.44676806969841,True,5
v8_l64_t64_d128_p64_wl3072,1;min_L_64;max_L_minus_64;dupL_minL_128;cross_minL_64;max_WL_minus_3072,6,1.0,19.027789914887485,12.63683058784294,45.83846740552003,63.5189490655458,94.09743870616468,2.499036174684203e-13,26.5480261824382,20.522324271771645,14.081370642233082,48.00638460368882,66.31311545930322,110.48363805431971,0.36395817603218056,28.179689434168303,21.457501502829647,13.712447845852694,56.11188976451744,68.99465242901785,120.73859002620515,-1.531263975257128,30.096552440658375,20.989912887300648,115.61111404026244,20.522324271771645,21.457501502829647,True,6
v8_l64_t64_d128_p64_wl3072,1;min_L_64;max_L_minus_64;dupL_minL_128;cross_minL_64;max_WL_minus_3072,6,1.5,17.934693442848946,12.051161098993578,45.1786749661007,64.18402125544942,94.27634484545041,-3.8771862105139143,25.571789603961932,19.184498988823204,13.323064453714217,46.72352268874966,65.32061633501381,94.29888822861763,-3.2921941701702644,26.8442397245108,19.860669779545077,12.937192948178154,55.12255803863406,68.33073410103461,99.1862481527767,-4.78900812288508,28.38060902896072,19.522584384184142,96.74256819069717,19.184498988823204,19.860669779545074,True,6
v8_l64_t64_d128_p64_wl3072,1;min_L_64;max_L_minus_64;dupL_minL_128;cross_minL_64;max_WL_minus_3072,6,2.0,17.52075759188223,11.195124597662364,43.21242132625575,64.4561235003921,94.38265266084215,-6.434518227865185,25.366352177372498,18.573962585052975,12.394724376220134,44.99860726635585,65.18742320366079,94.3747979322847,-5.966744097497089,26.25458348522279,18.96672970255769,12.00040588873496,52.744718223541376,66.27523479948181,94.44352358308842,-6.954938089016944,27.388100635983402,18.770346143805334,94.40916075768655,18.573962585052975,18.966729702557696,True,6
v8_l64_t64_d128_p64_wl3072_lowW2,1;min_L_64;max_L_minus_64;dupL_minL_128;cross_minL_64;max_WL_minus_3072;lowW_2_L,7,1.0,18.13338629010786,12.302149211902996,43.77257446868512,61.13456775359615,117.3587250920455,2.565235808450672e-13,25.619075393407005,19.85325496642611,14.250347042648865,45.69658273629142,65.93437378116658,122.52149825882283,0.5744726634861381,27.431118027783203,20.674409252921787,13.34315909366715,54.209870347452316,68.66957191382158,118.46903407252415,-3.9825757996143962,29.19144461189648,20.26383210967395,120.49526616567348,19.85325496642611,20.674409252921787,True,7
v8_l64_t64_d128_p64_wl3072_lowW2,1;min_L_64;max_L_minus_64;dupL_minL_128;cross_minL_64;max_WL_minus_3072;lowW_2_L,7,1.5,17.20582835029949,11.31286012975386,44.02492340800343,61.26677826603586,94.34550565891638,-3.583715999340906,24.66966358022703,18.473181314174635,12.95683604972152,45.73333412552523,63.19660852317299,94.32160585440944,-2.9354512849028205,25.90493191390252,19.51916956056402,12.785078376327302,52.82314157699436,68.35072895215043,98.8117747147192,-6.560532588445728,27.942230838719862,18.996175437369327,96.56669028456432,18.47318131417464,19.51916956056402,True,7
v8_l64_t64_d128_p64_wl3072_lowW2,1;min_L_64;max_L_minus_64;dupL_minL_128;cross_minL_64;max_WL_minus_3072;lowW_2_L,7,2.0,16.851721808266724,11.141391271413609,41.80315234067514,59.99464541635523,94.43999386137743,-5.985616968804452,24.46552057243837,17.906832315242195,12.00339417807299,43.93241534805231,61.65153092935588,94.43067826309345,-5.5277445842411375,25.332552214365712,18.80859055486392,12.178405852403678,50.805685467123006,67.46584704411588,94.51770948486454,-8.258120752792891,27.185033653113766,18.357711435053055,94.474193873979,17.906832315242198,18.808590554863915,True,7
v8_l64_t64_d128_p64_wl3072_lowW4,1;min_L_64;max_L_minus_64;dupL_minL_128;cross_minL_64;max_WL_minus_3072;lowW_4_L,7,1.0,18.10233631914332,12.577454167147106,43.27490647492653,60.41325182658052,100.11136182576288,3.1968906473057304e-13,25.288915205705642,19.757841553456924,14.643818731204806,44.27108628868653,63.26156313186702,114.76583312713848,0.6157435519020914,26.994696910046983,19.663557225891115,13.243940569943819,48.647880479253956,65.39622277702846,116.20439630226636,-1.6498725256503688,27.801490765226745,19.71069938967402,115.48511471470242,19.75784155345692,19.663557225891115,True,6
v8_l64_t64_d128_p64_wl3072_lowW4,1;min_L_64;max_L_minus_64;dupL_minL_128;cross_minL_64;max_WL_minus_3072;lowW_4_L,7,1.5,17.121949771873577,11.547963979787035,41.93710033120492,58.75452359781809,94.08675388970651,-3.486563630451187,24.335100639126594,18.286182067177524,13.23116571132692,43.34044049855845,60.791148722061806,94.06265669588352,-2.8203853260397556,25.422730802506273,18.54720705258473,11.956606532723274,48.047581126581875,64.21215795237185,97.74922670951511,-4.540956807771161,26.528266426401686,18.41669455988113,95.90594170269932,18.28618206717752,18.547207052584728,True,6
v8_l64_t64_d128_p64_wl3072_lowW4,1;min_L_64;max_L_minus_64;dupL_minL_128;cross_minL_64;max_WL_minus_3072;lowW_4_L,7,2.0,16.756561814107958,11.23029525546972,40.100991353191155,57.335736389491345,94.22044467275106,-5.823863888583139,24.132683001653554,17.710712655289612,12.08340407094693,42.78000850323304,58.51023884807616,94.21174404895982,-5.358829900474247,24.930746593534288,17.905656091153094,11.510405900308173,46.81670785023937,62.24504975169495,94.22501288760023,-6.4714160110395005,25.826451429287317,17.80818437322135,94.21837846828002,17.710712655289612,17.905656091153094,True,7
v8_l64_t64_d128_p64_wl3072_lowW8,1;min_L_64;max_L_minus_64;dupL_minL_128;cross_minL_64;max_WL_minus_3072;lowW_8_L,7,1.0,18.168224653596457,12.497521353121698,44.91077613944469,61.25451935427105,97.34964830650287,-2.0383970563925235e-13,25.49222568983196,19.869830818586507,14.361889256306304,46.84616427104026,64.36929200828874,115.33567519515509,0.685049456100089,27.342293185708183,20.02317945784414,13.107437748642091,48.965782602515006,66.68874490943956,115.89403469945849,-1.3268913815286862,28.220138352615088,19.946505138215322,115.61485494730678,19.869830818586507,20.023179457844133,True,6
v8_l64_t64_d128_p64_wl3072_lowW8,1;min_L_64;max_L_minus_64;dupL_minL_128;cross_minL_64;max_WL_minus_3072;lowW_8_L,7,1.5,17.138387234055315,11.46079936013077,41.914721887399324,59.1060878714852,94.11414901756953,-3.564826874411009,24.53814935513764,18.31323717425932,13.105360730651006,42.579737479765214,61.612371432832056,94.08885139966655,-2.861838562149492,25.649468415944465,18.716495587033798,12.057624168112246,48.117078703043546,64.22473314827418,97.76170144002091,-4.346522684615029,26.829436662667494,18.51486638064656,95.92527641984373,18.313237174259317,18.716495587033794,True,6
v8_l64_t64_d128_p64_wl3072_lowW8,1;min_L_64;max_L_minus_64;dupL_minL_128;cross_minL_64;max_WL_minus_3072;lowW_8_L,7,2.0,16.750222193908822,10.918407331152412,40.07891275322371,59.37652751239783,94.24759340287831,-5.924531020196746,24.340359529385744,17.70418081979877,11.86871755851902,42.544193227412585,59.6867902115688,94.23875920632916,-5.415587181175765,25.128761804838717,17.97496939297716,11.417386193677338,46.853635680033214,63.12934986533244,94.27031748300848,-6.317278578515255,26.082110070079256,17.839575106387965,94.25453834466882,17.70418081979877,17.97496939297716,True,6
v8_l64_t64_d128_p64_wl3072_lowW16,1;min_L_64;max_L_minus_64;dupL_minL_128;cross_minL_64;max_WL_minus_3072;lowW_16_L,7,1.0,18.399809979558693,12.338101496967045,45.21895836546772,60.791055792025745,101.18757782195655,1.9385459421280995e-12,25.88185296186199,20.159733711891846,13.997651890989149,47.198609933089074,65.48038903514536,123.47387982803247,0.9458245692427066,27.950075176320787,20.51258826755303,13.412678094431051,50.89226668765955,67.95910212893259,127.99833590309908,-1.1418241809043024,28.883596380386923,20.336160989722437,125.73610786556577,20.15973371189185,20.512588267553035,True,6
v8_l64_t64_d128_p64_wl3072_lowW16,1;min_L_64;max_L_minus_64;dupL_minL_128;cross_minL_64;max_WL_minus_3072;lowW_16_L,7,1.5,17.31883189405108,11.245333349876685,43.025959082880746,61.051608363974836,94.17543871934872,-3.6804059181800874,24.911443418032277,18.530561167850337,13.062256902986896,45.18253215138766,62.71725006035308,98.20836716012276,-2.7655430535681047,26.119191473456414,19.10624179721286,12.214078568851717,48.935378297764665,65.33502271748624,105.12443122339046,-4.337065295683679,27.383487548923657,18.8184014825316,101.66639919175661,18.530561167850337,19.106241797212867,True,6
v8_l64_t64_d128_p64_wl3072_lowW16,1;min_L_64;max_L_minus_64;dupL_minL_128;cross_minL_64;max_WL_minus_3072;lowW_16_L,7,2.0,16.94290756857798,10.824488248812681,41.80559248192229,61.65929317728945,94.30273019725857,-6.1058803151130965,24.710079552917772,17.891151562716235,11.916506800310062,43.61427065808024,61.79312831911505,94.29369665831337,-5.40759811778901,25.520640326423145,18.317881924262263,11.48115032961261,47.531104374576785,64.46570595231292,94.35305028038124,-6.418878955461926,26.572513356812415,18.10451674348925,94.3233734693473,17.89115156271624,18.317881924262263,True,6
v8_screen_page,1;min_L_32;max_L_minus_32;dupL_minL_128;cross_minL_32;lowW_4_L;page_count,7,1.0,16.53731214886368,10.965509596240015,39.5310062364814,62.679395346091326,103.26190751952105,1.2357264969740872e-13,24.374009674121325,17.99093440794699,12.682063206539851,43.47235639193703,64.45780992356775,112.27562933536035,0.07114702044688184,25.761871897565776,18.315305939684144,11.283980582920329,51.57585255738543,67.19739874076399,120.65763891668495,-1.8569059120952809,27.136018858616893,18.153120173815566,116.46663412602265,17.990934407946988,18.315305939684144,True,6
v8_screen_page,1;min_L_32;max_L_minus_32;dupL_minL_128;cross_minL_32;lowW_4_L;page_count,7,1.5,15.620143758732157,10.050398487302019,37.746379083976066,60.29164387825559,94.17999965482322,-3.1129083079717086,23.435232150355297,16.736601961764983,11.051523790641937,41.82563206295044,61.36164067064637,94.16421318737244,-3.190053585273562,24.447437317039977,17.257998857272597,10.614219786326151,50.56058819946789,65.27508133917446,103.32115249327605,-4.250307213208023,25.85579366758079,16.99730040951879,98.74268284032425,16.736601961764983,17.257998857272593,True,6
v8_screen_page,1;min_L_32;max_L_minus_32;dupL_minL_128;cross_minL_32;lowW_4_L;page_count,7,2.0,15.225233586792648,9.73039697421601,37.546683256591386,59.55223481024735,94.27727788088771,-5.387518165999801,23.211027909164606,16.079799930316657,10.261010971370744,40.14714291582203,59.86950238735006,94.26885415264191,-5.313481690161103,23.88219321415039,16.509751819833493,10.49716777809293,49.28274511025598,63.18364194179689,94.27967410211767,-6.0629695618251755,24.97743950571545,16.294775875075075,94.27426412737978,16.079799930316657,16.509751819833493,True,6
v8_screen_bank,1;min_L_32;max_L_minus_32;dupL_minL_128;cross_minL_32;lowW_4_L;bank_pairs_g2048_b8;bank_worst_g2048_b8,8,1.0,16.53731214886366,10.965509596239976,39.53100623648033,62.67939534608982,103.26190751952157,1.0812606848523265e-13,24.37400967412124,17.994064218835533,12.682063206537775,43.47235639193845,64.4591161237246,112.2756293353551,0.06271751816487077,25.763883198605825,18.324466089506167,11.284875432911512,51.57585255739727,67.19739874076396,120.66352628907708,-1.8545482257198753,27.145266376856807,18.15926515417085,116.4695778122161,17.994064218835533,18.324466089506164,True,6
v8_screen_bank,1;min_L_32;max_L_minus_32;dupL_minL_128;cross_minL_32;lowW_4_L;bank_pairs_g2048_b8;bank_worst_g2048_b8,8,1.5,15.62014375873219,10.050398487302047,37.74637908397606,60.29164387825574,94.17999965482319,-3.1129083079713715,23.4352321503553,16.736601961764013,11.051523790642065,41.82563206295,61.36164067064632,94.16421318737245,-3.190053585275801,24.447437317038194,17.257998857272796,10.614219786326835,50.56058819948006,65.27508133917918,103.32115249326507,-4.250307213209313,25.855793667581228,16.997300409518402,98.74268284031876,16.736601961764013,17.2579988572728,True,6
v8_screen_bank,1;min_L_32;max_L_minus_32;dupL_minL_128;cross_minL_32;lowW_4_L;bank_pairs_g2048_b8;bank_worst_g2048_b8,8,2.0,15.22523358679257,9.730396974216438,37.5466832565946,59.552234810247455,94.27727788088774,-5.387518166000734,23.211027909164606,16.07979993031567,10.26101097137197,40.14714291582107,59.86950238735025,94.2688541526419,-5.313481690163774,23.882193214149133,16.509751819833628,10.497167778092276,49.282745110267754,63.18364194180167,94.27967410211767,-6.062969561826772,24.977439505715772,16.29477587507465,94.27426412737978,16.07979993031567,16.509751819833628,True,6
v8_screen_K,1;K;min_L_32;max_L_minus_32;dup;dupL_minL_128;cross_minL_32;lowW_4_L,8,1.0,16.53731214886366,10.965509596239976,39.53100623648033,62.679395346089834,103.26190751952157,1.0978105932939437e-13,24.37400967412124,17.990934407946714,12.682063206537762,43.47235639193845,64.45780992356782,112.2756293353551,0.07114702044672021,25.761871897565513,18.31530593968492,11.283980582920648,51.57585255739727,67.19739874076396,120.65763891668549,-1.856905912096651,27.136018858618137,18.153120173815815,116.4666341260203,17.99093440794671,18.315305939684922,True,6
v8_screen_K,1;K;min_L_32;max_L_minus_32;dup;dupL_minL_128;cross_minL_32;lowW_4_L,8,1.5,15.62014375873219,10.050398487302054,37.74637908397606,60.291643878255734,94.17999965482319,-3.1129083079713693,23.4352321503553,16.736601961764986,11.051523790642065,41.82563206295,61.36164067064632,94.16421318737245,-3.1900535852738416,24.447437317039878,17.257998857272796,10.614219786326823,50.56058819948005,65.27508133917917,103.32115249326507,-4.250307213209313,25.855793667581228,16.997300409518893,98.74268284031876,16.736601961764986,17.2579988572728,True,6
v8_screen_K,1;K;min_L_32;max_L_minus_32;dup;dupL_minL_128;cross_minL_32;lowW_4_L,8,2.0,15.22523358679257,9.730396974216438,37.546683256594605,59.552234810247455,94.27727788088774,-5.387518166000734,23.211027909164606,16.079799930316568,10.261010971370993,40.14714291582188,59.869502387350224,94.2688541526419,-5.313481690161676,23.88219321415032,16.509751819833628,10.497167778092276,49.282745110267754,63.18364194180167,94.27967410211767,-6.062969561826774,24.977439505715772,16.294775875075096,94.27426412737978,16.079799930316568,16.509751819833628,True,6
