mode,num_warps,block,stride,target_col,target_ns,pred_ns,relative_error,abs_pct_error,target_spread,n_samples,n_dropped,flagged_discordant
simt,1,4,1,target_ns,132.70566860834757,150.3220583822857,0.13274783178953076,13.274783178953076,1.0133944741088623,5,0,0
simt,1,4,2,target_ns,132.28534162044525,150.3220583822857,0.13634705509240486,13.634705509240487,1.0048916466898117,5,0,0
simt,1,4,3,target_ns,132.67849882443747,150.3220583822857,0.13297979487388156,13.297979487388156,1.0138520986073805,5,0,0
simt,1,4,4,target_ns,132.69183039665222,150.3220583822857,0.1328659641888419,13.286596418884189,1.0105553151217488,5,0,0
simt,1,4,5,target_ns,132.58533676465353,150.3220583822857,0.13377589144051316,13.377589144051317,1.010529917684063,5,0,0
simt,1,4,6,target_ns,132.53801067670187,150.3220583822857,0.1341807351323856,13.41807351323856,1.0137543301725016,5,0,0
simt,1,4,7,target_ns,132.38349556922913,150.3220583822857,0.1355045259677079,13.55045259677079,1.0130685014791794,5,0,0
simt,1,4,8,target_ns,132.60250290234885,150.3220583822857,0.13362911779263986,13.362911779263985,1.0067819146339798,5,0,0
simt,1,4,9,target_ns,132.9279989004135,150.3220583822857,0.13085324104595442,13.085324104595442,1.002942121775135,5,0,0
simt,1,4,10,target_ns,132.83300896485648,150.3220583822857,0.13166192314484326,13.166192314484327,1.007689898955437,5,0,0
simt,1,4,11,target_ns,148.01249901453653,153.9598246163654,0.04018123902660942,4.018123902660942,1.010960538791816,5,0,0
simt,1,4,12,target_ns,148.0925033489863,153.9598246163654,0.039619299658622875,3.9619299658622875,1.0110775537777268,5,0,0
simt,1,4,16,target_ns,147.52265810966492,153.9598246163654,0.04363510384903213,4.363510384903213,1.009015334950819,5,0,0
simt,1,4,20,target_ns,147.70101010799408,153.9598246163654,0.04237489306129394,4.237489306129394,1.0054803584654646,5,0,0
simt,1,4,24,target_ns,164.22932843367258,157.68559352306346,-0.03984510545722619,3.9845105457226193,1.008063664132378,5,0,0
simt,1,4,32,target_ns,179.61051066716513,161.49936510237984,-0.10083566656267084,10.083566656267084,1.007015566608809,5,0,0
simt,1,4,40,target_ns,179.08933262030283,161.49936510237984,-0.09821895732459085,9.821895732459085,1.0139840422714683,5,0,0
simt,1,4,48,target_ns,178.78582576910654,161.49936510237984,-0.09668809365822628,9.668809365822629,1.0092045761743518,5,0,0
simt,1,4,64,target_ns,179.24932142098746,161.49936510237984,-0.09902384108288931,9.902384108288931,1.0122001535819716,5,0,0
simt,1,4,96,target_ns,164.26400343577066,161.49936510237984,-0.01683045752913137,1.683045752913137,1.0137649259281336,5,0,0
simt,1,4,128,target_ns,155.03783027331033,161.49936510237984,0.04167714949105461,4.167714949105461,1.0137443035550304,5,0,0
simt,1,4,192,target_ns,151.05033914248148,161.49936510237984,0.06917578615988473,6.917578615988473,1.0103967530127838,5,0,0
simt,1,4,256,target_ns,144.0646549065908,161.49936510237984,0.12102003928092864,12.102003928092863,1.0020776144604506,5,0,0
simt,1,8,1,target_ns,132.68166780471802,150.2969147615376,0.1327632313361169,13.27632313361169,1.0077174662871444,5,0,0
simt,1,8,2,target_ns,132.98383355140686,150.2969147615376,0.1301893677432462,13.018936774324619,1.0168451797772655,5,0,0
simt,1,8,3,target_ns,133.09182723363242,150.2969147615376,0.12927230683896918,12.927230683896918,1.0048042219133038,5,0,0
simt,1,8,4,target_ns,133.05999338626862,150.2969147615376,0.12954247882179581,12.954247882179581,1.0076008111761785,5,0,0
simt,1,8,5,target_ns,147.4480777978897,153.85925013337305,0.04348088107510817,4.348088107510817,1.0076296476298292,4,1,1
simt,1,8,6,target_ns,147.83350626627603,153.85925013337305,0.04076033924436273,4.076033924436273,1.0039928248988466,5,0,0
simt,1,8,7,target_ns,147.89449671904245,153.85925013337305,0.04033113839024005,4.033113839024005,1.006883537597667,5,0,0
simt,1,8,8,target_ns,147.8965034087499,153.85925013337305,0.040317022966686045,4.0317022966686045,1.0131568061900915,5,0,0
simt,1,8,9,target_ns,147.6731722553571,153.85925013337305,0.041890329729755926,4.189032972975593,1.0124368307582219,4,1,1
simt,1,8,10,target_ns,164.05116021633148,157.45930093633064,-0.0401817291100427,4.018172911004269,1.0052859597916575,5,0,0
simt,1,8,11,target_ns,163.954829176267,157.45930093633064,-0.03961779151349698,3.961779151349698,1.0081458721346483,5,0,0
simt,1,8,12,target_ns,164.40667708714804,157.45930093633064,-0.04225726274568986,4.225726274568986,1.0071904533556355,5,0,0
simt,1,8,16,target_ns,179.07283206780752,161.09706717041036,-0.10038242367547123,10.038242367547124,1.0075012592131807,5,0,0
simt,1,8,20,target_ns,192.4903243780136,164.7725488356122,-0.14399568202695257,14.399568202695257,1.009046778235879,5,0,0
simt,1,8,24,target_ns,195.81933319568634,168.4857459319362,-0.1395857437448993,13.95857437448993,1.0116332256506493,5,0,0
simt,1,8,32,target_ns,199.58767294883728,176.02528641795067,-0.11805531966358784,11.805531966358785,1.0061266787328373,5,0,0
simt,1,8,40,target_ns,196.81917130947113,176.02528641795067,-0.10564969231998711,10.564969231998711,1.0058964227796803,5,0,0
simt,1,8,48,target_ns,196.05515897274017,176.02528641795067,-0.10216447585332089,10.216447585332089,1.014956593647275,5,0,0
simt,1,8,64,target_ns,186.39567494392395,176.02528641795067,-0.05563642251405865,5.563642251405865,1.004157953342205,5,0,0
simt,1,8,96,target_ns,169.64416205883026,176.02528641795067,0.03761475951590665,3.761475951590665,2.032682319865793,5,0,1
simt,1,8,128,target_ns,164.08600409825644,176.02528641795067,0.07276234426761263,7.276234426761263,1.0071977444755351,5,0,0
simt,1,8,192,target_ns,241.43733084201813,246.70766624197012,0.02182899960652973,2.182899960652973,2.078643974184032,5,0,1
simt,1,8,256,target_ns,151.85149013996124,246.70766624197012,0.6246641110639093,62.46641110639093,1.00949514044539,5,0,0
simt,1,16,1,target_ns,133.24766357739767,150.28434295116355,0.12785724654654085,12.785724654654086,1.023297686942137,5,0,0
simt,1,16,2,target_ns,133.80666077136993,150.28434295116355,0.12314545542653055,12.314545542653054,1.0118300622785528,5,0,0
simt,1,16,3,target_ns,147.79032766819,153.80896289187686,0.040724148316387376,4.072414831638738,1.0036180607380156,5,0,0
simt,1,16,4,target_ns,147.61017759641013,153.80896289187686,0.041994294678075805,4.1994294678075805,1.0095858635191393,5,0,0
simt,1,16,5,target_ns,165.36816457907358,157.3461546429642,-0.04851000164710373,4.851000164710372,2.2309159160720036,5,0,1
simt,1,16,6,target_ns,164.04516994953156,157.3461546429642,-0.04083640687883894,4.083640687883894,3.781278647905385,5,0,1
simt,1,16,7,target_ns,421.6821566224098,160.8959182044256,-0.6184426690159956,61.84426690159957,3.7136933957377214,4,1,1
simt,1,16,8,target_ns,179.15865778923035,160.8959182044256,-0.10193612639300842,10.193612639300841,1.0038176395857918,5,0,0
simt,1,16,9,target_ns,193.77266863981882,164.45825357626103,-0.15128250681238697,15.128250681238697,1.0048570165848953,5,0,0
simt,1,16,10,target_ns,193.57783099015555,164.45825357626103,-0.15042826580371904,15.042826580371905,2.763475798151691,5,0,1
simt,1,16,11,target_ns,195.29532392819723,168.03316075847053,-0.1395945515815319,13.959455158153188,1.00614055365202,5,0,0
simt,1,16,12,target_ns,196.08434041341147,168.03316075847053,-0.14305670506782775,14.305670506782775,1.0230017813589676,5,0,0
simt,1,16,16,target_ns,200.13567308584848,175.22069055401164,-0.12449046263306351,12.449046263306352,1.010294321240956,5,0,0
simt,1,16,20,target_ns,201.15000009536743,182.45850759104897,-0.09292315433982912,9.292315433982912,1.0156487054982897,5,0,0
simt,1,16,24,target_ns,203.788494070371,189.74661186958247,-0.06890419532684544,6.890419532684544,1.0064233233772235,5,0,0
simt,1,16,32,target_ns,210.5971723794937,204.473682151138,-0.029076792243540872,2.907679224354087,1.0081436840581346,5,0,0
simt,1,16,40,target_ns,207.31200774510702,204.473682151138,-0.013691081500010305,1.3691081500010305,1.831721206195556,5,0,1
simt,1,16,48,target_ns,205.24167021115622,204.473682151138,-0.0037418720049787746,0.37418720049787746,1.868669238470602,5,0,1
simt,1,16,64,target_ns,198.04867108662924,204.473682151138,0.032441576251215354,3.2441576251215354,1.0309857981779385,5,0,0
simt,1,16,96,target_ns,519.5928166309992,345.8384417991769,-0.3344048825740753,33.44048825740753,1.2112213841584414,5,0,0
simt,1,16,128,target_ns,493.8251773516337,345.8384417991769,-0.29967434294481343,29.967434294481343,1.1793090418357395,5,0,0
simt,1,16,192,target_ns,457.66401787598926,345.8384417991769,-0.24433989063809936,24.433989063809936,1.0271482549550093,5,0,0
simt,1,16,256,target_ns,412.2628370920817,345.8384417991769,-0.16112147231468377,16.112147231468377,1.3200971848399956,5,0,0
simt,1,32,1,target_ns,131.81284070014954,150.27805704597654,0.14008662773478986,14.008662773478985,1.0076419759555577,5,0,0
simt,1,32,2,target_ns,147.8855013847351,153.78381927112878,0.03988435533682755,3.988435533682755,1.0052884786126837,5,0,0
simt,1,32,3,target_ns,164.14165993531546,157.289581496281,-0.0417449076714268,4.1744907671426805,1.0082143789675635,5,0,0
simt,1,32,4,target_ns,178.6475032567978,160.79534372143323,-0.0999295215993189,9.992952159931889,1.0095937689156531,5,0,0
simt,1,32,5,target_ns,194.00899857282639,164.30110594658547,-0.15312636447164218,15.312636447164218,1.0104065577097725,4,1,1
simt,1,32,6,target_ns,387.3640100161235,167.80686817173768,-0.5667979888871117,56.679798888711176,4.039312786720746,5,0,1
simt,1,32,7,target_ns,197.92024791240692,171.31263039688992,-0.1344360559172939,13.44360559172939,3.746203352698293,4,1,1
simt,1,32,8,target_ns,199.3863433599472,174.81839262204215,-0.12321782085924082,12.321782085924083,3.817488383836174,5,0,1
simt,1,32,9,target_ns,200.08132855097452,178.3241548471944,-0.10874164951497245,10.874164951497246,1.002994379905803,5,0,0
simt,1,32,10,target_ns,201.77750289440155,181.82991707234663,-0.09885931551296034,9.885931551296034,1.3290273429106625,5,0,0
simt,1,32,11,target_ns,201.95616285006204,185.33567929749884,-0.08229748138412951,8.229748138412951,1.0178167153698223,5,0,0
simt,1,32,12,target_ns,203.69999607404074,188.84144152265108,-0.07294332271851822,7.294332271851822,1.0078737916100988,5,0,0
simt,1,32,16,target_ns,210.85499227046967,202.86449042326,-0.03789572047201051,3.789572047201051,1.0043205300610034,5,0,0
simt,1,32,20,target_ns,216.1226620276769,216.88753932386894,0.0035390888165818257,0.3539088816581826,1.805400538070393,5,0,1
simt,1,32,24,target_ns,221.63533171017966,230.91058822447786,0.04184917829990642,4.184917829990642,1.8494445903014176,5,0,1
simt,1,32,32,target_ns,233.00500710805258,258.9566860256957,0.11137820272509602,11.137820272509602,1.0078973120529242,5,0,0
simt,1,32,40,target_ns,554.7118584314982,541.6862053217735,-0.02348183640161572,2.348183640161572,1.1668643888736707,5,0,0
simt,1,32,48,target_ns,570.4779823621114,541.6862053217735,-0.05046956750394327,5.046956750394327,1.1905835301736012,5,0,0
simt,1,32,64,target_ns,561.6889844338099,541.6862053217735,-0.035611841546437706,3.5611841546437706,1.170400381108568,5,0,0
simt,1,32,96,target_ns,503.34516167640686,541.6862053217735,0.07617246884358764,7.617246884358764,1.0410434792803682,5,0,0
simt,1,32,128,target_ns,517.2461668650309,541.6862053217735,0.0472503036704377,4.72503036704377,1.118434676729144,5,0,0
simt,1,32,192,target_ns,574.5654950539271,541.6862053217735,-0.05722461584482652,5.722461584482652,1.0057554476197823,5,0,0
simt,1,32,256,target_ns,484.61267352104187,541.6862053217735,0.11777143875758234,11.777143875758235,1.0037062360538032,5,0,0
simt,1,64,1,target_ns,150.3638376792272,153.78381927112878,0.022744708067357733,2.2744708067357733,1.006644623364523,5,0,0
simt,1,64,2,target_ns,176.97099844614664,160.79534372143323,-0.09140285621226107,9.140285621226107,1.0098792234806213,5,0,0
simt,1,64,3,target_ns,202.52449810504913,167.80686817173768,-0.17142434746488533,17.142434746488533,1.0159040940041164,5,0,0
simt,1,64,4,target_ns,197.88766900698343,174.81839262204215,-0.11657763467882964,11.657763467882965,1.0066843819159685,5,0,0
simt,1,64,5,target_ns,207.90083209673563,181.82991707234663,-0.1254007247660186,12.54007247660186,1.0038253031464337,5,0,0
simt,1,64,6,target_ns,209.45016046365103,188.84144152265108,-0.09839438124744948,9.839438124744948,1.0094162170141605,5,0,0
simt,1,64,7,target_ns,216.13567074139914,195.85296597295553,-0.09384246801496898,9.384246801496898,1.0083827294939025,5,0,0
simt,1,64,8,target_ns,210.26483178138733,202.86449042326,-0.03519533578407186,3.5195335784071857,1.0154054389981317,5,0,0
simt,1,64,9,target_ns,219.9329932530721,209.8760148735645,-0.045727465582825366,4.572746558282537,1.0080849133673997,5,0,0
simt,1,64,10,target_ns,222.85966078440347,216.88753932386894,-0.02679767814199463,2.679767814199463,1.008977684184745,5,0,0
simt,1,64,11,target_ns,225.20749270915985,223.89906377417338,-0.00580988189711884,0.580988189711884,1.0036931357317904,5,0,0
simt,1,64,12,target_ns,235.917662580808,230.91058822447786,-0.02122382148735935,2.122382148735935,1.0033054553176293,5,0,0
simt,1,64,16,target_ns,232.51632849375406,258.9566860256957,0.11371398173720904,11.371398173720904,1.0029568930819648,5,0,0
simt,1,64,20,target_ns,582.5333297252655,555.0608647395302,-0.047160331579125025,4.716033157912502,1.1621459196944592,5,0,0
simt,1,64,24,target_ns,611.597458521525,568.4355241572869,-0.07057245539995827,7.057245539995827,1.1819044993189833,5,0,0
simt,1,64,32,target_ns,611.876517534256,595.1848429928004,-0.0272794821555169,2.72794821555169,1.1502269163265517,5,0,0
simt,1,64,40,target_ns,662.0251735051473,595.1848429928004,-0.10096342735496777,10.096342735496776,1.080393800704391,5,0,0
simt,1,64,48,target_ns,568.5854951540629,595.1848429928004,0.046781615193209,4.6781615193209,1.0263759013454625,5,0,0
simt,1,64,64,target_ns,600.967675447464,595.1848429928004,-0.009622534939766614,0.9622534939766614,1.113273730921232,5,0,0
simt,1,64,96,target_ns,642.1438058217367,595.1848429928004,-0.0731284213959581,7.31284213959581,1.00272947711246,5,0,0
simt,1,64,128,target_ns,617.4238622188568,595.1848429928004,-0.03601904718443383,3.601904718443383,1.010438225133118,5,0,0
simt,1,64,192,target_ns,633.6409946282705,595.1848429928004,-0.060690757008281304,6.06907570082813,1.004303233089857,5,0,0
simt,1,64,256,target_ns,487.8073533376058,595.1848429928004,0.2201227368150802,22.01227368150802,1.006077857347003,5,0,0
simt,1,128,1,target_ns,184.6748342116674,160.79534372143323,-0.12930560134070235,12.930560134070234,1.0070458417421895,5,0,0
simt,1,128,2,target_ns,194.0626601378123,174.81839262204215,-0.09916522581986631,9.91652258198663,1.0102328275347379,5,0,0
simt,1,128,3,target_ns,207.93633659680685,188.84144152265108,-0.09183048709365882,9.183048709365881,1.0057250492161984,5,0,0
simt,1,128,4,target_ns,207.96683927377066,202.86449042326,-0.024534434760504542,2.453443476050454,1.0111137086523514,5,0,0
simt,1,128,5,target_ns,221.50482734044394,216.88753932386894,-0.020845089797877914,2.0845089797877914,1.0068157845169643,5,0,0
simt,1,128,6,target_ns,230.83233336607614,230.91058822447786,0.00033901168549732574,0.033901168549732574,1.015067736509972,5,0,0
simt,1,128,7,target_ns,238.45134178797403,244.9336371250868,0.027184981592079716,2.7184981592079716,1.0073563635818195,5,0,0
simt,1,128,8,target_ns,231.0111622015635,258.9566860256957,0.12097044817145663,12.097044817145663,1.0792516090865827,5,0,0
simt,1,128,9,target_ns,598.936011393865,548.3735350306519,-0.08442049801871554,8.442049801871555,1.1393757458033738,5,0,0
simt,1,128,10,target_ns,573.7036565939585,555.0608647395302,-0.03249550816027447,3.2495508160274467,1.1545743516254483,5,0,0
simt,1,128,11,target_ns,582.9640328884125,561.7481944484085,-0.03639304870128235,3.639304870128235,1.1414969510028914,5,0,0
simt,1,128,12,target_ns,580.8706482251486,568.4355241572869,-0.021407733556269792,2.1407733556269792,1.1378281987149086,5,0,0
simt,1,128,16,target_ns,613.3828262488047,595.1848429928004,-0.02966823079689984,2.966823079689984,1.1530379395960226,5,0,0
simt,1,128,20,target_ns,687.4093612035116,621.9341618283138,-0.09524921112590656,9.524921112590656,1.0732623645925994,5,0,0
simt,1,128,24,target_ns,614.7821446259817,648.6834806638273,0.05514365752842476,5.514365752842476,1.0322318043981662,5,0,0
simt,1,128,32,target_ns,695.6663131713867,702.1821183348542,0.009366279551130452,0.9366279551130452,1.0900851646865464,5,0,0
simt,1,128,40,target_ns,748.3963270982107,702.1821183348542,-0.061750982854959835,6.1750982854959835,1.0047512619150367,5,0,0
simt,1,128,48,target_ns,746.5459605058035,702.1821183348542,-0.05942546677352811,5.942546677352811,1.0034145225686257,5,0,0
simt,1,128,64,target_ns,744.1505293051401,702.1821183348542,-0.05639774389393293,5.639774389393293,1.006698971121923,5,0,0
simt,1,128,96,target_ns,741.2114838759104,702.1821183348542,-0.05265618030763042,5.265618030763042,1.0052882302302684,5,0,0
simt,1,128,128,target_ns,646.3742951552073,702.1821183348542,0.08633979351893362,8.633979351893363,1.0080329857847914,5,0,0
simt,1,128,192,target_ns,727.2169788678488,702.1821183348542,-0.03442557209262298,3.442557209262298,1.004838246171676,5,0,0
simt,1,128,256,target_ns,525.6756742795309,702.1821183348542,0.33577061426179866,33.57706142617987,1.0024969287148193,5,0,0
simt,1,256,1,target_ns,204.8344910144806,174.81839262204215,-0.14653830145391122,14.653830145391122,1.0026611819848152,5,0,0
simt,1,256,2,target_ns,281.7393441994985,202.86449042326,-0.2799568303118769,27.99568303118769,1.0117249537732036,5,0,0
simt,1,256,3,target_ns,531.2886834144592,230.91058822447786,-0.5653764225872959,56.53764225872959,1.002420749279539,5,0,0
simt,1,256,4,target_ns,344.0103431542714,258.9566860256957,-0.2472415693920964,24.724156939209642,1.0087131215881813,5,0,0
simt,1,256,5,target_ns,1284.196376800537,555.0608647395302,-0.5677757119028666,56.77757119028666,1.0921947766298408,5,0,0
simt,1,256,6,target_ns,1320.9160168965657,568.4355241572869,-0.5696656586140871,56.96656586140871,1.1004910283588587,5,0,0
simt,1,256,7,target_ns,1515.037735303243,581.8101835750437,-0.615976440706547,61.5976440706547,1.205202062340683,5,0,0
simt,1,256,8,target_ns,1062.118003765742,595.1848429928004,-0.43962456065844746,43.96245606584475,1.1677321987540563,5,0,0
simt,1,256,9,target_ns,1466.197927792867,608.5595024105571,-0.5849404157004581,58.49404157004581,1.092240804011076,5,0,0
simt,1,256,10,target_ns,1351.2343565622966,621.9341618283138,-0.539728871747615,53.972887174761496,1.1256309056689995,5,0,0
simt,1,256,11,target_ns,1576.6449968020122,635.3088212460706,-0.5970501777288488,59.70501777288489,1.023612453630956,5,0,0
simt,1,256,12,target_ns,1592.9921865463257,648.6834806638273,-0.5927892891488686,59.27892891488686,1.085861170759559,5,0,0
simt,1,256,16,target_ns,1132.9119602839153,702.1821183348542,-0.3801971000827966,38.01971000827966,1.1097126032036095,5,0,0
simt,1,256,20,target_ns,1836.3080024719238,755.6807560058811,-0.5884782100885959,58.84782100885959,1.0066633117175798,5,0,0
simt,1,256,24,target_ns,1890.9979462623596,809.179393676908,-0.5720886977818846,57.208869778188465,1.0080711932146909,5,0,0
simt,1,256,32,target_ns,1364.2446796099346,916.1766690189618,-0.32843669268996867,32.84366926899687,1.0055474216605333,5,0,0
simt,1,256,40,target_ns,1855.2921414375305,916.1766690189618,-0.5061819922823134,50.61819922823134,1.0035690002261166,5,0,0
simt,1,256,48,target_ns,1895.3748146692913,916.1766690189618,-0.5166250696547225,51.662506965472254,1.0046409469883302,5,0,0
simt,1,256,64,target_ns,822.1821586290995,916.1766690189618,0.11432321828363201,11.4323218283632,1.0013357296154728,5,0,0
simt,1,256,96,target_ns,1916.5729482968648,916.1766690189618,-0.5219714074368476,52.197140743684756,1.005158169774263,5,0,0
simt,1,256,128,target_ns,736.6618613402048,916.1766690189618,0.24368684887821757,24.368684887821757,1.0044901566827413,5,0,0
simt,1,256,192,target_ns,1344.2564606666565,916.1766690189618,-0.31845098325612453,31.845098325612454,1.0024202096090746,5,0,0
simt,1,256,256,target_ns,618.1081632773081,916.1766690189618,0.48222709786139517,48.22270978613952,1.0020801397799357,5,0,0
simt,1,512,1,target_ns,241.0500099261602,202.86449042326,-0.15841326666859457,15.841326666859457,1.0047971056410527,5,0,0
simt,1,512,2,target_ns,347.1548358599345,258.9566860256957,-0.25405997763437127,25.405997763437128,1.0048928089344442,5,0,0
simt,1,512,3,target_ns,2095.161040623983,568.4355241572869,-0.7286912494382796,72.86912494382796,1.063516666575733,5,0,0
simt,1,512,4,target_ns,1838.1802439689636,595.1848429928004,-0.6762097487743157,67.62097487743158,1.1689974108650085,5,0,0
simt,1,512,5,target_ns,2395.739197731018,621.9341618283138,-0.7403998889289194,74.03998889289194,1.0729948382156238,5,0,0
simt,1,512,6,target_ns,2604.187488555908,648.6834806638273,-0.7509075350701652,75.09075350701652,1.087776023103347,5,0,0
simt,1,512,7,target_ns,2705.265442530314,675.4327994993407,-0.7503266079251769,75.03266079251769,1.079385191522909,5,0,0
simt,1,512,8,target_ns,2045.6840793291726,702.1821183348542,-0.6567494827622082,65.67494827622082,1.1111577289927945,5,0,0
simt,1,512,9,target_ns,2867.870728174845,728.9314371703676,-0.7458283492316718,74.58283492316718,1.0605645925210785,5,0,0
simt,1,512,10,target_ns,2992.2245740890503,755.6807560058811,-0.7474518582095597,74.74518582095597,1.1630936416659126,5,0,0
simt,1,512,11,target_ns,3042.5727367401123,782.4300748413946,-0.7428393197003043,74.28393197003042,1.01302611904093,5,0,0
simt,1,512,12,target_ns,3083.3300352096558,809.179393676908,-0.7375631591699243,73.75631591699243,1.0005939169940308,5,0,0
simt,1,512,16,target_ns,2373.943050702413,916.1766690189618,-0.6140696514400885,61.40696514400885,1.0211965256667976,5,0,0
simt,1,512,20,target_ns,2190.330982208252,1023.1739443610156,-0.5328678849579755,53.28678849579755,1.0014169924885625,5,0,0
simt,1,512,24,target_ns,2165.3695503870645,1130.1712197030693,-0.4780700506751613,47.80700506751613,1.0028031581799635,5,0,0
simt,1,512,32,target_ns,1536.6767048835754,1344.165770387177,-0.12527744702877097,12.527744702877097,1.0041376852054409,5,0,0
simt,1,512,40,target_ns,2127.9553174972534,1344.165770387177,-0.3683298895730164,36.83298895730164,1.001088929043356,5,0,0
simt,1,512,48,target_ns,2127.1868149439492,1344.165770387177,-0.36810168202241544,36.81016820224154,1.0639291122687466,5,0,0
simt,1,512,64,target_ns,1012.214998404185,1344.165770387177,0.32794492524447016,32.794492524447016,1.0038734626999959,5,0,0
simt,1,512,96,target_ns,2123.8868633906045,1344.165770387177,-0.367119881215645,36.711988121564495,1.00211617453768,5,0,0
simt,1,512,128,target_ns,925.331175327301,1344.165770387177,0.452632102135464,45.2632102135464,1.0044742295808777,5,0,0
simt,1,512,192,target_ns,1725.9044249852498,1344.165770387177,-0.2211818042017798,22.11818042017798,1.0097230601914071,5,0,0
simt,1,512,256,target_ns,802.4753133455912,1344.165770387177,0.6750244500148297,67.50244500148297,1.0012808177893275,5,0,0
simt,2,4,1,target_ns,133.005162080129,149.9124801301132,0.12711775833030003,12.711775833030003,1.012359597938494,5,0,0
simt,2,4,2,target_ns,132.81316061814627,149.9124801301132,0.1287471771049069,12.87471771049069,1.0079565645034207,5,0,0
simt,2,4,3,target_ns,133.21949044863382,149.9124801301132,0.12530441022753958,12.530441022753958,1.0171906684654108,5,0,0
simt,2,4,4,target_ns,132.9643279314041,149.9124801301132,0.12746390300601984,12.746390300601984,1.0118765290907004,5,0,0
simt,2,4,5,target_ns,133.68166983127594,149.9124801301132,0.12141388059651503,12.141388059651504,1.015871080772745,5,0,0
simt,2,4,6,target_ns,133.36898883183798,149.9124801301132,0.12404301362091408,12.404301362091408,1.0415935561523189,5,0,0
simt,2,4,7,target_ns,133.58799119790396,149.9124801301132,0.12220027253816057,12.220027253816056,1.0349463220909554,5,0,0
simt,2,4,8,target_ns,132.77733822663626,149.9124801301132,0.1290517051503861,12.905170515038611,1.016678186813867,5,0,0
simt,2,4,9,target_ns,132.547989487648,149.9124801301132,0.13100531143162586,13.100531143162586,1.0182893750037987,5,0,0
simt,2,4,10,target_ns,133.31766923268637,149.9124801301132,0.12447570523051255,12.447570523051255,1.0049325043020236,5,0,0
simt,2,4,11,target_ns,147.9303389787674,153.24124259501284,0.035901382048530994,3.5901382048530994,1.0049856126635492,5,0,0
simt,2,4,12,target_ns,147.95199036598206,153.24124259501284,0.03574978758952141,3.574978758952141,1.0033831534209245,5,0,0
simt,2,4,16,target_ns,148.203507065773,153.24124259501284,0.03399201293532195,3.3992012935321947,1.0096524064503118,5,0,0
simt,2,4,20,target_ns,147.83049623171487,153.24124259501284,0.03660101603675181,3.660101603675181,1.0058580167187041,5,0,0
simt,2,4,24,target_ns,164.1589899857839,156.75858221552315,-0.04508073405484303,4.5080734054843035,1.0086492883126328,5,0,0
simt,2,4,32,target_ns,179.2543331782023,160.46449899164418,-0.10482220347710403,10.482220347710403,1.0054400825229084,5,0,0
simt,2,4,40,target_ns,179.0796567996343,160.46449899164418,-0.10394903665031008,10.394903665031007,1.0073964826337813,5,0,0
simt,2,4,48,target_ns,179.39465741316477,160.46449899164418,-0.10552242020185942,10.552242020185943,1.0134155806054554,5,0,0
simt,2,4,64,target_ns,179.11300559838614,160.46449899164418,-0.10411587111969045,10.411587111969045,1.0143150000442978,5,0,0
simt,2,4,96,target_ns,164.59399461746216,160.46449899164418,-0.02508898113455149,2.508898113455149,1.012072175661325,5,0,0
simt,2,4,128,target_ns,155.1518440246582,160.46449899164418,0.03424164888521486,3.424164888521486,1.0053113596119485,5,0,0
simt,2,4,192,target_ns,151.62050227324167,160.46449899164418,0.05832982074194937,5.832982074194937,1.0080437582658546,5,0,0
simt,2,4,256,target_ns,144.2173272371292,160.46449899164418,0.11265755693697299,11.2657556936973,1.0049491896848997,5,0,0
simt,2,8,1,target_ns,133.34266344706217,149.86219288861702,0.12388780165706836,12.388780165706837,6.182284618316347,5,0,1
simt,2,8,2,target_ns,783.5960388183594,149.86219288861702,-0.808750701299352,80.8750701299352,6.7642564637211295,5,0,1
simt,2,8,3,target_ns,762.1148626009623,149.86219288861702,-0.803360096695708,80.3360096695708,3.3865483249723387,5,0,1
simt,2,8,4,target_ns,506.8530241648356,149.86219288861702,-0.7043281074714871,70.43281074714871,1.6209120071158287,3,2,1
simt,2,8,5,target_ns,420.317679643631,153.0400936290281,-0.6358942270551549,63.58942270551549,2.0800086537020093,5,0,1
simt,2,8,6,target_ns,439.5449807246526,153.0400936290281,-0.6518215419575042,65.18215419575041,3.1380849294605087,5,0,1
simt,2,8,7,target_ns,285.5295141537984,153.0400936290281,-0.4640130492899093,46.401304928990925,6.002965688552413,5,0,1
simt,2,8,8,target_ns,629.7206282615662,153.0400936290281,-0.7569714461291872,75.69714461291872,5.975236020993088,5,0,1
simt,2,8,9,target_ns,406.02217117945355,153.0400936290281,-0.6230745400319839,62.307454003198394,13.450360343219657,5,0,1
simt,2,8,10,target_ns,164.09582396348318,156.30599704205747,-0.047471207574174556,4.747120757417456,11.896110591483886,5,0,1
simt,2,8,11,target_ns,164.28283850351968,156.30599704205747,-0.04855553710980787,4.855553710980787,13.409533254138202,5,0,1
simt,2,8,12,target_ns,665.0920112927755,156.30599704205747,-0.764985905125763,76.4985905125763,13.539567214962183,5,0,1
simt,2,8,16,target_ns,180.4759999116262,159.65990312770518,-0.1153399720412357,11.533997204123569,14.112315479507767,5,0,1
simt,2,8,20,target_ns,194.17082766691843,163.10181188597122,-0.16000866944978542,16.000866944978544,1.017815838307454,5,0,0
simt,2,8,24,target_ns,196.34433090686798,166.63172331685558,-0.15132908321201277,15.132908321201278,1.0081349170076706,5,0,0
simt,2,8,32,target_ns,845.3265378872553,173.95555419647928,-0.7942149614381555,79.42149614381555,12.523929669524874,5,0,1
simt,2,8,40,target_ns,197.85000383853912,173.95555419647928,-0.12077052907999719,12.077052907999718,1.0032477485279272,5,0,0
simt,2,8,48,target_ns,195.76366245746613,173.95555419647928,-0.11140018523981754,11.140018523981754,1.010413535679727,5,0,0
simt,2,8,64,target_ns,3039.734423160553,173.95555419647928,-0.9427727788088771,94.27727788088771,16.51952232269428,5,0,1
simt,2,8,96,target_ns,169.73266005516052,173.95555419647928,0.024879679255285225,2.4879679255285225,2.0273256046753323,5,0,1
simt,2,8,128,target_ns,163.74783217906952,173.95555419647928,0.062338058962801535,6.2338058962801535,19.192710199645173,5,0,1
simt,2,8,192,target_ns,241.60566429297128,244.63793402049873,0.012550491050783208,1.2550491050783208,2.0586519176037124,5,0,1
simt,2,8,256,target_ns,152.44865914185843,244.63793402049873,0.6047234222824827,60.472342228248266,25.811290076690412,5,0,1
simt,2,16,1,target_ns,284.0159833431244,149.83704926786893,-0.4724344471597983,47.243444715979834,2.986182683192412,5,0,1
simt,2,16,2,target_ns,133.4716627995173,149.83704926786893,0.12261319088332212,12.261319088332211,3.032003657936605,5,0,1
simt,2,16,3,target_ns,148.18417032559714,152.9395191460357,0.03209080166923295,3.209080166923295,1.0089946616936498,5,0,0
simt,2,16,4,target_ns,147.96566466490427,152.9395191460357,0.03361492338371641,3.361492338371641,1.0104104433860601,5,0,0
simt,2,16,5,target_ns,164.4304891427358,156.07970445532462,-0.05078610865264899,5.078610865264899,1.0070780697082622,5,0,0
simt,2,16,6,target_ns,876.2359817822775,156.07970445532462,-0.8218748057596812,82.18748057596812,4.1209627761319165,5,0,1
simt,2,16,7,target_ns,901.1861681938171,159.25760519573566,-0.8232800160316217,82.32800160316216,3.3248136004316766,5,0,1
simt,2,16,8,target_ns,896.3339726130167,159.25760519573566,-0.8223233637664501,82.23233637664501,5.004002187628722,5,0,1
simt,2,16,9,target_ns,771.4127898216248,162.47322136726888,-0.7893822561525874,78.93822561525874,4.810747011272324,5,0,1
simt,2,16,10,target_ns,626.1911392211914,162.47322136726888,-0.7405373356618545,74.05373356618546,1.3543738406985846,5,0,0
simt,2,16,11,target_ns,195.97634176413217,165.7265529699242,-0.15435428849169552,15.435428849169552,3.1902624220683444,5,0,1
simt,2,16,12,target_ns,515.805979569753,165.7265529699242,-0.6787036995806816,67.87036995806815,2.856238943683984,5,0,1
simt,2,16,16,target_ns,308.5849980513255,172.3463624686013,-0.4414946819937897,44.14946819937897,2.6687619180735402,5,0,1
simt,2,16,20,target_ns,202.0356754461924,179.11703369176695,-0.11343858803060414,11.343858803060414,1.0082620571652594,5,0,0
simt,2,16,24,target_ns,203.8129965464274,186.03856663942116,-0.08720950188746834,8.720950188746833,1.009456420948494,5,0,0
simt,2,16,32,target_ns,584.1743250687916,200.3342177081953,-0.6570643229063444,65.70643229063444,2.9217701419737137,4,1,1
simt,2,16,40,target_ns,205.61449229717255,200.3342177081953,-0.02568045924187934,2.568045924187934,1.8311921848030241,5,0,1
simt,2,16,48,target_ns,205.14734089374542,200.3342177081953,-0.02346178685320155,2.346178685320155,1.8955385081194138,5,0,1
simt,2,16,64,target_ns,540.7518347104391,200.3342177081953,-0.6295265131823918,62.952651318239184,2.9388607725080806,5,0,1
simt,2,16,96,target_ns,520.8651721477509,341.6989773562342,-0.34397806644037554,34.39780664403755,1.2085735336500623,5,0,0
simt,2,16,128,target_ns,498.1306592623393,341.6989773562342,-0.3140374498083659,31.40374498083659,1.1527594243251973,5,0,0
simt,2,16,192,target_ns,456.6760063171387,341.6989773562342,-0.25176936683872697,25.176936683872697,1.019848096461736,5,0,0
simt,2,16,256,target_ns,419.48968172073364,341.6989773562342,-0.18544128200103616,18.544128200103614,1.3781365981307294,5,0,0
simt,2,32,1,target_ns,133.1796646118164,149.82447745749488,0.12498013787760853,12.498013787760854,2.7825780364741,5,0,1
simt,2,32,2,target_ns,148.3698437611262,152.8892319045395,0.030460287810840425,3.0460287810840425,2.921901560770091,5,0,1
simt,2,32,3,target_ns,165.58684408664703,155.9665581619582,-0.05809812958120508,5.809812958120508,2.425153992802449,5,0,1
simt,2,32,4,target_ns,179.0545036395391,159.05645622975092,-0.1116869277415492,11.16869277415492,1.0046132502706877,5,0,0
simt,2,32,5,target_ns,194.27765905857086,162.1589261079177,-0.16532386228192097,16.5323862281921,1.007394773533378,5,0,0
simt,2,32,6,target_ns,632.2328249613444,165.27396779645852,-0.7385868602969743,73.85868602969742,3.6197953629083885,5,0,1
simt,2,32,7,target_ns,1020.0399557749431,168.40158129537338,-0.8349068775767361,83.49068775767361,2.6087824707917693,5,0,1
simt,2,32,8,target_ns,1041.1042769749959,171.5417666046623,-0.8352309462188654,83.52309462188654,4.02778020760702,5,0,1
simt,2,32,9,target_ns,1131.8222681681316,174.69452372432528,-0.8456519820845454,84.56519820845455,5.851288345215003,5,0,1
simt,2,32,10,target_ns,576.4248222112656,177.85985265436227,-0.6914431061936905,69.14431061936905,3.12714032274444,5,0,1
simt,2,32,11,target_ns,565.4165148735046,181.03775339477335,-0.6798152359676384,67.98152359676384,4.09040074047853,5,0,1
simt,2,32,12,target_ns,216.59299731254578,184.22822594555842,-0.14942667477048988,14.942667477048987,3.362498618230019,5,0,1
simt,2,32,16,target_ns,766.5491898854574,197.1158342524393,-0.7428529873185391,74.28529873185391,4.70615283092372,5,0,1
simt,2,32,20,target_ns,215.00150362650552,210.20459152530492,-0.02231106304044117,2.231106304044117,1.800664081540478,5,0,1
simt,2,32,24,target_ns,221.84850772221884,223.4944977641553,0.007419432561599493,0.7419432561599493,1.827237894836548,5,0,1
simt,2,32,32,target_ns,233.3323359489441,250.6777571398103,0.07433783714684794,7.433783714684794,2.3527228093463988,5,0,1
simt,2,32,40,target_ns,554.6148518721262,533.4072764358881,-0.03823838356410947,3.823838356410947,1.1655663488592563,5,0,0
simt,2,32,48,target_ns,573.3790099620819,533.4072764358881,-0.06971258597142782,6.971258597142782,1.1917531612979575,5,0,0
simt,2,32,64,target_ns,770.5873648325602,533.4072764358881,-0.3077913020909817,30.77913020909817,2.799244581695977,5,0,1
simt,2,32,96,target_ns,496.36166791121167,533.4072764358881,0.0746343058289971,7.4634305828997105,1.0340159647214147,5,0,0
simt,2,32,128,target_ns,821.741541226705,533.4072764358881,-0.3508819383286723,35.08819383286723,3.0011211992232067,5,0,1
simt,2,32,192,target_ns,573.3688424030939,533.4072764358881,-0.06969608916961656,6.969608916961656,1.0091843973040682,5,0,0
simt,2,32,256,target_ns,484.1196686029434,533.4072764358881,0.10180872835672483,10.180872835672483,1.4859825265637623,5,0,1
simt,2,64,1,target_ns,132.06283251444498,152.86408828379143,0.1575102954653893,15.75102954653893,3.183018926293162,5,0,1
simt,2,64,2,target_ns,149.04500047365823,158.95588174675856,0.06649589883326512,6.649589883326512,3.3556156879686747,5,0,1
simt,2,64,3,target_ns,163.627157608668,165.04767520972567,0.008681429304388422,0.8681429304388422,2.5273848810497626,5,0,1
simt,2,64,4,target_ns,181.20532234509787,171.1394686726928,-0.055549437191668605,5.554943719166861,3.0835105671133256,5,0,1
simt,2,64,5,target_ns,195.65266370773315,177.23126213565993,-0.09415359455361771,9.415359455361772,3.0608676425341748,5,0,1
simt,2,64,6,target_ns,197.46432701746622,183.32305559862706,-0.07161430944227365,7.161430944227365,3.2501985507398232,5,0,1
simt,2,64,7,target_ns,202.49799390633902,189.41484906159417,-0.06460876274555183,6.460876274555183,2.786880255533346,5,0,1
simt,2,64,8,target_ns,199.5511601368586,195.5066425245613,-0.02026807365852168,2.026807365852168,11.71683955634281,5,0,1
simt,2,64,9,target_ns,201.4643301566442,201.59843598752843,0.0006656554576185414,0.06656554576185414,1.0140345528424848,5,0,0
simt,2,64,10,target_ns,202.16367642084757,207.69022945049556,0.027337022790104415,2.7337022790104415,1.005937456349578,5,0,0
simt,2,64,11,target_ns,203.74666651089987,213.7820229134627,0.049254088787881845,4.9254088787881845,1.0042602074233702,5,0,0
simt,2,64,12,target_ns,207.75833229223886,219.87381637642983,0.058315274051916166,5.831527405191617,1.002978075572849,5,0,0
simt,2,64,16,target_ns,212.5259985526403,244.24099022829833,0.14922876208861857,14.922876208861858,1.0272201733233588,5,0,0
simt,2,64,20,target_ns,537.8426512082418,536.6662449927835,-0.0021872683633690215,0.21872683633690215,1.1692172730845516,5,0,0
simt,2,64,24,target_ns,567.7783489227295,546.3619804611908,-0.03771959339797459,3.7719593397974593,1.187756342448577,5,0,0
simt,2,64,32,target_ns,565.2793248494467,565.7534513980056,0.000838747372699844,0.0838747372699844,1.163394689413108,5,0,0
simt,2,64,40,target_ns,588.8786911964417,565.7534513980056,-0.039269955160802006,3.9269955160802006,1.0824469697344454,5,0,0
simt,2,64,48,target_ns,518.0853456258774,565.7534513980056,0.09200821095324052,9.200821095324052,1.0317453608484985,5,0,0
simt,2,64,64,target_ns,553.962841629982,565.7534513980056,0.021284116698749855,2.1284116698749855,1.1146470237427475,5,0,0
simt,2,64,96,target_ns,592.3231840133667,565.7534513980056,-0.0448568169075102,4.48568169075102,1.0187441194114017,5,0,0
simt,2,64,128,target_ns,580.3066492080688,565.7534513980056,-0.0250784612410071,2.50784612410071,1.009883049820618,5,0,0
simt,2,64,192,target_ns,571.3085184494654,565.7534513980056,-0.009723410157678525,0.9723410157678525,1.004827225197018,5,0,0
simt,2,64,256,target_ns,484.93585487206775,565.7534513980056,0.16665626126420086,16.665626126420086,1.0033523274545775,5,0,0
simt,2,128,1,target_ns,149.1811623175939,158.95588174675856,0.06552247802142142,6.5522478021421415,1.0039752183071349,5,0,0
simt,2,128,2,target_ns,177.61067052682242,171.1394686726928,-0.036434758311169935,3.6434758311169935,1.0059747995148285,5,0,0
simt,2,128,3,target_ns,198.08117548624674,183.32305559862706,-0.0745054135073242,7.45054135073242,1.0044548255025487,5,0,0
simt,2,128,4,target_ns,186.13382677237192,195.5066425245613,0.05035525199646629,5.035525199646629,1.0105211046202152,5,0,0
simt,2,128,5,target_ns,216.8815036614736,207.69022945049556,-0.04237924422234052,4.237924422234052,1.0091692102505128,5,0,0
simt,2,128,6,target_ns,210.0915014743805,219.87381637642983,0.04656216378767808,4.656216378767808,1.0071992879953253,5,0,0
simt,2,128,7,target_ns,219.21884020169577,232.05740330236407,0.058565053481972607,5.856505348197261,1.0055558886905405,5,0,0
simt,2,128,8,target_ns,213.1499946117401,244.24099022829833,0.14586439785368754,14.586439785368754,1.006799887752188,5,0,0
simt,2,128,9,target_ns,520.1036483049393,531.8183772585797,0.02252383537746705,2.252383537746705,1.1213450085319978,5,0,0
simt,2,128,10,target_ns,536.8371605873108,536.6662449927835,-0.00031837511833254784,0.031837511833254784,1.1598508008805457,5,0,0
simt,2,128,11,target_ns,543.9376682043076,541.5141127269872,-0.004455575737788542,0.4455575737788542,1.1530225431429133,5,0,0
simt,2,128,12,target_ns,547.5236723820368,546.3619804611908,-0.0021217199902827666,0.21217199902827666,1.0759777707962326,5,0,0
simt,2,128,16,target_ns,559.0528200070063,565.7534513980056,0.01198568570124614,1.198568570124614,1.1617006015823843,5,0,0
simt,2,128,20,target_ns,626.6274650891622,585.1449223348203,-0.06619968811682941,6.619968811682941,1.0764405421624403,5,0,0
simt,2,128,24,target_ns,555.1220079263052,604.536393271635,0.08901535993847642,8.901535993847641,1.0234480652342302,5,0,0
simt,2,128,32,target_ns,603.4378409385681,643.3193351452646,0.06609047610382879,6.609047610382879,1.1325070314279904,5,0,0
simt,2,128,40,target_ns,665.2006804943085,643.3193351452646,-0.0328943520213838,3.28943520213838,1.0034806305906216,5,0,0
simt,2,128,48,target_ns,662.0615025361379,643.3193351452646,-0.028308801099411918,2.8308801099411918,1.0082298982416833,5,0,0
simt,2,128,64,target_ns,652.1758238474528,643.3193351452646,-0.013579909555585856,1.3579909555585856,1.0024938551749445,5,0,0
simt,2,128,96,target_ns,650.9113709131876,643.3193351452646,-0.011663701245949731,1.1663701245949731,1.178119330583351,5,0,0
simt,2,128,128,target_ns,584.5796465873718,643.3193351452646,0.10048192560380831,10.04819256038083,1.0007972718826164,5,0,0
simt,2,128,192,target_ns,649.1031547387441,643.3193351452646,-0.00891047832883729,0.891047832883729,1.007134173719805,5,0,0
simt,2,128,256,target_ns,488.83218069871265,643.3193351452646,0.316033110229641,31.6033110229641,1.0063344901223648,5,0,0
simt,2,256,1,target_ns,183.85850389798483,171.1394686726928,-0.069178389661809,6.9178389661809,1.0078398619759361,5,0,0
simt,2,256,2,target_ns,182.7638397614161,195.5066425245613,0.0697227787497785,6.97227787497785,1.018719988485061,5,0,0
simt,2,256,3,target_ns,202.4671584367752,219.87381637642983,0.08597274774856989,8.597274774856988,1.0111393063918377,5,0,0
simt,2,256,4,target_ns,196.8658318122228,244.24099022829833,0.24064693187217734,24.064693187217735,1.0429188666195572,5,0,0
simt,2,256,5,target_ns,529.9988488356272,536.6662449927835,0.012580020073258869,1.2580020073258869,1.1627735994903532,5,0,0
simt,2,256,6,target_ns,542.387013634046,546.3619804611908,0.0073286541292945095,0.732865412929451,1.1560419768107029,5,0,0
simt,2,256,7,target_ns,560.2064877748489,556.0577159295982,-0.007405790428685943,0.7405790428685943,1.1706843288676587,5,0,0
simt,2,256,8,target_ns,566.9319977362951,565.7534513980056,-0.002078814289888986,0.2078814289888986,1.1640302787850476,5,0,0
simt,2,256,9,target_ns,617.3653701941172,575.4491868664129,-0.06789526162525872,6.789526162525872,1.0846542234275673,5,0,0
simt,2,256,10,target_ns,615.4565115769705,585.1449223348203,-0.04925057850876169,4.925057850876168,1.070534421457411,5,0,0
simt,2,256,11,target_ns,633.3033442497253,594.8406578032277,-0.060733433347118004,6.073343334711801,1.0791583390509265,5,0,0
simt,2,256,12,target_ns,587.2126320997874,604.536393271635,0.02950168341900339,2.950168341900339,1.1064733061025707,5,0,0
simt,2,256,16,target_ns,609.825481971105,643.3193351452646,0.05492366941751814,5.492366941751814,1.0985165410873965,5,0,0
simt,2,256,20,target_ns,688.1498595078787,682.102277018894,-0.008788176594716535,0.8788176594716535,1.0183240339451887,5,0,0
simt,2,256,24,target_ns,720.0884819030762,720.8852188925237,0.001106443179512917,0.1106443179512917,1.0050381451424317,5,0,0
simt,2,256,32,target_ns,776.5861451625824,798.4511026397826,0.02815522477885901,2.815522477885901,1.0050738277370974,5,0,0
simt,2,256,40,target_ns,737.5180423259735,798.4511026397826,0.08261907752336373,8.261907752336374,1.005161746535942,5,0,0
simt,2,256,48,target_ns,729.2911410331726,798.4511026397826,0.09483175883452022,9.483175883452022,1.0045054924109649,5,0,0
simt,2,256,64,target_ns,670.6373393535614,798.4511026397826,0.19058551587572348,19.058551587572346,1.0038472172585424,5,0,0
simt,2,256,96,target_ns,761.3210280736288,798.4511026397826,0.04877058848631055,4.877058848631055,1.0037990358278421,5,0,0
simt,2,256,128,target_ns,611.24716202418,798.4511026397826,0.3062655374884129,30.62655374884129,1.001819385263461,5,0,0
simt,2,256,192,target_ns,662.1311902999878,798.4511026397826,0.20588051784425554,20.588051784425552,1.0009849479332236,5,0,0
simt,2,256,256,target_ns,526.7263501882553,798.4511026397826,0.5158746137428118,51.58746137428118,1.0043407254347072,5,0,0
simt,2,512,1,target_ns,195.85749506950378,195.5066425245613,-0.001791366446394993,0.1791366446394993,1.0077737747600712,5,0,0
simt,2,512,2,target_ns,282.819668451945,244.24099022829833,-0.13640733841041797,13.640733841041797,1.020042439132075,5,0,0
simt,2,512,3,target_ns,1219.5443312327068,546.3619804611908,-0.5519949816757117,55.19949816757117,1.1089955989264866,5,0,0
simt,2,512,4,target_ns,891.603688398997,565.7534513980056,-0.36546533088720445,36.546533088720444,1.1609137519365378,5,0,0
simt,2,512,5,target_ns,1310.8124136924744,585.1449223348203,-0.5536013267630685,55.36013267630685,1.0955019921812783,5,0,0
simt,2,512,6,target_ns,1498.7671573956807,604.536393271635,-0.5966442216934469,59.66442216934469,1.0903166834103701,5,0,0
simt,2,512,7,target_ns,1534.6471071243286,623.9278642084498,-0.5934388685763816,59.34388685763816,1.0920037307235773,5,0,0
simt,2,512,8,target_ns,1066.8395260969799,643.3193351452646,-0.39698584519188085,39.69858451918809,1.1119814237129013,5,0,0
simt,2,512,9,target_ns,1602.9288371404011,662.7108060820793,-0.5865625530423768,58.65625530423768,1.115350814690744,5,0,0
simt,2,512,10,target_ns,1702.1172245343525,682.102277018894,-0.5992624554953925,59.926245549539246,1.1319060319029708,5,0,0
simt,2,512,11,target_ns,1746.033291021983,701.4937479557088,-0.5982357544024188,59.82357544024188,1.008948680427012,5,0,0
simt,2,512,12,target_ns,1761.9599103927612,720.8852188925237,-0.590861736047201,59.0861736047201,1.002698794471177,5,0,0
simt,2,512,16,target_ns,1247.2761273384094,798.4511026397826,-0.3598441554849484,35.984415548494844,1.001615546076176,5,0,0
simt,2,512,20,target_ns,1340.029279390971,876.0169863870415,-0.3462702644936372,34.62702644936372,1.031204234246075,5,0,0
simt,2,512,24,target_ns,1366.0753568013508,953.5828701343006,-0.30195441606742435,30.195441606742435,1.0167505780520552,5,0,0
simt,2,512,32,target_ns,823.1502970059713,1108.7146376288188,0.34691640355537157,34.69164035553716,1.0035518170846847,5,0,0
simt,2,512,40,target_ns,1369.9704209963481,1108.7146376288188,-0.1907017694422366,19.07017694422366,1.0582193928381123,5,0,0
simt,2,512,48,target_ns,1480.5637796719868,1108.7146376288188,-0.25115374774705745,25.115374774705746,1.002852727683131,5,0,0
simt,2,512,64,target_ns,753.2503207524618,1108.7146376288188,0.4719072890951639,47.19072890951639,1.0049626365564173,5,0,0
simt,2,512,96,target_ns,1593.0722554524739,1108.7146376288188,-0.3040399556052057,30.40399556052057,1.011201624979226,5,0,0
simt,2,512,128,target_ns,687.0474914709727,1108.7146376288188,0.6137379895748609,61.373798957486095,1.002537837012505,5,0,0
simt,2,512,192,target_ns,1580.7297229766846,1108.7146376288188,-0.29860581381300944,29.860581381300943,1.027497901221363,5,0,0
simt,2,512,256,target_ns,715.6408429145813,1108.7146376288188,0.5492612650689008,54.926126506890085,1.00187497114636,5,0,0
simt,4,4,1,target_ns,738.9666636784872,149.09332362576825,-0.7982407990049245,79.82407990049245,3.3669688699597216,5,0,1
simt,4,4,2,target_ns,747.7904955546061,149.09332362576825,-0.8006215316828924,80.06215316828924,3.4893496406853672,5,0,1
simt,4,4,3,target_ns,619.7081704934437,149.09332362576825,-0.7594136551289095,75.94136551289094,2.0534350936083032,4,1,1
simt,4,4,4,target_ns,132.92567431926727,149.09332362576825,0.12162924423214694,12.162924423214694,3.628908504485049,5,0,1
simt,4,4,5,target_ns,133.38683048884073,149.09332362576825,0.11775145326840608,11.775145326840608,1.0138717813701996,5,0,0
simt,4,4,6,target_ns,133.71616105238596,149.09332362576825,0.11499853460015186,11.499853460015185,1.0082238379246853,5,0,0
simt,4,4,7,target_ns,133.78283381462097,149.09332362576825,0.11444285768652929,11.444285768652929,1.0088753365826568,5,0,0
simt,4,4,8,target_ns,132.63466457525888,149.09332362576825,0.12409017735458194,12.409017735458194,1.015293749272073,5,0,0
simt,4,4,9,target_ns,133.3124985297521,149.09332362576825,0.11837468557004249,11.83746855700425,1.0136279453297372,5,0,0
simt,4,4,10,target_ns,133.71050854523978,149.09332362576825,0.11504567029093171,11.50456702909317,1.0010200867820822,5,0,0
simt,4,4,11,target_ns,148.05017411708832,151.80407855230766,0.02535562323790641,2.535562323790641,1.016063026672241,5,0,0
simt,4,4,12,target_ns,148.14084271589914,151.80407855230766,0.024728061277697666,2.4728061277697666,1.0034420242635436,5,0,0
simt,4,4,16,target_ns,148.15983176231384,151.80407855230766,0.024596726026526072,2.4596726026526072,1.0111683607389874,5,0,0
simt,4,4,20,target_ns,147.85749216874441,151.80407855230766,0.02669182552520999,2.669182552520999,1.0056722019875606,5,0,0
simt,4,4,24,target_ns,164.3683264652888,154.9045596004425,-0.05757658466422877,5.7576584664228765,1.0048964155507087,5,0,0
simt,4,4,32,target_ns,178.94100646177927,158.39476677017282,-0.11482130394742696,11.482130394742695,1.003087732821923,5,0,0
simt,4,4,40,target_ns,179.21665807565054,158.39476677017282,-0.11618278975321827,11.618278975321827,1.0076829606717366,5,0,0
simt,4,4,48,target_ns,180.02266685167947,158.39476677017282,-0.1201398716047567,12.01398716047567,1.0212281203116338,5,0,0
simt,4,4,64,target_ns,179.3376604715983,158.39476677017282,-0.1167791173719599,11.67791173719599,1.0036022170438055,5,0,0
simt,4,4,96,target_ns,164.75566228230795,158.39476677017282,-0.03860805403601708,3.860805403601708,1.0108289162488606,5,0,0
simt,4,4,128,target_ns,155.07116417090097,158.39476677017282,0.021432757128262647,2.1432757128262647,1.011446438524069,5,0,0
simt,4,4,192,target_ns,151.6816715399424,158.39476677017282,0.04425778778725187,4.425778778725187,1.0104718383934455,5,0,0
simt,4,4,256,target_ns,144.67266201972961,158.39476677017282,0.09484932784724642,9.484932784724641,1.017979127077165,5,0,0
simt,4,8,1,target_ns,133.08250904083252,148.99274914277586,0.11955169929251741,11.955169929251742,1.0094001278914697,5,0,0
simt,4,8,2,target_ns,133.00183415412903,148.99274914277586,0.12023078546507704,12.023078546507705,1.003209226551593,5,0,0
simt,4,8,3,target_ns,133.59184066454569,148.99274914277586,0.11528330174671719,11.52833017467172,1.0096267216782795,5,0,0
simt,4,8,4,target_ns,133.12983512878418,148.99274914277586,0.11915371185314383,11.915371185314383,1.0036911985273045,5,0,0
simt,4,8,5,target_ns,148.02700281143188,151.40178062033814,0.02279839316347787,2.279839316347787,1.0144135114167399,5,0,0
simt,4,8,6,target_ns,147.50284453233084,151.40178062033814,0.026432955244823697,2.6432955244823697,1.0082947595863496,5,0,0
simt,4,8,7,target_ns,148.75582357247671,151.40178062033814,0.017787250168207924,1.7787250168207924,1.0073399223262383,5,0,0
simt,4,8,8,target_ns,147.84599343935648,151.40178062033814,0.024050615767549965,2.4050615767549965,1.0104411908205828,5,0,0
simt,4,8,9,target_ns,147.99732466538748,151.40178062033814,0.023003496601360363,2.3003496601360363,1.003711032876625,5,0,0
simt,4,8,10,target_ns,163.8548274834951,153.99938925351114,-0.06014737790363045,6.014737790363045,1.0073120356238034,5,0,0
simt,4,8,11,target_ns,164.34616843859354,153.99938925351114,-0.06295722792556846,6.295722792556846,1.0032539085051566,5,0,0
simt,4,8,12,target_ns,164.06732300917307,153.99938925351114,-0.06136464940735964,6.136464940735964,1.0067496023912832,5,0,0
simt,4,8,16,target_ns,179.33815717697144,156.78557504229482,-0.12575451030436124,12.575451030436124,1.008098934149704,5,0,0
simt,4,8,20,target_ns,194.19550398985544,159.76033798668922,-0.1773221588331163,17.732215883311632,1.009808463319432,5,0,0
simt,4,8,24,target_ns,196.9371736049652,162.9236780866943,-0.17271241835986895,17.271241835986896,1.0167603830398129,5,0,0
simt,4,8,32,target_ns,199.64732726415,169.81608975353657,-0.14941966876994162,14.941966876994162,1.0061561027519257,5,0,0
simt,4,8,40,target_ns,197.48900830745697,169.81608975353657,-0.14012384178282133,14.012384178282133,1.0020017517812694,5,0,0
simt,4,8,48,target_ns,195.758988459905,169.81608975353657,-0.13252468717001975,13.252468717001975,1.0085787251872649,5,0,0
simt,4,8,64,target_ns,187.32633193333945,169.81608975353657,-0.09347453718377374,9.347453718377373,1.0093545744280272,5,0,0
simt,4,8,96,target_ns,170.0903375943502,169.81608975353657,-0.0016123657856901286,0.16123657856901286,2.040948661488416,5,0,1
simt,4,8,128,target_ns,163.64366312821707,169.81608975353657,0.037718702376414726,3.7718702376414726,1.0062568355360841,5,0,0
simt,4,8,192,target_ns,242.70367622375488,240.49846957755602,-0.009086004301664619,0.9086004301664619,2.046767902757671,5,0,1
simt,4,8,256,target_ns,152.55183974901834,240.49846957755602,0.5765032396412224,57.650323964122244,1.0067405021721747,5,0,0
simt,4,16,1,target_ns,132.91800022125244,148.9424619012797,0.12055900369666483,12.055900369666483,1.0072526342973616,5,0,0
simt,4,16,2,target_ns,133.3328237136205,148.9424619012797,0.11707273387674144,11.707273387674144,1.0173479012878943,5,0,0
simt,4,16,3,target_ns,148.14582467079163,151.2006316543534,0.020620270536480856,2.0620270536480856,1.0088113563365824,5,0,0
simt,4,16,4,target_ns,147.77799447377524,151.2006316543534,0.02316066876374845,2.316066876374845,1.0106048664790026,5,0,0
simt,4,16,5,target_ns,163.76933952172598,153.54680408004546,-0.06242032526683283,6.242032526683284,1.0075029546599676,5,0,0
simt,4,16,6,target_ns,164.0101671218872,153.54680408004546,-0.06379703908273993,6.379703908273992,1.0050958611466743,5,0,0
simt,4,16,7,target_ns,178.94433438777924,155.98097917835582,-0.12832680781980466,12.832680781980466,1.0105597327106426,5,0,0
simt,4,16,8,target_ns,179.14734284083048,155.98097917835582,-0.12931458147865238,12.931458147865238,1.0135748293881817,5,0,0
simt,4,16,9,target_ns,194.40515836079916,158.50315694928452,-0.18467617687841198,18.467617687841198,1.0084413849256013,5,0,0
simt,4,16,10,target_ns,194.36048964659372,158.50315694928452,-0.18448879585819478,18.448879585819476,1.0060479360371366,5,0,0
simt,4,16,11,target_ns,195.97700238227844,161.11333739283157,-0.17789671525560324,17.789671525560323,1.0091708645403716,5,0,0
simt,4,16,12,target_ns,195.79466680685678,161.11333739283157,-0.1771311240476069,17.71311240476069,1.0113825482331225,5,0,0
simt,4,16,16,target_ns,199.98299578825632,166.5977062977806,-0.1669406409224129,16.69406409224129,1.015555359598378,5,0,0
simt,4,16,20,target_ns,201.2155055999756,172.43408589320296,-0.14303778240624865,14.303778240624865,1.0111808526684165,5,0,0
simt,4,16,24,target_ns,203.77050836881003,178.6224761790986,-0.12341350272432594,12.341350272432594,1.0059520878835084,5,0,0
simt,4,16,32,target_ns,210.56016782919565,192.05528882230988,-0.08788404377553849,8.78840437755385,1.0133950812286667,5,0,0
simt,4,16,40,target_ns,206.0991624991099,192.05528882230988,-0.06814134277164119,6.8141342771641185,1.8264983769228984,5,0,1
simt,4,16,48,target_ns,204.81849710146585,192.05528882230988,-0.062314724791839304,6.23147247918393,1.886408683490269,5,0,1
simt,4,16,64,target_ns,197.98449675242105,192.05528882230988,-0.029947839489299133,2.9947839489299133,1.008005040340223,5,0,0
simt,4,16,96,target_ns,519.7689880927404,333.4200484703488,-0.3585226204167882,35.85226204167882,1.216064842776249,5,0,0
simt,4,16,128,target_ns,494.68599756558734,333.4200484703488,-0.32599659155271987,32.599659155271986,1.1836131983296858,5,0,0
simt,4,16,192,target_ns,458.2768529653549,333.4200484703488,-0.2724484199607724,27.24484199607724,1.0219555931690534,5,0,0
simt,4,16,256,target_ns,410.5898241202037,333.4200484703488,-0.1879485830298191,18.794858302981908,1.3165211071019405,5,0,0
simt,4,32,1,target_ns,132.75450468063354,148.9173182805316,0.12174964336450045,12.174964336450046,1.0119352997102509,5,0,0
simt,4,32,2,target_ns,148.49616587162018,151.10005717136104,0.017535074285971897,1.7535074285971897,1.0148229162417026,5,0,0
simt,4,32,3,target_ns,163.92600039641061,153.3205114933126,-0.06469680756836316,6.469680756836316,1.0093071227506079,5,0,0
simt,4,32,4,target_ns,179.13117508093515,155.57868124638634,-0.13148182511451345,13.148182511451346,1.0124646538750677,5,0,0
simt,4,32,5,target_ns,194.60015992323557,157.87456643058218,-0.18872334692397286,18.872334692397285,1.0097584082838738,5,0,0
simt,4,32,6,target_ns,195.73232531547546,160.20816704590018,-0.1814935688947572,18.14935688947572,5.355822398259304,5,0,1
simt,4,32,7,target_ns,182.51613775889078,162.57948309234033,-0.10923228439606458,10.923228439606458,7.784349589084313,5,0,1
simt,4,32,8,target_ns,768.0030266443888,164.9885145699026,-0.7851720516118514,78.51720516118515,6.259647967133412,5,0,1
simt,4,32,9,target_ns,1186.7443521817527,167.43526147858702,-0.8589121059048916,85.89121059048917,7.307411559571644,4,1,1
simt,4,32,10,target_ns,203.42599848906198,169.91972381839358,-0.16470989411154346,16.470989411154346,3.535750537260935,5,0,1
simt,4,32,11,target_ns,202.13200648625693,172.4419015893223,-0.1468847285150423,14.68847285150423,1.0017860795208917,5,0,0
simt,4,32,12,target_ns,203.69484027226767,175.00179479137313,-0.14086289786497352,14.086289786497353,1.0046032054826295,5,0,0
simt,4,32,16,target_ns,210.9516759713491,185.6185219107979,-0.12008984495573227,12.008984495573227,1.010316995795075,5,0,0
simt,4,32,20,target_ns,215.07767339547476,196.83869592817692,-0.08480181684763188,8.480181684763188,1.8169164691047408,5,0,1
simt,4,32,24,target_ns,222.04849123954773,208.66231684351018,-0.06028491489093901,6.028491489093901,1.8287898688276516,5,0,1
simt,4,32,32,target_ns,233.09549689292908,234.11989936803946,0.004394775912727855,0.4394775912727855,1.022698873147189,5,0,0
simt,4,32,40,target_ns,554.0918509165446,516.8494186641173,-0.06721346323867272,6.721346323867272,1.1704089539784832,5,0,0
simt,4,32,48,target_ns,573.465625445048,516.8494186641173,-0.09872641753721978,9.872641753721979,1.1968873343528463,5,0,0
simt,4,32,64,target_ns,561.9359960158666,516.8494186641173,-0.0802343641827784,8.023436418277841,1.1739070090128985,5,0,0
simt,4,32,96,target_ns,496.4793473482132,516.8494186641173,0.04102904063321944,4.102904063321944,1.0315999431588398,5,0,0
simt,4,32,128,target_ns,518.1160072485605,516.8494186641173,-0.0024446042328811757,0.24446042328811757,1.118767180354918,5,0,0
simt,4,32,192,target_ns,574.9054948488871,516.8494186641173,-0.10098368637097432,10.098368637097433,1.0068968204292885,5,0,0
simt,4,32,256,target_ns,483.9555124441783,516.8494186641173,0.06796886361271293,6.796886361271293,1.0049692979185207,5,0,0
simt,4,64,1,target_ns,133.0154985189438,151.04976992986485,0.13558022645272927,13.558022645272928,1.004135436529663,5,0,0
simt,4,64,2,target_ns,147.59032924969992,155.37753228040157,0.05276228510559733,5.276228510559733,1.0093039528483394,5,0,0
simt,4,64,3,target_ns,164.01083767414093,159.7555818724345,-0.025944967186624757,2.5944967186624757,1.004390792139502,5,0,0
simt,4,64,4,target_ns,179.18600142002106,164.1839187059636,-0.08372351966765423,8.372351966765423,1.0093894223902447,5,0,0
simt,4,64,5,target_ns,194.7976698478063,168.6625427809889,-0.1341655015033627,13.41655015033627,1.008078985074075,5,0,0
simt,4,64,6,target_ns,196.97249929110208,173.1914540975104,-0.12073281945032399,12.073281945032399,1.0069667794159483,5,0,0
simt,4,64,7,target_ns,200.96217095851898,177.77065265552807,-0.11540240729076279,11.54024072907628,1.0045832445002154,5,0,0
simt,4,64,8,target_ns,199.4471698999405,182.4001384550419,-0.08547141307370165,8.547141307370165,1.013008139332837,5,0,0
simt,4,64,9,target_ns,200.46650369962057,187.07991149605195,-0.06677720195902215,6.677720195902214,1.00905227039025,5,0,0
simt,4,64,10,target_ns,201.7403244972229,191.80997177855818,-0.049223439802692615,4.922343980269261,1.028994938453911,5,0,0
simt,4,64,11,target_ns,203.21667194366455,196.5903193025606,-0.03260732782269404,3.2607327822694043,1.0122074653929285,5,0,0
simt,4,64,12,target_ns,204.289178053538,201.42095406805922,-0.014040019215932786,1.4040019215932786,1.0097493781889184,5,0,0
simt,4,64,16,target_ns,212.5880072514216,221.24636554501552,0.04072834778188561,4.072834778188561,1.0140619861239357,5,0,0
simt,4,64,20,target_ns,537.2621615727743,509.93445379852744,-0.05086475417187031,5.086475417187031,1.1735946610744703,5,0,0
simt,4,64,24,target_ns,563.8039906819662,516.6976186199006,-0.08355097310518622,8.355097310518623,1.1898232448223818,5,0,0
simt,4,64,32,target_ns,563.7211600939432,532.6377358544639,-0.055139715234920894,5.513971523492089,1.1618497191180401,5,0,0
simt,4,64,40,target_ns,605.1774869362513,532.6377358544639,-0.1198652505218335,11.98652505218335,1.083085505759205,5,0,0
simt,4,64,48,target_ns,514.7240112225214,532.6377358544639,0.03480258204663045,3.480258204663045,1.0291848989288739,5,0,0
simt,4,64,64,target_ns,552.7651757001877,532.6377358544639,-0.036412279084383936,3.6412279084383936,1.1171789012218585,5,0,0
simt,4,64,96,target_ns,589.3448491891226,532.6377358544639,-0.09622059718122888,9.622059718122888,1.0031279510764588,5,0,0
simt,4,64,128,target_ns,574.9721825122833,532.6377358544639,-0.07362868664853195,7.362868664853195,1.004977492891808,5,0,0
simt,4,64,192,target_ns,569.4210181633631,532.6377358544639,-0.06459768982104253,6.4597689821042525,1.00846117503783,5,0,0
simt,4,64,256,target_ns,483.72700810432434,532.6377358544639,0.10111225325585105,10.111225325585105,1.0053477369215618,5,0,0
simt,4,128,1,target_ns,131.6578338543574,155.2769577974092,0.17939778630400216,17.939778630400216,1.0088480471942467,5,0,0
simt,4,128,2,target_ns,148.82682263851166,163.78162077399412,0.10048456232789738,10.048456232789738,1.0103205864762719,5,0,0
simt,4,128,3,target_ns,171.921506524086,172.286283750579,0.0021217661121524234,0.21217661121524234,1.001617114266111,5,0,0
simt,4,128,4,target_ns,182.71766602993011,180.7909467271639,-0.010544789371656038,1.0544789371656038,1.0115016401475139,5,0,0
simt,4,128,5,target_ns,195.7616607348124,189.29560970374882,-0.03303022158063318,3.303022158063318,1.0032001316441945,5,0,0
simt,4,128,6,target_ns,200.73399444421133,197.8002726803337,-0.014614972277119609,1.461497227711961,1.0088971894615397,5,0,0
simt,4,128,7,target_ns,201.55267417430878,206.30493565691862,0.02357826063126267,2.357826063126267,1.0021748147240515,5,0,0
simt,4,128,8,target_ns,201.59550507863364,214.80959863350353,0.06554756044642795,6.5547560446427955,1.00711223873631,5,0,0
simt,4,128,9,target_ns,487.6275012890498,498.7080617144356,0.022723411612540767,2.2723411612540767,1.1345192517447806,5,0,0
simt,4,128,10,target_ns,511.4976565043131,499.87700549928996,-0.02271887438241893,2.271887438241893,1.1729430681036843,5,0,0
simt,4,128,11,target_ns,516.6776527961096,501.0459492841443,-0.030254266712274158,3.025426671227416,1.1649015986223046,5,0,0
simt,4,128,12,target_ns,519.9144879976908,502.2148930689986,-0.034043280841927204,3.4043280841927204,1.1632478067308094,5,0,0
simt,4,128,16,target_ns,536.5553249915441,506.890668208416,-0.0552872283647462,5.5287228364746195,1.1639100004059257,5,0,0
simt,4,128,20,target_ns,590.6856457392374,511.5664433478333,-0.13394468438857565,13.394468438857565,1.0809858580874958,5,0,0
simt,4,128,24,target_ns,510.69284975528717,516.2422184872507,0.010866352905905652,1.0866352905905652,1.0230149048562205,5,0,0
simt,4,128,32,target_ns,565.6298299630483,525.5937687660853,-0.07078138223293229,7.078138223293228,1.1081977888273766,5,0,0
simt,4,128,40,target_ns,611.6831948359808,525.5937687660853,-0.14074185263987815,14.074185263987815,1.0030069019979613,5,0,0
simt,4,128,48,target_ns,612.8734648227692,525.5937687660853,-0.14241062970791762,14.241062970791763,1.0015726008949013,5,0,0
simt,4,128,64,target_ns,619.7786579529444,525.5937687660853,-0.1519653637283036,15.19653637283036,1.0158336678876947,5,0,0
simt,4,128,96,target_ns,601.0223428408304,525.5937687660853,-0.12550044931477866,12.550044931477867,1.002670084281931,5,0,0
simt,4,128,128,target_ns,575.9115169445673,525.5937687660853,-0.08737062326073475,8.737062326073474,1.003492681912335,5,0,0
simt,4,128,192,target_ns,585.8925133943558,525.5937687660853,-0.10291775923015467,10.291775923015468,1.0070278904729144,5,0,0
simt,4,128,256,target_ns,484.72734292348224,525.5937687660853,0.08430806811130132,8.430806811130132,1.0075204714982244,5,0,0
simt,4,256,1,target_ns,149.2730031410853,163.78162077399412,0.09719518819619388,9.719518819619388,1.0091132664051314,5,0,0
simt,4,256,2,target_ns,153.58582635720572,180.7909467271639,0.17713301425800365,17.713301425800367,1.0065745738403928,5,0,0
simt,4,256,3,target_ns,190.0488336881002,197.8002726803337,0.040786564388786806,4.078656438878681,1.009873828233651,5,0,0
simt,4,256,4,target_ns,200.94233751296997,214.80959863350353,0.06901114664120245,6.901114664120245,1.0312853736040608,5,0,0
simt,4,256,5,target_ns,507.6536486546198,499.87700549928996,-0.015318796931607759,1.5318796931607759,1.1527466029843654,5,0,0
simt,4,256,6,target_ns,523.915653427442,502.2148930689986,-0.04142033210208085,4.142033210208085,1.160229247493492,5,0,0
simt,4,256,7,target_ns,533.2091599702835,504.5527806387073,-0.053743224015831315,5.3743224015831315,1.1721150791581176,5,0,0
simt,4,256,8,target_ns,533.339316646258,506.890668208416,-0.04959065947764041,4.95906594776404,1.1658705552661326,5,0,0
simt,4,256,9,target_ns,584.4971686601639,509.22855577812464,-0.1287749828704502,12.87749828704502,1.0862086648587712,5,0,0
simt,4,256,10,target_ns,588.6555314064026,511.5664433478333,-0.13095789293679072,13.095789293679072,1.0709498621719684,5,0,0
simt,4,256,11,target_ns,599.3301967779795,513.904330917542,-0.14253556106415133,14.253556106415132,1.0862908436716867,5,0,0
simt,4,256,12,target_ns,553.2236695289612,516.2422184872507,-0.0668471959509579,6.684719595095789,1.0951212222118238,5,0,0
simt,4,256,16,target_ns,559.7935765981674,525.5937687660853,-0.06109360532486341,6.109360532486341,1.1050957016402216,4,1,1
simt,4,256,20,target_ns,637.6908123493195,534.9453190449201,-0.16112117552058536,16.112117552058535,1.0021825587846596,5,0,0
simt,4,256,24,target_ns,654.6258131663004,544.2968693237549,-0.16853741729020033,16.853741729020033,1.002729786744011,5,0,0
simt,4,256,32,target_ns,699.7641722361246,562.9999698814242,-0.19544327615068502,19.544327615068504,1.7176238531021533,3,2,1
simt,4,256,40,target_ns,667.5230065981547,562.9999698814242,-0.1565834221196405,15.65834221196405,1.0073597441162028,5,0,0
simt,4,256,48,target_ns,659.3615313371023,562.9999698814242,-0.14614374190175894,14.614374190175894,1.006296990081003,5,0,0
simt,4,256,64,target_ns,615.2906666199366,562.9999698814242,-0.08498535663764939,8.498535663764939,1.0010494355970105,2,3,1
simt,4,256,96,target_ns,684.3213240305582,562.9999698814242,-0.17728711628415716,17.728711628415716,1.006241817161923,5,0,0
simt,4,256,128,target_ns,579.2783399422964,562.9999698814242,-0.028101119856291712,2.810111985629171,1.0,1,4,1
simt,4,256,192,target_ns,589.884360631307,562.9999698814242,-0.04557569677065265,4.557569677065265,1.0037196172780372,5,0,0
simt,4,256,256,target_ns,599.8865167299906,562.9999698814242,-0.06148920807494829,6.148920807494829,2.6757512137807997,5,0,1
simt,4,512,1,target_ns,198.03383946418762,180.7909467271639,-0.08707043596022335,8.707043596022334,1.0156045821378399,5,0,0
simt,4,512,2,target_ns,165.75833658377329,214.80959863350353,0.2959203323383981,29.59203323383981,1.0166982671088753,5,0,0
simt,4,512,3,target_ns,509.93231435616815,502.2148930689986,-0.015134207168089442,1.5134207168089442,1.1618194795954313,5,0,0
simt,4,512,4,target_ns,490.99501470724744,506.890668208416,0.03237436842540298,3.2374368425402977,1.1532771548794474,5,0,0
simt,4,512,5,target_ns,582.0006678501765,511.5664433478333,-0.12102086542703927,12.102086542703926,1.0683209759780585,5,0,0
simt,4,512,6,target_ns,553.9313405752182,516.2422184872507,-0.06803933868199263,6.803933868199263,1.0994859659644232,5,0,0
simt,4,512,7,target_ns,557.490348815918,520.917993626668,-0.0656017727785384,6.560177277853841,1.0982616028093761,5,0,0
simt,4,512,8,target_ns,565.6266510486603,525.5937687660853,-0.0707761598721609,7.07761598721609,1.1013939525534135,5,0,0
simt,4,512,9,target_ns,622.8842039903005,530.2695439055028,-0.1486868016422518,14.868680164225179,1.0092677600489184,5,0,0
simt,4,512,10,target_ns,634.5224678516388,534.9453190449201,-0.1569324237546169,15.693242375461692,1.0050441220082984,5,0,0
simt,4,512,11,target_ns,641.4115230242411,539.6210941843374,-0.15869753689482236,15.869753689482236,1.002499844935276,5,0,0
simt,4,512,12,target_ns,651.6837080319723,544.2968693237549,-0.164783678623049,16.4783678623049,1.0026401898143502,5,0,0
simt,4,512,16,target_ns,703.5330136617025,562.9999698814242,-0.19975330375591205,19.975330375591206,1.0028088589083692,5,0,0
simt,4,512,20,target_ns,705.8639824390411,581.7030704390936,-0.1758992030885641,17.58992030885641,1.0048771537249452,5,0,0
simt,4,512,24,target_ns,704.9981455008189,600.406170996763,-0.14835780089854778,14.835780089854778,1.001579166051204,5,0,0
simt,4,512,32,target_ns,682.3426683743795,637.8123721121019,-0.06526089943688718,6.526089943688717,1.0052425661994853,5,0,0
simt,4,512,40,target_ns,687.2119704882303,637.8123721121019,-0.07188407725353274,7.188407725353274,1.0047338887119663,5,0,0
simt,4,512,48,target_ns,668.8438256581625,637.8123721121019,-0.04639566421282981,4.639566421282981,1.0060262042549681,5,0,0
simt,4,512,64,target_ns,644.896000623703,637.8123721121019,-0.010984140861085012,1.0984140861085012,1.0042103038057923,5,0,0
simt,4,512,96,target_ns,915.9088532129923,637.8123721121019,-0.3036289911658052,30.36289911658052,1.004445753497591,5,0,0
simt,4,512,128,target_ns,590.2785162130991,637.8123721121019,0.08052784337121688,8.052784337121688,1.0092734757430886,5,0,0
simt,4,512,192,target_ns,845.6443150838217,637.8123721121019,-0.24576756357797913,24.576756357797912,1.0157840668859512,5,0,0
simt,4,512,256,target_ns,503.299335638682,637.8123721121019,0.26726249559364934,26.726249559364934,1.00651408522527,5,0,0
simt,8,4,1,target_ns,133.5243284702301,149.294472591753,0.11810689708908684,11.810689708908683,1.011743638243397,5,0,0
simt,8,4,2,target_ns,134.7739944855372,149.294472591753,0.10773946532967082,10.773946532967082,1.0275912048575933,5,0,0
simt,8,4,3,target_ns,138.35000495115915,149.294472591753,0.0791070997392267,7.910709973922669,1.0061093489846593,5,0,0
simt,8,4,4,target_ns,134.5528264840444,149.294472591753,0.10956028567305265,10.956028567305264,1.016249645891268,5,0,0
simt,8,4,5,target_ns,137.36816247304282,149.294472591753,0.08682004551855749,8.682004551855748,1.017877936578251,5,0,0
simt,8,4,6,target_ns,138.01650206247965,149.294472591753,0.08171465267369138,8.171465267369138,1.0132121249569326,5,0,0
simt,8,4,7,target_ns,137.57100701332092,149.294472591753,0.0852175602472467,8.52175602472467,1.004437966635899,5,0,0
simt,8,4,8,target_ns,134.3335062265396,149.294472591753,0.1113718147130267,11.137181471302672,1.0110181681783141,5,0,0
simt,8,4,9,target_ns,137.7293368180593,149.294472591753,0.08397002440352463,8.397002440352463,1.004995178303036,5,0,0
simt,8,4,10,target_ns,137.66416410605112,149.294472591753,0.08448319547229688,8.448319547229687,1.0041483309273276,5,0,0
simt,8,4,11,target_ns,149.2671767870585,152.60867441624666,0.022386017482966647,2.2386017482966647,1.0112755101341446,5,0,0
simt,8,4,12,target_ns,148.8435020049413,152.60867441624666,0.025296182638731235,2.5296182638731235,1.0148119016049342,5,0,0
simt,8,4,16,target_ns,148.0556676785151,152.60867441624666,0.03075199220078395,3.075199220078395,1.0065200336417157,5,0,0
simt,8,4,20,target_ns,149.4238426287969,152.60867441624666,0.021314080346344744,2.1314080346344744,1.019432518914176,5,0,0
simt,8,4,24,target_ns,165.5504951874415,156.71490029430527,-0.05337099646323795,5.337099646323795,1.0029882269504655,5,0,0
simt,8,4,32,target_ns,179.8021694024404,161.61315022592882,-0.10116128874841435,10.116128874841435,1.0049108355534948,5,0,0
simt,8,4,40,target_ns,179.728165268898,161.61315022592882,-0.10079118660042319,10.079118660042319,1.0120194547856571,5,0,0
simt,8,4,48,target_ns,179.79166905085245,161.61315022592882,-0.1011087939774451,10.11087939774451,1.0148607841354575,5,0,0
simt,8,4,64,target_ns,179.87266182899475,161.61315022592882,-0.1015135452903081,10.15135452903081,1.0059730785102972,5,0,0
simt,8,4,96,target_ns,165.5396670103073,161.61315022592882,-0.023719491861331377,2.3719491861331377,1.0057025200934142,5,0,0
simt,8,4,128,target_ns,155.5031736691793,161.61315022592882,0.03929165182022598,3.929165182022598,1.0070617411202414,5,0,0
simt,8,4,192,target_ns,152.3106743892034,161.61315022592882,0.06107566573406764,6.107566573406764,1.0055362978451645,5,0,0
simt,8,4,256,target_ns,144.73198850949606,161.61315022592882,0.11663739226055858,11.663739226055858,1.0038409965980677,5,0,0
simt,8,8,1,target_ns,133.18367302417755,149.09332362576825,0.11945646369658647,11.945646369658647,1.0090762415570638,5,0,0
simt,8,8,2,target_ns,135.0316603978475,149.09332362576825,0.1041360462167944,10.41360462167944,1.0093229806476882,5,0,0
simt,8,8,3,target_ns,137.5831663608551,149.09332362576825,0.0836596334374522,8.36596334374522,1.0048399381972346,5,0,0
simt,8,8,4,target_ns,134.35684144496918,149.09332362576825,0.1096816657961921,10.96816657961921,1.0060002567387896,5,0,0
simt,8,8,5,target_ns,148.86466165383658,151.80407855230766,0.01974556530619931,1.9745565306199309,1.0091876788461085,5,0,0
simt,8,8,6,target_ns,148.97016187508902,151.80407855230766,0.019023384559351264,1.9023384559351264,1.0088646339925809,5,0,0
simt,8,8,7,target_ns,149.18532967567444,151.80407855230766,0.017553662161864825,1.7553662161864825,1.0053181804791418,5,0,0
simt,8,8,8,target_ns,148.115004102389,151.80407855230766,0.024906824749290513,2.4906824749290513,1.0116822934467287,5,0,0
simt,8,8,9,target_ns,148.94266923268637,151.80407855230766,0.01921148139994089,1.9211481399940888,1.0122497301683135,5,0,0
simt,8,8,10,target_ns,165.2594953775406,154.9045596004425,-0.06265864332601223,6.2658643326012236,1.0049156161631194,5,0,0
simt,8,8,11,target_ns,165.23516674836478,154.9045596004425,-0.06252063257003082,6.252063257003082,1.0029273963278127,5,0,0
simt,8,8,12,target_ns,165.21799564361572,154.9045596004425,-0.06242320034810178,6.242320034810178,1.006424610234596,5,0,0
simt,8,8,16,target_ns,179.8080007235209,158.39476677017282,-0.11908943910829539,11.908943910829539,1.0022530581507825,5,0,0
simt,8,8,20,target_ns,195.8086689313253,162.27470006149858,-0.17125885719384504,17.125885719384502,1.0125260486511314,5,0,0
simt,8,8,24,target_ns,195.8205054203669,166.5443594744198,-0.14950500655230237,14.950500655230236,1.0096060830753122,5,0,0
simt,8,8,32,target_ns,199.93666311105093,176.25285666504857,-0.11845654557537377,11.845654557537378,1.0105855502055943,5,0,0
simt,8,8,40,target_ns,198.81482422351837,176.25285666504857,-0.11348232027760874,11.348232027760874,1.011648631681133,5,0,0
simt,8,8,48,target_ns,195.81949710845947,176.25285666504857,-0.09992181949366075,9.992181949366074,1.0073565863916814,5,0,0
simt,8,8,64,target_ns,186.3483339548111,176.25285666504857,-0.054175302110351264,5.417530211035126,1.0068568752655211,5,0,0
simt,8,8,96,target_ns,170.3610122203827,176.25285666504857,0.034584464883573585,3.4584464883573585,2.0324659570017687,5,0,1
simt,8,8,128,target_ns,165.91167449951172,176.25285666504857,0.06232944243816485,6.232944243816485,1.0079317883440062,5,0,0
simt,8,8,192,target_ns,241.4425015449524,246.93523648906802,0.02274966051531302,2.274966051531302,2.0733137795524788,5,0,1
simt,8,8,256,target_ns,151.6931653022766,246.93523648906802,0.6278600027694328,62.78600027694328,1.001975412737428,5,0,0
simt,8,16,1,target_ns,133.15115869045258,148.99274914277586,0.11897448439897951,11.89744843989795,1.0047751140856762,5,0,0
simt,8,16,2,target_ns,134.163831671079,148.99274914277586,0.11052842846686106,11.052842846686106,1.0063155180793055,5,0,0
simt,8,16,3,target_ns,149.15883044401804,151.40178062033814,0.01503732745586217,1.503732745586217,1.0042656902284817,5,0,0
simt,8,16,4,target_ns,147.99484113852182,151.40178062033814,0.023020663798864804,2.3020663798864804,1.0051173714457082,5,0,0
simt,8,16,5,target_ns,165.38265844186148,153.99938925351114,-0.06882988395274836,6.882988395274836,1.0294088060720545,5,0,0
simt,8,16,6,target_ns,165.39682944615683,153.99938925351114,-0.06890966550453737,6.8909665504537365,1.0021677775315374,5,0,0
simt,8,16,7,target_ns,179.77682749430338,156.78557504229482,-0.12788774155410587,12.788774155410588,1.0048492379630487,5,0,0
simt,8,16,8,target_ns,179.87317343552908,156.78557504229482,-0.12835487333807127,12.835487333807126,1.0101505913408557,5,0,0
simt,8,16,9,target_ns,195.13550400733948,159.76033798668922,-0.18128513414616598,18.1285134146166,1.0077500339124839,5,0,0
simt,8,16,10,target_ns,195.15432914098105,159.76033798668922,-0.18136410967713112,18.13641096771311,1.010918037836555,5,0,0
simt,8,16,11,target_ns,195.7980046669642,162.9236780866943,-0.1678991909860692,16.78991909860692,1.0199651101090554,5,0,0
simt,8,16,12,target_ns,196.45866751670837,162.9236780866943,-0.17069742889894124,17.069742889894123,1.0099859337169446,5,0,0
simt,8,16,16,target_ns,200.07100701332092,169.81608975353657,-0.15122089757747836,15.122089757747837,1.0157535288880708,5,0,0
simt,8,16,20,target_ns,202.18616724014282,177.46281004282167,-0.12228016156988841,12.228016156988842,1.0123071048214627,5,0,0
simt,8,16,24,target_ns,204.01299993197122,185.8638389545496,-0.0889608063381917,8.896080633819171,1.0180516949665002,5,0,0
simt,8,16,32,target_ns,211.19283139705658,204.92882264533384,-0.029660139078991676,2.9660139078991676,1.011917743499765,5,0,0
simt,8,16,40,target_ns,206.2898427248001,204.92882264533384,-0.006597610728134251,0.6597610728134251,1.8240314398419617,5,0,1
simt,8,16,48,target_ns,204.9243301153183,204.92882264533384,2.192287276492344e-05,0.002192287276492344,1.9072066843038065,5,0,1
simt,8,16,64,target_ns,198.07699819405875,204.92882264533384,0.03459172197552318,3.459172197552318,1.0209862305178488,5,0,0
simt,8,16,96,target_ns,520.8008339007696,346.29358229337276,-0.3350748313906241,33.50748313906241,1.2084367904819926,5,0,0
simt,8,16,128,target_ns,494.79099611441296,346.29358229337276,-0.30012149571675395,30.012149571675394,1.1825458054572138,5,0,0
simt,8,16,192,target_ns,456.65616790453595,346.29358229337276,-0.2416754516151296,24.16754516151296,1.02151105959189,5,0,0
simt,8,16,256,target_ns,414.2891615629196,346.29358229337276,-0.16412589461194516,16.412589461194514,1.3094381794400913,5,0,0
simt,8,32,1,target_ns,133.03632537523904,148.9424619012797,0.11956235622997102,11.956235622997102,1.0069516859270693,5,0,0
simt,8,32,2,target_ns,147.93082575003305,151.2006316543534,0.022103614224701973,2.2103614224701973,1.010704561108551,5,0,0
simt,8,32,3,target_ns,165.2198334534963,153.54680408004546,-0.07065150187756608,7.065150187756608,1.0057922724125603,5,0,0
simt,8,32,4,target_ns,179.86915508906046,155.98097917835582,-0.13280862913308644,13.280862913308644,1.0067825726452493,5,0,0
simt,8,32,5,target_ns,194.96367375055948,158.50315694928452,-0.18701184738611,18.701184738610998,1.008483850084285,5,0,0
simt,8,32,6,target_ns,195.78533867994943,161.11333739283157,-0.1770919187355302,17.70919187355302,1.0025628500134545,5,0,0
simt,8,32,7,target_ns,197.57499794165292,163.81152050899692,-0.17088942317806277,17.08894231780628,1.0060615335423164,5,0,0
simt,8,32,8,target_ns,199.9823252360026,166.5977062977806,-0.16693784762640507,16.693784762640508,1.0109335422559316,5,0,0
simt,8,32,9,target_ns,200.68184038003287,169.47189475918262,-0.15551953062493207,15.551953062493206,1.0044461276250898,5,0,0
simt,8,32,10,target_ns,202.0043283700943,172.43408589320296,-0.14638420233607752,14.638420233607752,1.0082110490886556,5,0,0
simt,8,32,11,target_ns,201.86400413513184,175.4842796998416,-0.13068067557815366,13.068067557815366,1.004988164261017,5,0,0
simt,8,32,12,target_ns,204.24050092697144,178.6224761790986,-0.12543067918264084,12.543067918264084,1.007783728277193,5,0,0
simt,8,32,16,target_ns,210.90282996495566,192.05528882230988,-0.08936599449982507,8.936599449982507,1.0035633598151923,5,0,0
simt,8,32,20,target_ns,215.876171986262,206.8961442274144,-0.041598049827468064,4.159804982746806,1.8093086442984438,5,0,1
simt,8,32,24,target_ns,223.33849966526031,223.14504239441214,-0.0008662065480788961,0.08662065480788961,1.8208046104763411,5,0,1
simt,8,32,32,target_ns,257.1476697921753,259.8669670140874,0.010574846834543683,1.0574846834543683,1.0085189239646353,5,0,0
simt,8,32,40,target_ns,552.7604719003042,542.5964863101651,-0.01838768527567991,1.838768527567991,1.163233465875265,5,0,0
simt,8,32,48,target_ns,568.9291854699453,542.5964863101651,-0.04628466922122998,4.628466922122998,1.1817364259177403,5,0,0
simt,8,32,64,target_ns,556.0898184776306,542.5964863101651,-0.024264663223659277,2.4264663223659277,1.154014852908641,5,0,0
simt,8,32,96,target_ns,496.3725010553996,542.5964863101651,0.09312358189964787,9.312358189964787,1.0296491701786943,5,0,0
simt,8,32,128,target_ns,509.0796699126562,542.5964863101651,0.06583805714193902,6.583805714193902,1.1049913251900148,5,0,0
simt,8,32,192,target_ns,562.7135137716929,542.5964863101651,-0.03575003437662194,3.575003437662194,1.0040679342113334,5,0,0
simt,8,32,256,target_ns,475.084846218427,542.5964863101651,0.1421043854147659,14.210438541476588,1.0057163864993361,5,0,0
simt,8,64,1,target_ns,132.97650714715323,151.10005717136104,0.13629136764851335,13.629136764851335,1.0175882952848812,5,0,0
simt,8,64,2,target_ns,147.95066912968954,155.57868124638634,0.051557807487915275,5.1557807487915275,1.0075219512083504,5,0,0
simt,8,64,3,target_ns,164.13665811220804,160.20816704590018,-0.023934269842525002,2.3934269842525002,1.0067546520007218,5,0,0
simt,8,64,4,target_ns,180.32116691271463,164.9885145699026,-0.08502968678232803,8.502968678232802,1.0036779491239327,5,0,0
simt,8,64,5,target_ns,194.5480058590571,169.91972381839358,-0.12659231294565831,12.659231294565831,1.0047203110490848,5,0,0
simt,8,64,6,target_ns,197.22982744375864,175.00179479137313,-0.11270117172679661,11.270117172679662,1.0122847798998478,5,0,0
simt,8,64,7,target_ns,201.84765756130219,180.23472748884123,-0.10707545647834427,10.707545647834426,1.0132176071250059,5,0,0
simt,8,64,8,target_ns,200.7300059000651,185.6185219107979,-0.07528263610369512,7.528263610369512,1.0056224255547717,5,0,0
simt,8,64,9,target_ns,200.70466895898184,191.15317805724314,-0.04758977930747965,4.758977930747966,1.0051606519800382,5,0,0
simt,8,64,10,target_ns,202.19850540161133,196.83869592817692,-0.026507661185668163,2.6507661185668163,1.014555714856562,5,0,0
simt,8,64,11,target_ns,203.4390072027842,202.67507552359928,-0.003755089496791819,0.3755089496791819,1.0073145924977451,5,0,0
simt,8,64,12,target_ns,205.15750348567963,208.66231684351018,0.01708352508820221,1.7083525088202212,1.0058688255886852,5,0,0
simt,8,64,16,target_ns,215.38633604844412,234.11989936803946,0.0869765634314974,8.69765634314974,1.011919516712821,5,0,0
simt,8,64,20,target_ns,537.5373462835947,530.0493503970024,-0.013930187248128112,1.3930187248128112,1.1752732144071247,5,0,0
simt,8,64,24,target_ns,564.1126533349355,545.6630697217045,-0.032705495088898195,3.2705495088898195,1.1893155880709332,5,0,0
simt,8,64,32,target_ns,554.5923213164011,584.1318711465598,0.053263539170615326,5.326353917061533,1.1177925618142697,5,0,0
simt,8,64,40,target_ns,577.7029891808828,584.1318711465598,0.011128351568324701,1.1128351568324701,1.0614478397620362,5,0,0
simt,8,64,48,target_ns,516.3783232371012,584.1318711465598,0.1312091249003664,13.120912490036641,1.0169353428414154,5,0,0
simt,8,64,64,target_ns,545.2141861120859,584.1318711465598,0.07138054369420432,7.138054369420432,1.0896179531829695,5,0,0
simt,8,64,96,target_ns,558.8165024916331,584.1318711465598,0.045301755660491994,4.530175566049199,1.0038920047778488,5,0,0
simt,8,64,128,target_ns,540.0391817092896,584.1318711465598,0.08164720437082273,8.164720437082273,1.0053151772152622,5,0,0
simt,8,64,192,target_ns,542.7268445491791,584.1318711465598,0.07629072896103772,7.629072896103772,1.0245892980709304,5,0,0
simt,8,64,256,target_ns,475.71731607119244,584.1318711465598,0.227897012391163,22.7897012391163,1.004772107162437,5,0,0
simt,8,128,1,target_ns,132.77932504812875,155.37753228040157,0.17019371972316932,17.019371972316932,1.011177429434972,5,0,0
simt,8,128,2,target_ns,148.2363243897756,164.1839187059636,0.10758222980660981,10.758222980660982,1.0042210470447124,5,0,0
simt,8,128,3,target_ns,169.8359896739324,173.1914540975104,0.019757086999169893,1.9757086999169893,1.0065497575826268,5,0,0
simt,8,128,4,target_ns,181.4305086930593,182.4001384550419,0.005344358944740835,0.5344358944740835,1.0098473704387698,5,0,0
simt,8,128,5,target_ns,194.01117165883383,191.80997177855818,-0.01134573778125747,1.134573778125747,1.0080153252667872,5,0,0
simt,8,128,6,target_ns,196.16150359312692,201.42095406805922,0.026811838095619933,2.6811838095619933,1.0173243203730566,5,0,0
simt,8,128,7,target_ns,200.69517195224762,211.23308532354497,0.05250705968056213,5.250705968056213,1.0063314997737296,5,0,0
simt,8,128,8,target_ns,202.03199485937753,221.24636554501552,0.09510558314791662,9.510558314791663,1.0048557191808591,5,0,0
simt,8,128,9,target_ns,487.4453395605087,506.8545948368179,0.03981832156567333,3.981832156567333,1.12683040566641,5,0,0
simt,8,128,10,target_ns,512.5175068775812,509.93445379852744,-0.005039931406032538,0.5039931406032538,1.1719250154392509,5,0,0
simt,8,128,11,target_ns,516.6100213925043,513.2154617262216,-0.006570835883386028,0.6570835883386028,1.1609185471310797,5,0,0
simt,8,128,12,target_ns,519.1871672868729,516.6976186199006,-0.004795088984926088,0.4795088984926088,1.1641614599137355,5,0,0
simt,8,128,16,target_ns,534.7736825545629,532.6377358544639,-0.00399411334135924,0.399411334135924,1.1686190868803819,5,0,0
simt,8,128,20,target_ns,590.9985154867172,551.7962365447831,-0.06633227988677604,6.6332279886776035,1.0830564382040475,5,0,0
simt,8,128,24,target_ns,513.9153202374777,574.1731206908585,0.11725239174721613,11.725239174721613,1.0248366664517852,5,0,0
simt,8,128,32,target_ns,557.4310223261515,628.582039350277,0.1276409352447112,12.764093524471122,1.0821696007686306,5,0,0
simt,8,128,40,target_ns,589.1931653022766,628.582039350277,0.06685222498769572,6.685222498769572,1.011879802013403,5,0,0
simt,8,128,48,target_ns,588.3687933286031,628.582039350277,0.06834700697529139,6.834700697529139,1.0191837243063677,5,0,0
simt,8,128,64,target_ns,591.1535024642944,628.582039350277,0.06331441280472361,6.331441280472361,1.0145613422214472,5,0,0
simt,8,128,96,target_ns,566.1788284778595,628.582039350277,0.11021819915129139,11.02181991512914,1.0080038149798771,5,0,0
simt,8,128,128,target_ns,540.9531792004904,628.582039350277,0.16198973130964678,16.198973130964678,1.0061237370258844,5,0,0
simt,8,128,192,target_ns,551.967849334081,628.582039350277,0.13880190686581972,13.880190686581972,1.0183203784556163,5,0,0
simt,8,128,256,target_ns,474.9016563097636,628.582039350277,0.3236046474015084,32.36046474015084,1.00350695570596,5,0,0
simt,8,256,1,target_ns,132.03817109266916,163.78162077399412,0.2404111585205635,24.04111585205635,1.0050157427264998,5,0,0
simt,8,256,2,target_ns,149.64500069618225,180.7909467271639,0.2081322188251109,20.81322188251109,1.0586184751449212,5,0,0
simt,8,256,3,target_ns,177.77466277281442,197.8002726803337,0.11264602950258906,11.264602950258906,1.019246651474464,5,0,0
simt,8,256,4,target_ns,194.92449859778085,214.80959863350353,0.1020143705833243,10.20143705833243,1.0117476518084136,5,0,0
simt,8,256,5,target_ns,492.44200189908344,499.87700549928996,0.015098232018255331,1.509823201825533,1.16091681870992,5,0,0
simt,8,256,6,target_ns,504.03884053230286,502.2148930689986,-0.003618664508826419,0.3618664508826419,1.161906058208873,5,0,0
simt,8,256,7,target_ns,514.7915035486221,504.5527806387073,-0.019889067397841687,1.9889067397841687,1.1736722892134868,5,0,0
simt,8,256,8,target_ns,524.2891858021418,506.890668208416,-0.03318496368966062,3.318496368966062,1.168962744196204,5,0,0
simt,8,256,9,target_ns,561.3889942566553,509.22855577812464,-0.09291318321549424,9.291318321549424,1.0864952973786506,5,0,0
simt,8,256,10,target_ns,564.0349984169006,511.5664433478333,-0.09302358048052506,9.302358048052506,1.0673614019401063,5,0,0
simt,8,256,11,target_ns,573.1924821933111,513.904330917542,-0.10343497711083727,10.343497711083726,1.086860830581778,5,0,0
simt,8,256,12,target_ns,527.2615154584249,516.2422184872507,-0.020899111063688247,2.0899111063688247,1.1069207962861634,5,0,0
simt,8,256,16,target_ns,540.791834394137,525.5937687660853,-0.028103356340575147,2.8103356340575147,1.1091060838890137,5,0,0
simt,8,256,20,target_ns,600.2776573101679,534.9453190449201,-0.10883686485684096,10.883686485684096,1.0044051721289013,5,0,0
simt,8,256,24,target_ns,611.9753122329712,544.2968693237549,-0.11059015217831525,11.059015217831526,1.0031052501703563,5,0,0
simt,8,256,32,target_ns,690.3559863567352,562.9999698814242,-0.18447876022255694,18.447876022255695,1.0032747585495903,5,0,0
simt,8,256,40,target_ns,615.8431967099508,562.9999698814242,-0.08580630119945065,8.580630119945065,1.0035008157560024,5,0,0
simt,8,256,48,target_ns,602.9228071371714,562.9999698814242,-0.06621550351579963,6.621550351579963,1.0019678514097854,5,0,0
simt,8,256,64,target_ns,592.256635427475,562.9999698814242,-0.04939862856063071,4.939862856063071,1.014963854507084,5,0,0
simt,8,256,96,target_ns,648.1941839059194,562.9999698814242,-0.13143316638715863,13.143316638715863,1.0020106612827748,5,0,0
simt,8,256,128,target_ns,539.8893356323242,562.9999698814242,0.04280624328693694,4.280624328693694,1.0038061010963848,5,0,0
simt,8,256,192,target_ns,549.2708186308543,562.9999698814242,0.02499523146849869,2.499523146849869,1.0126332687770645,5,0,0
simt,8,256,256,target_ns,476.48951907952625,562.9999698814242,0.1815579301072925,18.155793010729248,1.005098207562969,5,0,0
simt,8,512,1,target_ns,151.12150212128958,180.7909467271639,0.19632841249858513,19.63284124985851,1.0314483219271766,5,0,0
simt,8,512,2,target_ns,166.4415051539739,214.80959863350353,0.29060115404979436,29.060115404979435,1.0288433135008743,5,0,0
simt,8,512,3,target_ns,488.9196703831355,502.2148930689986,0.02719306154208212,2.719306154208212,1.1387576633723577,5,0,0
simt,8,512,4,target_ns,503.44131886959076,506.890668208416,0.006851541996136357,0.6851541996136357,1.1622485330978125,5,0,0
simt,8,512,5,target_ns,570.3281511863073,511.5664433478333,-0.10303139993396282,10.303139993396282,1.0707580403386483,5,0,0
simt,8,512,6,target_ns,532.6111515363058,516.2422184872507,-0.03073336523623138,3.073336523623138,1.0977987083449094,5,0,0
simt,8,512,7,target_ns,537.9999826351801,520.917993626668,-0.0317509099625668,3.17509099625668,1.1058610042638288,5,0,0
simt,8,512,8,target_ns,539.5706643660864,525.5937687660853,-0.025903735178823717,2.5903735178823717,1.1076598782180755,5,0,0
simt,8,512,9,target_ns,598.9491740862528,530.2695439055028,-0.11466687517438612,11.466687517438611,1.005648373696248,5,0,0
simt,8,512,10,target_ns,608.55300227801,534.9453190449201,-0.12095525444382438,12.095525444382439,1.00516406230164,5,0,0
simt,8,512,11,target_ns,612.643967072169,539.6210941843374,-0.11919300084975704,11.919300084975703,1.0033875290986582,5,0,0
simt,8,512,12,target_ns,617.3571745554606,544.2968693237549,-0.11834365622188503,11.834365622188503,1.002980360392534,5,0,0
simt,8,512,16,target_ns,683.4162076314291,562.9999698814242,-0.17619751537257378,17.61975153725738,1.0024341747488772,5,0,0
simt,8,512,20,target_ns,681.8455159664154,581.7030704390936,-0.14686969875483402,14.686969875483403,1.0036392571286072,5,0,0
simt,8,512,24,target_ns,684.2834750811259,600.406170996763,-0.12257683714255807,12.257683714255807,1.004012864406048,5,0,0
simt,8,512,32,target_ns,652.6526808738708,637.8123721121019,-0.022738447564328523,2.2738447564328523,1.0036446655680433,5,0,0
simt,8,512,40,target_ns,648.9838361740112,637.8123721121019,-0.01721377858618023,1.7213778586180228,1.0032674507533716,5,0,0
simt,8,512,48,target_ns,650.9515047073364,637.8123721121019,-0.020184502993263354,2.0184502993263354,1.0036241142108673,5,0,0
simt,8,512,64,target_ns,578.9510011672974,637.8123721121019,0.10166900277592861,10.16690027759286,1.0055638894250991,5,0,0
simt,8,512,96,target_ns,897.3551988601685,637.8123721121019,-0.2892308720980733,28.92308720980733,1.0015796691920174,5,0,0
simt,8,512,128,target_ns,540.8200025558472,637.8123721121019,0.1793431624161108,17.934316241611082,1.0019122254118091,5,0,0
simt,8,512,192,target_ns,798.2505162556967,637.8123721121019,-0.2009872100003791,20.098721000037912,1.0038906541471242,5,0,0
simt,8,512,256,target_ns,458.48699410756427,637.8123721121019,0.39112424192880524,39.112424192880525,1.0037866945547154,5,0,0
simt,16,4,1,target_ns,138.6361618836721,149.6967705237225,0.07978155547418608,7.978155547418608,1.01130065278754,5,0,0
simt,16,4,2,target_ns,139.48633273442587,149.6967705237225,0.07320027409951857,7.320027409951857,1.013542241688966,5,0,0
simt,16,4,3,target_ns,144.84865963459015,149.6967705237225,0.033470181231657126,3.3470181231657126,1.0012497666814963,5,0,0
simt,16,4,4,target_ns,139.86832896868387,149.6967705237225,0.07026924270496715,7.026924270496715,1.0139244419119808,5,0,0
simt,16,4,5,target_ns,144.59533989429474,149.6967705237225,0.03528074025869099,3.528074025869099,1.0028288574763247,5,0,0
simt,16,4,6,target_ns,144.441490372022,149.6967705237225,0.03638345283038169,3.638345283038169,1.0048641072662168,5,0,0
simt,16,4,7,target_ns,144.88983154296875,149.6967705237225,0.03317651024618806,3.3176510246188062,1.0067729669022123,5,0,0
simt,16,4,8,target_ns,139.9853378534317,149.6967705237225,0.06937464179612096,6.937464179612096,1.0094126133677215,5,0,0
simt,16,4,9,target_ns,144.53400174776712,149.6967705237225,0.035720098478731366,3.5720098478731366,1.001052156146532,5,0,0
simt,16,4,10,target_ns,144.47849492232004,149.6967705237225,0.036118009148753405,3.6118009148753405,1.0035538719506347,5,0,0
simt,16,4,11,target_ns,149.13016557693481,154.21786614412466,0.03411583798292739,3.411583798292739,1.012087968389725,5,0,0
simt,16,4,12,target_ns,149.14050698280334,154.21786614412466,0.0340441323691274,3.40441323691274,1.0079309272909653,5,0,0
simt,16,4,16,target_ns,149.13850029309592,154.21786614412466,0.03405804564915482,3.4058045649154822,1.0094980425778923,5,0,0
simt,16,4,20,target_ns,149.8716672261556,154.21786614412466,0.028999470002629923,2.8999470002629923,1.0139707593790643,5,0,0
simt,16,4,24,target_ns,166.69699052969614,160.33558168203075,-0.038161509859604426,3.8161509859604426,1.00659357656575,5,0,0
simt,16,4,32,target_ns,180.3878347078959,168.0499171374408,-0.06839661660352014,6.839661660352014,1.00652455689397,5,0,0
simt,16,4,40,target_ns,180.01967668533325,168.0499171374408,-0.06649139565346018,6.649139565346019,1.0073569964148779,5,0,0
simt,16,4,48,target_ns,180.92733124891916,168.0499171374408,-0.07117450980229001,7.117450980229001,1.0094196461761284,5,0,0
simt,16,4,64,target_ns,180.42066196600595,168.0499171374408,-0.0685661203864556,6.85661203864556,1.0081726748041957,5,0,0
simt,16,4,96,target_ns,165.78600307305655,168.0499171374408,0.013655640539126823,1.3655640539126823,1.0094270890546893,5,0,0
simt,16,4,128,target_ns,156.22915824254355,168.0499171374408,0.07566294939991725,7.5662949399917245,1.015475985606271,5,0,0
simt,16,4,192,target_ns,153.02351117134094,168.0499171374408,0.09819671402830865,9.819671402830865,1.0114308073609788,5,0,0
simt,16,4,256,target_ns,145.38734157880148,168.0499171374408,0.15587722639770507,15.587722639770508,1.007549870783966,5,0,0
simt,16,8,1,target_ns,138.32683364550272,149.294472591753,0.07928786235617591,7.928786235617591,1.012522736534433,5,0,0
simt,16,8,2,target_ns,139.87433910369873,149.294472591753,0.06734711705104424,6.734711705104424,1.008858291984346,5,0,0
simt,16,8,3,target_ns,144.657164812088,149.294472591753,0.03205722845245118,3.205722845245118,1.0108616234450694,5,0,0
simt,16,8,4,target_ns,139.75615799427032,149.294472591753,0.06824969099303457,6.824969099303457,1.0051273622074761,5,0,0
simt,16,8,5,target_ns,149.06266828378043,152.60867441624666,0.023788693529324556,2.3788693529324556,1.0097632283442648,5,0,0
simt,16,8,6,target_ns,149.23999706904092,152.60867441624666,0.02257221531334741,2.257221531334741,1.004428218266563,5,0,0
simt,16,8,7,target_ns,149.43317572275797,152.60867441624666,0.021250292501179047,2.1250292501179047,1.0085729527758593,5,0,0
simt,16,8,8,target_ns,149.38200016816458,152.60867441624666,0.021600154265237315,2.1600154265237315,1.0019059973037745,5,0,0
simt,16,8,9,target_ns,149.19949074586233,152.60867441624666,0.02284983449569089,2.284983449569089,1.0128364222606996,5,0,0
simt,16,8,10,target_ns,166.61317149798074,156.71490029430527,-0.0594086956912373,5.9408695691237305,1.004384400557676,5,0,0
simt,16,8,11,target_ns,166.63282612959543,156.71490029430527,-0.05951964007125876,5.951964007125876,1.0114960048811883,5,0,0
simt,16,8,12,target_ns,166.37150446573892,156.71490029430527,-0.05804241659317477,5.804241659317477,1.0016707531375564,5,0,0
simt,16,8,16,target_ns,181.49733543395996,161.61315022592882,-0.10955634781352619,10.955634781352618,1.0150256370582285,5,0,0
simt,16,8,20,target_ns,196.97599609692892,167.30342421111732,-0.1506405474462491,15.064054744624912,1.0200023287650735,5,0,0
simt,16,8,24,target_ns,196.00217044353485,173.78572224987076,-0.11334797029742227,11.334797029742226,1.0089396094909775,5,0,0
simt,16,8,32,target_ns,200.3043293952942,189.12639048807253,-0.05580477936231898,5.5804779362318975,1.0093172386008455,5,0,0
simt,16,8,40,target_ns,197.44683305422464,189.12639048807253,-0.04214016724120906,4.214016724120906,1.006773214841959,5,0,0
simt,16,8,48,target_ns,196.0114985704422,189.12639048807253,-0.03512604175053191,3.512604175053191,1.0076947453589133,5,0,0
simt,16,8,64,target_ns,187.09750473499298,189.12639048807253,0.010844002200634861,1.0844002200634861,1.0086954378286421,5,0,0
simt,16,8,96,target_ns,173.8706628481547,189.12639048807253,0.08774181561176331,8.77418156117633,2.01256402409226,5,0,1
simt,16,8,128,target_ns,168.245996038119,189.12639048807253,0.12410633799108495,12.410633799108496,1.0055178587235922,5,0,0
simt,16,8,192,target_ns,244.27416423956552,259.808770312092,0.06359496150927901,6.359496150927901,2.0347113238073344,5,0,1
simt,16,8,256,target_ns,155.46134114265442,259.808770312092,0.6712114304590124,67.12114304590125,1.0166978119663503,5,0,0
simt,16,16,1,target_ns,138.222669561704,149.09332362576825,0.07864595654630646,7.864595654630646,1.0130022671496934,5,0,0
simt,16,16,2,target_ns,139.92850482463837,149.09332362576825,0.06549643914665881,6.549643914665881,1.0038770607352312,5,0,0
simt,16,16,3,target_ns,148.82499476273856,151.80407855230766,0.020017361964759006,2.0017361964759006,1.0074483587864453,5,0,0
simt,16,16,4,target_ns,148.73650670051575,151.80407855230766,0.0206242026240977,2.06242026240977,1.020265649779995,5,0,0
simt,16,16,5,target_ns,166.73082609971365,154.9045596004425,-0.07093029391096783,7.093029391096783,1.008470742378372,5,0,0
simt,16,16,6,target_ns,166.3260112206141,154.9045596004425,-0.06866906466615286,6.866906466615285,1.012663981715486,5,0,0
simt,16,16,7,target_ns,180.54399391015372,158.39476677017282,-0.12268049831113892,12.268049831113892,1.0076986230985412,5,0,0
simt,16,16,8,target_ns,180.6403398513794,158.39476677017282,-0.12314842354431443,12.314842354431443,1.0085560944617633,5,0,0
simt,16,16,9,target_ns,196.79450492064157,162.27470006149858,-0.17541041033164662,17.54104103316466,1.0039439667473393,5,0,0
simt,16,16,10,target_ns,196.89134260018668,162.27470006149858,-0.17581597078639288,17.581597078639287,1.0160634338219707,5,0,0
simt,16,16,11,target_ns,195.6136574347814,166.5443594744198,-0.14860566660614416,14.860566660614417,1.0076417448434158,5,0,0
simt,16,16,12,target_ns,195.742666721344,166.5443594744198,-0.14916680014628814,14.916680014628813,1.0036527143454133,5,0,0
simt,16,16,16,target_ns,200.0214954217275,176.25285666504857,-0.11883042223319484,11.883042223319485,1.0150884324443283,5,0,0
simt,16,16,20,target_ns,201.95965965588888,187.52025834205915,-0.07149646289973188,7.149646289973188,1.0031554921765593,5,0,0
simt,16,16,24,target_ns,204.37749723593393,200.34656450545157,-0.01972297726020711,1.9722977260207109,1.0100382664799183,5,0,0
simt,16,16,32,target_ns,226.98184351126352,230.6758902913818,0.016274635552226302,1.6274635552226302,1.0028189533240897,5,0,0
simt,16,16,40,target_ns,213.21766078472137,230.6758902913818,0.0818798472997384,8.187984729973842,1.7774508862914797,5,0,1
simt,16,16,48,target_ns,213.96433810393015,230.6758902913818,0.07810438101761719,7.810438101761719,1.838716504689948,5,0,1
simt,16,16,64,target_ns,216.9546683629354,230.6758902913818,0.06324464936376795,6.324464936376795,1.0106953932868965,5,0,0
simt,16,16,96,target_ns,513.3944849173228,372.0406499394207,-0.2753318142883162,27.53318142883162,1.185420159404377,5,0,0
simt,16,16,128,target_ns,490.71115255355835,372.0406499394207,-0.24183371826093858,24.183371826093857,1.1625894675052222,5,0,0
simt,16,16,192,target_ns,457.2981546322505,372.0406499394207,-0.18643745623988373,18.643745623988373,1.0187402800405236,5,0,0
simt,16,16,256,target_ns,413.54048748811084,372.0406499394207,-0.1003525381535545,10.03525381535545,1.2748883757931793,5,0,0
simt,16,32,1,target_ns,138.8093332449595,148.99274914277586,0.07336261661775656,7.336261661775656,1.0042610782498393,5,0,0
simt,16,32,2,target_ns,149.0053435166677,151.40178062033814,0.016082893721206526,1.6082893721206526,1.003414043354219,5,0,0
simt,16,32,3,target_ns,166.4246767759323,153.99938925351114,-0.07466012711053716,7.466012711053716,1.0040698799503445,5,0,0
simt,16,32,4,target_ns,180.46634395917258,156.78557504229482,-0.13121986292488486,13.121986292488486,1.0018247191872984,5,0,0
simt,16,32,5,target_ns,196.88216845194498,159.76033798668922,-0.1885484640744215,18.85484640744215,1.004433226323259,5,0,0
simt,16,32,6,target_ns,196.25000158945718,162.9236780866943,-0.1698156597852135,16.981565978521353,1.004120149446204,5,0,0
simt,16,32,7,target_ns,197.3111629486084,166.27559534231008,-0.1572925076437861,15.72925076437861,1.0080858985566548,5,0,0
simt,16,32,8,target_ns,199.61316883563995,169.81608975353657,-0.14927411480871822,14.927411480871822,1.0148707452889332,5,0,0
simt,16,32,9,target_ns,200.80482959747314,173.54516132037378,-0.13575205502648124,13.575205502648124,1.0060120954454288,5,0,0
simt,16,32,10,target_ns,201.95467273394266,177.46281004282167,-0.12127405798323287,12.127405798323288,1.0234173065921721,5,0,0
simt,16,32,11,target_ns,203.01016668478647,181.56903592088028,-0.10561604432943394,10.561604432943394,1.007339243617111,5,0,0
simt,16,32,12,target_ns,203.90800138314566,185.8638389545496,-0.08849168402514451,8.84916840251445,1.0058702111475533,5,0,0
simt,16,32,16,target_ns,227.04599797725677,204.92882264533384,-0.09741275128812632,9.741275128812632,1.0078325463155773,5,0,0
simt,16,32,20,target_ns,226.57098869482675,227.01104082588932,0.0019422262911836796,0.19422262911836796,1.7312320416103208,5,0,1
simt,16,32,24,target_ns,241.34816229343414,252.11049349621607,0.0445925550064763,4.45925550064763,1.7182220721229375,5,0,1
simt,16,32,32,target_ns,371.0313340028127,311.3611023061833,-0.16082262124033186,16.082262124033186,1.0105581839299476,5,0,0
simt,16,32,40,target_ns,553.8491805394491,594.090621602261,0.07265776040982264,7.265776040982264,1.138258272414757,5,0,0
simt,16,32,48,target_ns,580.8091461658478,594.090621602261,0.02286719402421511,2.286719402421511,1.1378602829624038,5,0,0
simt,16,32,64,target_ns,588.3501370747884,594.090621602261,0.009756918823905725,0.9756918823905725,1.0954238448537494,5,0,0
simt,16,32,96,target_ns,532.8199863433838,594.090621602261,0.11499312493767899,11.4993124937679,1.0188982823005153,5,0,0
simt,16,32,128,target_ns,543.3918436368307,594.090621602261,0.09330058696890231,9.33005869689023,1.0708903474970115,5,0,0
simt,16,32,192,target_ns,544.4744726022085,594.090621602261,0.0911266762662386,9.11266762662386,1.039259525042886,5,0,0
simt,16,32,256,target_ns,504.72401579221093,594.090621602261,0.17706033993603598,17.706033993603597,1.002493602111864,5,0,0
simt,16,64,1,target_ns,136.2640013297399,151.2006316543534,0.10961538028278595,10.961538028278595,1.00995697727878,5,0,0
simt,16,64,2,target_ns,150.57417253653207,155.98097917835582,0.03590792863571579,3.590792863571579,1.0058835835015028,5,0,0
simt,16,64,3,target_ns,165.52399098873138,161.11333739283157,-0.026646612189287322,2.664661218928732,1.0073480333027478,5,0,0
simt,16,64,4,target_ns,181.46215875943503,166.5977062977806,-0.08191488827905036,8.191488827905037,1.015435349717776,5,0,0
simt,16,64,5,target_ns,194.5186754067739,172.43408589320296,-0.11353454606550273,11.353454606550272,1.0134521299377326,5,0,0
simt,16,64,6,target_ns,197.82132903734842,178.6224761790986,-0.09705148050352597,9.705148050352596,1.0141511363831441,5,0,0
simt,16,64,7,target_ns,200.0513275464376,185.16287715546758,-0.07442315216585593,7.442315216585593,1.0080946585231747,5,0,0
simt,16,64,8,target_ns,202.58699357509613,192.05528882230988,-0.05198608541906369,5.198608541906369,1.0138088596539847,5,0,0
simt,16,64,9,target_ns,201.54617230097452,199.2997111796255,-0.011146136370153048,1.1146136370153048,1.012837245133567,5,0,0
simt,16,64,10,target_ns,202.85433530807495,206.8961442274144,0.01992468592402097,1.9924685924020968,1.0078184718792618,5,0,0
simt,16,64,11,target_ns,205.55199682712555,214.84458796567662,0.04520798280722316,4.520798280722316,1.0137157940516175,5,0,0
simt,16,64,12,target_ns,210.18066505591074,223.14504239441214,0.06168206449938074,6.168206449938074,1.0343281837842233,5,0,0
simt,16,64,16,target_ns,281.054824590683,259.8669670140874,-0.07538691999844782,7.538691999844782,1.0136605788286353,5,0,0
simt,16,64,20,target_ns,539.820154507955,570.2791435939523,0.05642432730908431,5.642432730908431,1.1484730900168938,5,0,0
simt,16,64,24,target_ns,594.8903560638428,603.5939719253123,0.014630621883094497,1.4630621883094497,1.1741101134631837,5,0,0
simt,16,64,32,target_ns,704.8610349496206,687.1201417307515,-0.02516934876409671,2.516934876409671,1.1267432144453002,5,0,0
simt,16,64,40,target_ns,756.6849688688914,687.1201417307515,-0.09193367121079044,9.193367121079044,1.0733356323494174,5,0,0
simt,16,64,48,target_ns,652.1130005518595,687.1201417307515,0.05368263038655363,5.368263038655363,1.0146380472033554,5,0,0
simt,16,64,64,target_ns,688.2306834061941,687.1201417307515,-0.0016136183727617492,0.16136183727617492,1.0703647559750926,5,0,0
simt,16,64,96,target_ns,691.0929679870605,687.1201417307515,-0.005748613341965636,0.5748613341965636,1.0103496758594728,5,0,0
simt,16,64,128,target_ns,686.1136555671692,687.1201417307515,0.0014669379561469409,0.1466937956146941,1.0078244629692763,5,0,0
simt,16,64,192,target_ns,678.5109837849935,687.1201417307515,0.012688310361215871,1.268831036121587,1.0048693850427088,5,0,0
simt,16,64,256,target_ns,505.4914951324463,687.1201417307515,0.35931098415556084,35.931098415556086,1.007020329614786,5,0,0
simt,16,128,1,target_ns,136.02982958157858,155.57868124638634,0.1437100356953993,14.37100356953993,1.0084395170200302,5,0,0
simt,16,128,2,target_ns,150.2758413553238,164.9885145699026,0.0979044474606603,9.79044474606603,1.0157368599401635,5,0,0
simt,16,128,3,target_ns,166.63482785224915,175.00179479137313,0.05021139366221061,5.021139366221061,1.0044854862740216,5,0,0
simt,16,128,4,target_ns,181.1861644188563,185.6185219107979,0.024463001941445794,2.4463001941445794,1.0063347484116238,5,0,0
simt,16,128,5,target_ns,193.3241585890452,196.83869592817692,0.018179504128103652,1.8179504128103652,1.0134224641906941,5,0,0
simt,16,128,6,target_ns,195.49832741419473,208.66231684351018,0.06733556037758537,6.733556037758537,1.0085072888707791,5,0,0
simt,16,128,7,target_ns,198.00734023253122,221.0893846567977,0.11657166040996225,11.657166040996225,1.0126332115004806,5,0,0
simt,16,128,8,target_ns,204.12000517050424,234.11989936803946,0.1469718471370598,14.69718471370598,1.0077348825396102,5,0,0
simt,16,128,9,target_ns,483.62165689468384,523.1476610815827,0.08172918566280463,8.172918566280462,1.1284578668448906,5,0,0
simt,16,128,10,target_ns,511.9299838940302,530.0493503970024,0.03539422786910418,3.539422786910418,1.1607493174244754,5,0,0
simt,16,128,11,target_ns,520.0981646776199,537.5544866103763,0.0335635138100836,3.35635138100836,1.1663184081264695,5,0,0
simt,16,128,12,target_ns,519.4143205881119,545.6630697217045,0.05053528193807244,5.053528193807244,1.147705301265804,5,0,0
simt,16,128,16,target_ns,529.2088488737742,584.1318711465598,0.10378326513184533,10.378326513184533,1.1246341490812333,5,0,0
simt,16,128,20,target_ns,563.5356605052948,632.255822938683,0.12194465630049067,12.194465630049066,1.0695849056491809,5,0,0
simt,16,128,24,target_ns,585.9654645125071,690.0349250980742,0.17760340308135314,17.760340308135312,1.0340325903918008,5,0,0
simt,16,128,32,target_ns,847.5426932175955,834.5585805186605,-0.015319715222418262,1.5319715222418262,1.127539281867321,5,0,0
simt,16,128,40,target_ns,829.4125099976858,834.5585805186605,0.00620447661319834,0.620447661319834,1.0589745027147979,5,0,0
simt,16,128,48,target_ns,832.6638340950012,834.5585805186605,0.002275523862182105,0.2275523862182105,1.0664903904442058,5,0,0
simt,16,128,64,target_ns,846.4802006880442,834.5585805186605,-0.014083755484999405,1.4083755484999405,1.0827539459887408,5,0,0
simt,16,128,96,target_ns,810.912698507309,834.5585805186605,0.029159590243040823,2.9159590243040823,1.0933600055048607,5,0,0
simt,16,128,128,target_ns,685.8021914958954,834.5585805186605,0.2169085938589559,21.69085938589559,1.0104030376563857,5,0,0
simt,16,128,192,target_ns,801.9074698289236,834.5585805186605,0.04071680576401482,4.071680576401482,1.0257943763693225,5,0,0
simt,16,128,256,target_ns,506.0540040334066,834.5585805186605,0.6491492486315118,64.91492486315119,1.003813051594981,5,0,0
simt,16,256,1,target_ns,134.1568281253179,164.1839187059636,0.22382081478996319,22.38208147899632,1.0073609961218597,5,0,0
simt,16,256,2,target_ns,149.87401167551675,182.4001384550419,0.21702312773174803,21.702312773174803,1.0060763913126203,5,0,0
simt,16,256,3,target_ns,171.5184897184372,201.42095406805922,0.17433959684876865,17.433959684876864,1.0200345174135088,5,0,0
simt,16,256,4,target_ns,193.76365840435028,221.24636554501552,0.1418362316596733,14.18362316596733,1.027414281711127,5,0,0
simt,16,256,5,target_ns,481.4808319012324,509.93445379852744,0.05909606366870235,5.909606366870235,1.1552565815113396,5,0,0
simt,16,256,6,target_ns,500.71998933951056,516.6976186199006,0.031909309834955435,3.1909309834955435,1.1631861453732852,5,0,0
simt,16,256,7,target_ns,513.1533245245615,524.2653793052127,0.021654453453939126,2.1654453453939126,1.1749764058269956,5,0,0
simt,16,256,8,target_ns,523.1749961773554,532.6377358544639,0.018087140528980195,1.8087140528980195,1.1653532765420997,5,0,0
simt,16,256,9,target_ns,562.0483209689459,541.814688267654,-0.035999809885402745,3.5999809885402745,1.0886539438663159,5,0,0
simt,16,256,10,target_ns,564.7314935922623,551.7962365447831,-0.02290514553243317,2.290514553243317,1.074122486486159,5,0,0
simt,16,256,11,target_ns,573.1523235638937,562.5823806858514,-0.018441769218203286,1.8441769218203286,1.0827824846812997,5,0,0
simt,16,256,12,target_ns,526.3338138659796,574.1731206908585,0.0908915702631643,9.08915702631643,1.1002157073716627,5,0,0
simt,16,256,16,target_ns,530.8163464069366,628.582039350277,0.1841798836925621,18.41798836925621,1.0798536516099626,5,0,0
simt,16,256,20,target_ns,584.3613048394521,663.6806572751598,0.13573683229675848,13.573683229675847,1.0069372636029015,5,0,0
simt,16,256,24,target_ns,704.4465045134226,698.7792752000424,-0.008044939221175773,0.8044939221175773,1.0090839676684413,5,0,0
simt,16,256,32,target_ns,941.5319760640463,768.9765110498076,-0.18327095563507534,18.327095563507534,1.0129345767935118,5,0,0
simt,16,256,40,target_ns,775.1976847648621,768.9765110498076,-0.008025273858940252,0.8025273858940252,1.0554600787241855,5,0,0
simt,16,256,48,target_ns,750.4178086916605,768.9765110498076,0.024731159286456528,2.4731159286456528,1.042331999021895,5,0,0
simt,16,256,64,target_ns,854.6930253505707,768.9765110498076,-0.10028924041541654,10.028924041541654,1.0708014563033577,5,0,0
simt,16,256,96,target_ns,863.750139872233,768.9765110498076,-0.10972343094085568,10.972343094085568,1.0406427909044356,5,0,0
simt,16,256,128,target_ns,687.9876852035522,768.9765110498076,0.11771842372773511,11.771842372773511,1.0074544212998642,5,0,0
simt,16,256,192,target_ns,793.4388220310211,768.9765110498076,-0.030830746242786033,3.0830746242786033,1.059839077788368,5,0,0
simt,16,256,256,target_ns,503.8834810256958,768.9765110498076,0.5260998623818613,52.60998623818614,1.0036588838608536,5,0,0
simt,16,512,1,target_ns,136.53517762819925,180.7909467271639,0.32413455541456226,32.41345554145623,1.0250088713537526,5,0,0
simt,16,512,2,target_ns,157.37265845139822,214.80959863350353,0.36497407330666465,36.49740733066646,1.0195401081810704,5,0,0
simt,16,512,3,target_ns,469.3591644366582,502.2148930689986,0.07000125090084275,7.000125090084275,1.1775225038921415,5,0,0
simt,16,512,4,target_ns,492.43701497713727,506.890668208416,0.029351272937818917,2.9351272937818917,1.1884113064827084,5,0,0
simt,16,512,5,target_ns,547.0548272132874,511.5664433478333,-0.06487171321791074,6.487171321791074,1.0664588314827257,5,0,0
simt,16,512,6,target_ns,515.0741537412008,516.2422184872507,0.0022677603556027215,0.22677603556027215,1.106538026446515,5,0,0
simt,16,512,7,target_ns,520.8049962917963,520.917993626668,0.00021696668748627523,0.021696668748627523,1.10832770921754,5,0,0
simt,16,512,8,target_ns,529.412512977918,525.5937687660853,-0.007213173316120702,0.7213173316120702,1.1087266190569727,5,0,0
simt,16,512,9,target_ns,578.6769986152649,530.2695439055028,-0.08365194197384351,8.365194197384351,1.0059422163040774,5,0,0
simt,16,512,10,target_ns,584.5156659682592,534.9453190449201,-0.08480584834492855,8.480584834492856,1.0049533457139552,5,0,0
simt,16,512,11,target_ns,588.7250006198883,539.6210941843374,-0.08340720435491578,8.340720435491578,1.0051107623315805,5,0,0
simt,16,512,12,target_ns,590.3743406136831,544.2968693237549,-0.07804788948319052,7.804788948319052,1.0040174501850923,5,0,0
simt,16,512,16,target_ns,688.556840022405,562.9999698814242,-0.1823478656270342,18.23478656270342,1.0027707236834553,5,0,0
simt,16,512,20,target_ns,681.3455323378245,581.7030704390936,-0.1462436563674805,14.624365636748049,1.0078619935474888,5,0,0
simt,16,512,24,target_ns,733.7363461653391,600.406170996763,-0.18171401194092096,18.171401194092095,1.0344946962427146,5,0,0
simt,16,512,32,target_ns,949.7601389884949,637.8123721121019,-0.3284489989321102,32.84489989321102,1.0144270378145055,5,0,0
simt,16,512,40,target_ns,638.6966506640116,637.8123721121019,-0.0013845047582297099,0.138450475822971,1.0097473950971207,5,0,0
simt,16,512,48,target_ns,682.3321580886841,637.8123721121019,-0.0652465012074015,6.52465012074015,1.0291566372183454,5,0,0
simt,16,512,64,target_ns,869.6236312389374,637.8123721121019,-0.26656504124270186,26.656504124270185,1.0380691722115791,5,0,0
simt,16,512,96,target_ns,952.0941774050394,637.8123721121019,-0.3300952917804012,33.00952917804012,1.0037191628978375,5,0,0
simt,16,512,128,target_ns,684.0689678986868,637.8123721121019,-0.06761978390669465,6.761978390669466,1.0119548566975873,5,0,0
simt,16,512,192,target_ns,813.5844667752584,637.8123721121019,-0.2160465223234297,21.604652232342968,1.0020572849538625,5,0,0
simt,16,512,256,target_ns,505.6036710739136,637.8123721121019,0.261486829708681,26.148682970868098,1.0043519005060206,5,0,0
simt,32,4,1,target_ns,137.30932772159576,150.5013663876615,0.09607532776515759,9.60753277651576,1.008755763682899,5,0,0
simt,32,4,2,target_ns,136.04549070199332,150.5013663876615,0.10625766139749304,10.625766139749304,1.0223607504542729,5,0,0
simt,32,4,3,target_ns,144.30749913056692,150.5013663876615,0.042921312436372316,4.292131243637232,1.020663599730667,5,0,0
simt,32,4,4,target_ns,136.79433862368265,150.5013663876615,0.10020171815506562,10.020171815506561,1.0185876034430261,5,0,0
simt,32,4,5,target_ns,143.84466409683228,150.5013663876615,0.04627701925980454,4.627701925980454,1.0146230677855665,5,0,0
simt,32,4,6,target_ns,142.72532363732657,150.5013663876615,0.054482572203474744,5.448257220347474,1.0180867244603165,5,0,0
simt,32,4,7,target_ns,143.04917057355246,150.5013663876615,0.05209534444855324,5.209534444855324,1.0189788312593246,5,0,0
simt,32,4,8,target_ns,135.9233409166336,150.5013663876615,0.10725181836112374,10.725181836112373,1.0093633164133278,5,0,0
simt,32,4,9,target_ns,144.27716533342996,150.5013663876615,0.04314058319517988,4.314058319517988,1.0276768936462581,5,0,0
simt,32,4,10,target_ns,142.20499992370605,150.5013663876615,0.05834089144830701,5.834089144830701,1.0102785105772447,5,0,0
simt,32,4,11,target_ns,150.57100355625153,157.43624959988063,0.0455947418924143,4.55947418924143,1.0080906016143811,5,0,0
simt,32,4,12,target_ns,150.6049931049347,157.43624959988063,0.045358765032353476,4.535876503235348,1.008570530680481,5,0,0
simt,32,4,16,target_ns,150.16167859236398,157.43624959988063,0.04844492333669592,4.844492333669592,1.0095802808018377,5,0,0
simt,32,4,20,target_ns,150.45700470606485,157.43624959988063,0.04638697219481758,4.638697219481758,1.0096029742206754,5,0,0
simt,32,4,24,target_ns,165.02082844575247,167.57694445748172,0.015489656886370051,1.5489656886370051,1.008054125489488,5,0,0
simt,32,4,32,target_ns,180.02932767073312,180.92345096046475,0.0049665424033962235,0.49665424033962235,1.0082681981810875,5,0,0
simt,32,4,40,target_ns,180.29583990573883,180.92345096046475,0.0034810068554773643,0.34810068554773643,1.0072009794903127,5,0,0
simt,32,4,48,target_ns,180.89733521143594,180.92345096046475,0.00014436779291560065,0.014436779291560065,1.0083713943476165,5,0,0
simt,32,4,64,target_ns,180.179496606191,180.92345096046475,0.0041289623308236045,0.41289623308236045,1.0073058776999664,5,0,0
simt,32,4,96,target_ns,169.5943276087443,180.92345096046475,0.0668013105830807,6.68013105830807,1.0099492318172785,5,0,0
simt,32,4,128,target_ns,157.3316603899002,180.92345096046475,0.1499494158524688,14.99494158524688,1.013980390448465,5,0,0
simt,32,4,192,target_ns,154.02432779471079,180.92345096046475,0.17464204227273816,17.464204227273818,1.0071092575322869,5,0,0
simt,32,4,256,target_ns,147.02400068442026,180.92345096046475,0.23057085998365667,23.057085998365668,1.011065818658198,5,0,0
simt,32,8,1,target_ns,136.85598969459534,149.6967705237225,0.09382695531107088,9.382695531107089,1.0072485730069067,5,0,0
simt,32,8,2,target_ns,137.10066676139832,149.6967705237225,0.09187485414819818,9.187485414819818,1.0149346605617624,5,0,0
simt,32,8,3,target_ns,142.43334035078684,149.6967705237225,0.05099529474663167,5.099529474663167,1.0136851192891785,5,0,0
simt,32,8,4,target_ns,135.241170724233,149.6967705237225,0.10688756775823527,10.688756775823528,1.014975551547107,5,0,0
simt,32,8,5,target_ns,149.87750351428986,154.21786614412466,0.028959400364051202,2.89594003640512,1.016590258037618,5,0,0
simt,32,8,6,target_ns,149.9271641174952,154.21786614412466,0.028618576572734256,2.8618576572734256,1.0090247725272923,5,0,0
simt,32,8,7,target_ns,150.50517519315085,154.21786614412466,0.024668194606658034,2.4668194606658034,1.0122225798965405,5,0,0
simt,32,8,8,target_ns,149.86783266067505,154.21786614412466,0.02902579830655716,2.902579830655716,1.0063837904251718,5,0,0
simt,32,8,9,target_ns,150.27915934721628,154.21786614412466,0.026209268231319305,2.6209268231319305,1.005615706841485,5,0,0
simt,32,8,10,target_ns,164.9193267027537,160.33558168203075,-0.027793862080122134,2.7793862080122134,1.0019827753659973,5,0,0
simt,32,8,11,target_ns,164.85233108202615,160.33558168203075,-0.027398759667814354,2.7398759667814354,1.011668831113023,5,0,0
simt,32,8,12,target_ns,164.43500419457754,160.33558168203075,-0.024930351859242306,2.4930351859242306,1.0061328188249536,5,0,0
simt,32,8,16,target_ns,180.1056613524755,168.0499171374408,-0.06693706419056444,6.693706419056444,1.0070292583675688,5,0,0
simt,32,8,20,target_ns,195.8638330300649,177.3608725103548,-0.09446848983533329,9.446848983533329,1.0058654826751063,5,0,0
simt,32,8,24,target_ns,198.0213224887848,188.26844780077272,-0.04925163899238394,4.9251638992383935,1.0050503873014582,5,0,0
simt,32,8,32,target_ns,210.42982240517935,214.87345813412048,0.021116948530161217,2.1116948530161217,1.0075673676261099,5,0,0
simt,32,8,40,target_ns,204.88816499710083,214.87345813412048,0.04873533391819351,4.873533391819351,1.0103651500280435,5,0,0
simt,32,8,48,target_ns,205.25284111499786,214.87345813412048,0.04687202850328598,4.687202850328598,1.0043540438111032,5,0,0
simt,32,8,64,target_ns,200.6041705608368,214.87345813412048,0.07113155989424591,7.113155989424591,1.0023729128866192,5,0,0
simt,32,8,96,target_ns,189.50050075848898,214.87345813412048,0.13389388035427063,13.389388035427064,1.0091130616121453,5,0,0
simt,32,8,128,target_ns,183.73467524846396,214.87345813412048,0.16947689837831437,16.947689837831437,1.007646165653955,5,0,0
simt,32,8,192,target_ns,181.3270002603531,285.55583795813993,0.5748114596730376,57.48114596730376,1.0039372509223723,5,0,0
simt,32,8,256,target_ns,174.86334343751273,285.55583795813993,0.6330228642813471,63.302286428134714,1.0053327338349691,5,0,0
simt,32,16,1,target_ns,136.43284142017365,149.294472591753,0.0942707858144598,9.42707858144598,1.0063904919178095,5,0,0
simt,32,16,2,target_ns,136.3314986228943,149.294472591753,0.09508421824596458,9.508421824596457,1.0165110843951808,5,0,0
simt,32,16,3,target_ns,150.04849433898926,152.60867441624666,0.01706235099882747,1.706235099882747,1.0039746854854,5,0,0
simt,32,16,4,target_ns,149.84851082166037,152.60867441624666,0.01841969319182124,1.841969319182124,1.009377573347646,5,0,0
simt,32,16,5,target_ns,165.14300306638083,156.71490029430527,-0.051035179302678646,5.103517930267865,1.0116075669530353,5,0,0
simt,32,16,6,target_ns,165.53316016991934,156.71490029430527,-0.053271863272362774,5.327186327236277,1.0103087421515693,5,0,0
simt,32,16,7,target_ns,180.19301195939383,161.61315022592882,-0.10311088943699964,10.311088943699964,1.0110563427714538,5,0,0
simt,32,16,8,target_ns,180.0254980723063,161.61315022592882,-0.10227633331686303,10.227633331686302,1.004598503674945,5,0,0
simt,32,16,9,target_ns,195.86600363254547,167.30342421111732,-0.1458271414727642,14.582714147276421,1.0027201177152028,5,0,0
simt,32,16,10,target_ns,195.46515742937723,167.30342421111732,-0.14407546382497827,14.407546382497827,1.0106640438706773,5,0,0
simt,32,16,11,target_ns,199.26050305366516,173.78572224987076,-0.12784661492565585,12.784661492565586,1.003227493410263,5,0,0
simt,32,16,12,target_ns,198.09416929880777,173.78572224987076,-0.12271157265749622,12.271157265749622,1.0011565999158456,5,0,0
simt,32,16,16,target_ns,210.7833425203959,189.12639048807253,-0.10274508304766916,10.274508304766917,1.0017467650214047,5,0,0
simt,32,16,20,target_ns,213.8251612583796,207.6351549405341,-0.028948914530997127,2.8948914530997127,1.0004280757064075,5,0,0
simt,32,16,24,target_ns,218.35316717624664,229.3120156072555,0.05018863968280929,5.018863968280929,1.0023826621473466,5,0,0
simt,32,16,32,target_ns,356.24398787816364,282.17002558347764,-0.20793042076549928,20.793042076549927,1.0153723600459499,5,0,0
simt,32,16,40,target_ns,246.51232361793518,282.17002558347764,0.14464876011962646,14.464876011962646,1.005128362068976,5,0,0
simt,32,16,48,target_ns,255.70166110992432,282.17002558347764,0.10351268098401123,10.351268098401123,1.0062860317241253,5,0,0
simt,32,16,64,target_ns,346.873015165329,282.17002558347764,-0.18653220848272722,18.653220848272724,1.0119581278578254,5,0,0
simt,32,16,96,target_ns,494.92232004801434,423.53478523151654,-0.14423987750152834,14.423987750152833,1.0620086895204897,5,0,0
simt,32,16,128,target_ns,515.5334870020548,423.53478523151654,-0.17845339651073255,17.845339651073257,1.0927259986654663,5,0,0
simt,32,16,192,target_ns,506.57832622528076,423.53478523151654,-0.16393030790036978,16.393030790036978,1.188084708304452,5,0,0
simt,32,16,256,target_ns,469.40282980600995,423.53478523151654,-0.0977157393649486,9.77157393649486,1.1707498636367168,5,0,0
simt,32,32,1,target_ns,136.77683969338736,149.09332362576825,0.09004802245753551,9.004802245753552,1.009081207360925,5,0,0
simt,32,32,2,target_ns,149.45017298062643,151.80407855230766,0.01575043725099179,1.575043725099179,1.004436253957037,5,0,0
simt,32,32,3,target_ns,164.7716760635376,154.9045596004425,-0.059883571611484054,5.988357161148405,1.0060344864325612,5,0,0
simt,32,32,4,target_ns,179.86366152763367,158.39476677017282,-0.11936204664755157,11.936204664755156,1.008549726288842,5,0,0
simt,32,32,5,target_ns,196.0753252108892,162.27470006149858,-0.17238591910040846,17.238591910040846,1.0084535814171733,5,0,0
simt,32,32,6,target_ns,197.87066678206125,166.5443594744198,-0.1583170856857974,15.831708568579739,1.0058343811948693,5,0,0
simt,32,32,7,target_ns,201.4205108086268,171.20374500893647,-0.15001831580300096,15.001831580300095,1.0030162124286428,5,0,0
simt,32,32,8,target_ns,210.75249214967093,176.25285666504857,-0.16369740225952634,16.369740225952633,1.0053416569849374,5,0,0
simt,32,32,9,target_ns,210.77717343966165,181.69169444275613,-0.13799159805713834,13.799159805713835,1.0076413971954432,5,0,0
simt,32,32,10,target_ns,213.60967059930167,187.52025834205915,-0.12213591352885034,12.213591352885034,1.004240283805577,5,0,0
simt,32,32,11,target_ns,215.47933916250864,193.73854836295763,-0.10089501334118489,10.08950133411849,1.0047692969132813,5,0,0
simt,32,32,12,target_ns,217.6441748936971,200.34656450545157,-0.07947656029247796,7.947656029247796,1.0104492718110438,5,0,0
simt,32,32,16,target_ns,357.9098383585612,230.6758902913818,-0.3554916194835469,35.549161948354694,1.0073339393158236,5,0,0
simt,32,32,20,target_ns,234.98867452144623,267.24083402283924,0.13724984647483307,13.724984647483307,1.0061565010567162,5,0,0
simt,32,32,24,target_ns,310.2431794007619,310.0413956998239,-0.0006504049543578638,0.06504049543578638,1.0068257621322942,5,0,0
simt,32,32,32,target_ns,663.681149482727,414.349372890375,-0.3756800638178155,37.56800638178155,1.0086355792569792,5,0,0
simt,32,32,40,target_ns,631.7634880542755,697.0788921864528,0.10338584829164099,10.338584829164098,1.067055798278104,5,0,0
simt,32,32,48,target_ns,718.0841565132141,697.0788921864528,-0.02925181420065881,2.925181420065881,1.029216922639722,5,0,0
simt,32,32,64,target_ns,890.9493684768677,697.0788921864528,-0.21759988070012137,21.759988070012138,1.0705796203780638,5,0,0
simt,32,32,96,target_ns,877.3618539174398,697.0788921864528,-0.2054830181253261,20.54830181253261,1.5718722042293072,5,0,1
simt,32,32,128,target_ns,861.2746596336365,697.0788921864528,-0.19064274747968113,19.064274747968113,1.0904343925454247,5,0,0
simt,32,32,192,target_ns,706.1599890391032,697.0788921864528,-0.012859829208119455,1.2859829208119455,1.0123520964248314,5,0,0
simt,32,32,256,target_ns,767.2339677810669,697.0788921864528,-0.09143895935357382,9.143895935357381,1.0040196383000313,5,0,0
simt,32,64,1,target_ns,138.4363224109014,151.40178062033814,0.09365647673703137,9.365647673703137,1.0124966362875547,5,0,0
simt,32,64,2,target_ns,151.04482571283975,156.78557504229482,0.038006924781184726,3.8006924781184726,1.009931546367994,5,0,0
simt,32,64,3,target_ns,165.44598837693533,162.9236780866943,-0.015245521000451512,1.5245521000451512,1.004531576647247,5,0,0
simt,32,64,4,target_ns,181.58100048700967,169.81608975353657,-0.06479152941067068,6.479152941067068,1.0175246386363312,5,0,0
simt,32,64,5,target_ns,196.06015582879385,177.46281004282167,-0.09485530452302604,9.485530452302605,1.0034891610196301,5,0,0
simt,32,64,6,target_ns,200.94215869903564,185.8638389545496,-0.07503810968344293,7.503810968344293,1.0110283682903,5,0,0
simt,32,64,7,target_ns,208.7776611248652,195.01917648872032,-0.06590017611087351,6.590017611087351,1.0055856914594399,5,0,0
simt,32,64,8,target_ns,219.2581593990326,204.92882264533384,-0.0653537218089133,6.53537218089133,1.0047402863130481,5,0,0
simt,32,64,9,target_ns,218.89999508857727,215.5927774243902,-0.015108349650025499,1.5108349650025499,1.0040268229695057,5,0,0
simt,32,64,10,target_ns,222.80167043209076,227.01104082588932,0.01889290320685255,1.8892903206852552,1.0043946951637275,5,0,0
simt,32,64,11,target_ns,225.46750803788504,239.1836128498313,0.06083406399134694,6.083406399134694,1.0037007415873587,5,0,0
simt,32,64,12,target_ns,231.36032621065775,252.11049349621607,0.08968766436932207,8.968766436932206,1.0063354043442827,5,0,0
simt,32,64,16,target_ns,391.9830123583476,311.3611023061833,-0.2056770510719491,20.56770510719491,1.0068414622537498,5,0,0
simt,32,64,20,target_ns,655.2830139795939,650.738729987852,-0.006934841732191388,0.6934841732191388,1.0880719919747261,5,0,0
simt,32,64,24,target_ns,734.081486860911,719.455776332528,-0.019923824248620825,1.9923824248620825,1.0599039889110644,5,0,0
simt,32,64,32,target_ns,855.4354906082153,893.096682899135,0.044025753787866106,4.402575378786611,1.046678252916217,5,0,0
simt,32,64,40,target_ns,841.8898582458496,893.096682899135,0.06082366256315197,6.082366256315197,1.0022697472089073,5,0,0
simt,32,64,48,target_ns,827.6131749153137,893.096682899135,0.0791233271395444,7.91233271395444,1.0678031399424945,5,0,0
simt,32,64,64,target_ns,854.6881874402364,893.096682899135,0.04493860570827679,4.493860570827679,1.0361730253264843,5,0,0
simt,32,64,96,target_ns,783.4710081418356,893.096682899135,0.13992307771196222,13.992307771196222,1.0580070203403993,5,0,0
simt,32,64,128,target_ns,845.8131750424703,893.096682899135,0.05590301647203644,5.590301647203644,1.0025080683410132,5,0,0
simt,32,64,192,target_ns,749.1623759269714,893.096682899135,0.19212698287746677,19.212698287746676,1.0921171656161326,5,0,0
simt,32,64,256,target_ns,768.3693170547485,893.096682899135,0.1623273640369729,16.232736403697288,1.0054909104160965,5,0,0
simt,32,128,1,target_ns,137.00583080450693,155.98097917835582,0.13849883805985197,13.849883805985197,1.0087391638916596,5,0,0
simt,32,128,2,target_ns,151.38384203116098,166.5977062977806,0.10049860052757809,10.049860052757808,1.008154366145941,5,0,0
simt,32,128,3,target_ns,166.2710060675939,178.6224761790986,0.07428517096049503,7.428517096049503,1.0142118007694882,5,0,0
simt,32,128,4,target_ns,181.5076619386673,192.05528882230988,0.058111193604635236,5.811119360463524,1.0215737392163484,5,0,0
simt,32,128,5,target_ns,196.26766443252563,206.8961442274144,0.054152984525592585,5.4152984525592585,1.001846788262415,5,0,0
simt,32,128,6,target_ns,204.9131691455841,223.14504239441214,0.08897365320564088,8.897365320564088,1.0112411938835713,5,0,0
simt,32,128,7,target_ns,222.338338692983,240.80198332330315,0.083043008861444,8.3043008861444,1.004308240870243,5,0,0
simt,32,128,8,target_ns,240.92633028825125,259.8669670140874,0.07861588520928775,7.861588520928775,1.0125924019843007,5,0,0
simt,32,128,9,target_ns,474.28517043590546,555.7337935711121,0.17172922159963155,17.172922159963157,1.1131022943570283,5,0,0
simt,32,128,10,target_ns,487.297847867012,570.2791435939523,0.17028865629135015,17.028865629135016,1.1025325116366098,5,0,0
simt,32,128,11,target_ns,503.9106607437134,586.2325363786856,0.16336601316089383,16.336601316089382,1.0910535630390195,5,0,0
simt,32,128,12,target_ns,531.9838424523672,603.5939719253123,0.1346095948005357,13.46095948005357,1.101676241029456,5,0,0
simt,32,128,16,target_ns,746.7346588770548,687.1201417307515,-0.07983360145081797,7.983360145081797,1.110570357113101,5,0,0
simt,32,128,20,target_ns,779.7763049602509,793.1749957264825,0.017182736486093475,1.7182736486093475,1.0640822265182102,5,0,0
simt,32,128,24,target_ns,898.7801869710287,921.7585339125055,0.025566147623832247,2.5566147623832247,1.0744941087814843,5,0,0
simt,32,128,32,target_ns,919.0420111020406,1246.5116628554274,0.35631630306074014,35.631630306074015,1.032812730730536,5,0,0
simt,32,128,40,target_ns,942.9367979367574,1246.5116628554274,0.3219461427138308,32.19461427138308,1.0050051092596748,5,0,0
simt,32,128,48,target_ns,935.5016350746155,1246.5116628554274,0.3324526821976166,33.245268219761655,1.0075470019290893,5,0,0
simt,32,128,64,target_ns,956.4621249834696,1246.5116628554274,0.3032525076484034,30.32525076484034,1.005031630011485,5,0,0
simt,32,128,96,target_ns,832.32049147288,1246.5116628554274,0.4976342354008272,49.76342354008272,1.1127505869179068,5,0,0
simt,32,128,128,target_ns,845.9016879399618,1246.5116628554274,0.47358928422412494,47.3589284224125,1.001759933717338,5,0,0
simt,32,128,192,target_ns,903.1096696853638,1246.5116628554274,0.38024395563132685,38.024395563132686,1.0048170910584175,5,0,0
simt,32,128,256,target_ns,768.8684662183126,1246.5116628554274,0.6212287505903418,62.12287505903418,1.0033034188321652,5,0,0
simt,32,256,1,target_ns,135.85800429185232,164.9885145699026,0.21441880020165516,21.441880020165517,1.0334089770853543,5,0,0
simt,32,256,2,target_ns,152.22999453544617,185.6185219107979,0.2193294920442066,21.93294920442066,1.0066396202732664,5,0,0
simt,32,256,3,target_ns,170.6266701221466,208.66231684351018,0.2229173592506668,22.291735925066682,1.0177164437648503,5,0,0
simt,32,256,4,target_ns,194.540336728096,234.11989936803946,0.20345170212829844,20.345170212829842,1.0263222365405904,5,0,0
simt,32,256,5,target_ns,477.8306831916173,530.0493503970024,0.1092827837186936,10.92827837186936,1.1297739299060252,5,0,0
simt,32,256,6,target_ns,494.9049999316533,545.6630697217045,0.10256123861561472,10.256123861561473,1.1388978196114938,5,0,0
simt,32,256,7,target_ns,507.3326428731283,563.6905766382237,0.11108674861906942,11.108674861906941,1.1357682367372406,5,0,0
simt,32,256,8,target_ns,517.3355142275492,584.1318711465598,0.12911612499433067,12.911612499433067,1.1036153381458096,5,0,0
simt,32,256,9,target_ns,534.3623359998068,606.9869532467128,0.1359089373524489,13.59089373524489,1.0651596113739126,5,0,0
simt,32,256,10,target_ns,541.5039956569672,632.255822938683,0.1675921655418502,16.75921655418502,1.0246981767891394,5,0,0
simt,32,256,11,target_ns,600.8500158786774,659.9384802224702,0.0983414542435892,9.834145424358919,1.0289279543985606,5,0,0
simt,32,256,12,target_ns,635.595033566157,690.0349250980742,0.08565185166169287,8.565185166169286,1.0689846751914962,5,0,0
simt,32,256,16,target_ns,797.7853119373322,834.5585805186605,0.04609419104499257,4.609419104499257,1.075891845009957,5,0,0
simt,32,256,20,target_ns,1018.9761519432068,921.151333735639,-0.09600304974852847,9.600304974852847,1.0726828140464773,5,0,0
simt,32,256,24,target_ns,1166.3910547892253,1007.7440869526175,-0.13601524736082304,13.601524736082304,1.0102958861210627,5,0,0
simt,32,256,32,target_ns,1322.2551544507344,1180.9295933865744,-0.10688221602952774,10.688221602952774,1.0411879239243103,5,0,0
simt,32,256,40,target_ns,1186.8783831596375,1180.9295933865744,-0.005012130861484332,0.5012130861484332,1.0178330406722387,5,0,0
simt,32,256,48,target_ns,1132.381796836853,1180.9295933865744,0.04287228626010475,4.287228626010475,1.041654628668001,5,0,0
simt,32,256,64,target_ns,955.6300242741903,1180.9295933865744,0.23576024548150953,23.576024548150954,1.0044075491899926,5,0,0
simt,32,256,96,target_ns,1202.8903365135193,1180.9295933865744,-0.018256646063510962,1.8256646063510962,1.0559226529948897,5,0,0
simt,32,256,128,target_ns,846.069355805715,1180.9295933865744,0.3957834369996427,39.57834369996427,1.0028250005917378,5,0,0
simt,32,256,192,target_ns,901.4376799265543,1180.9295933865744,0.31005128771940393,31.00512877194039,1.1179234625385657,5,0,0
simt,32,256,256,target_ns,767.8991754849752,1180.9295933865744,0.5378706359995051,53.787063599950514,1.0448236732737004,5,0,0
simt,32,512,1,target_ns,137.87599404652914,182.4001384550419,0.322928909535094,32.2928909535094,1.0108958796552558,5,0,0
simt,32,512,2,target_ns,157.855823636055,221.24636554501552,0.40157239973047054,40.157239973047055,1.0099455201418228,5,0,0
simt,32,512,3,target_ns,459.2051605383555,516.6976186199006,0.12519993898618864,12.519993898618864,1.136109634320087,5,0,0
simt,32,512,4,target_ns,491.4093216260274,532.6377358544639,0.08389831534333858,8.389831534333858,1.1614354787700722,5,0,0
simt,32,512,5,target_ns,547.0168242851893,551.7962365447831,0.008737230826198594,0.8737230826198594,1.071378961039009,5,0,0
simt,32,512,6,target_ns,512.4356746673584,574.1731206908585,0.12047843090467159,12.047843090467158,1.0897548103280865,5,0,0
simt,32,512,7,target_ns,517.0053342978159,599.7683882926898,0.16008162489712152,16.008162489712152,1.0875029150983437,5,0,0
simt,32,512,8,target_ns,523.2016642888387,628.582039350277,0.20141444925385787,20.141444925385787,1.073245909470262,5,0,0
simt,32,512,9,target_ns,553.6058247089386,646.1313483127185,0.16713249657809448,16.71324965780945,1.012862271985911,5,0,0
simt,32,512,10,target_ns,584.2043260733286,663.6806572751598,0.13604201073967293,13.604201073967293,1.0224031206704705,5,0,0
simt,32,512,11,target_ns,645.9968686103821,681.229966237601,0.05454066318155637,5.454066318155637,1.014936222973054,5,0,0
simt,32,512,12,target_ns,706.1801453431448,698.7792752000424,-0.010480144750467546,1.0480144750467546,1.0125465972715855,5,0,0
simt,32,512,16,target_ns,954.0890256563822,768.9765110498076,-0.1940201696369196,19.40201696369196,1.0046181722374539,5,0,0
simt,32,512,20,target_ns,1152.7329881985982,839.1737468995728,-0.2720137659884545,27.20137659884545,1.0405191496787594,5,0,0
simt,32,512,24,target_ns,1229.0629347165425,909.3709827493382,-0.2601103189568844,26.01103189568844,1.0666554943496007,5,0,0
simt,32,512,32,target_ns,1330.7174642880757,1049.7654544488687,-0.21112822021127853,21.112822021127855,1.002738741228352,5,0,0
simt,32,512,40,target_ns,1100.9020606676738,1049.7654544488687,-0.046449732492817586,4.644973249281758,1.110666361642758,5,0,0
simt,32,512,48,target_ns,1229.1773557662964,1049.7654544488687,-0.14596095549252808,14.596095549252809,1.0299973835207832,5,0,0
simt,32,512,64,target_ns,956.5475384394327,1049.7654544488687,0.097452465521491,9.745246552149101,1.005624939495999,5,0,0
simt,32,512,96,target_ns,1174.2142240206401,1049.7654544488687,-0.10598472325232533,10.598472325232533,1.0214130292599943,5,0,0
simt,32,512,128,target_ns,845.5938696861267,1049.7654544488687,0.24145348267310385,24.145348267310386,1.0058115306303372,5,0,0
simt,32,512,192,target_ns,838.4168346722921,1049.7654544488687,0.2520806012431578,25.20806012431578,1.0449805562318242,5,0,0
simt,32,512,256,target_ns,732.2746713956197,1049.7654544488687,0.4335678884647929,43.35678884647929,1.004189261662385,5,0,0
simt,64,4,1,target_ns,139.45850729942322,152.1105581155395,0.0907226892150208,9.07226892150208,1.009283180342326,5,0,0
simt,64,4,2,target_ns,139.52999313672385,152.1105581155395,0.09016387585204066,9.016387585204066,1.0129674189461781,5,0,0
simt,64,4,3,target_ns,145.69799602031708,152.1105581155395,0.0440126993533132,4.40126993533132,1.012949804006622,5,0,0
simt,64,4,4,target_ns,139.7370050350825,152.1105581155395,0.0885488641849057,8.85488641849057,1.0049978155285852,5,0,0
simt,64,4,5,target_ns,145.65367003281912,152.1105581155395,0.04433041804758853,4.433041804758853,1.0131189756713874,5,0,0
simt,64,4,6,target_ns,145.49116293589273,152.1105581155395,0.04549688823755882,4.549688823755882,1.006304780320226,5,0,0
simt,64,4,7,target_ns,146.13917469978333,152.1105581155395,0.04086093566645155,4.086093566645155,1.008729538452938,5,0,0
simt,64,4,8,target_ns,139.8748258749644,152.1105581155395,0.08747630007069862,8.747630007069862,1.0080753109976641,5,0,0
simt,64,4,9,target_ns,146.26099665959677,152.1105581155395,0.039993994226340535,3.9993994226340535,1.0031073420955257,5,0,0
simt,64,4,10,target_ns,145.94716827074686,152.1105581155395,0.04223028043517041,4.223028043517041,1.0117122052914171,5,0,0
simt,64,4,11,target_ns,154.15284037590027,163.87301651139262,0.06305544621681825,6.3055446216818245,1.0074703121897797,5,0,0
simt,64,4,12,target_ns,155.72567284107208,163.87301651139262,0.05231856457371298,5.231856457371298,1.0140109686848462,5,0,0
simt,64,4,16,target_ns,153.0731717745463,163.87301651139262,0.07055347852040894,7.055347852040894,1.0089439678848353,5,0,0
simt,64,4,20,target_ns,155.46815594037375,163.87301651139262,0.054061621302322393,5.406162130232239,1.01018484674304,5,0,0
simt,64,4,24,target_ns,181.05065822601318,182.05967000838368,0.005573090936299652,0.5573090936299652,1.0110989004330353,5,0,0
simt,64,4,32,target_ns,194.96249655882517,206.6705186065127,0.06005268835975808,6.005268835975808,1.0062173486562103,5,0,0
simt,64,4,40,target_ns,203.67116232713065,206.6705186065127,0.014726465176079229,1.4726465176079229,1.007985870272547,5,0,0
simt,64,4,48,target_ns,200.852503379186,206.6705186065127,0.02896660549130914,2.896660549130914,1.0236372350368663,5,0,0
simt,64,4,64,target_ns,195.11516888936362,206.6705186065127,0.05922322586667428,5.922322586667428,1.0095708259035292,5,0,0
simt,64,4,96,target_ns,181.59433702627817,206.6705186065127,0.138089006468334,13.8089006468334,1.0062663635505162,5,0,0
simt,64,4,128,target_ns,172.66182601451874,206.6705186065127,0.19696706201366276,19.696706201366275,1.003186171457151,5,0,0
simt,64,4,192,target_ns,171.20082676410675,206.6705186065127,0.20718177892492728,20.71817789249273,1.0041152182028423,5,0,0
simt,64,4,256,target_ns,166.56933228174844,206.6705186065127,0.24074771613380763,24.07477161338076,1.0079800158125414,5,0,0
simt,64,8,1,target_ns,139.83849187692007,150.5013663876615,0.07625135517141057,7.625135517141057,1.0021646335676764,5,0,0
simt,64,8,2,target_ns,139.7218406200409,150.5013663876615,0.07714989811030626,7.714989811030626,1.0082639799634454,5,0,0
simt,64,8,3,target_ns,146.2448239326477,150.5013663876615,0.029105593897628346,2.9105593897628346,1.0043061307101233,5,0,0
simt,64,8,4,target_ns,139.4213338692983,150.5013663876615,0.07947157160861962,7.947157160861962,1.0051204961344469,5,0,0
simt,64,8,5,target_ns,155.3233414888382,157.43624959988063,0.013603287765955319,1.3603287765955319,1.0034002748843691,5,0,0
simt,64,8,6,target_ns,155.0766626993815,157.43624959988063,0.015215615679537997,1.5215615679537997,1.0058387245544236,5,0,0
simt,64,8,7,target_ns,155.40350476900736,157.43624959988063,0.013080431061672337,1.3080431061672337,1.011072000096496,5,0,0
simt,64,8,8,target_ns,152.35017240047455,157.43624959988063,0.03338412500142485,3.3384125001424847,1.0086704058027651,5,0,0
simt,64,8,9,target_ns,155.39783736069998,157.43624959988063,0.013117378425603121,1.3117378425603121,1.0075128761553718,5,0,0
simt,64,8,10,target_ns,181.60217007001242,167.57694445748172,-0.07723049568803941,7.723049568803941,1.0057398068522307,5,0,0
simt,64,8,11,target_ns,185.72433292865753,167.57694445748172,-0.09771142092698637,9.771142092698637,1.003566450523913,5,0,0
simt,64,8,12,target_ns,181.29300574461618,167.57694445748172,-0.07565686955654538,7.565686955654538,1.0066201680959024,5,0,0
simt,64,8,16,target_ns,195.0698345899582,180.92345096046475,-0.0725195859176766,7.25195859176766,1.0070247406811077,5,0,0
simt,64,8,20,target_ns,214.323823650678,197.47576910882972,-0.07861027418635724,7.861027418635724,1.008024682646111,5,0,0
simt,64,8,24,target_ns,210.70434153079987,217.23389890257664,0.03098919236470654,3.098919236470654,1.0072959686216236,5,0,0
simt,64,8,32,target_ns,329.2480210463206,266.36759342621633,-0.19098194552628123,19.098194552628122,1.0075751532550445,5,0,0
simt,64,8,40,target_ns,214.41483000914255,266.36759342621633,0.2423002336865343,24.23002336865343,1.0044977475755787,5,0,0
simt,64,8,48,target_ns,263.0060017108917,266.36759342621633,0.012781425874150987,1.2781425874150987,1.004626618050225,5,0,0
simt,64,8,64,target_ns,327.1258274714152,266.36759342621633,-0.18573352802755394,18.573352802755394,1.0032873080991378,5,0,0
simt,64,8,96,target_ns,319.6776707967122,266.36759342621633,-0.16676196757075523,16.676196757075523,1.003925100729455,5,0,0
simt,64,8,128,target_ns,323.8123257954915,266.36759342621633,-0.17740131487630661,17.740131487630663,1.0092312550784703,5,0,0
simt,64,8,192,target_ns,318.97882620493573,337.0499732502358,0.05665312415968882,5.665312415968882,1.0014917554656793,5,0,0
simt,64,8,256,target_ns,318.35484504699707,337.0499732502358,0.05872418307464056,5.872418307464056,1.0091268903877675,5,0,0
simt,64,16,1,target_ns,139.49800034364065,149.6967705237225,0.07311051165578086,7.311051165578086,1.011462163408312,5,0,0
simt,64,16,2,target_ns,139.63999350865683,149.6967705237225,0.07201931740595668,7.201931740595668,1.003610810810811,5,0,0
simt,64,16,3,target_ns,153.74133984247842,154.21786614412466,0.0030995326444693827,0.30995326444693827,1.007172953392449,5,0,0
simt,64,16,4,target_ns,152.51383682092032,154.21786614412466,0.01117294901711241,1.117294901711241,1.0036653485750568,5,0,0
simt,64,16,5,target_ns,185.41950980822244,160.33558168203075,-0.1352820323607572,13.52820323607572,1.0054905102709022,5,0,0
simt,64,16,6,target_ns,181.1453402042389,160.33558168203075,-0.1148787956606856,11.48787956606856,1.0047491589588138,5,0,0
simt,64,16,7,target_ns,205.92117309570312,168.0499171374408,-0.1839114229436788,18.391142294367878,1.0082009156875866,5,0,0
simt,64,16,8,target_ns,195.06900012493134,168.0499171374408,-0.1385103884788781,13.851038847887809,1.0042961928199037,5,0,0
simt,64,16,9,target_ns,211.9031697511673,177.3608725103548,-0.16300981850047203,16.3009818500472,1.0106320162745406,5,0,0
simt,64,16,10,target_ns,214.5728419224421,177.3608725103548,-0.17342348210840997,17.342348210840996,1.0020070747811352,5,0,0
simt,64,16,11,target_ns,213.1715069214503,188.26844780077272,-0.11682170605405473,11.682170605405473,1.005159756364805,5,0,0
simt,64,16,12,target_ns,211.231658856074,188.26844780077272,-0.10871102930147236,10.871102930147236,1.0143702700999533,5,0,0
simt,64,16,16,target_ns,329.1083474953969,214.87345813412048,-0.34710419905977674,34.71041990597767,1.0032705998739104,5,0,0
simt,64,16,20,target_ns,249.73402420679727,247.864948137484,-0.00748426681246106,0.748426681246106,1.0020608855231685,5,0,0
simt,64,16,24,target_ns,285.43434540430707,287.24291781086333,0.006336211586571716,0.6336211586571716,1.002159981269332,5,0,0
simt,64,16,32,target_ns,637.6866698265076,385.15829616766933,-0.3960069821242186,39.60069821242186,1.0019815782499975,5,0,0
simt,64,16,40,target_ns,382.7563424905141,385.15829616766933,0.0062754118234233935,0.6275411823423394,1.0098912441219081,5,0,0
simt,64,16,48,target_ns,417.37401485443115,385.15829616766933,-0.07718668997157807,7.718668997157807,1.0046050724532258,5,0,0
simt,64,16,64,target_ns,637.4439795811971,385.15829616766933,-0.3957770274640924,39.57770274640924,1.0030017728606042,5,0,0
simt,64,16,96,target_ns,1241.9322729110718,526.5230558157082,-0.5760452745289036,57.604527452890366,1.0225091696490503,5,0,0
simt,64,16,128,target_ns,1278.4032424290974,526.5230558157082,-0.5881400810473069,58.81400810473069,2.2913893123476137,5,0,1
simt,64,16,192,target_ns,750.5130370457968,526.5230558157082,-0.29844915434349817,29.844915434349815,2.201197431252534,5,0,1
simt,64,16,256,target_ns,699.2083589235941,526.5230558157082,-0.24697259537018224,24.697259537018223,1.0528068749594994,5,0,0
simt,64,32,1,target_ns,139.77549970149994,149.294472591753,0.06810186985974975,6.810186985974975,1.006661400895856,5,0,0
simt,64,32,2,target_ns,152.6291767756144,152.60867441624666,-0.00013432791685630274,0.013432791685630274,1.0063330711071419,5,0,0
simt,64,32,3,target_ns,185.07583439350128,156.71490029430527,-0.15323953120155098,15.323953120155098,1.0097312393136046,5,0,0
simt,64,32,4,target_ns,195.71300347646078,161.61315022592882,-0.17423396833534,17.423396833534,1.0101273506339266,5,0,0
simt,64,32,5,target_ns,211.59799893697104,167.30342421111732,-0.2093336182212564,20.93336182212564,1.0059450586694871,5,0,0
simt,64,32,6,target_ns,211.2209995587667,173.78572224987076,-0.177232743842217,17.7232743842217,1.0102058247658066,5,0,0
simt,64,32,7,target_ns,221.01433078447977,181.06004434218917,-0.18077690392507473,18.077690392507474,1.010792771297749,5,0,0
simt,64,32,8,target_ns,329.1560113430023,189.12639048807253,-0.4254202142126752,42.54202142126752,1.0033308810612547,5,0,0
simt,64,32,9,target_ns,245.75532476107279,197.98476068752086,-0.19438262068175016,19.438262068175018,1.0036139886605535,5,0,0
simt,64,32,10,target_ns,249.90134437878928,207.6351549405341,-0.1691315008461498,16.91315008461498,1.0057893298858624,5,0,0
simt,64,32,11,target_ns,277.85782019297284,218.0775732471123,-0.21514689384787888,21.51468938478789,1.0061623894900829,5,0,0
simt,64,32,12,target_ns,285.33466657002765,229.3120156072555,-0.19634014904747976,19.634014904747975,1.0083251778344815,5,0,0
simt,64,32,16,target_ns,637.6460194587708,282.17002558347764,-0.5574817108981853,55.748171089818534,1.0078170787393097,5,0,0
simt,64,32,20,target_ns,289.86334800720215,347.700420416739,0.19953220304382802,19.953220304382803,1.0066357185574066,5,0,0
simt,64,32,24,target_ns,514.0241384506226,425.9032001070396,-0.1714334634346124,17.14334634346124,1.0157512915876648,5,0,0
simt,64,32,32,target_ns,2589.2550945281982,620.3259140587584,-0.7604230207484477,76.04230207484477,1.021489008195694,5,0,0
simt,64,32,40,target_ns,2720.0492223103843,903.0554333548362,-0.6680003339837397,66.80003339837397,1.0946466803740882,5,0,0
simt,64,32,48,target_ns,2790.0017897288003,903.0554333548362,-0.676324425066904,67.63244250669041,1.2493674860460964,5,0,0
simt,64,32,64,target_ns,2844.6098963419595,903.0554333548362,-0.682538039920298,68.2538039920298,1.1484089502246049,5,0,0
simt,64,32,96,target_ns,2886.533260345459,903.0554333548362,-0.6871487864834931,68.71487864834931,1.0854811768926107,5,0,0
simt,64,32,128,target_ns,3003.104050954183,903.0554333548362,-0.6992926591844507,69.92926591844507,1.1036694280831971,5,0,0
simt,64,32,192,target_ns,3024.949232737223,903.0554333548362,-0.7014642680341192,70.14642680341193,1.115826155636814,5,0,0
simt,64,32,256,target_ns,2771.007696787516,903.0554333548362,-0.6741057650609321,67.41057650609321,1.0758640105618122,5,0,0
simt,64,64,1,target_ns,141.61784450213113,151.80407855230766,0.07192761679142223,7.192761679142223,1.0110523072711053,5,0,0
simt,64,64,2,target_ns,153.47933769226074,158.39476677017282,0.03202665030890306,3.202665030890306,1.013354962178994,5,0,0
simt,64,64,3,target_ns,185.00583867232004,166.5443594744198,-0.09978863007993488,9.978863007993489,1.010229296153019,5,0,0
simt,64,64,4,target_ns,199.2716689904531,176.25285666504857,-0.1155147264135542,11.55147264135542,1.0111730029597419,5,0,0
simt,64,64,5,target_ns,210.057000319163,187.52025834205915,-0.10728869755762127,10.728869755762126,1.0069655635282222,5,0,0
simt,64,64,6,target_ns,212.93365955352783,200.34656450545157,-0.05911275405902694,5.911275405902694,1.0076596056919371,5,0,0
simt,64,64,7,target_ns,231.56515757242838,214.73177515522576,-0.072693934587018,7.269393458701801,1.0049106821088518,5,0,0
simt,64,64,8,target_ns,338.52384487787884,230.6758902913818,-0.3185830369656908,31.85830369656908,1.0029025128790705,5,0,0
simt,64,64,9,target_ns,274.2455204327901,248.1789099139196,-0.09504844592442008,9.504844592442009,1.0096308906293314,5,0,0
simt,64,64,10,target_ns,271.70151472091675,267.24083402283924,-0.0164175775856803,1.6417577585680299,1.002173486617857,5,0,0
simt,64,64,11,target_ns,306.6718280315399,287.86166261814066,-0.06133646358759992,6.133646358759992,1.0093542142216025,5,0,0
simt,64,64,12,target_ns,323.35448265075684,310.0413956998239,-0.041171802666214785,4.117180266621478,1.0078327401978457,5,0,0
simt,64,64,16,target_ns,1255.6433478991191,414.349372890375,-0.6700102990362319,67.00102990362319,1.2112150508178614,5,0,0
simt,64,64,20,target_ns,666.9853627681732,811.6579027756516,0.21690511978710814,21.690511978710813,1.094850852123258,5,0,0
simt,64,64,24,target_ns,1052.0153045654297,951.1793851469594,-0.09585023999258646,9.585023999258645,1.1825580666569104,5,0,0
simt,64,64,32,target_ns,2826.6541957855225,1305.0497652359018,-0.5383058291383143,53.83058291383143,1.0367916110746225,5,0,0
simt,64,64,40,target_ns,2732.894500096639,1305.0497652359018,-0.5224661013479469,52.24661013479469,1.1898675859596652,5,0,0
simt,64,64,48,target_ns,2942.087252934774,1305.0497652359018,-0.556420441326444,55.6420441326444,1.1043833561678746,5,0,0
simt,64,64,64,target_ns,3046.054760615031,1305.0497652359018,-0.5715606357082044,57.156063570820436,1.1078518353085791,5,0,0
simt,64,64,96,target_ns,2921.977758407593,1305.0497652359018,-0.5533676594625682,55.33676594625682,1.1227036968873765,5,0,0
simt,64,64,128,target_ns,2994.6138858795166,1305.0497652359018,-0.5642009905218184,56.42009905218184,1.146919167228883,5,0,0
simt,64,64,192,target_ns,2838.5210831960044,1305.0497652359018,-0.5402360148170913,54.02360148170913,1.1223451761976027,5,0,0
simt,64,64,256,target_ns,2789.8240089416504,1305.0497652359018,-0.5322107197252968,53.22107197252968,1.0811052378496073,5,0,0
simt,64,128,1,target_ns,141.54165983200073,156.78557504229482,0.10769914121670943,10.769914121670944,1.006974731804893,5,0,0
simt,64,128,2,target_ns,155.1346629858017,169.81608975353657,0.0946366626591928,9.46366626591928,1.004927031206101,5,0,0
simt,64,128,3,target_ns,185.89833875497183,185.8638389545496,-0.00018558423196934903,0.018558423196934903,1.01020055727087,5,0,0
simt,64,128,4,target_ns,204.16734119256338,204.92882264533384,0.0037296927526340173,0.37296927526340173,1.015575557950025,5,0,0
simt,64,128,5,target_ns,216.3464973370234,227.01104082588932,0.04929381164074376,4.929381164074376,1.0152378943910387,5,0,0
simt,64,128,6,target_ns,221.71899676322937,252.11049349621607,0.13707213714953514,13.707213714953514,1.0049285107714172,5,0,0
simt,64,128,7,target_ns,245.35382787386575,280.22718065631403,0.1421349448045961,14.213494480459609,1.0068094121423037,5,0,0
simt,64,128,8,target_ns,350.7151703039805,311.3611023061833,-0.11221090882292695,11.221090882292694,1.0046013068263646,5,0,0
simt,64,128,9,target_ns,518.8851555188497,620.9060585501709,0.19661557465313728,19.661557465313727,1.0888691255771208,5,0,0
simt,64,128,10,target_ns,554.046501715978,650.738729987852,0.17452005918709235,17.452005918709233,1.092649037988328,5,0,0
simt,64,128,11,target_ns,580.9316635131836,683.5886359153044,0.1767109263442499,17.67109263442499,1.0723075597003326,5,0,0
simt,64,128,12,target_ns,613.1298343340555,719.455776332528,0.17341505182822692,17.341505182822694,1.064691504236552,5,0,0
simt,64,128,16,target_ns,813.5676582654318,893.096682899135,0.09775342447026869,9.775342447026869,1.0484157909135179,5,0,0
simt,64,128,20,target_ns,803.8101891676585,1115.0133413020817,0.3871599991245105,38.715999912451046,1.1066099296554808,5,0,0
simt,64,128,24,target_ns,1221.6202815373738,1385.2057515413683,0.13390860685296335,13.390860685296335,5.107552974502966,5,0,1
simt,64,128,32,target_ns,3033.1871509552,2070.417827528961,-0.3174117769564755,31.74117769564755,1.0743019066952595,5,0,0
simt,64,128,40,target_ns,3050.058682759603,2070.417827528961,-0.32118754329811516,32.118754329811516,1.127569404739736,5,0,0
simt,64,128,48,target_ns,2867.9789702097573,2070.417827528961,-0.2780916983580478,27.80916983580478,1.1227778180064,5,0,0
simt,64,128,64,target_ns,3153.498729070028,2070.417827528961,-0.34345373015592406,34.34537301559241,1.0978761505730328,5,0,0
simt,64,128,96,target_ns,2815.551996231079,2070.417827528961,-0.26464940789570246,26.464940789570246,1.1283689768098568,5,0,0
simt,64,128,128,target_ns,3072.3915894826255,2070.417827528961,-0.32612176305377516,32.61217630537752,1.0673166920106554,5,0,0
simt,64,128,192,target_ns,2775.7693926493325,2070.417827528961,-0.25411028992114826,25.411028992114826,1.174614313528986,5,0,0
simt,64,128,256,target_ns,2559.8100821177163,2070.417827528961,-0.1911830326818167,19.11830326818167,1.065505077486525,5,0,0
simt,64,256,1,target_ns,143.95601054032645,166.5977062977806,0.15728204520582723,15.728204520582722,1.016664797711552,5,0,0
simt,64,256,2,target_ns,162.0586762825648,192.05528882230988,0.18509723285313728,18.50972328531373,1.014782558052271,5,0,0
simt,64,256,3,target_ns,200.6953408320745,223.14504239441214,0.11185960505740744,11.185960505740745,1.0051222765598509,5,0,0
simt,64,256,4,target_ns,217.16550985972086,259.8669670140874,0.19663093454365632,19.663093454365633,1.0111778152614002,5,0,0
simt,64,256,5,target_ns,448.1806755065918,570.2791435939523,0.2724313536038765,27.243135360387647,1.0699416439952627,5,0,0
simt,64,256,6,target_ns,517.5395210584005,603.5939719253123,0.16627609557416045,16.627609557416044,1.1018734286054348,5,0,0
simt,64,256,7,target_ns,628.1501352787018,642.5409713042454,0.022909866952681046,2.2909866952681046,1.1820232295644075,5,0,0
simt,64,256,8,target_ns,735.6088558832804,687.1201417307515,-0.06591643611237696,6.591643611237696,1.1379267640926858,5,0,0
simt,64,256,9,target_ns,746.0568249225616,737.3314832048304,-0.011695277660165981,1.1695277660165981,1.1074563354928575,5,0,0
simt,64,256,10,target_ns,765.7846709092458,793.1749957264825,0.035767658792013934,3.5767658792013934,1.029524696273243,5,0,0
simt,64,256,11,target_ns,836.1116945743561,854.6506792957075,0.022172856619101733,2.2172856619101733,1.0480241445260332,5,0,0
simt,64,256,12,target_ns,828.1555275122324,921.7585339125055,0.11302587894505178,11.302587894505178,1.073941209186772,5,0,0
simt,64,256,16,target_ns,943.690816561381,1246.5116628554274,0.3208898942107592,32.08898942107592,1.77993430967183,5,0,1
simt,64,256,20,target_ns,2313.794175783793,1436.0926866565976,-0.3793342978875275,37.93342978875275,1.1126677496794621,5,0,0
simt,64,256,24,target_ns,2654.518206914266,1625.6737104577678,-0.3875823845459604,38.75823845459604,1.075232146735788,5,0,0
simt,64,256,32,target_ns,3324.3679205576577,2004.8357580601082,-0.39692723369686467,39.69272336968647,1.124138347873039,5,0,0
simt,64,256,40,target_ns,3074.2782751719155,2004.8357580601082,-0.3478678315325907,34.78678315325907,1.0873491879751005,5,0,0
simt,64,256,48,target_ns,2837.549924850464,2004.8357580601082,-0.2934623843963693,29.346238439636927,1.1025601891513295,5,0,0
simt,64,256,64,target_ns,3140.0996843973794,2004.8357580601082,-0.3615375435302912,36.15375435302912,1.184275234895611,5,0,0
simt,64,256,96,target_ns,2898.4394868214927,2004.8357580601082,-0.30830511826256357,30.830511826256355,1.076599756317417,5,0,0
simt,64,256,128,target_ns,2944.1282749176025,2004.8357580601082,-0.31903926362847834,31.903926362847834,1.0892960012992565,5,0,0
simt,64,256,192,target_ns,2929.3739000956216,2004.8357580601082,-0.31560946931538314,31.560946931538314,1.1169552922279165,5,0,0
simt,64,256,256,target_ns,2787.9966100056968,2004.8357580601082,-0.28090452087887885,28.090452087887886,1.0942374792595693,5,0,0
simt,64,512,1,target_ns,145.91150979200998,185.6185219107979,0.2721307741616026,27.21307741616026,1.0067974098789017,5,0,0
simt,64,512,2,target_ns,170.80833514531454,234.11989936803946,0.370658517155283,37.0658517155283,1.0246101927725142,5,0,0
simt,64,512,3,target_ns,450.2738167842229,545.6630697217045,0.21184721247780947,21.184721247780946,1.0843444178230972,5,0,0
simt,64,512,4,target_ns,489.8413419723511,584.1318711465598,0.1924919787181436,19.24919787181436,1.107148665466313,5,0,0
simt,64,512,5,target_ns,533.9440206686655,632.255822938683,0.18412380036937237,18.412380036937236,1.0146227349442256,5,0,0
simt,64,512,6,target_ns,633.8829696178436,690.0349250980742,0.08858410490832958,8.858410490832958,1.0747714057358035,5,0,0
simt,64,512,7,target_ns,731.8418025970459,757.4691776247333,0.03501764307087263,3.501764307087263,1.0827114252365881,5,0,0
simt,64,512,8,target_ns,799.239844083786,834.5585805186605,0.044190410045638284,4.419041004563828,1.0851530912846141,5,0,0
simt,64,512,9,target_ns,856.867661078771,877.8549571271498,0.02449304251015416,2.449304251015416,1.0606237985008526,5,0,0
simt,64,512,10,target_ns,909.6513092517853,921.151333735639,0.012642233751428256,1.2642233751428256,1.0337902212168462,5,0,0
simt,64,512,11,target_ns,927.3018638292948,964.4477103441283,0.04005798754834755,4.005798754834755,1.0019327312913715,5,0,0
simt,64,512,12,target_ns,954.6991388003031,1007.7440869526175,0.05556195244815232,5.556195244815232,1.001977508895361,5,0,0
simt,64,512,16,target_ns,1702.4813095728557,1180.9295933865744,-0.30634798353065973,30.634798353065975,1.021731265802372,5,0,0
simt,64,512,20,target_ns,2337.4233643213906,1354.1150998205312,-0.42068042936087324,42.06804293608732,1.0258375769675354,5,0,0
simt,64,512,24,target_ns,2763.2725636164346,1527.3006062544885,-0.4472855749504374,44.728557495043745,1.0493779342358225,5,0,0
simt,64,512,32,target_ns,3378.668228785197,1873.6716191224025,-0.4454407795476022,44.54407795476022,1.0423682875334033,5,0,0
simt,64,512,40,target_ns,2999.676545461019,1873.6716191224025,-0.3753754477436704,37.537544774367035,1.0788185076601902,5,0,0
simt,64,512,48,target_ns,2934.399207433065,1873.6716191224025,-0.3614803281106932,36.14803281106932,1.1221818558024146,5,0,0
simt,64,512,64,target_ns,3150.2535343170166,1873.6716191224025,-0.4052314841609662,40.523148416096625,1.0706898453237141,5,0,0
simt,64,512,96,target_ns,2990.269740422567,1873.6716191224025,-0.3734105008006313,37.341050080063134,1.0870078376260122,5,0,0
simt,64,512,128,target_ns,2981.3548723856607,1873.6716191224025,-0.3715368685301449,37.15368685301449,1.193859035158696,5,0,0
simt,64,512,192,target_ns,2855.172077814738,1873.6716191224025,-0.3437622783995373,34.376227839953735,1.0390370702854579,5,0,0
simt,64,512,256,target_ns,2811.7589950561523,1873.6716191224025,-0.33363007910107734,33.36300791010773,1.1208179521857722,5,0,0
