mode,num_warps,block,stride,target_ns,target_p25_ns,target_min_ns,target_max_ns,target_spread,n_samples,n_allocations,n_dropped,target_kind,source_json,valid,elem_bytes,stride_bytes,span_bytes,page_count,cross_page,elements_per_thread,dup,dup_times_L,K,L,W_times_L,useful_bytes,line_utilization,bank_pairs_g2048_b8,bank_worst_g2048_b8,bank_pairs_g32768_b16,bank_worst_g32768_b16,aicore_freq_before_mhz,aicore_freq_after_measure_mhz,buffer_data_ptr,buffer_page_offset,buffer_line_offset
simt,1,4,1,132.70566860834757,132.64801104863486,132.40434229373932,134.17782882849374,1.0133944741088623,5,5,0,simt_rotate_aligned_event_median,results/v4_retest_full_23.json,True,4,4,12,0,0,0.125,7.0,7.0,1,1,1,16,0.125,6,3,6,3,1650,1650,19792499048448,0,0
simt,1,4,2,132.28534162044525,132.2815070549647,131.99284176031748,132.63850410779318,1.0048916466898117,5,5,0,simt_rotate_aligned_event_median,results/v4_retest_full_23.json,True,4,8,24,0,0,0.125,7.0,7.0,1,1,1,16,0.125,6,3,6,3,1650,1650,19792499048448,0,0
simt,1,4,3,132.67849882443747,131.78565601507822,131.38717412948608,133.2071622212728,1.0138520986073805,5,5,0,simt_rotate_aligned_event_median,results/v4_retest_full_23.json,True,4,12,36,0,0,0.125,7.0,7.0,1,1,1,16,0.125,6,3,6,3,1650,1650,19792499048448,0,0
simt,1,4,4,132.69183039665222,132.2849988937378,131.35500252246857,132.74149596691132,1.0105553151217488,5,5,0,simt_rotate_aligned_event_median,results/v4_retest_full_23.json,True,4,16,48,0,0,0.125,7.0,7.0,1,1,1,16,0.125,6,3,6,3,1650,1650,19792499048448,0,0
simt,1,4,5,132.58533676465353,132.06882774829865,131.6883315642675,133.07499885559082,1.010529917684063,5,5,0,simt_rotate_aligned_event_median,results/v4_retest_full_23.json,True,4,20,60,0,0,0.125,7.0,7.0,1,1,1,16,0.125,6,3,6,3,1650,1650,19792499048448,0,0
simt,1,4,6,132.53801067670187,132.0176621278127,131.0983250538508,132.9014947017034,1.0137543301725016,5,5,0,simt_rotate_aligned_event_median,results/v4_retest_full_23.json,True,4,24,72,0,0,0.125,7.0,7.0,1,1,1,16,0.125,6,3,6,3,1650,1650,19792499048448,0,0
simt,1,4,7,132.38349556922913,131.72049323717752,131.02667033672333,132.73899257183075,1.0130685014791794,5,5,0,simt_rotate_aligned_event_median,results/v4_retest_full_23.json,True,4,28,84,0,0,0.125,7.0,7.0,1,1,1,16,0.125,6,3,6,3,1650,1650,19792499048448,0,0
simt,1,4,8,132.60250290234885,132.36749172210693,132.28700558344522,133.18416476249695,1.0067819146339798,5,5,0,simt_rotate_aligned_event_median,results/v4_retest_full_23.json,True,4,32,96,0,0,0.125,7.0,7.0,1,1,1,16,0.125,6,3,6,3,1650,1650,19792499048448,0,0
simt,1,4,9,132.9279989004135,132.82149533430734,132.78299570083618,133.17365944385529,1.002942121775135,5,5,0,simt_rotate_aligned_event_median,results/v4_retest_full_23.json,True,4,36,108,0,0,0.125,7.0,7.0,1,1,1,16,0.125,6,3,6,3,1650,1650,19792499048448,0,0
simt,1,4,10,132.83300896485648,132.68432517846426,132.33916461467743,133.35683941841125,1.007689898955437,5,5,0,simt_rotate_aligned_event_median,results/v4_retest_full_23.json,True,4,40,120,0,0,0.125,7.0,7.0,1,1,1,16,0.125,6,3,6,3,1650,1650,19792499048448,0,0
simt,1,4,11,148.01249901453653,147.4890112876892,147.4068413178126,149.02249972025552,1.010960538791816,5,5,0,simt_rotate_aligned_event_median,results/v4_retest_full_23.json,True,4,44,132,0,0,0.125,7.0,14.0,1,2,2,16,0.0625,6,3,6,3,1650,1650,19792499048448,0,0
simt,1,4,12,148.0925033489863,147.65050013860068,147.62715995311737,149.26250775655112,1.0110775537777268,5,5,0,simt_rotate_aligned_event_median,results/v4_retest_full_23.json,True,4,48,144,0,0,0.125,7.0,14.0,1,2,2,16,0.0625,6,3,6,3,1650,1650,19792499048448,0,0
simt,1,4,16,147.52265810966492,147.33033378918967,146.6391682624817,147.96116948127747,1.009015334950819,5,5,0,simt_rotate_aligned_event_median,results/v4_retest_full_23.json,True,4,64,192,0,0,0.125,7.0,14.0,1,2,2,16,0.0625,6,3,6,3,1650,1650,19792499048448,0,0
simt,1,4,20,147.70101010799408,147.5803256034851,147.16200033823648,147.96850085258484,1.0054803584654646,5,5,0,simt_rotate_aligned_event_median,results/v4_retest_full_23.json,True,4,80,240,0,0,0.125,7.0,14.0,1,2,2,16,0.0625,6,3,6,3,1650,1650,19792499048448,0,0
simt,1,4,24,164.22932843367258,164.01649018128714,163.80133231480917,165.12217124303183,1.008063664132378,5,5,0,simt_rotate_aligned_event_median,results/v4_retest_full_23.json,True,4,96,288,0,0,0.125,7.0,21.0,1,3,3,16,0.041666666666666664,6,3,6,3,1650,1650,19792499048448,0,0
simt,1,4,32,179.61051066716513,179.30717269579569,178.9849897225698,180.24067083994547,1.007015566608809,5,5,0,simt_rotate_aligned_event_median,results/v4_retest_full_23.json,True,4,128,384,0,0,0.125,7.0,28.0,1,4,4,16,0.03125,6,3,6,3,1650,1650,19792499048448,0,0
simt,1,4,40,179.08933262030283,179.0008395910263,178.5604953765869,181.05749289194742,1.0139840422714683,5,5,0,simt_rotate_aligned_event_median,results/v4_retest_full_23.json,True,4,160,480,0,0,0.125,7.0,28.0,1,4,4,16,0.03125,6,3,6,3,1650,1650,19792499048448,0,0
simt,1,4,48,178.78582576910654,178.45216393470764,178.2253384590149,179.86582716306052,1.0092045761743518,5,5,0,simt_rotate_aligned_event_median,results/v4_retest_full_23.json,True,4,192,576,0,0,0.125,7.0,28.0,1,4,4,16,0.03125,6,3,6,3,1650,1650,19792499048448,0,0
simt,1,4,64,179.24932142098746,179.10433312257132,178.20750176906586,180.38166066010794,1.0122001535819716,5,5,0,simt_rotate_aligned_event_median,results/v4_retest_full_23.json,True,4,256,768,0,0,0.125,7.0,28.0,1,4,4,16,0.03125,6,3,6,3,1650,1650,19792499048448,0,0
simt,1,4,96,164.26400343577066,163.75582913557687,163.3980025847753,165.64716398715973,1.0137649259281336,5,5,0,simt_rotate_aligned_event_median,results/v4_retest_full_23.json,True,4,384,1152,0,0,0.125,7.0,28.0,1,4,4,16,0.03125,6,3,6,3,1650,1650,19792499048448,0,0
simt,1,4,128,155.03783027331033,154.2584995428721,153.1668355067571,155.2720069885254,1.0137443035550304,5,5,0,simt_rotate_aligned_event_median,results/v4_retest_full_23.json,True,4,512,1536,0,0,0.125,7.0,28.0,1,4,4,16,0.03125,6,3,6,3,1650,1650,19792499048448,0,0
simt,1,4,192,151.05033914248148,150.51432947317758,149.80582892894745,151.36332313219705,1.0103967530127838,5,5,0,simt_rotate_aligned_event_median,results/v4_retest_full_23.json,True,4,768,2304,0,0,0.125,7.0,28.0,1,4,4,16,0.03125,3,2,6,3,1650,1650,19792499048448,0,0
simt,1,4,256,144.0646549065908,144.05216773351034,143.83699496587118,144.13583278656006,1.0020776144604506,5,5,0,simt_rotate_aligned_event_median,results/v4_retest_full_23.json,True,4,1024,3072,0,0,0.125,7.0,28.0,1,4,4,16,0.03125,2,1,6,3,1650,1650,19792499048448,0,0
simt,1,8,1,132.68166780471802,132.67867267131805,132.66516228516898,133.6890012025833,1.0077174662871444,5,5,0,simt_rotate_aligned_event_median,results/v4_retest_full_23.json,True,4,4,28,0,0,0.25,3.0,3.0,1,1,1,32,0.25,28,7,28,7,1650,1650,19792499048448,0,0
simt,1,8,2,132.98383355140686,132.57716596126556,132.0063372453054,134.2300077279409,1.0168451797772655,5,5,0,simt_rotate_aligned_event_median,results/v4_retest_full_23.json,True,4,8,56,0,0,0.25,3.0,3.0,1,1,1,32,0.25,28,7,28,7,1650,1650,19792499048448,0,0
simt,1,8,3,133.09182723363242,132.90432592233023,132.72917767365774,133.36683809757233,1.0048042219133038,5,5,0,simt_rotate_aligned_event_median,results/v4_retest_full_23.json,True,4,12,84,0,0,0.25,3.0,3.0,1,1,1,32,0.25,28,7,28,7,1650,1650,19792499048448,0,0
simt,1,8,4,133.05999338626862,132.82000521818796,132.772167523702,133.7813436985016,1.0076008111761785,5,5,0,simt_rotate_aligned_event_median,results/v4_retest_full_23.json,True,4,16,112,0,0,0.25,3.0,3.0,1,1,1,32,0.25,28,7,28,7,1650,1650,19792499048448,0,0
simt,1,8,5,147.4480777978897,146.59800132115683,146.59800132115683,147.7164924144745,1.0076296476298292,4,5,1,simt_rotate_aligned_event_median,results/v4_retest_full_23.json,True,4,20,140,0,0,0.25,3.0,6.0,1,2,2,32,0.125,28,7,28,7,1650,1650,19792499048448,0,0
simt,1,8,6,147.83350626627603,147.4075069030126,147.39100138346353,147.97950784365335,1.0039928248988466,5,5,0,simt_rotate_aligned_event_median,results/v4_retest_full_23.json,True,4,24,168,0,0,0.25,3.0,6.0,1,2,2,32,0.125,28,7,28,7,1650,1650,19792499048448,0,0
simt,1,8,7,147.89449671904245,147.79299000898996,147.45217561721802,148.46716821193695,1.006883537597667,5,5,0,simt_rotate_aligned_event_median,results/v4_retest_full_23.json,True,4,28,196,0,0,0.25,3.0,6.0,1,2,2,32,0.125,28,7,28,7,1650,1650,19792499048448,0,0
simt,1,8,8,147.8965034087499,147.56683011849722,146.85699343681335,148.78916243712106,1.0131568061900915,5,5,0,simt_rotate_aligned_event_median,results/v4_retest_full_23.json,True,4,32,224,0,0,0.25,3.0,6.0,1,2,2,32,0.125,28,7,28,7,1650,1650,19792499048448,0,0
simt,1,8,9,147.6731722553571,147.17048903306326,147.17048903306326,149.00082349777222,1.0124368307582219,4,5,1,simt_rotate_aligned_event_median,results/v4_retest_full_23.json,True,4,36,252,0,0,0.25,3.0,6.0,1,2,2,32,0.125,28,7,28,7,1650,1650,19792499048448,0,0
simt,1,8,10,164.05116021633148,163.43766450881958,163.26282918453217,164.12582993507385,1.0052859597916575,5,5,0,simt_rotate_aligned_event_median,results/v4_retest_full_23.json,True,4,40,280,0,0,0.25,3.0,9.0,1,3,3,32,0.08333333333333333,28,7,28,7,1650,1650,19792499048448,0,0
simt,1,8,11,163.954829176267,163.91517718633017,163.7440025806427,165.07784028848013,1.0081458721346483,5,5,0,simt_rotate_aligned_event_median,results/v4_retest_full_23.json,True,4,44,308,0,0,0.25,3.0,9.0,1,3,3,32,0.08333333333333333,28,7,28,7,1650,1650,19792499048448,0,0
simt,1,8,12,164.40667708714804,164.12784159183502,163.503165046374,164.67882692813873,1.0071904533556355,5,5,0,simt_rotate_aligned_event_median,results/v4_retest_full_23.json,True,4,48,336,0,0,0.25,3.0,9.0,1,3,3,32,0.08333333333333333,28,7,28,7,1650,1650,19792499048448,0,0
simt,1,8,16,179.07283206780752,179.04767394065857,178.74816060066223,180.08899688720703,1.0075012592131807,5,5,0,simt_rotate_aligned_event_median,results/v4_retest_full_23.json,True,4,64,448,0,0,0.25,3.0,12.0,1,4,4,32,0.0625,28,7,28,7,1650,1650,19792499048448,0,0
simt,1,8,20,192.4903243780136,192.42200255393982,191.96401039759317,193.70066622893015,1.009046778235879,5,5,0,simt_rotate_aligned_event_median,results/v4_retest_full_23.json,True,4,80,560,0,0,0.25,3.0,15.0,1,5,5,32,0.05,28,7,28,7,1650,1650,19792499048448,0,0
simt,1,8,24,195.81933319568634,195.6745038429896,194.9440042177836,197.2118318080902,1.0116332256506493,5,5,0,simt_rotate_aligned_event_median,results/v4_retest_full_23.json,True,4,96,672,0,0,0.25,3.0,18.0,1,6,6,32,0.041666666666666664,28,7,28,7,1650,1650,19792499048448,0,0
simt,1,8,32,199.58767294883728,199.37200347582498,199.20899967352548,200.42948921521506,1.0061266787328373,5,5,0,simt_rotate_aligned_event_median,results/v4_retest_full_23.json,True,4,128,896,0,0,0.25,3.0,24.0,1,8,8,32,0.03125,28,7,28,7,1650,1650,19792499048448,0,0
simt,1,8,40,196.81917130947113,196.47083679835,196.36482497056326,197.5226749976476,1.0058964227796803,5,5,0,simt_rotate_aligned_event_median,results/v4_retest_full_23.json,True,4,160,1120,0,0,0.25,3.0,24.0,1,8,8,32,0.03125,28,7,28,7,1650,1650,19792499048448,0,0
simt,1,8,48,196.05515897274017,194.43716605504355,194.08267736434937,196.98549310366312,1.014956593647275,5,5,0,simt_rotate_aligned_event_median,results/v4_retest_full_23.json,True,4,192,1344,0,0,0.25,3.0,24.0,1,8,8,32,0.03125,28,7,28,7,1650,1650,19792499048448,0,0
simt,1,8,64,186.39567494392395,186.37016912301382,186.34783724943796,187.12266286214194,1.004157953342205,5,5,0,simt_rotate_aligned_event_median,results/v4_retest_full_23.json,True,4,256,1792,0,0,0.25,3.0,24.0,1,8,8,32,0.03125,28,7,28,7,1650,1650,19792499048448,0,0
simt,1,8,96,169.64416205883026,169.45150991280875,169.16982332865396,343.86850893497467,2.032682319865793,5,5,0,simt_rotate_aligned_event_median,results/v4_retest_full_23.json,True,4,384,2688,0,0,0.25,3.0,24.0,1,8,8,32,0.03125,16,5,28,7,1650,1650,19792499048448,0,0
simt,1,8,128,164.08600409825644,163.7696623802185,163.7094964583715,164.88783558209738,1.0071977444755351,5,5,0,simt_rotate_aligned_event_median,results/v4_retest_full_23.json,True,4,512,3584,0,0,0.25,3.0,24.0,1,8,8,32,0.03125,12,3,28,7,1650,1650,19792499048448,0,0
simt,1,8,192,241.43733084201813,215.3615007797877,206.19532465934753,428.60666910807294,2.078643974184032,5,5,0,simt_rotate_aligned_event_median,results/v4_retest_full_23.json,True,4,768,5376,1,1,0.25,3.0,24.0,1,8,8,32,0.03125,7,2,28,7,1650,1650,19792499048448,0,0
simt,1,8,256,151.85149013996124,151.5888273715973,151.33884052435556,152.7758240699768,1.00949514044539,5,5,0,simt_rotate_aligned_event_median,results/v4_retest_full_23.json,True,4,1024,7168,1,1,0.25,3.0,24.0,1,8,8,32,0.03125,4,1,28,7,1650,1650,19792499048448,0,0
simt,1,16,1,133.24766357739767,132.46467212835947,132.1806659301122,135.26016970475516,1.023297686942137,5,5,0,simt_rotate_aligned_event_median,results/v4_retest_full_23.json,True,4,4,60,0,0,0.5,1.0,1.0,1,1,1,64,0.5,120,15,120,15,1650,1650,19792499048448,0,0
simt,1,16,2,133.80666077136993,133.44317177931467,132.55833586057028,134.12650922934213,1.0118300622785528,5,5,0,simt_rotate_aligned_event_median,results/v4_retest_full_23.json,True,4,8,120,0,0,0.5,1.0,1.0,1,1,1,64,0.5,120,15,120,15,1650,1650,19792499048448,0,0
simt,1,16,3,147.79032766819,147.7796584367752,147.63900637626648,148.17317326863608,1.0036180607380156,5,5,0,simt_rotate_aligned_event_median,results/v4_retest_full_23.json,True,4,12,180,0,0,0.5,1.0,2.0,1,2,2,64,0.25,120,15,120,15,1650,1650,19792499048448,0,0
simt,1,16,4,147.61017759641013,147.48715857664743,147.45716750621796,148.8706717888514,1.0095858635191393,5,5,0,simt_rotate_aligned_event_median,results/v4_retest_full_23.json,True,4,16,240,0,0,0.5,1.0,2.0,1,2,2,64,0.25,120,15,120,15,1650,1650,19792499048448,0,0
simt,1,16,5,165.36816457907358,164.11098837852478,163.88934353987375,365.6233449776967,2.2309159160720036,5,5,0,simt_rotate_aligned_event_median,results/v4_retest_full_23.json,True,4,20,300,0,0,0.5,1.0,3.0,1,3,3,64,0.16666666666666666,120,15,120,15,1650,1650,19792499048448,0,0
simt,1,16,6,164.04516994953156,163.85615865389505,163.6191705862681,618.6896761258444,3.781278647905385,5,5,0,simt_rotate_aligned_event_median,results/v4_retest_full_23.json,True,4,24,360,0,0,0.5,1.0,3.0,1,3,3,64,0.16666666666666666,120,15,120,15,1650,1650,19792499048448,0,0
simt,1,16,7,421.6821566224098,179.1154940923055,179.1154940923055,665.1800274848938,3.7136933957377214,4,5,1,simt_rotate_aligned_event_median,results/v4_retest_full_23.json,True,4,28,420,0,0,0.5,1.0,4.0,1,4,4,64,0.125,120,15,120,15,1650,1650,19792499048448,0,0
simt,1,16,8,179.15865778923035,179.14383113384247,178.68899802366892,179.37116821606955,1.0038176395857918,5,5,0,simt_rotate_aligned_event_median,results/v4_retest_full_23.json,True,4,32,480,0,0,0.5,1.0,4.0,1,4,4,64,0.125,120,15,120,15,1650,1650,19792499048448,0,0
simt,1,16,9,193.77266863981882,193.58917574087778,193.5671716928482,194.50733065605164,1.0048570165848953,5,5,0,simt_rotate_aligned_event_median,results/v4_retest_full_23.json,True,4,36,540,0,0,0.5,1.0,5.0,1,5,5,64,0.1,120,15,120,15,1650,1650,19792499048448,0,0
simt,1,16,10,193.57783099015555,193.45366458098093,192.4051692088445,531.7070285479227,2.763475798151691,5,5,0,simt_rotate_aligned_event_median,results/v4_retest_full_23.json,True,4,40,600,0,0,0.5,1.0,5.0,1,5,5,64,0.1,120,15,120,15,1650,1650,19792499048448,0,0
simt,1,16,11,195.29532392819723,195.15632589658102,195.12532651424408,196.32350405057272,1.00614055365202,5,5,0,simt_rotate_aligned_event_median,results/v4_retest_full_23.json,True,4,44,660,0,0,0.5,1.0,6.0,1,6,6,64,0.08333333333333333,120,15,120,15,1650,1650,19792499048448,0,0
simt,1,16,12,196.08434041341147,195.54516673088074,194.14450228214264,198.61017167568207,1.0230017813589676,5,5,0,simt_rotate_aligned_event_median,results/v4_retest_full_23.json,True,4,48,720,0,0,0.5,1.0,6.0,1,6,6,64,0.08333333333333333,120,15,120,15,1650,1650,19792499048448,0,0
simt,1,16,16,200.13567308584848,199.66416557629904,198.97799690564474,201.02634032567343,1.010294321240956,5,5,0,simt_rotate_aligned_event_median,results/v4_retest_full_23.json,True,4,64,960,0,0,0.5,1.0,8.0,1,8,8,64,0.0625,120,15,120,15,1650,1650,19792499048448,0,0
simt,1,16,20,201.15000009536743,200.51899552345276,199.68699912230173,202.81184216340384,1.0156487054982897,5,5,0,simt_rotate_aligned_event_median,results/v4_retest_full_23.json,True,4,80,1200,0,0,0.5,1.0,10.0,1,10,10,64,0.05,120,15,120,15,1650,1650,19792499048448,0,0
simt,1,16,24,203.788494070371,203.43332986036935,202.64450709025064,203.94615828990936,1.0064233233772235,5,5,0,simt_rotate_aligned_event_median,results/v4_retest_full_23.json,True,4,96,1440,0,0,0.5,1.0,12.0,1,12,12,64,0.041666666666666664,120,15,120,15,1650,1650,19792499048448,0,0
simt,1,16,32,210.5971723794937,210.48416197299957,210.0595086812973,211.77016695340475,1.0081436840581346,5,5,0,simt_rotate_aligned_event_median,results/v4_retest_full_23.json,True,4,128,1920,0,0,0.5,1.0,16.0,1,16,16,64,0.03125,120,15,120,15,1650,1650,19792499048448,0,0
simt,1,16,40,207.31200774510702,205.69499333699545,204.9138347307841,375.34501651922864,1.831721206195556,5,5,0,simt_rotate_aligned_event_median,results/v4_retest_full_23.json,True,4,160,2400,0,0,0.5,1.0,16.0,1,16,16,64,0.03125,81,12,120,15,1650,1650,19792499048448,0,0
simt,1,16,48,205.24167021115622,204.7076572974523,204.58533863226572,382.30232894420624,1.868669238470602,5,5,0,simt_rotate_aligned_event_median,results/v4_retest_full_23.json,True,4,192,2880,0,0,0.5,1.0,16.0,1,16,16,64,0.03125,65,10,120,15,1650,1650,19792499048448,0,0
simt,1,16,64,198.04867108662924,198.03750018278757,196.78900639216104,202.8866708278656,1.0309857981779385,5,5,0,simt_rotate_aligned_event_median,results/v4_retest_full_23.json,True,4,256,3840,0,0,0.5,1.0,16.0,1,16,16,64,0.03125,56,7,120,15,1650,1650,19792499048448,0,0
simt,1,16,96,519.5928166309992,508.7161560853323,453.97865772247314,549.8686581850052,1.2112213841584414,5,5,0,simt_rotate_aligned_event_median,results/v4_retest_full_23.json,True,4,384,5760,1,1,0.5,1.0,16.0,1,16,16,64,0.03125,35,5,120,15,1650,1650,19792499048448,0,0
simt,1,16,128,493.8251773516337,493.24500064055127,421.2169945240021,496.7450102170308,1.1793090418357395,5,5,0,simt_rotate_aligned_event_median,results/v4_retest_full_23.json,True,4,512,7680,1,1,0.5,1.0,16.0,1,16,16,64,0.03125,24,3,120,15,1650,1650,19792499048448,0,0
simt,1,16,192,457.66401787598926,456.3646713892619,452.60049899419147,464.8878127336502,1.0271482549550093,5,5,0,simt_rotate_aligned_event_median,results/v4_retest_full_23.json,True,4,768,11520,2,1,0.5,1.0,16.0,1,16,16,64,0.03125,14,2,120,15,1650,1650,19793356783616,0,0
simt,1,16,256,412.2628370920817,408.75684718290967,338.2498373587926,446.52265806992847,1.3200971848399956,5,5,0,simt_rotate_aligned_event_median,results/v4_retest_full_23.json,True,4,1024,15360,3,1,0.5,1.0,16.0,1,16,16,64,0.03125,8,1,120,15,1650,1650,19793356783616,0,0
simt,1,32,1,131.81284070014954,131.74999753634134,131.09566271305084,132.09749261538187,1.0076419759555577,5,5,0,simt_rotate_aligned_event_median,results/v4_retest_full_23.json,True,4,4,124,0,0,1.0,0.0,0.0,1,1,1,128,1.0,496,31,496,31,1650,1650,19792499048448,0,0
simt,1,32,2,147.8855013847351,147.8536625703176,147.55266408125559,148.3329931894938,1.0052884786126837,5,5,0,simt_rotate_aligned_event_median,results/v4_retest_full_23.json,True,4,8,248,0,0,1.0,0.0,0.0,1,2,2,128,0.5,496,31,496,31,1650,1650,19792499048448,0,0
simt,1,32,3,164.14165993531546,164.0005111694336,163.9203280210495,165.2668317159017,1.0082143789675635,5,5,0,simt_rotate_aligned_event_median,results/v4_retest_full_23.json,True,4,12,372,0,0,1.0,0.0,0.0,1,3,3,128,0.3333333333333333,496,31,496,31,1650,1650,19792499048448,0,0
simt,1,32,4,178.6475032567978,178.61583828926086,177.63365805149078,179.3378343184789,1.0095937689156531,5,5,0,simt_rotate_aligned_event_median,results/v4_retest_full_23.json,True,4,16,496,0,0,1.0,0.0,0.0,1,4,4,128,0.25,496,31,496,31,1650,1650,19792499048448,0,0
simt,1,32,5,194.00899857282639,192.65083471934,192.65083471934,194.65566674868265,1.0104065577097725,4,5,1,simt_rotate_aligned_event_median,results/v4_retest_full_23.json,True,4,20,620,0,0,1.0,0.0,0.0,1,5,5,128,0.2,496,31,496,31,1650,1650,19792499048448,0,0
simt,1,32,6,387.3640100161235,197.24800686041513,194.83166436354318,786.9860331217448,4.039312786720746,5,5,0,simt_rotate_aligned_event_median,results/v4_retest_full_23.json,True,4,24,744,0,0,1.0,0.0,0.0,1,6,6,128,0.16666666666666666,496,31,496,31,1650,1650,19792499048448,0,0
simt,1,32,7,197.92024791240692,196.0611641407013,196.0611641407013,734.4849904378256,3.746203352698293,4,5,1,simt_rotate_aligned_event_median,results/v4_retest_full_23.json,True,4,28,868,0,0,1.0,0.0,0.0,1,7,7,128,0.14285714285714285,496,31,496,31,1650,1650,19792499048448,0,0
simt,1,32,8,199.3863433599472,199.33600227038065,198.69965811570486,758.5336367289225,3.817488383836174,5,5,0,simt_rotate_aligned_event_median,results/v4_retest_full_23.json,True,4,32,992,0,0,1.0,0.0,0.0,1,8,8,128,0.125,496,31,496,31,1650,1650,19792499048448,0,0
simt,1,32,9,200.08132855097452,200.008491675059,199.87283647060394,200.47133167584738,1.002994379905803,5,5,0,simt_rotate_aligned_event_median,results/v4_retest_full_23.json,True,4,36,1116,0,0,1.0,0.0,0.0,1,9,9,128,0.1111111111111111,496,31,496,31,1650,1650,19792499048448,0,0
simt,1,32,10,201.77750289440155,200.8645087480545,152.01417605082193,202.03099648157755,1.3290273429106625,5,5,0,simt_rotate_aligned_event_median,results/v4_retest_full_23.json,True,4,40,1240,0,0,1.0,0.0,0.0,1,10,10,128,0.1,496,31,496,31,1650,1650,19792499048448,0,0
simt,1,32,11,201.95616285006204,201.50616268316904,200.99116365114847,204.57216600577036,1.0178167153698223,5,5,0,simt_rotate_aligned_event_median,results/v4_retest_full_23.json,True,4,44,1364,0,0,1.0,0.0,0.0,1,11,11,128,0.09090909090909091,496,31,496,31,1650,1650,19792499048448,0,0
simt,1,32,12,203.69999607404074,203.4638375043869,203.45966517925262,205.06166418393454,1.0078737916100988,5,5,0,simt_rotate_aligned_event_median,results/v4_retest_full_23.json,True,4,48,1488,0,0,1.0,0.0,0.0,1,12,12,128,0.08333333333333333,496,31,496,31,1650,1650,19792499048448,0,0
simt,1,32,16,210.85499227046967,210.81716815630594,210.58183908462524,211.49166425069174,1.0043205300610034,5,5,0,simt_rotate_aligned_event_median,results/v4_retest_full_23.json,True,4,64,1984,0,0,1.0,0.0,0.0,1,16,16,128,0.0625,496,31,496,31,1650,1650,19792499048448,0,0
simt,1,32,20,216.1226620276769,215.50282835960388,213.21565906206766,384.9396655956904,1.805400538070393,5,5,0,simt_rotate_aligned_event_median,results/v4_retest_full_23.json,True,4,80,2480,0,0,1.0,0.0,0.0,1,20,20,128,0.05,340,25,496,31,1650,1650,19792499048448,0,0
simt,1,32,24,221.63533171017966,220.41650613149008,219.04467542966208,405.1109900077184,1.8494445903014176,5,5,0,simt_rotate_aligned_event_median,results/v4_retest_full_23.json,True,4,96,2976,0,0,1.0,0.0,0.0,1,24,24,128,0.041666666666666664,276,21,496,31,1650,1650,19792499048448,0,0
simt,1,32,32,233.00500710805258,232.6310078303019,232.39949345588684,234.23482477664948,1.0078973120529242,5,5,0,simt_rotate_aligned_event_median,results/v4_retest_full_23.json,True,4,128,3968,0,0,1.0,0.0,0.0,1,32,32,128,0.03125,240,15,496,31,1650,1650,19792499048448,0,0
simt,1,32,40,554.7118584314982,537.1008416016897,505.11967639128363,589.4061625003815,1.1668643888736707,5,5,0,simt_rotate_aligned_event_median,results/v4_retest_full_23.json,True,4,160,4960,1,1,1.0,0.0,0.0,1,32,32,128,0.03125,171,12,496,31,1650,1650,19792499048448,0,0
simt,1,32,48,570.4779823621114,559.5461328824362,509.22283033529914,606.2723149855932,1.1905835301736012,5,5,0,simt_rotate_aligned_event_median,results/v4_retest_full_23.json,True,4,192,5952,1,1,1.0,0.0,0.0,1,32,32,128,0.03125,155,10,496,31,1650,1650,19792499048448,0,0
simt,1,32,64,561.6889844338099,561.6226842006048,480.43402036031085,562.3001605272293,1.170400381108568,5,5,0,simt_rotate_aligned_event_median,results/v4_retest_full_23.json,True,4,256,7936,1,1,1.0,0.0,0.0,1,32,32,128,0.03125,112,7,496,31,1650,1650,19792499048448,0,0
simt,1,32,96,503.34516167640686,494.15334562460583,491.442009806633,511.6124997536341,1.0410434792803682,5,5,0,simt_rotate_aligned_event_median,results/v4_retest_full_23.json,True,4,384,11904,2,1,1.0,0.0,0.0,1,32,32,128,0.03125,70,5,496,31,1650,1650,19793356783616,0,0
simt,1,32,128,517.2461668650309,514.6351555983225,513.1634970506033,573.9398499329885,1.118434676729144,5,5,0,simt_rotate_aligned_event_median,results/v4_retest_full_23.json,True,4,512,15872,3,1,1.0,0.0,0.0,1,32,32,128,0.03125,48,3,496,31,1650,1650,19793356783616,0,0
simt,1,32,192,574.5654950539271,573.8678276538849,573.136160771052,576.4348159233729,1.0057554476197823,5,5,0,simt_rotate_aligned_event_median,results/v4_retest_full_23.json,True,4,768,23808,5,1,1.0,0.0,0.0,1,32,32,128,0.03125,55,5,496,31,1650,1650,19793356783616,0,0
simt,1,32,256,484.61267352104187,484.3515108029048,483.72751971085864,485.5203280846278,1.0037062360538032,5,5,0,simt_rotate_aligned_event_median,results/v4_retest_full_23.json,True,4,1024,31744,7,1,1.0,0.0,0.0,1,32,32,128,0.03125,48,3,496,31,1650,1650,19793356783616,0,0
simt,1,64,1,150.3638376792272,150.34849445025125,150.27067561944327,151.26916766166687,1.006644623364523,5,5,0,simt_rotate_aligned_event_median,results/v4_retest_full_23.json,True,4,4,252,0,0,2.0,0.0,0.0,2,2,2,256,1.0,2016,63,2016,63,1650,1650,19792499048448,0,0
simt,1,64,2,176.97099844614664,176.3666719198227,176.1446644862493,177.88483699162802,1.0098792234806213,5,5,0,simt_rotate_aligned_event_median,results/v4_retest_full_23.json,True,4,8,504,0,0,2.0,0.0,0.0,2,4,4,256,0.5,2016,63,2016,63,1650,1650,19792499048448,0,0
simt,1,64,3,202.52449810504913,202.37183570861816,199.94834065437317,203.12833786010742,1.0159040940041164,5,5,0,simt_rotate_aligned_event_median,results/v4_retest_full_23.json,True,4,12,756,0,0,2.0,0.0,0.0,2,6,6,256,0.3333333333333333,2016,63,2016,63,1650,1650,19792499048448,0,0
simt,1,64,4,197.88766900698343,197.4058300256729,197.35033810138702,198.66950313250223,1.0066843819159685,5,5,0,simt_rotate_aligned_event_median,results/v4_retest_full_23.json,True,4,16,1008,0,0,2.0,0.0,0.0,2,8,8,256,0.25,2016,63,2016,63,1650,1650,19792499048448,0,0
simt,1,64,5,207.90083209673563,207.7676554520925,207.7388366063436,208.5335006316503,1.0038253031464337,5,5,0,simt_rotate_aligned_event_median,results/v4_retest_full_23.json,True,4,20,1260,0,0,2.0,0.0,0.0,2,10,10,256,0.2,2016,63,2016,63,1650,1650,19792499048448,0,0
simt,1,64,6,209.45016046365103,209.375669558843,208.6826612552007,210.6476624806722,1.0094162170141605,5,5,0,simt_rotate_aligned_event_median,results/v4_retest_full_23.json,True,4,24,1512,0,0,2.0,0.0,0.0,2,12,12,256,0.16666666666666666,2016,63,2016,63,1650,1650,19792499048448,0,0
simt,1,64,7,216.13567074139914,215.67249298095703,215.00517427921295,216.80750449498495,1.0083827294939025,5,5,0,simt_rotate_aligned_event_median,results/v4_retest_full_23.json,True,4,28,1764,0,0,2.0,0.0,0.0,2,14,14,256,0.14285714285714285,2016,63,2016,63,1650,1650,19792499048448,0,0
simt,1,64,8,210.26483178138733,209.79816714922586,209.36316748460135,212.588498989741,1.0154054389981317,5,5,0,simt_rotate_aligned_event_median,results/v4_retest_full_23.json,True,4,32,2016,0,0,2.0,0.0,0.0,2,16,16,256,0.125,2016,63,2016,63,1650,1650,19792499048448,0,0
simt,1,64,9,219.9329932530721,219.87899641195932,219.64749693870544,221.42332792282104,1.0080849133673997,5,5,0,simt_rotate_aligned_event_median,results/v4_retest_full_23.json,True,4,36,2268,0,0,2.0,0.0,0.0,2,18,18,256,0.1111111111111111,1617,56,2016,63,1650,1650,19792499048448,0,0
simt,1,64,10,222.85966078440347,222.07748889923096,220.97250819206238,222.9563295841217,1.008977684184745,5,5,0,simt_rotate_aligned_event_median,results/v4_retest_full_23.json,True,4,40,2520,0,0,2.0,0.0,0.0,2,20,20,256,0.1,1392,51,2016,63,1650,1650,19792499048448,0,0
simt,1,64,11,225.20749270915985,225.2060075600942,225.1069943110148,225.93834499518076,1.0036931357317904,5,5,0,simt_rotate_aligned_event_median,results/v4_retest_full_23.json,True,4,44,2772,0,0,2.0,0.0,0.0,2,22,22,256,0.09090909090909091,1217,46,2016,63,1650,1650,19792499048448,0,0
simt,1,64,12,235.917662580808,235.28283834457397,235.26766896247864,236.0453357299169,1.0033054553176293,5,5,0,simt_rotate_aligned_event_median,results/v4_retest_full_23.json,True,4,48,3024,0,0,2.0,0.0,0.0,2,24,24,256,0.08333333333333333,1113,42,2016,63,1650,1650,19792499048448,0,0
simt,1,64,16,232.51632849375406,232.46999581654867,232.16650386651358,232.8529953956604,1.0029568930819648,5,5,0,simt_rotate_aligned_event_median,results/v4_retest_full_23.json,True,4,64,4032,0,0,2.0,0.0,0.0,2,32,32,256,0.0625,992,31,2016,63,1650,1650,19792499048448,0,0
simt,1,64,20,582.5333297252655,556.1678608258566,533.0291589101156,619.4576621055603,1.1621459196944592,5,5,0,simt_rotate_aligned_event_median,results/v4_retest_full_23.json,True,4,80,5040,1,1,2.0,0.0,0.0,2,40,40,256,0.05,716,25,2016,63,1650,1650,19792499048448,0,0
simt,1,64,24,611.597458521525,600.5670130252838,544.0941552321116,643.067330121994,1.1819044993189833,5,5,0,simt_rotate_aligned_event_median,results/v4_retest_full_23.json,True,4,96,6048,1,1,2.0,0.0,0.0,2,48,48,256,0.041666666666666664,651,21,2016,63,1650,1650,19792499048448,0,0
simt,1,64,32,611.876517534256,611.7893358071645,533.7633490562439,613.9489710330963,1.1502269163265517,5,5,0,simt_rotate_aligned_event_median,results/v4_retest_full_23.json,True,4,128,8064,1,1,2.0,0.0,0.0,2,64,64,256,0.03125,480,15,2016,63,1650,1650,19792499048448,0,0
simt,1,64,40,662.0251735051473,617.2921558221182,614.8449778556824,664.2747024695078,1.080393800704391,5,5,0,simt_rotate_aligned_event_median,results/v4_retest_full_23.json,True,4,160,10080,2,1,2.0,0.0,0.0,2,64,64,256,0.03125,378,12,2016,63,1650,1650,19792499048448,0,0
simt,1,64,48,568.5854951540629,566.0133262475332,563.3420050144196,578.2006581624349,1.0263759013454625,5,5,0,simt_rotate_aligned_event_median,results/v4_retest_full_23.json,True,4,192,12096,2,1,2.0,0.0,0.0,2,64,64,256,0.03125,310,10,2016,63,1650,1650,19793356783616,0,0
simt,1,64,64,600.967675447464,595.7883596420288,593.8166876633962,661.080519358317,1.113273730921232,5,5,0,simt_rotate_aligned_event_median,results/v4_retest_full_23.json,True,4,256,16128,3,1,2.0,0.0,0.0,2,64,64,256,0.03125,224,7,2016,63,1650,1650,19793356783616,0,0
simt,1,64,96,642.1438058217367,642.0048177242279,641.5278017520905,643.2788372039795,1.00272947711246,5,5,0,simt_rotate_aligned_event_median,results/v4_retest_full_23.json,True,4,384,24192,5,1,2.0,0.0,0.0,2,64,64,256,0.03125,255,10,2016,63,1650,1650,19793356783616,0,0
simt,1,64,128,617.4238622188568,617.1354750792185,612.4443113803864,618.8371429840723,1.010438225133118,5,5,0,simt_rotate_aligned_event_median,results/v4_retest_full_23.json,True,4,512,32256,7,1,2.0,0.0,0.0,2,64,64,256,0.03125,224,7,2016,63,1650,1650,19793356783616,0,0
simt,1,64,192,633.6409946282705,633.1592996915182,633.0428520838419,635.7669830322266,1.004303233089857,5,5,0,simt_rotate_aligned_event_median,results/v4_retest_full_23.json,True,4,768,48384,11,1,2.0,0.0,0.0,2,64,64,256,0.03125,224,7,1113,42,1650,1650,19793356783616,0,0
simt,1,64,256,487.8073533376058,487.56932218869525,486.7916802565257,489.75033064683277,1.006077857347003,5,5,0,simt_rotate_aligned_event_median,results/v4_retest_full_23.json,True,4,1024,64512,15,1,2.0,0.0,0.0,2,64,64,256,0.03125,224,7,992,31,1650,1650,19793356783616,0,0
simt,1,128,1,184.6748342116674,184.46049094200134,184.1756651798884,185.47333776950836,1.0070458417421895,5,5,0,simt_rotate_aligned_event_median,results/v4_retest_full_23.json,True,4,4,508,0,0,4.0,0.0,0.0,4,4,4,512,1.0,8128,127,8128,127,1650,1650,19792499048448,0,0
simt,1,128,2,194.0626601378123,193.396990497907,193.33100815614065,195.30933101971945,1.0102328275347379,5,5,0,simt_rotate_aligned_event_median,results/v4_retest_full_23.json,True,4,8,1016,0,0,4.0,0.0,0.0,4,8,8,512,0.5,8128,127,8128,127,1650,1650,19792499048448,0,0
simt,1,128,3,207.93633659680685,207.22433427969614,206.95300896962485,208.13782513141632,1.0057250492161984,5,5,0,simt_rotate_aligned_event_median,results/v4_retest_full_23.json,True,4,12,1524,0,0,4.0,0.0,0.0,4,12,12,512,0.3333333333333333,8128,127,8128,127,1650,1650,19792499048448,0,0
simt,1,128,4,207.96683927377066,207.41933087507883,205.79667886098227,208.08384319146475,1.0111137086523514,5,5,0,simt_rotate_aligned_event_median,results/v4_retest_full_23.json,True,4,16,2032,0,0,4.0,0.0,0.0,4,16,16,512,0.25,8128,127,8128,127,1650,1650,19792499048448,0,0
simt,1,128,5,221.50482734044394,220.85200746854147,220.59050699075064,222.09400435288748,1.0068157845169643,5,5,0,simt_rotate_aligned_event_median,results/v4_retest_full_23.json,True,4,20,2540,0,0,4.0,0.0,0.0,4,20,20,512,0.2,5553,102,8128,127,1650,1650,19792499048448,0,0
simt,1,128,6,230.83233336607614,230.07899522781372,229.3208291133245,232.77617494265237,1.015067736509972,5,5,0,simt_rotate_aligned_event_median,results/v4_retest_full_23.json,True,4,24,3048,0,0,4.0,0.0,0.0,4,24,24,512,0.16666666666666666,4516,85,8128,127,1650,1650,19792499048448,0,0
simt,1,128,7,238.45134178797403,238.17251125971475,238.09350033601126,239.84500269095102,1.0073563635818195,5,5,0,simt_rotate_aligned_event_median,results/v4_retest_full_23.json,True,4,28,3556,0,0,4.0,0.0,0.0,4,28,28,512,0.14285714285714285,4132,73,8128,127,1650,1650,19792499048448,0,0
simt,1,128,8,231.0111622015635,230.80799480279288,230.69550096988678,248.97849063078561,1.0792516090865827,5,5,0,simt_rotate_aligned_event_median,results/v4_retest_full_23.json,True,4,32,4064,0,0,4.0,0.0,0.0,4,32,32,512,0.125,4032,63,8128,127,1650,1650,19792499048448,0,0
simt,1,128,9,598.936011393865,598.0218450228373,527.4973213672638,601.0176539421082,1.1393757458033738,5,5,0,simt_rotate_aligned_event_median,results/v4_retest_full_23.json,True,4,36,4572,1,1,4.0,0.0,0.0,4,36,36,512,0.1111111111111111,3283,56,8128,127,1650,1650,19792499048448,0,0
simt,1,128,10,573.7036565939585,571.3805059591929,498.3838101228078,575.4211644331614,1.1545743516254483,5,5,0,simt_rotate_aligned_event_median,results/v4_retest_full_23.json,True,4,40,5080,1,1,4.0,0.0,0.0,4,40,40,512,0.1,2901,51,8128,127,1650,1650,19792499048448,0,0
simt,1,128,11,582.9640328884125,582.3452969392141,513.2621626059214,585.8871936798096,1.1414969510028914,5,5,0,simt_rotate_aligned_event_median,results/v4_retest_full_23.json,True,4,44,5588,1,1,4.0,0.0,0.0,4,44,44,512,0.09090909090909091,2723,46,8128,127,1650,1650,19792499048448,0,0
simt,1,128,12,580.8706482251486,579.3563624223074,511.78901394208276,582.3279718557993,1.1378281987149086,5,5,0,simt_rotate_aligned_event_median,results/v4_retest_full_23.json,True,4,48,6096,1,1,4.0,0.0,0.0,4,48,48,512,0.08333333333333333,2667,42,8128,127,1650,1650,19792499048448,0,0
simt,1,128,16,613.3828262488047,612.4471525351206,533.6701770623525,615.3419613838196,1.1530379395960226,5,5,0,simt_rotate_aligned_event_median,results/v4_retest_full_23.json,True,4,64,8128,1,1,4.0,0.0,0.0,4,64,64,512,0.0625,1984,31,8128,127,1650,1650,19792499048448,0,0
simt,1,128,20,687.4093612035116,641.8466369311014,641.830970843633,688.8530254364014,1.0732623645925994,5,5,0,simt_rotate_aligned_event_median,results/v4_retest_full_23.json,True,4,80,10160,2,1,4.0,0.0,0.0,4,80,80,512,0.05,1575,25,8128,127,1650,1650,19792499048448,0,0
simt,1,128,24,614.7821446259817,613.2668058077494,609.6673210461935,629.3179988861084,1.0322318043981662,5,5,0,simt_rotate_aligned_event_median,results/v4_retest_full_23.json,True,4,96,12192,2,1,4.0,0.0,0.0,4,96,96,512,0.041666666666666664,1302,21,8128,127,1650,1650,19793356783616,0,0
simt,1,128,32,695.6663131713867,693.7503317991892,691.2013292312622,753.4683148066202,1.0900851646865464,5,5,0,simt_rotate_aligned_event_median,results/v4_retest_full_23.json,True,4,128,16256,3,1,4.0,0.0,0.0,4,128,128,512,0.03125,960,15,8128,127,1650,1650,19793356783616,0,0
simt,1,128,40,748.3963270982107,747.7628489335378,746.4366654555002,749.9831815560659,1.0047512619150367,5,5,0,simt_rotate_aligned_event_median,results/v4_retest_full_23.json,True,4,160,20320,4,1,4.0,0.0,0.0,4,128,128,512,0.03125,1081,25,8128,127,1650,1650,19793356783616,0,0
simt,1,128,48,746.5459605058035,746.5275426705679,746.3143467903137,748.8626539707184,1.0034145225686257,5,5,0,simt_rotate_aligned_event_median,results/v4_retest_full_23.json,True,4,192,24384,5,1,4.0,0.0,0.0,4,128,128,512,0.03125,1071,21,8128,127,1650,1650,19793356783616,0,0
simt,1,128,64,744.1505293051401,743.8781758149465,741.5111362934113,746.4784979820251,1.006698971121923,5,5,0,simt_rotate_aligned_event_median,results/v4_retest_full_23.json,True,4,256,32512,7,1,4.0,0.0,0.0,4,128,128,512,0.03125,960,15,8128,127,1650,1650,19793356783616,0,0
simt,1,128,96,741.2114838759104,739.4484877586365,738.7795050938925,742.6863412062327,1.0052882302302684,5,5,0,simt_rotate_aligned_event_median,results/v4_retest_full_23.json,True,4,384,48768,11,1,4.0,0.0,0.0,4,128,128,512,0.03125,960,15,4516,85,1650,1650,19793356783616,0,0
simt,1,128,128,646.3742951552073,645.5223659674326,642.7884697914124,647.9519804318746,1.0080329857847914,5,5,0,simt_rotate_aligned_event_median,results/v4_retest_full_23.json,True,4,512,65024,15,1,4.0,0.0,0.0,4,128,128,512,0.03125,960,15,4032,63,1650,1650,19793356783616,0,0
simt,1,128,192,727.2169788678488,726.656973361969,726.1138657728831,729.6269834041595,1.004838246171676,5,5,0,simt_rotate_aligned_event_median,results/v4_retest_full_23.json,True,4,768,97536,23,1,4.0,0.0,0.0,4,128,128,512,0.03125,960,15,2667,42,1650,1650,19793356783616,0,0
simt,1,128,256,525.6756742795309,525.6685068209966,525.4544913768768,526.7665137847265,1.0024969287148193,5,5,0,simt_rotate_aligned_event_median,results/v4_retest_full_23.json,True,4,1024,130048,31,1,4.0,0.0,0.0,4,128,128,512,0.03125,960,15,1984,31,1650,1650,19793356783616,0,0
simt,1,256,1,204.8344910144806,204.69783743222555,204.352006316185,204.89582419395447,1.0026611819848152,5,5,0,simt_rotate_aligned_event_median,results/v4_retest_full_23.json,True,4,4,1020,0,0,8.0,0.0,0.0,8,8,8,1024,1.0,32640,255,32640,255,1650,1650,19792499048448,0,0
simt,1,256,2,281.7393441994985,281.6460132598877,281.4536492029826,284.753680229187,1.0117249537732036,5,5,0,simt_rotate_aligned_event_median,results/v4_retest_full_23.json,True,4,8,2040,0,0,8.0,0.0,0.0,8,16,16,1024,0.5,32640,255,32640,255,1650,1650,19792499048448,0,0
simt,1,256,3,531.2886834144592,531.1486522356669,531.0311913490295,532.3166847229004,1.002420749279539,5,5,0,simt_rotate_aligned_event_median,results/v4_retest_full_23.json,True,4,12,3060,0,0,8.0,0.0,0.0,8,24,24,1024,0.3333333333333333,18105,170,32640,255,1650,1650,19792499048448,0,0
simt,1,256,4,344.0103431542714,343.61615777015686,342.56401658058167,345.548818508784,1.0087131215881813,5,5,0,simt_rotate_aligned_event_median,results/v4_retest_full_23.json,True,4,16,4080,0,0,8.0,0.0,0.0,8,32,32,1024,0.25,16256,127,32640,255,1650,1650,19792499048448,0,0
simt,1,256,5,1284.196376800537,1281.9328705469768,1179.3641050656636,1288.0953152974446,1.0921947766298408,5,5,0,simt_rotate_aligned_event_median,results/v4_retest_full_23.json,True,4,20,5100,1,1,8.0,0.0,0.0,8,40,40,1024,0.2,11679,102,32640,255,1650,1650,19792499048448,0,0
simt,1,256,6,1320.9160168965657,1320.775071779887,1220.4570174217224,1343.1019981702168,1.1004910283588587,5,5,0,simt_rotate_aligned_event_median,results/v4_retest_full_23.json,True,4,24,6120,1,1,8.0,0.0,0.0,8,48,48,1024,0.16666666666666666,10795,85,32640,255,1650,1650,19792499048448,0,0
simt,1,256,7,1515.037735303243,1512.8589868545532,1260.1804733276367,1518.7721053759258,1.205202062340683,5,5,0,simt_rotate_aligned_event_median,results/v4_retest_full_23.json,True,4,28,7140,1,1,8.0,0.0,0.0,8,56,56,1024,0.14285714285714285,8587,73,32640,255,1650,1650,19792499048448,0,0
simt,1,256,8,1062.118003765742,1061.2343152364094,911.773810784022,1064.707636833191,1.1677321987540563,5,5,0,simt_rotate_aligned_event_median,results/v4_retest_full_23.json,True,4,32,8160,1,1,8.0,0.0,0.0,8,64,64,1024,0.125,8064,63,32640,255,1650,1650,19792499048448,0,0
simt,1,256,9,1466.197927792867,1463.906983534495,1344.4111943244934,1468.4207638104756,1.092240804011076,5,5,0,simt_rotate_aligned_event_median,results/v4_retest_full_23.json,True,4,36,9180,2,1,8.0,0.0,0.0,8,72,72,1024,0.1111111111111111,6762,56,32640,255,1650,1650,19792499048448,0,0
simt,1,256,10,1351.2343565622966,1351.1880437533061,1350.1895864804585,1519.8151270548503,1.1256309056689995,5,5,0,simt_rotate_aligned_event_median,results/v4_retest_full_23.json,True,4,40,10200,2,1,8.0,0.0,0.0,8,80,80,1024,0.1,6426,51,32640,255,1650,1650,19792499048448,0,0
simt,1,256,11,1576.6449968020122,1576.271116733551,1541.007439295451,1577.3944060007732,1.023612453630956,5,5,0,simt_rotate_aligned_event_median,results/v4_retest_full_23.json,True,4,44,11220,2,1,8.0,0.0,0.0,8,88,88,1024,0.09090909090909091,5566,46,32640,255,1650,1650,19792499048448,0,0
simt,1,256,12,1592.9921865463257,1582.6751391092937,1575.7216413815815,1711.014946301778,1.085861170759559,5,5,0,simt_rotate_aligned_event_median,results/v4_retest_full_23.json,True,4,48,12240,2,1,8.0,0.0,0.0,8,96,96,1024,0.08333333333333333,5334,42,32640,255,1650,1650,19793356783616,0,0
simt,1,256,16,1132.9119602839153,1126.882682243983,1117.8560256958008,1240.498920281728,1.1097126032036095,5,5,0,simt_rotate_aligned_event_median,results/v4_retest_full_23.json,True,4,64,16320,3,1,8.0,0.0,0.0,8,128,128,1024,0.0625,3968,31,32640,255,1650,1650,19793356783616,0,0
simt,1,256,20,1836.3080024719238,1835.2651596069336,1828.8905223210652,1841.0769899686177,1.0066633117175798,5,5,0,simt_rotate_aligned_event_median,results/v4_retest_full_23.json,True,4,80,20400,4,1,8.0,0.0,0.0,8,160,160,1024,0.05,4476,51,32640,255,1650,1650,19793356783616,0,0
simt,1,256,24,1890.9979462623596,1890.0983929634094,1879.439890384674,1894.6092128753662,1.0080711932146909,5,5,0,simt_rotate_aligned_event_median,results/v4_retest_full_23.json,True,4,96,24480,5,1,8.0,0.0,0.0,8,192,192,1024,0.041666666666666664,4431,42,32640,255,1650,1650,19793356783616,0,0
simt,1,256,32,1364.2446796099346,1363.446036974589,1359.0874671936035,1366.6268984476726,1.0055474216605333,5,5,0,simt_rotate_aligned_event_median,results/v4_retest_full_23.json,True,4,128,32640,7,1,8.0,0.0,0.0,8,256,256,1024,0.03125,3968,31,32640,255,1650,1650,19793356783616,0,0
simt,1,256,40,1855.2921414375305,1854.9771110216777,1853.2049854596455,1859.8190744717915,1.0035690002261166,5,5,0,simt_rotate_aligned_event_median,results/v4_retest_full_23.json,True,4,160,40800,9,1,8.0,0.0,0.0,8,256,256,1024,0.03125,4138,38,22185,204,1650,1650,19793356783616,0,0
simt,1,256,48,1895.3748146692913,1895.0680494308472,1887.9258036613464,1896.6875672340393,1.0046409469883302,5,5,0,simt_rotate_aligned_event_median,results/v4_retest_full_23.json,True,4,192,48960,11,1,8.0,0.0,0.0,8,256,256,1024,0.03125,3968,31,18105,170,1650,1650,19793356783616,0,0
simt,1,256,64,822.1821586290995,822.1792976061503,821.9906787077585,823.0886360009512,1.0013357296154728,5,5,0,simt_rotate_aligned_event_median,results/v4_retest_full_23.json,True,4,256,65280,15,1,8.0,0.0,0.0,8,256,256,1024,0.03125,3968,31,16256,127,1650,1650,19793356783616,0,0
simt,1,256,96,1916.5729482968648,1914.9136145909627,1910.8911355336506,1920.7478364308674,1.005158169774263,5,5,0,simt_rotate_aligned_event_median,results/v4_retest_full_23.json,True,4,384,97920,23,1,8.0,0.0,0.0,8,256,256,1024,0.03125,3968,31,10795,85,1650,1650,19793356783616,0,0
simt,1,256,128,736.6618613402048,735.9940012296041,734.7465256849924,738.0456527074178,1.0044901566827413,5,5,0,simt_rotate_aligned_event_median,results/v4_retest_full_23.json,True,4,512,130560,31,1,8.0,0.0,0.0,8,256,256,1024,0.03125,3968,31,8064,63,1650,1650,19793356783616,0,0
simt,1,256,192,1344.2564606666565,1343.0500626564026,1342.917541662852,1346.1676836013794,1.0024202096090746,5,5,0,simt_rotate_aligned_event_median,results/v4_retest_full_23.json,True,4,768,195840,47,1,8.0,0.0,0.0,8,256,256,1024,0.03125,3968,31,5334,42,1650,1650,19793356783616,0,0
simt,1,256,256,618.1081632773081,617.8314884503683,617.4301505088806,618.7144915262858,1.0020801397799357,5,5,0,simt_rotate_aligned_event_median,results/v4_retest_full_23.json,True,4,1024,261120,63,1,8.0,0.0,0.0,8,256,256,1024,0.03125,3968,31,3968,31,1650,1650,19793356783616,0,0
simt,1,512,1,241.0500099261602,241.0136709610621,240.45933286348978,241.612841685613,1.0047971056410527,5,5,0,simt_rotate_aligned_event_median,results/v4_retest_full_23.json,True,4,4,2044,0,0,16.0,0.0,0.0,16,16,16,2048,1.0,130816,511,130816,511,1650,1650,19792499048448,0,0
simt,1,512,2,347.1548358599345,347.1348285675049,345.54298718770343,347.23366300264996,1.0048928089344442,5,5,0,simt_rotate_aligned_event_median,results/v4_retest_full_23.json,True,4,8,4088,0,0,16.0,0.0,0.0,16,32,32,2048,0.5,65280,255,130816,511,1650,1650,19792499048448,0,0
simt,1,512,3,2095.161040623983,2093.3177868525186,1973.7029472986858,2099.065979321798,1.063516666575733,5,5,0,simt_rotate_aligned_event_median,results/v4_retest_full_23.json,True,4,12,6132,1,1,16.0,0.0,0.0,16,48,48,2048,0.3333333333333333,43435,170,130816,511,1650,1650,19792499048448,0,0
simt,1,512,4,1838.1802439689636,1837.6023372014363,1576.160232226054,1842.5272305806477,1.1689974108650085,5,5,0,simt_rotate_aligned_event_median,results/v4_retest_full_23.json,True,4,16,8176,1,1,16.0,0.0,0.0,16,64,64,2048,0.25,32512,127,130816,511,1650,1650,19792499048448,0,0
simt,1,512,5,2395.739197731018,2395.3057527542114,2394.6163654327393,2569.4109996159873,1.0729948382156238,5,5,0,simt_rotate_aligned_event_median,results/v4_retest_full_23.json,True,4,20,10220,2,1,16.0,0.0,0.0,16,80,80,2048,0.2,25959,102,130816,511,1650,1650,19792499048448,0,0
simt,1,512,6,2604.187488555908,2586.6461992263794,2576.6665935516357,2802.8361399968467,1.087776023103347,5,5,0,simt_rotate_aligned_event_median,results/v4_retest_full_23.json,True,4,24,12264,2,1,16.0,0.0,0.0,16,96,96,2048,0.16666666666666666,21590,85,130816,511,1650,1650,19793356783616,0,0
simt,1,512,7,2705.265442530314,2692.034363746643,2686.318834622701,2899.572769800822,1.079385191522909,5,5,0,simt_rotate_aligned_event_median,results/v4_retest_full_23.json,True,4,28,14308,3,1,16.0,0.0,0.0,16,112,112,2048,0.14285714285714285,18469,73,130816,511,1650,1650,19793356783616,0,0
simt,1,512,8,2045.6840793291726,2034.9616010983787,2023.7064361572266,2248.6570477485657,1.1111577289927945,5,5,0,simt_rotate_aligned_event_median,results/v4_retest_full_23.json,True,4,32,16352,3,1,16.0,0.0,0.0,16,128,128,2048,0.125,16128,63,130816,511,1650,1650,19793356783616,0,0
simt,1,512,9,2867.870728174845,2850.381016731262,2839.384992917379,3011.3511880238852,1.0605645925210785,5,5,0,simt_rotate_aligned_event_median,results/v4_retest_full_23.json,True,4,36,18396,4,1,16.0,0.0,0.0,16,144,144,2048,0.1111111111111111,17500,112,130816,511,1650,1650,19793356783616,0,0
simt,1,512,10,2992.2245740890503,2816.3533210754395,2611.994902292887,3037.994662920634,1.1630936416659126,5,5,0,simt_rotate_aligned_event_median,results/v4_retest_full_23.json,True,4,40,20440,4,1,16.0,0.0,0.0,16,160,160,2048,0.1,18105,102,130816,511,1650,1650,19793356783616,0,0
simt,1,512,11,3042.5727367401123,3041.740655899048,3005.0880908966064,3044.232726097107,1.01302611904093,5,5,0,simt_rotate_aligned_event_median,results/v4_retest_full_23.json,True,4,44,22484,5,1,16.0,0.0,0.0,16,176,176,2048,0.09090909090909091,18148,93,130816,511,1650,1650,19793356783616,0,0
simt,1,512,12,3083.3300352096558,3082.882603009542,3082.1446975072226,3083.9752356211343,1.0005939169940308,5,5,0,simt_rotate_aligned_event_median,results/v4_retest_full_23.json,True,4,48,24528,5,1,16.0,0.0,0.0,16,192,192,2048,0.08333333333333333,17935,85,130816,511,1650,1650,19793356783616,0,0
simt,1,512,16,2373.943050702413,2371.753931045532,2370.9805607795715,2421.2371110916138,1.0211965256667976,5,5,0,simt_rotate_aligned_event_median,results/v4_retest_full_23.json,True,4,64,32704,7,1,16.0,0.0,0.0,16,256,256,2048,0.0625,16128,63,130816,511,1650,1650,19793356783616,0,0
simt,1,512,20,2190.330982208252,2190.148671468099,2189.777731895447,2192.880630493164,1.0014169924885625,5,5,0,simt_rotate_aligned_event_median,results/v4_retest_full_23.json,True,4,80,40880,9,1,16.0,0.0,0.0,16,320,320,2048,0.05,16806,77,88996,409,1650,1650,19793356783616,0,0
simt,1,512,24,2165.3695503870645,2164.992849032084,2164.3720865249634,2170.4391638437905,1.0028031581799635,5,5,0,simt_rotate_aligned_event_median,results/v4_retest_full_23.json,True,4,96,49056,11,1,16.0,0.0,0.0,16,384,384,2048,0.041666666666666664,16128,63,72676,341,1650,1650,19793356783616,0,0
simt,1,512,32,1536.6767048835754,1535.8513394991558,1531.7023793856304,1538.0400816599529,1.0041376852054409,5,5,0,simt_rotate_aligned_event_median,results/v4_retest_full_23.json,True,4,128,65408,15,1,16.0,0.0,0.0,16,512,512,2048,0.03125,16128,63,65280,255,1650,1650,19793356783616,0,0
simt,1,512,40,2127.9553174972534,2127.8928915659585,2127.7708609898887,2130.0878524780273,1.001088929043356,5,5,0,simt_rotate_aligned_event_median,results/v4_retest_full_23.json,True,4,160,81760,19,1,16.0,0.0,0.0,16,512,512,2048,0.03125,16128,63,46971,204,1650,1650,19793356783616,0,0
simt,1,512,48,2127.1868149439492,2126.3660192489624,2003.3362309137979,2131.4077377319336,1.0639291122687466,5,5,0,simt_rotate_aligned_event_median,results/v4_retest_full_23.json,True,4,192,98112,23,1,16.0,0.0,0.0,16,512,512,2048,0.03125,16128,63,43435,170,1650,1650,19793356783616,0,0
simt,1,512,64,1012.214998404185,1011.9126637776692,1009.5981756846111,1013.5088165601094,1.0038734626999959,5,5,0,simt_rotate_aligned_event_median,results/v4_retest_full_23.json,True,4,256,130816,31,1,16.0,0.0,0.0,16,512,512,2048,0.03125,16128,63,32512,127,1650,1650,19793356783616,0,0
simt,1,512,96,2123.8868633906045,2121.5041875839233,2120.390852292379,2124.8779694239297,1.00211617453768,5,5,0,simt_rotate_aligned_event_median,results/v4_retest_full_23.json,True,4,384,196224,47,1,16.0,0.0,0.0,16,512,512,2048,0.03125,16128,63,21590,85,1650,1650,19793356783616,0,0
simt,1,512,128,925.331175327301,924.7755209604899,922.7988123893738,926.9276261329651,1.0044742295808777,5,5,0,simt_rotate_aligned_event_median,results/v4_retest_full_23.json,True,4,512,261632,63,1,16.0,0.0,0.0,16,512,512,2048,0.03125,16128,63,16128,63,1650,1650,19793356783616,0,0
simt,1,512,192,1725.9044249852498,1725.2954641977947,1711.990753809611,1728.6365429560344,1.0097230601914071,5,5,0,simt_rotate_aligned_event_median,results/v4_retest_full_23.json,True,4,768,392448,95,1,16.0,0.0,0.0,16,512,512,2048,0.03125,16128,63,10668,42,1650,1650,19793356783616,0,0
simt,1,512,256,802.4753133455912,802.1093010902405,802.1013339360555,803.1286795934042,1.0012808177893275,5,5,0,simt_rotate_aligned_event_median,results/v4_retest_full_23.json,True,4,1024,523264,127,1,16.0,0.0,0.0,16,512,512,2048,0.03125,16128,63,7936,31,1650,1650,19793356783616,0,0
simt,2,4,1,133.005162080129,132.6923370361328,132.4068307876587,134.04332598050436,1.012359597938494,5,5,0,simt_rotate_aligned_event_median,results/v4_retest_full_23.json,True,4,4,12,0,0,0.0625,15.0,15.0,2,1,2,16,0.125,6,3,6,3,1650,1650,19792499048448,0,0
simt,2,4,2,132.81316061814627,132.69933561484018,132.00650612513223,133.05682440598807,1.0079565645034207,5,5,0,simt_rotate_aligned_event_median,results/v4_retest_full_23.json,True,4,8,24,0,0,0.0625,15.0,15.0,2,1,2,16,0.125,6,3,6,3,1650,1650,19792499048448,0,0
simt,2,4,3,133.21949044863382,132.97582666079202,132.0869972308477,134.35766100883484,1.0171906684654108,5,5,0,simt_rotate_aligned_event_median,results/v4_retest_full_23.json,True,4,12,36,0,0,0.0625,15.0,15.0,2,1,2,16,0.125,6,3,6,3,1650,1650,19792499048448,0,0
simt,2,4,4,132.9643279314041,132.817342877388,132.47465590635935,134.04799501101175,1.0118765290907004,5,5,0,simt_rotate_aligned_event_median,results/v4_retest_full_23.json,True,4,16,48,0,0,0.0625,15.0,15.0,2,1,2,16,0.125,6,3,6,3,1650,1650,19792499048448,0,0
simt,2,4,5,133.68166983127594,133.28716655572256,132.25233554840088,134.3513230482737,1.015871080772745,5,5,0,simt_rotate_aligned_event_median,results/v4_retest_full_23.json,True,4,20,60,0,0,0.0625,15.0,15.0,2,1,2,16,0.125,6,3,6,3,1650,1650,19792499048448,0,0
simt,2,4,6,133.36898883183798,132.74616996447244,132.6848268508911,138.20366064707437,1.0415935561523189,5,5,0,simt_rotate_aligned_event_median,results/v4_retest_full_23.json,True,4,24,72,0,0,0.0625,15.0,15.0,2,1,2,16,0.125,6,3,6,3,1650,1650,19792499048448,0,0
simt,2,4,7,133.58799119790396,131.55917823314667,130.1949918270111,134.74482794602713,1.0349463220909554,5,5,0,simt_rotate_aligned_event_median,results/v4_retest_full_23.json,True,4,28,84,0,0,0.0625,15.0,15.0,2,1,2,16,0.125,6,3,6,3,1650,1650,19792499048448,0,0
simt,2,4,8,132.77733822663626,132.20283885796866,131.61949316660562,133.81466766198477,1.016678186813867,5,5,0,simt_rotate_aligned_event_median,results/v4_retest_full_23.json,True,4,32,96,0,0,0.0625,15.0,15.0,2,1,2,16,0.125,6,3,6,3,1650,1650,19792499048448,0,0
simt,2,4,9,132.547989487648,132.49333202838898,131.57900671164194,133.9855045080185,1.0182893750037987,5,5,0,simt_rotate_aligned_event_median,results/v4_retest_full_23.json,True,4,36,108,0,0,0.0625,15.0,15.0,2,1,2,16,0.125,6,3,6,3,1650,1650,19792499048448,0,0
simt,2,4,10,133.31766923268637,133.22717448075613,133.0313285191854,133.6875061194102,1.0049325043020236,5,5,0,simt_rotate_aligned_event_median,results/v4_retest_full_23.json,True,4,40,120,0,0,0.0625,15.0,15.0,2,1,2,16,0.125,6,3,6,3,1650,1650,19792499048448,0,0
simt,2,4,11,147.9303389787674,147.88100123405457,147.55467573801675,148.2903261979421,1.0049856126635492,5,5,0,simt_rotate_aligned_event_median,results/v4_retest_full_23.json,True,4,44,132,0,0,0.0625,15.0,30.0,2,2,4,16,0.0625,6,3,6,3,1650,1650,19792499048448,0,0
simt,2,4,12,147.95199036598206,147.7518379688263,147.74516224861145,148.24500679969788,1.0033831534209245,5,5,0,simt_rotate_aligned_event_median,results/v4_retest_full_23.json,True,4,48,144,0,0,0.0625,15.0,30.0,2,2,4,16,0.0625,6,3,6,3,1650,1650,19792499048448,0,0
simt,2,4,16,148.203507065773,148.01583687464395,148.01165958245596,149.440328280131,1.0096524064503118,5,5,0,simt_rotate_aligned_event_median,results/v4_retest_full_23.json,True,4,64,192,0,0,0.0625,15.0,30.0,2,2,4,16,0.0625,6,3,6,3,1650,1650,19792499048448,0,0
simt,2,4,20,147.83049623171487,147.6973295211792,147.54600326220194,148.41033021608987,1.0058580167187041,5,5,0,simt_rotate_aligned_event_median,results/v4_retest_full_23.json,True,4,80,240,0,0,0.0625,15.0,30.0,2,2,4,16,0.0625,6,3,6,3,1650,1650,19792499048448,0,0
simt,2,4,24,164.1589899857839,164.00350630283356,163.78900905450186,165.20566741625467,1.0086492883126328,5,5,0,simt_rotate_aligned_event_median,results/v4_retest_full_23.json,True,4,96,288,0,0,0.0625,15.0,45.0,2,3,6,16,0.041666666666666664,6,3,6,3,1650,1650,19792499048448,0,0
simt,2,4,32,179.2543331782023,178.53066821893057,178.48982910315195,179.46082850297293,1.0054400825229084,5,5,0,simt_rotate_aligned_event_median,results/v4_retest_full_23.json,True,4,128,384,0,0,0.0625,15.0,60.0,2,4,8,16,0.03125,6,3,6,3,1650,1650,19792499048448,0,0
simt,2,4,40,179.0796567996343,179.05249694983164,178.2838354508082,179.60250874360403,1.0073964826337813,5,5,0,simt_rotate_aligned_event_median,results/v4_retest_full_23.json,True,4,160,480,0,0,0.0625,15.0,60.0,2,4,8,16,0.03125,6,3,6,3,1650,1650,19792499048448,0,0
simt,2,4,48,179.39465741316477,179.22883232434592,178.5485049088796,180.94383676846823,1.0134155806054554,5,5,0,simt_rotate_aligned_event_median,results/v4_retest_full_23.json,True,4,192,576,0,0,0.0625,15.0,60.0,2,4,8,16,0.03125,6,3,6,3,1650,1650,19792499048448,0,0
simt,2,4,64,179.11300559838614,179.00650203227997,178.84516219298044,181.4053306976954,1.0143150000442978,5,5,0,simt_rotate_aligned_event_median,results/v4_retest_full_23.json,True,4,256,768,0,0,0.0625,15.0,60.0,2,4,8,16,0.03125,6,3,6,3,1650,1650,19792499048448,0,0
simt,2,4,96,164.59399461746216,164.2183264096578,163.87500365575156,165.85333148638406,1.012072175661325,5,5,0,simt_rotate_aligned_event_median,results/v4_retest_full_23.json,True,4,384,1152,0,0,0.0625,15.0,60.0,2,4,8,16,0.03125,6,3,6,3,1650,1650,19792499048448,0,0
simt,2,4,128,155.1518440246582,154.98966972033182,154.41899498303732,155.2391697963079,1.0053113596119485,5,5,0,simt_rotate_aligned_event_median,results/v4_retest_full_23.json,True,4,512,1536,0,0,0.0625,15.0,60.0,2,4,8,16,0.03125,6,3,6,3,1650,1650,19792499048448,0,0
simt,2,4,192,151.62050227324167,151.17450058460236,151.1106640100479,152.32616166273752,1.0080437582658546,5,5,0,simt_rotate_aligned_event_median,results/v4_retest_full_23.json,True,4,768,2304,0,0,0.0625,15.0,60.0,2,4,8,16,0.03125,3,2,6,3,1650,1650,19792499048448,0,0
simt,2,4,256,144.2173272371292,144.0516710281372,144.02900139490762,144.74182824293771,1.0049491896848997,5,5,0,simt_rotate_aligned_event_median,results/v4_retest_full_23.json,True,4,1024,3072,0,0,0.0625,15.0,60.0,2,4,8,16,0.03125,2,1,6,3,1650,1650,19792499048448,0,0
simt,2,8,1,133.34266344706217,132.8848252693812,132.22884138425192,817.4763321876526,6.182284618316347,5,5,0,simt_rotate_aligned_event_median,results/v4_retest_full_23.json,True,4,4,28,0,0,0.125,7.0,7.0,2,1,2,32,0.25,28,7,28,7,1650,1650,19792499048448,0,0
simt,2,8,2,783.5960388183594,155.53349256515503,121.58433596293132,822.4276304244995,6.7642564637211295,5,5,0,simt_rotate_aligned_event_median,results/v4_retest_full_23.json,True,4,8,56,0,0,0.125,7.0,7.0,2,1,2,32,0.25,28,7,28,7,1650,1650,19792499048448,0,0
simt,2,8,3,762.1148626009623,756.6531548897425,243.07351311047873,823.1801986694336,3.3865483249723387,5,5,0,simt_rotate_aligned_event_median,results/v4_retest_full_23.json,True,4,12,84,0,0,0.125,7.0,7.0,2,1,2,32,0.25,28,7,28,7,1650,1650,19792499048448,0,0
simt,2,8,4,506.8530241648356,502.9381513595581,502.9381513595581,815.2184883753458,1.6209120071158287,3,5,2,simt_rotate_aligned_event_median,results/v4_retest_full_23.json,True,4,16,112,0,0,0.125,7.0,7.0,2,1,2,32,0.25,28,7,28,7,1650,1650,19792499048448,0,0
simt,2,8,5,420.317679643631,397.9341884454091,397.46981859207153,826.7406622568766,2.0800086537020093,5,5,0,simt_rotate_aligned_event_median,results/v4_retest_full_23.json,True,4,20,140,0,0,0.125,7.0,14.0,2,2,4,32,0.125,28,7,28,7,1650,1650,19792499048448,0,0
simt,2,8,6,439.5449807246526,382.54431386788684,242.30299393335977,760.3673736254374,3.1380849294605087,5,5,0,simt_rotate_aligned_event_median,results/v4_retest_full_23.json,True,4,24,168,0,0,0.125,7.0,14.0,2,2,4,32,0.125,28,7,28,7,1650,1650,19792499048448,0,0
simt,2,8,7,285.5295141537984,154.7646721204122,148.25515945752463,889.9706353743871,6.002965688552413,5,5,0,simt_rotate_aligned_event_median,results/v4_retest_full_23.json,True,4,28,196,0,0,0.125,7.0,14.0,2,2,4,32,0.125,28,7,28,7,1650,1650,19792499048448,0,0
simt,2,8,8,629.7206282615662,147.88048962752023,147.78301119804382,883.0383718013763,5.975236020993088,5,5,0,simt_rotate_aligned_event_median,results/v4_retest_full_23.json,True,4,32,224,0,0,0.125,7.0,14.0,2,2,4,32,0.125,28,7,28,7,1650,1650,19792499048448,0,0
simt,2,8,9,406.02217117945355,148.02982409795126,147.6056675116221,1985.349416732788,13.450360343219657,5,5,0,simt_rotate_aligned_event_median,results/v4_retest_full_23.json,True,4,36,252,0,0,0.125,7.0,14.0,2,2,4,32,0.125,28,7,28,7,1650,1650,19792499048448,0,0
simt,2,8,10,164.09582396348318,164.09383714199066,163.96132608254752,1950.5020678043365,11.896110591483886,5,5,0,simt_rotate_aligned_event_median,results/v4_retest_full_23.json,True,4,40,280,0,0,0.125,7.0,21.0,2,3,6,32,0.08333333333333333,28,7,28,7,1650,1650,19792499048448,0,0
simt,2,8,11,164.28283850351968,164.15132582187653,163.63434493541718,2194.260189930598,13.409533254138202,5,5,0,simt_rotate_aligned_event_median,results/v4_retest_full_23.json,True,4,44,308,0,0,0.125,7.0,21.0,2,3,6,32,0.08333333333333333,28,7,28,7,1650,1650,19792499048448,0,0
simt,2,8,12,665.0920112927755,644.7808742523193,163.1866693496704,2209.4768782456717,13.539567214962183,5,5,0,simt_rotate_aligned_event_median,results/v4_retest_full_23.json,True,4,48,336,0,0,0.125,7.0,21.0,2,3,6,32,0.08333333333333333,28,7,28,7,1650,1650,19792499048448,0,0
simt,2,8,16,180.4759999116262,178.97566656271616,178.6446770032247,2521.0900406042733,14.112315479507767,5,5,0,simt_rotate_aligned_event_median,results/v4_retest_full_23.json,True,4,64,448,0,0,0.125,7.0,28.0,2,4,8,32,0.0625,28,7,28,7,1650,1650,19792499048448,0,0
simt,2,8,20,194.17082766691843,193.89349222183228,193.39483976364136,196.8403309583664,1.017815838307454,5,5,0,simt_rotate_aligned_event_median,results/v4_retest_full_23.json,True,4,80,560,0,0,0.125,7.0,35.0,2,5,10,32,0.05,28,7,28,7,1650,1650,19792499048448,0,0
simt,2,8,24,196.34433090686798,195.5340007940928,195.3528275092443,196.94200654824576,1.0081349170076706,5,5,0,simt_rotate_aligned_event_median,results/v4_retest_full_23.json,True,4,96,672,0,0,0.125,7.0,42.0,2,6,12,32,0.041666666666666664,28,7,28,7,1650,1650,19792499048448,0,0
simt,2,8,32,845.3265378872553,579.9077947934469,199.93933538595834,2504.026174545288,12.523929669524874,5,5,0,simt_rotate_aligned_event_median,results/v4_retest_full_23.json,True,4,128,896,0,0,0.125,7.0,56.0,2,8,16,32,0.03125,28,7,28,7,1650,1650,19792499048448,0,0
simt,2,8,40,197.85000383853912,197.70333667596182,197.4204977353414,198.061669866244,1.0032477485279272,5,5,0,simt_rotate_aligned_event_median,results/v4_retest_full_23.json,True,4,160,1120,0,0,0.125,7.0,56.0,2,8,16,32,0.03125,28,7,28,7,1650,1650,19792499048448,0,0
simt,2,8,48,195.76366245746613,195.0705051422119,194.10484035809836,196.12615803877512,1.010413535679727,5,5,0,simt_rotate_aligned_event_median,results/v4_retest_full_23.json,True,4,192,1344,0,0,0.125,7.0,56.0,2,8,16,32,0.03125,28,7,28,7,1650,1650,19792499048448,0,0
simt,2,8,64,3039.734423160553,186.3801678021749,185.49484014511108,3064.286152521769,16.51952232269428,5,5,0,simt_rotate_aligned_event_median,results/v4_retest_full_23.json,True,4,256,1792,0,0,0.125,7.0,56.0,2,8,16,32,0.03125,28,7,28,7,1650,1650,19792499048448,0,0
simt,2,8,96,169.73266005516052,169.72650587558746,169.57282523314157,343.7793304522832,2.0273256046753323,5,5,0,simt_rotate_aligned_event_median,results/v4_retest_full_23.json,True,4,384,2688,0,0,0.125,7.0,56.0,2,8,16,32,0.03125,16,5,28,7,1650,1650,19792499048448,0,0
simt,2,8,128,163.74783217906952,163.3851726849874,163.1233294804891,3130.7787895202637,19.192710199645173,5,5,0,simt_rotate_aligned_event_median,results/v4_retest_full_23.json,True,4,512,3584,0,0,0.125,7.0,56.0,2,8,16,32,0.03125,12,3,28,7,1650,1650,19792499048448,0,0
simt,2,8,192,241.60566429297128,214.78132406870523,208.27432970205942,428.76434822877246,2.0586519176037124,5,5,0,simt_rotate_aligned_event_median,results/v4_retest_full_23.json,True,4,768,5376,1,1,0.125,7.0,56.0,2,8,16,32,0.03125,7,2,28,7,1650,1650,19792499048448,0,0
simt,2,8,256,152.44865914185843,151.636004447937,151.43700440724692,3908.7844491004944,25.811290076690412,5,5,0,simt_rotate_aligned_event_median,results/v4_retest_full_23.json,True,4,1024,7168,1,1,0.125,7.0,56.0,2,8,16,32,0.03125,4,1,28,7,1650,1650,19792499048448,0,0
simt,2,16,1,284.0159833431244,133.57549409071603,133.39416682720184,398.33935101826984,2.986182683192412,5,5,0,simt_rotate_aligned_event_median,results/v4_retest_full_23.json,True,4,4,60,0,0,0.25,3.0,3.0,2,1,2,64,0.5,120,15,120,15,1650,1650,19792499048448,0,0
simt,2,16,2,133.4716627995173,133.06299348672232,132.9640050729116,403.1473497549693,3.032003657936605,5,5,0,simt_rotate_aligned_event_median,results/v4_retest_full_23.json,True,4,8,120,0,0,0.25,3.0,3.0,2,1,2,64,0.5,120,15,120,15,1650,1650,19792499048448,0,0
simt,2,16,3,148.18417032559714,147.92533218860626,147.8465050458908,149.1763343413671,1.0089946616936498,5,5,0,simt_rotate_aligned_event_median,results/v4_retest_full_23.json,True,4,12,180,0,0,0.25,3.0,6.0,2,2,4,64,0.25,120,15,120,15,1650,1650,19792499048448,0,0
simt,2,16,4,147.96566466490427,147.84949024518332,147.67266313234964,149.2100010315577,1.0104104433860601,5,5,0,simt_rotate_aligned_event_median,results/v4_retest_full_23.json,True,4,16,240,0,0,0.25,3.0,6.0,2,2,4,64,0.25,120,15,120,15,1650,1650,19792499048448,0,0
simt,2,16,5,164.4304891427358,164.2406682173411,163.91115883986154,165.07133344809213,1.0070780697082622,5,5,0,simt_rotate_aligned_event_median,results/v4_retest_full_23.json,True,4,20,300,0,0,0.25,3.0,9.0,2,3,6,64,0.16666666666666666,120,15,120,15,1650,1650,19792499048448,0,0
simt,2,16,6,876.2359817822775,872.9453285535177,253.80581617355347,1045.9243208169937,4.1209627761319165,5,5,0,simt_rotate_aligned_event_median,results/v4_retest_full_23.json,True,4,24,360,0,0,0.25,3.0,9.0,2,3,6,64,0.16666666666666666,120,15,120,15,1650,1650,19792499048448,0,0
simt,2,16,7,901.1861681938171,849.4475036859512,274.93931849797565,914.1219854354858,3.3248136004316766,5,5,0,simt_rotate_aligned_event_median,results/v4_retest_full_23.json,True,4,28,420,0,0,0.25,3.0,12.0,2,4,8,64,0.125,120,15,120,15,1650,1650,19792499048448,0,0
simt,2,16,8,896.3339726130167,197.76248931884766,179.55268422762552,898.4820246696472,5.004002187628722,5,5,0,simt_rotate_aligned_event_median,results/v4_retest_full_23.json,True,4,32,480,0,0,0.25,3.0,12.0,2,4,8,64,0.125,120,15,120,15,1650,1650,19792499048448,0,0
simt,2,16,9,771.4127898216248,760.0725094477335,195.7461734612783,941.6853189468384,4.810747011272324,5,5,0,simt_rotate_aligned_event_median,results/v4_retest_full_23.json,True,4,36,540,0,0,0.25,3.0,15.0,2,5,10,64,0.1,120,15,120,15,1650,1650,19792499048448,0,0
simt,2,16,10,626.1911392211914,608.430544535319,589.3361568450928,798.1814742088318,1.3543738406985846,5,5,0,simt_rotate_aligned_event_median,results/v4_retest_full_23.json,True,4,40,600,0,0,0.25,3.0,15.0,2,5,10,64,0.1,120,15,120,15,1650,1650,19792499048448,0,0
simt,2,16,11,195.97634176413217,195.48965990543365,194.89200909932455,621.7566529909769,3.1902624220683444,5,5,0,simt_rotate_aligned_event_median,results/v4_retest_full_23.json,True,4,44,660,0,0,0.25,3.0,18.0,2,6,12,64,0.08333333333333333,120,15,120,15,1650,1650,19792499048448,0,0
simt,2,16,12,515.805979569753,370.11682987213135,196.67899111906686,561.7621938387553,2.856238943683984,5,5,0,simt_rotate_aligned_event_median,results/v4_retest_full_23.json,True,4,48,720,0,0,0.25,3.0,18.0,2,6,12,64,0.08333333333333333,120,15,120,15,1650,1650,19792499048448,0,0
simt,2,16,16,308.5849980513255,199.24782713254294,199.0060011545817,531.0996373494467,2.6687619180735402,5,5,0,simt_rotate_aligned_event_median,results/v4_retest_full_23.json,True,4,64,960,0,0,0.25,3.0,24.0,2,8,16,64,0.0625,120,15,120,15,1650,1650,19792499048448,0,0
simt,2,16,20,202.0356754461924,201.88083251317343,201.42399768034616,203.08817426363626,1.0082620571652594,5,5,0,simt_rotate_aligned_event_median,results/v4_retest_full_23.json,True,4,80,1200,0,0,0.25,3.0,30.0,2,10,20,64,0.05,120,15,120,15,1650,1650,19792499048448,0,0
simt,2,16,24,203.8129965464274,203.70433727900186,203.46049964427948,205.3845077753067,1.009456420948494,5,5,0,simt_rotate_aligned_event_median,results/v4_retest_full_23.json,True,4,96,1440,0,0,0.25,3.0,36.0,2,12,24,64,0.041666666666666664,120,15,120,15,1650,1650,19792499048448,0,0
simt,2,16,32,584.1743250687916,212.10132539272308,212.10132539272308,619.7113196055094,2.9217701419737137,4,5,1,simt_rotate_aligned_event_median,results/v4_retest_full_23.json,True,4,128,1920,0,0,0.25,3.0,48.0,2,16,32,64,0.03125,120,15,120,15,1650,1650,19792499048448,0,0
simt,2,16,40,205.61449229717255,205.5011639992396,205.24734258651733,375.8473296960195,1.8311921848030241,5,5,0,simt_rotate_aligned_event_median,results/v4_retest_full_23.json,True,4,160,2400,0,0,0.25,3.0,48.0,2,16,32,64,0.03125,81,12,120,15,1650,1650,19792499048448,0,0
simt,2,16,48,205.14734089374542,204.2270004749298,203.66849998633066,386.06148461500806,1.8955385081194138,5,5,0,simt_rotate_aligned_event_median,results/v4_retest_full_23.json,True,4,192,2880,0,0,0.25,3.0,48.0,2,16,32,64,0.03125,65,10,120,15,1650,1650,19792499048448,0,0
simt,2,16,64,540.7518347104391,495.16814947128296,198.0756719907125,582.1168224016825,2.9388607725080806,5,5,0,simt_rotate_aligned_event_median,results/v4_retest_full_23.json,True,4,256,3840,0,0,0.25,3.0,48.0,2,16,32,64,0.03125,56,7,120,15,1650,1650,19792499048448,0,0
simt,2,16,96,520.8651721477509,509.3161463737488,453.43950390815735,548.0149835348129,1.2085735336500623,5,5,0,simt_rotate_aligned_event_median,results/v4_retest_full_23.json,True,4,384,5760,1,1,0.25,3.0,48.0,2,16,32,64,0.03125,35,5,120,15,1650,1650,19792499048448,0,0
simt,2,16,128,498.1306592623393,497.3529875278473,493.7251806259155,569.1463549931844,1.1527594243251973,5,5,0,simt_rotate_aligned_event_median,results/v4_retest_full_23.json,True,4,512,7680,1,1,0.25,3.0,48.0,2,16,32,64,0.03125,24,3,120,15,1650,1650,19792499048448,0,0
simt,2,16,192,456.6760063171387,455.06399869918823,454.6118378639221,463.6350174744924,1.019848096461736,5,5,0,simt_rotate_aligned_event_median,results/v4_retest_full_23.json,True,4,768,11520,2,1,0.25,3.0,48.0,2,16,32,64,0.03125,14,2,120,15,1650,1650,19793356783616,0,0
simt,2,16,256,419.48968172073364,412.7135177453359,411.8661681811015,567.6078399022421,1.3781365981307294,5,5,0,simt_rotate_aligned_event_median,results/v4_retest_full_23.json,True,4,1024,15360,3,1,0.25,3.0,48.0,2,16,32,64,0.03125,8,1,120,15,1650,1650,19793356783616,0,0
simt,2,32,1,133.1796646118164,132.90449480215707,132.69217312335968,369.22632654507953,2.7825780364741,5,5,0,simt_rotate_aligned_event_median,results/v4_retest_full_23.json,True,4,4,124,0,0,0.5,1.0,1.0,2,1,2,128,1.0,496,31,496,31,1650,1650,19792499048448,0,0
simt,2,32,2,148.3698437611262,147.93917536735535,147.5164939959844,431.02867404619855,2.921901560770091,5,5,0,simt_rotate_aligned_event_median,results/v4_retest_full_23.json,True,4,8,248,0,0,0.5,1.0,2.0,2,2,4,128,0.5,496,31,496,31,1650,1650,19792499048448,0,0
simt,2,32,3,165.58684408664703,164.20500973860422,163.938174645106,397.575318813324,2.425153992802449,5,5,0,simt_rotate_aligned_event_median,results/v4_retest_full_23.json,True,4,12,372,0,0,0.5,1.0,3.0,2,3,6,128,0.3333333333333333,496,31,496,31,1650,1650,19792499048448,0,0
simt,2,32,4,179.0545036395391,179.03249462445578,178.86883517106375,179.69400187333426,1.0046132502706877,5,5,0,simt_rotate_aligned_event_median,results/v4_retest_full_23.json,True,4,16,496,0,0,0.5,1.0,4.0,2,4,8,128,0.25,496,31,496,31,1650,1650,19792499048448,0,0
simt,2,32,5,194.27765905857086,194.06267007191977,193.7169979015986,195.14949123064676,1.007394773533378,5,5,0,simt_rotate_aligned_event_median,results/v4_retest_full_23.json,True,4,20,620,0,0,0.5,1.0,5.0,2,5,10,128,0.2,496,31,496,31,1650,1650,19792499048448,0,0
simt,2,32,6,632.2328249613444,346.46966060002643,287.0718240737915,1039.1412576039631,3.6197953629083885,5,5,0,simt_rotate_aligned_event_median,results/v4_retest_full_23.json,True,4,24,744,0,0,0.5,1.0,6.0,2,6,12,128,0.16666666666666666,496,31,496,31,1650,1650,19792499048448,0,0
simt,2,32,7,1020.0399557749431,1001.1091629664104,393.6573266983032,1026.9663333892822,2.6087824707917693,5,5,0,simt_rotate_aligned_event_median,results/v4_retest_full_23.json,True,4,28,868,0,0,0.5,1.0,7.0,2,7,14,128,0.14285714285714285,496,31,496,31,1650,1650,19792499048448,0,0
simt,2,32,8,1041.1042769749959,361.37835184733075,329.7973871231079,1328.3513883749645,4.02778020760702,5,5,0,simt_rotate_aligned_event_median,results/v4_retest_full_23.json,True,4,32,992,0,0,0.5,1.0,8.0,2,8,16,128,0.125,496,31,496,31,1650,1650,19792499048448,0,0
simt,2,32,9,1131.8222681681316,1074.4219621022542,200.12017091115317,1170.960823694865,5.851288345215003,5,5,0,simt_rotate_aligned_event_median,results/v4_retest_full_23.json,True,4,36,1116,0,0,0.5,1.0,9.0,2,9,18,128,0.1111111111111111,496,31,496,31,1650,1650,19792499048448,0,0
simt,2,32,10,576.4248222112656,398.8933563232422,295.03099123636883,922.6033091545105,3.12714032274444,5,5,0,simt_rotate_aligned_event_median,results/v4_retest_full_23.json,True,4,40,1240,0,0,0.5,1.0,10.0,2,10,20,128,0.1,496,31,496,31,1650,1650,19792499048448,0,0
simt,2,32,11,565.4165148735046,201.72700782616934,192.62933731079102,787.9311839739481,4.09040074047853,5,5,0,simt_rotate_aligned_event_median,results/v4_retest_full_23.json,True,4,44,1364,0,0,0.5,1.0,11.0,2,11,22,128,0.09090909090909091,496,31,496,31,1650,1650,19792499048448,0,0
simt,2,32,12,216.59299731254578,203.80350947380066,202.83115903536478,682.0194919904073,3.362498618230019,5,5,0,simt_rotate_aligned_event_median,results/v4_retest_full_23.json,True,4,48,1488,0,0,0.5,1.0,12.0,2,12,24,128,0.08333333333333333,496,31,496,31,1650,1650,19792499048448,0,0
simt,2,32,16,766.5491898854574,436.51264905929565,211.85449759165445,997.0196435848871,4.70615283092372,5,5,0,simt_rotate_aligned_event_median,results/v4_retest_full_23.json,True,4,64,1984,0,0,0.5,1.0,16.0,2,16,32,128,0.0625,496,31,496,31,1650,1650,19792499048448,0,0
simt,2,32,20,215.00150362650552,214.7363225618998,214.6251698335012,386.4678343137105,1.800664081540478,5,5,0,simt_rotate_aligned_event_median,results/v4_retest_full_23.json,True,4,80,2480,0,0,0.5,1.0,20.0,2,20,40,128,0.05,340,25,496,31,1650,1650,19792499048448,0,0
simt,2,32,24,221.84850772221884,221.70798977216086,221.50216499964395,404.73714967568714,1.827237894836548,5,5,0,simt_rotate_aligned_event_median,results/v4_retest_full_23.json,True,4,96,2976,0,0,0.5,1.0,24.0,2,24,48,128,0.041666666666666664,276,21,496,31,1650,1650,19792499048448,0,0
simt,2,32,32,233.3323359489441,232.81999429066977,232.6656629641851,547.3978122075399,2.3527228093463988,5,5,0,simt_rotate_aligned_event_median,results/v4_retest_full_23.json,True,4,128,3968,0,0,0.5,1.0,32.0,2,32,64,128,0.03125,240,15,496,31,1650,1650,19792499048448,0,0
simt,2,32,40,554.6148518721262,538.1576716899872,508.88868172963464,593.1435227394104,1.1655663488592563,5,5,0,simt_rotate_aligned_event_median,results/v4_retest_full_23.json,True,4,160,4960,1,1,0.5,1.0,32.0,2,32,64,128,0.03125,171,12,496,31,1650,1650,19792499048448,0,0
simt,2,32,48,573.3790099620819,560.388833284378,507.4390023946762,604.7420352697372,1.1917531612979575,5,5,0,simt_rotate_aligned_event_median,results/v4_retest_full_23.json,True,4,192,5952,1,1,0.5,1.0,32.0,2,32,64,128,0.03125,155,10,496,31,1650,1650,19792499048448,0,0
simt,2,32,64,770.5873648325602,562.7658168474833,480.41699826717377,1344.8046793540318,2.799244581695977,5,5,0,simt_rotate_aligned_event_median,results/v4_retest_full_23.json,True,4,256,7936,1,1,0.5,1.0,32.0,2,32,64,128,0.03125,112,7,496,31,1650,1650,19792499048448,0,0
simt,2,32,96,496.36166791121167,496.13284567991894,489.8680051167806,506.5313378969828,1.0340159647214147,5,5,0,simt_rotate_aligned_event_median,results/v4_retest_full_23.json,True,4,384,11904,2,1,0.5,1.0,32.0,2,32,64,128,0.03125,70,5,496,31,1650,1650,19793356783616,0,0
simt,2,32,128,821.741541226705,817.8991675376892,514.240155617396,1543.297032515208,3.0011211992232067,5,5,0,simt_rotate_aligned_event_median,results/v4_retest_full_23.json,True,4,512,15872,3,1,0.5,1.0,32.0,2,32,64,128,0.03125,48,3,496,31,1650,1650,19793356783616,0,0
simt,2,32,192,573.3688424030939,572.922815879186,572.3443528016409,577.6009907325109,1.0091843973040682,5,5,0,simt_rotate_aligned_event_median,results/v4_retest_full_23.json,True,4,768,23808,5,1,0.5,1.0,32.0,2,32,64,128,0.03125,55,5,496,31,1650,1650,19793356783616,0,0
simt,2,32,256,484.1196686029434,483.49132637182873,483.2444836695989,718.0928587913513,1.4859825265637623,5,5,0,simt_rotate_aligned_event_median,results/v4_retest_full_23.json,True,4,1024,31744,7,1,0.5,1.0,32.0,2,32,64,128,0.03125,48,3,496,31,1650,1650,19793356783616,0,0
simt,2,64,1,132.06283251444498,131.72133266925812,130.69767753283182,416.0131812095642,3.183018926293162,5,5,0,simt_rotate_aligned_event_median,results/v4_retest_full_23.json,True,4,4,252,0,0,1.0,0.0,0.0,2,2,4,256,1.0,2016,63,2016,63,1650,1650,19792499048448,0,0
simt,2,64,2,149.04500047365823,148.1770078341166,148.156667749087,497.15683857599896,3.3556156879686747,5,5,0,simt_rotate_aligned_event_median,results/v4_retest_full_23.json,True,4,8,504,0,0,1.0,0.0,0.0,2,4,8,256,0.5,2016,63,2016,63,1650,1650,19792499048448,0,0
simt,2,64,3,163.627157608668,163.5994960864385,163.11550637086233,412.2556646664937,2.5273848810497626,5,5,0,simt_rotate_aligned_event_median,results/v4_retest_full_23.json,True,4,12,756,0,0,1.0,0.0,0.0,2,6,12,256,0.3333333333333333,2016,63,2016,63,1650,1650,19792499048448,0,0
simt,2,64,4,181.20532234509787,179.69183127085367,179.04516061147055,552.087644735972,3.0835105671133256,5,5,0,simt_rotate_aligned_event_median,results/v4_retest_full_23.json,True,4,16,1008,0,0,1.0,0.0,0.0,2,8,16,256,0.25,2016,63,2016,63,1650,1650,19792499048448,0,0
simt,2,64,5,195.65266370773315,195.44183214505514,193.8221553961436,593.2639638582865,3.0608676425341748,5,5,0,simt_rotate_aligned_event_median,results/v4_retest_full_23.json,True,4,20,1260,0,0,1.0,0.0,0.0,2,10,20,256,0.2,2016,63,2016,63,1650,1650,19792499048448,0,0
simt,2,64,6,197.46432701746622,197.00332979361215,195.30417521794638,634.7773472468058,3.2501985507398232,5,5,0,simt_rotate_aligned_event_median,results/v4_retest_full_23.json,True,4,24,1512,0,0,1.0,0.0,0.0,2,12,24,256,0.16666666666666666,2016,63,2016,63,1650,1650,19792499048448,0,0
simt,2,64,7,202.49799390633902,201.86467468738556,199.68565801779428,556.5000176429749,2.786880255533346,5,5,0,simt_rotate_aligned_event_median,results/v4_retest_full_23.json,True,4,28,1764,0,0,1.0,0.0,0.0,2,14,28,256,0.14285714285714285,2016,63,2016,63,1650,1650,19792499048448,0,0
simt,2,64,8,199.5511601368586,199.48949913183847,198.2534925142924,2322.9043632745743,11.71683955634281,5,5,0,simt_rotate_aligned_event_median,results/v4_retest_full_23.json,True,4,32,2016,0,0,1.0,0.0,0.0,2,16,32,256,0.125,2016,63,2016,63,1650,1650,19792499048448,0,0
simt,2,64,9,201.4643301566442,200.15949010849,199.02116060256958,201.814333597819,1.0140345528424848,5,5,0,simt_rotate_aligned_event_median,results/v4_retest_full_23.json,True,4,36,2268,0,0,1.0,0.0,0.0,2,18,36,256,0.1111111111111111,1617,56,2016,63,1650,1650,19792499048448,0,0
simt,2,64,10,202.16367642084757,201.7983297506968,201.3756682475408,202.57132748762766,1.005937456349578,5,5,0,simt_rotate_aligned_event_median,results/v4_retest_full_23.json,True,4,40,2520,0,0,1.0,0.0,0.0,2,20,40,256,0.1,1392,51,2016,63,1650,1650,19792499048448,0,0
simt,2,64,11,203.74666651089987,203.3765067656835,203.3139963944753,204.1801561911901,1.0042602074233702,5,5,0,simt_rotate_aligned_event_median,results/v4_retest_full_23.json,True,4,44,2772,0,0,1.0,0.0,0.0,2,22,44,256,0.09090909090909091,1217,46,2016,63,1650,1650,19792499048448,0,0
simt,2,64,12,207.75833229223886,207.7498435974121,207.7420006195704,208.3606719970703,1.002978075572849,5,5,0,simt_rotate_aligned_event_median,results/v4_retest_full_23.json,True,4,48,3024,0,0,1.0,0.0,0.0,2,24,48,256,0.08333333333333333,1113,42,2016,63,1650,1650,19792499048448,0,0
simt,2,64,16,212.5259985526403,212.26367354393005,210.6893261273702,216.42432610193887,1.0272201733233588,5,5,0,simt_rotate_aligned_event_median,results/v4_retest_full_23.json,True,4,64,4032,0,0,1.0,0.0,0.0,2,32,64,256,0.0625,992,31,2016,63,1650,1650,19792499048448,0,0
simt,2,64,20,537.8426512082418,520.7173228263855,492.96868344148,576.3874997695287,1.1692172730845516,5,5,0,simt_rotate_aligned_event_median,results/v4_retest_full_23.json,True,4,80,5040,1,1,1.0,0.0,0.0,2,40,80,256,0.05,716,25,2016,63,1650,1650,19792499048448,0,0
simt,2,64,24,567.7783489227295,553.4580051898956,503.2923171917597,597.7886418501536,1.187756342448577,5,5,0,simt_rotate_aligned_event_median,results/v4_retest_full_23.json,True,4,96,6048,1,1,1.0,0.0,0.0,2,48,96,256,0.041666666666666664,651,21,2016,63,1650,1650,19792499048448,0,0
simt,2,64,32,565.2793248494467,564.6461546421051,487.1609956026077,566.7605151732763,1.163394689413108,5,5,0,simt_rotate_aligned_event_median,results/v4_retest_full_23.json,True,4,128,8064,1,1,1.0,0.0,0.0,2,64,128,256,0.03125,480,15,2016,63,1650,1650,19792499048448,0,0
simt,2,64,40,588.8786911964417,561.1408352851868,560.2875053882599,606.4815123875936,1.0824469697344454,5,5,0,simt_rotate_aligned_event_median,results/v4_retest_full_23.json,True,4,160,10080,2,1,1.0,0.0,0.0,2,64,128,256,0.03125,378,12,2016,63,1650,1650,19792499048448,0,0
simt,2,64,48,518.0853456258774,513.4241531292597,508.2626839478811,524.397666255633,1.0317453608484985,5,5,0,simt_rotate_aligned_event_median,results/v4_retest_full_23.json,True,4,192,12096,2,1,1.0,0.0,0.0,2,64,128,256,0.03125,310,10,2016,63,1650,1650,19793356783616,0,0
simt,2,64,64,553.962841629982,552.4991552035013,549.5070070028305,612.5063498814901,1.1146470237427475,5,5,0,simt_rotate_aligned_event_median,results/v4_retest_full_23.json,True,4,256,16128,3,1,1.0,0.0,0.0,2,64,128,256,0.03125,224,7,2016,63,1650,1650,19793356783616,0,0
simt,2,64,96,592.3231840133667,590.0116513172785,584.013839562734,594.9606647094091,1.0187441194114017,5,5,0,simt_rotate_aligned_event_median,results/v4_retest_full_23.json,True,4,384,24192,5,1,1.0,0.0,0.0,2,64,128,256,0.03125,255,10,2016,63,1650,1650,19793356783616,0,0
simt,2,64,128,580.3066492080688,578.7926614284515,576.6955018043518,582.3950121800104,1.009883049820618,5,5,0,simt_rotate_aligned_event_median,results/v4_retest_full_23.json,True,4,512,32256,7,1,1.0,0.0,0.0,2,64,128,256,0.03125,224,7,2016,63,1650,1650,19793356783616,0,0
simt,2,64,192,571.3085184494654,571.0010131200155,569.4424907366434,572.19131787618,1.004827225197018,5,5,0,simt_rotate_aligned_event_median,results/v4_retest_full_23.json,True,4,768,48384,11,1,1.0,0.0,0.0,2,64,128,256,0.03125,224,7,1113,42,1650,1650,19793356783616,0,0
simt,2,64,256,484.93585487206775,484.6958170334498,484.0863396724065,485.70915559927624,1.0033523274545775,5,5,0,simt_rotate_aligned_event_median,results/v4_retest_full_23.json,True,4,1024,64512,15,1,1.0,0.0,0.0,2,64,128,256,0.03125,224,7,992,31,1650,1650,19793356783616,0,0
simt,2,128,1,149.1811623175939,149.0093320608139,148.84349207083383,149.43517744541168,1.0039752183071349,5,5,0,simt_rotate_aligned_event_median,results/v4_retest_full_23.json,True,4,4,508,0,0,2.0,0.0,0.0,4,4,8,512,1.0,8128,127,8128,127,1650,1650,19792499048448,0,0
simt,2,128,2,177.61067052682242,177.36332615216574,177.13315784931183,178.19149295488992,1.0059747995148285,5,5,0,simt_rotate_aligned_event_median,results/v4_retest_full_23.json,True,4,8,1016,0,0,2.0,0.0,0.0,4,8,16,512,0.5,8128,127,8128,127,1650,1650,19792499048448,0,0
simt,2,128,3,198.08117548624674,197.9516645272573,197.76449600855508,198.64550232887268,1.0044548255025487,5,5,0,simt_rotate_aligned_event_median,results/v4_retest_full_23.json,True,4,12,1524,0,0,2.0,0.0,0.0,4,12,24,512,0.3333333333333333,8128,127,8128,127,1650,1650,19792499048448,0,0
simt,2,128,4,186.13382677237192,186.10800802707672,185.67465742429098,187.62815992037454,1.0105211046202152,5,5,0,simt_rotate_aligned_event_median,results/v4_retest_full_23.json,True,4,16,2032,0,0,2.0,0.0,0.0,4,16,32,512,0.25,8128,127,8128,127,1650,1650,19792499048448,0,0
simt,2,128,5,216.8815036614736,216.69866144657135,216.3026730219523,218.28599770863852,1.0091692102505128,5,5,0,simt_rotate_aligned_event_median,results/v4_retest_full_23.json,True,4,20,2540,0,0,2.0,0.0,0.0,4,20,40,512,0.2,5553,102,8128,127,1650,1650,19792499048448,0,0
simt,2,128,6,210.0915014743805,209.71332987149557,209.48551098505655,210.99365750948587,1.0071992879953253,5,5,0,simt_rotate_aligned_event_median,results/v4_retest_full_23.json,True,4,24,3048,0,0,2.0,0.0,0.0,4,24,48,512,0.16666666666666666,4516,85,8128,127,1650,1650,19792499048448,0,0
simt,2,128,7,219.21884020169577,219.10800536473593,218.59765549500784,219.8121597369512,1.0055558886905405,5,5,0,simt_rotate_aligned_event_median,results/v4_retest_full_23.json,True,4,28,3556,0,0,2.0,0.0,0.0,4,28,56,512,0.14285714285714285,4132,73,8128,127,1650,1650,19792499048448,0,0
simt,2,128,8,213.1499946117401,212.85749475161234,212.527667482694,213.97283176581064,1.006799887752188,5,5,0,simt_rotate_aligned_event_median,results/v4_retest_full_23.json,True,4,32,4064,0,0,2.0,0.0,0.0,4,32,64,512,0.125,4032,63,8128,127,1650,1650,19792499048448,0,0
simt,2,128,9,520.1036483049393,519.1029955943426,468.85750194390613,525.7510195175806,1.1213450085319978,5,5,0,simt_rotate_aligned_event_median,results/v4_retest_full_23.json,True,4,36,4572,1,1,2.0,0.0,0.0,4,36,72,512,0.1111111111111111,3283,56,8128,127,1650,1650,19792499048448,0,0
simt,2,128,10,536.8371605873108,536.6449952125549,464.50615922609967,538.757840792338,1.1598508008805457,5,5,0,simt_rotate_aligned_event_median,results/v4_retest_full_23.json,True,4,40,5080,1,1,2.0,0.0,0.0,4,40,80,512,0.1,2901,51,8128,127,1650,1650,19792499048448,0,0
simt,2,128,11,543.9376682043076,543.8276727994283,473.1406519810359,545.54183781147,1.1530225431429133,5,5,0,simt_rotate_aligned_event_median,results/v4_retest_full_23.json,True,4,44,5588,1,1,2.0,0.0,0.0,4,44,88,512,0.09090909090909091,2723,46,8128,127,1650,1650,19792499048448,0,0
simt,2,128,12,547.5236723820368,547.4413285652796,510.5241586764654,549.3126461903254,1.0759777707962326,5,5,0,simt_rotate_aligned_event_median,results/v4_retest_full_23.json,True,4,48,6096,1,1,2.0,0.0,0.0,4,48,96,512,0.08333333333333333,2667,42,8128,127,1650,1650,19792499048448,0,0
simt,2,128,16,559.0528200070063,558.3225091298422,483.1625024477641,561.2901697556177,1.1617006015823843,5,5,0,simt_rotate_aligned_event_median,results/v4_retest_full_23.json,True,4,64,8128,1,1,2.0,0.0,0.0,4,64,128,512,0.0625,1984,31,8128,127,1650,1650,19792499048448,0,0
simt,2,128,20,626.6274650891622,585.3628714879354,584.6709708372751,629.3635368347168,1.0764405421624403,5,5,0,simt_rotate_aligned_event_median,results/v4_retest_full_23.json,True,4,80,10160,2,1,2.0,0.0,0.0,4,80,160,512,0.05,1575,25,8128,127,1650,1650,19792499048448,0,0
simt,2,128,24,555.1220079263052,551.2470106283823,546.9103256861368,559.7343146800995,1.0234480652342302,5,5,0,simt_rotate_aligned_event_median,results/v4_retest_full_23.json,True,4,96,12192,2,1,2.0,0.0,0.0,4,96,192,512,0.041666666666666664,1302,21,8128,127,1650,1650,19793356783616,0,0
simt,2,128,32,603.4378409385681,599.6218423048655,581.7160109678904,658.7974727153778,1.1325070314279904,5,5,0,simt_rotate_aligned_event_median,results/v4_retest_full_23.json,True,4,128,16256,3,1,2.0,0.0,0.0,4,128,256,512,0.03125,960,15,8128,127,1650,1650,19793356783616,0,0
simt,2,128,40,665.2006804943085,664.9109919865926,663.9119784037272,666.2228107452393,1.0034806305906216,5,5,0,simt_rotate_aligned_event_median,results/v4_retest_full_23.json,True,4,160,20320,4,1,2.0,0.0,0.0,4,128,256,512,0.03125,1081,25,8128,127,1650,1650,19793356783616,0,0
simt,2,128,48,662.0615025361379,661.1396471659342,659.7065230210623,665.1358405749003,1.0082298982416833,5,5,0,simt_rotate_aligned_event_median,results/v4_retest_full_23.json,True,4,192,24384,5,1,2.0,0.0,0.0,4,128,256,512,0.03125,1071,21,8128,127,1650,1650,19793356783616,0,0
simt,2,128,64,652.1758238474528,651.5799959500631,651.4866451422373,653.1113584836324,1.0024938551749445,5,5,0,simt_rotate_aligned_event_median,results/v4_retest_full_23.json,True,4,256,32512,7,1,2.0,0.0,0.0,4,128,256,512,0.03125,960,15,8128,127,1650,1650,19793356783616,0,0
simt,2,128,96,650.9113709131876,641.0771707693735,557.7778021494547,657.1288108825684,1.178119330583351,5,5,0,simt_rotate_aligned_event_median,results/v4_retest_full_23.json,True,4,384,48768,11,1,2.0,0.0,0.0,4,128,256,512,0.03125,960,15,4516,85,1650,1650,19793356783616,0,0
simt,2,128,128,584.5796465873718,584.5549950997034,584.2926502227783,584.7584903240204,1.0007972718826164,5,5,0,simt_rotate_aligned_event_median,results/v4_retest_full_23.json,True,4,512,65024,15,1,2.0,0.0,0.0,4,128,256,512,0.03125,960,15,4032,63,1650,1650,19793356783616,0,0
simt,2,128,192,649.1031547387441,648.447314898173,647.1703151861826,651.7873406410217,1.007134173719805,5,5,0,simt_rotate_aligned_event_median,results/v4_retest_full_23.json,True,4,768,97536,23,1,2.0,0.0,0.0,4,128,256,512,0.03125,960,15,2667,42,1650,1650,19793356783616,0,0
simt,2,128,256,488.83218069871265,487.30817437171936,486.9931489229202,490.07800221443176,1.0063344901223648,5,5,0,simt_rotate_aligned_event_median,results/v4_retest_full_23.json,True,4,1024,130048,31,1,2.0,0.0,0.0,4,128,256,512,0.03125,960,15,1984,31,1650,1650,19793356783616,0,0
simt,2,256,1,183.85850389798483,183.65933497746786,182.91117250919342,184.34517085552216,1.0078398619759361,5,5,0,simt_rotate_aligned_event_median,results/v4_retest_full_23.json,True,4,4,1020,0,0,4.0,0.0,0.0,8,8,16,1024,1.0,32640,255,32640,255,1650,1650,19792499048448,0,0
simt,2,256,2,182.7638397614161,182.75932470957437,181.44615987936655,184.84282990296683,1.018719988485061,5,5,0,simt_rotate_aligned_event_median,results/v4_retest_full_23.json,True,4,8,2040,0,0,4.0,0.0,0.0,8,16,32,1024,0.5,32640,255,32640,255,1650,1650,19792499048448,0,0
simt,2,256,3,202.4671584367752,202.42399473985037,202.27200289567313,204.5251727104187,1.0111393063918377,5,5,0,simt_rotate_aligned_event_median,results/v4_retest_full_23.json,True,4,12,3060,0,0,4.0,0.0,0.0,8,24,48,1024,0.3333333333333333,18105,170,32640,255,1650,1650,19792499048448,0,0
simt,2,256,4,196.8658318122228,196.29966219266257,195.9431767463684,204.3528358141581,1.0429188666195572,5,5,0,simt_rotate_aligned_event_median,results/v4_retest_full_23.json,True,4,16,4080,0,0,4.0,0.0,0.0,8,32,64,1024,0.25,16256,127,32640,255,1650,1650,19792499048448,0,0
simt,2,256,5,529.9988488356272,529.7551651795706,458.08084805806476,532.6443165540695,1.1627735994903532,5,5,0,simt_rotate_aligned_event_median,results/v4_retest_full_23.json,True,4,20,5100,1,1,4.0,0.0,0.0,8,40,80,1024,0.2,11679,102,32640,255,1650,1650,19792499048448,0,0
simt,2,256,6,542.387013634046,541.780004898707,470.27964890003204,543.6630149682363,1.1560419768107029,5,5,0,simt_rotate_aligned_event_median,results/v4_retest_full_23.json,True,4,24,6120,1,1,4.0,0.0,0.0,8,48,96,1024,0.16666666666666666,10795,85,32640,255,1650,1650,19792499048448,0,0
simt,2,256,7,560.2064877748489,558.8210026423136,480.31067351500195,562.2921784718832,1.1706843288676587,5,5,0,simt_rotate_aligned_event_median,results/v4_retest_full_23.json,True,4,28,7140,1,1,4.0,0.0,0.0,8,56,112,1024,0.14285714285714285,8587,73,32640,255,1650,1650,19792499048448,0,0
simt,2,256,8,566.9319977362951,565.850148598353,487.52768337726593,567.4969851970673,1.1640302787850476,5,5,0,simt_rotate_aligned_event_median,results/v4_retest_full_23.json,True,4,32,8160,1,1,4.0,0.0,0.0,8,64,128,1024,0.125,8064,63,32640,255,1650,1650,19792499048448,0,0
simt,2,256,9,617.3653701941172,617.3650125662485,569.4913268089294,617.7011728286743,1.0846542234275673,5,5,0,simt_rotate_aligned_event_median,results/v4_retest_full_23.json,True,4,36,9180,2,1,4.0,0.0,0.0,8,72,144,1024,0.1111111111111111,6762,56,32640,255,1650,1650,19792499048448,0,0
simt,2,256,10,615.4565115769705,615.09836713473,581.1033646265665,622.0911542574564,1.070534421457411,5,5,0,simt_rotate_aligned_event_median,results/v4_retest_full_23.json,True,4,40,10200,2,1,4.0,0.0,0.0,8,80,160,1024,0.1,6426,51,32640,255,1650,1650,19792499048448,0,0
simt,2,256,11,633.3033442497253,632.8454911708832,589.6660288174947,636.3430122534434,1.0791583390509265,5,5,0,simt_rotate_aligned_event_median,results/v4_retest_full_23.json,True,4,44,11220,2,1,4.0,0.0,0.0,8,88,176,1024,0.09090909090909091,5566,46,32640,255,1650,1650,19792499048448,0,0
simt,2,256,12,587.2126320997874,583.0806990464529,581.2573035558065,643.1456903616587,1.1064733061025707,5,5,0,simt_rotate_aligned_event_median,results/v4_retest_full_23.json,True,4,48,12240,2,1,4.0,0.0,0.0,8,96,192,1024,0.08333333333333333,5334,42,32640,255,1650,1650,19793356783616,0,0
simt,2,256,16,609.825481971105,602.9048562049866,602.0343005657196,661.3446374734243,1.0985165410873965,5,5,0,simt_rotate_aligned_event_median,results/v4_retest_full_23.json,True,4,64,16320,3,1,4.0,0.0,0.0,8,128,256,1024,0.0625,3968,31,32640,255,1650,1650,19793356783616,0,0
simt,2,256,20,688.1498595078787,685.8725051085154,678.8646578788757,691.3041969140371,1.0183240339451887,5,5,0,simt_rotate_aligned_event_median,results/v4_retest_full_23.json,True,4,80,20400,4,1,4.0,0.0,0.0,8,160,320,1024,0.05,4476,51,32640,255,1650,1650,19793356783616,0,0
simt,2,256,24,720.0884819030762,719.7521527608236,716.8638209501902,720.4754849274954,1.0050381451424317,5,5,0,simt_rotate_aligned_event_median,results/v4_retest_full_23.json,True,4,96,24480,5,1,4.0,0.0,0.0,8,192,384,1024,0.041666666666666664,4431,42,32640,255,1650,1650,19793356783616,0,0
simt,2,256,32,776.5861451625824,776.5398422876993,776.2768069903055,780.2155017852783,1.0050738277370974,5,5,0,simt_rotate_aligned_event_median,results/v4_retest_full_23.json,True,4,128,32640,7,1,4.0,0.0,0.0,8,256,512,1024,0.03125,3968,31,32640,255,1650,1650,19793356783616,0,0
simt,2,256,40,737.5180423259735,736.8065218130747,736.2243334452311,740.0245368480682,1.005161746535942,5,5,0,simt_rotate_aligned_event_median,results/v4_retest_full_23.json,True,4,160,40800,9,1,4.0,0.0,0.0,8,256,512,1024,0.03125,4138,38,22185,204,1650,1650,19793356783616,0,0
simt,2,256,48,729.2911410331726,729.1058003902435,728.6317944526672,731.9146394729614,1.0045054924109649,5,5,0,simt_rotate_aligned_event_median,results/v4_retest_full_23.json,True,4,192,48960,11,1,4.0,0.0,0.0,8,256,512,1024,0.03125,3968,31,18105,170,1650,1650,19793356783616,0,0
simt,2,256,64,670.6373393535614,670.2937086423238,668.7598129113516,671.3326772054037,1.0038472172585424,5,5,0,simt_rotate_aligned_event_median,results/v4_retest_full_23.json,True,4,256,65280,15,1,4.0,0.0,0.0,8,256,512,1024,0.03125,3968,31,16256,127,1650,1650,19793356783616,0,0
simt,2,256,96,761.3210280736288,761.1014743645986,760.0213487943014,762.9086971282959,1.0037990358278421,5,5,0,simt_rotate_aligned_event_median,results/v4_retest_full_23.json,True,4,384,97920,23,1,4.0,0.0,0.0,8,256,512,1024,0.03125,3968,31,10795,85,1650,1650,19793356783616,0,0
simt,2,256,128,611.24716202418,611.0361814498901,610.5643411477407,611.6751929124197,1.001819385263461,5,5,0,simt_rotate_aligned_event_median,results/v4_retest_full_23.json,True,4,512,130560,31,1,4.0,0.0,0.0,8,256,512,1024,0.03125,3968,31,8064,63,1650,1650,19793356783616,0,0
simt,2,256,192,662.1311902999878,661.9125008583069,661.8381639321645,662.490040063858,1.0009849479332236,5,5,0,simt_rotate_aligned_event_median,results/v4_retest_full_23.json,True,4,768,195840,47,1,4.0,0.0,0.0,8,256,512,1024,0.03125,3968,31,5334,42,1650,1650,19793356783616,0,0
simt,2,256,256,526.7263501882553,526.3213167587916,526.2160201867422,528.5001794497172,1.0043407254347072,5,5,0,simt_rotate_aligned_event_median,results/v4_retest_full_23.json,True,4,1024,261120,63,1,4.0,0.0,0.0,8,256,512,1024,0.03125,3968,31,3968,31,1650,1650,19793356783616,0,0
simt,2,512,1,195.85749506950378,195.48616309960684,194.90915536880493,196.42433524131775,1.0077737747600712,5,5,0,simt_rotate_aligned_event_median,results/v4_retest_full_23.json,True,4,4,2044,0,0,8.0,0.0,0.0,16,16,32,2048,1.0,130816,511,130816,511,1650,1650,19792499048448,0,0
simt,2,512,2,282.819668451945,281.0948391755422,278.82548173268634,284.4138244787852,1.020042439132075,5,5,0,simt_rotate_aligned_event_median,results/v4_retest_full_23.json,True,4,8,4088,0,0,8.0,0.0,0.0,16,32,64,2048,0.5,65280,255,130816,511,1650,1650,19792499048448,0,0
simt,2,512,3,1219.5443312327068,1217.5024549166362,1102.5749643643696,1222.7507829666138,1.1089955989264866,5,5,0,simt_rotate_aligned_event_median,results/v4_retest_full_23.json,True,4,12,6132,1,1,8.0,0.0,0.0,16,48,96,2048,0.3333333333333333,43435,170,130816,511,1650,1650,19792499048448,0,0
simt,2,512,4,891.603688398997,891.5924628575643,769.4678604602814,893.2858208815256,1.1609137519365378,5,5,0,simt_rotate_aligned_event_median,results/v4_retest_full_23.json,True,4,16,8176,1,1,8.0,0.0,0.0,16,64,128,2048,0.25,32512,127,130816,511,1650,1650,19792499048448,0,0
simt,2,512,5,1310.8124136924744,1309.0413411458333,1296.437640984853,1420.2500184377034,1.0955019921812783,5,5,0,simt_rotate_aligned_event_median,results/v4_retest_full_23.json,True,4,20,10220,2,1,8.0,0.0,0.0,16,80,160,2048,0.2,25959,102,130816,511,1650,1650,19792499048448,0,0
simt,2,512,6,1498.7671573956807,1489.0777071317036,1482.5877745946248,1616.4901852607727,1.0903166834103701,5,5,0,simt_rotate_aligned_event_median,results/v4_retest_full_23.json,True,4,24,12264,2,1,8.0,0.0,0.0,16,96,192,2048,0.16666666666666666,21590,85,130816,511,1650,1650,19793356783616,0,0
simt,2,512,7,1534.6471071243286,1523.7690607706706,1516.422986984253,1655.939559141795,1.0920037307235773,5,5,0,simt_rotate_aligned_event_median,results/v4_retest_full_23.json,True,4,28,14308,3,1,8.0,0.0,0.0,16,112,224,2048,0.14285714285714285,18469,73,130816,511,1650,1650,19793356783616,0,0
simt,2,512,8,1066.8395260969799,1062.4242027600606,1056.7083060741425,1175.0400066375732,1.1119814237129013,5,5,0,simt_rotate_aligned_event_median,results/v4_retest_full_23.json,True,4,32,16352,3,1,8.0,0.0,0.0,16,128,256,2048,0.125,16128,63,130816,511,1650,1650,19793356783616,0,0
simt,2,512,9,1602.9288371404011,1582.476059595744,1539.3481055895488,1716.9131636619568,1.115350814690744,5,5,0,simt_rotate_aligned_event_median,results/v4_retest_full_23.json,True,4,36,18396,4,1,8.0,0.0,0.0,16,144,288,2048,0.1111111111111111,17500,112,130816,511,1650,1650,19793356783616,0,0
simt,2,512,10,1702.1172245343525,1686.9359612464905,1531.076451142629,1733.0346703529358,1.1319060319029708,5,5,0,simt_rotate_aligned_event_median,results/v4_retest_full_23.json,True,4,40,20440,4,1,8.0,0.0,0.0,16,160,320,2048,0.1,18105,102,130816,511,1650,1650,19793356783616,0,0
simt,2,512,11,1746.033291021983,1745.9363738695781,1733.4476510683696,1748.959720134735,1.008948680427012,5,5,0,simt_rotate_aligned_event_median,results/v4_retest_full_23.json,True,4,44,22484,5,1,8.0,0.0,0.0,16,176,352,2048,0.09090909090909091,18148,93,130816,511,1650,1650,19793356783616,0,0
simt,2,512,12,1761.9599103927612,1760.722537835439,1759.6966822942097,1764.4457419713337,1.002698794471177,5,5,0,simt_rotate_aligned_event_median,results/v4_retest_full_23.json,True,4,48,24528,5,1,8.0,0.0,0.0,16,192,384,2048,0.08333333333333333,17935,85,130816,511,1650,1650,19793356783616,0,0
simt,2,512,16,1247.2761273384094,1246.957262357076,1246.2322115898132,1248.2455571492512,1.001615546076176,5,5,0,simt_rotate_aligned_event_median,results/v4_retest_full_23.json,True,4,64,32704,7,1,8.0,0.0,0.0,16,256,512,2048,0.0625,16128,63,130816,511,1650,1650,19793356783616,0,0
simt,2,512,20,1340.029279390971,1339.5270705223083,1310.606598854065,1351.503074169159,1.031204234246075,5,5,0,simt_rotate_aligned_event_median,results/v4_retest_full_23.json,True,4,80,40880,9,1,8.0,0.0,0.0,16,320,640,2048,0.05,16806,77,88996,409,1650,1650,19793356783616,0,0
simt,2,512,24,1366.0753568013508,1365.8909598986309,1345.8987871805828,1368.4433698654175,1.0167505780520552,5,5,0,simt_rotate_aligned_event_median,results/v4_retest_full_23.json,True,4,96,49056,11,1,8.0,0.0,0.0,16,384,768,2048,0.041666666666666664,16128,63,72676,341,1650,1650,19793356783616,0,0
simt,2,512,32,823.1502970059713,821.8044837315878,821.6310342152914,824.5493173599243,1.0035518170846847,5,5,0,simt_rotate_aligned_event_median,results/v4_retest_full_23.json,True,4,128,65408,15,1,8.0,0.0,0.0,16,512,1024,2048,0.03125,16128,63,65280,255,1650,1650,19793356783616,0,0
simt,2,512,40,1369.9704209963481,1358.6693406105042,1298.3829577763875,1373.9740252494812,1.0582193928381123,5,5,0,simt_rotate_aligned_event_median,results/v4_retest_full_23.json,True,4,160,81760,19,1,8.0,0.0,0.0,16,512,1024,2048,0.03125,16128,63,46971,204,1650,1650,19793356783616,0,0
simt,2,512,48,1480.5637796719868,1479.7654549280803,1478.8363575935364,1483.0550750096638,1.002852727683131,5,5,0,simt_rotate_aligned_event_median,results/v4_retest_full_23.json,True,4,192,98112,23,1,8.0,0.0,0.0,16,512,1024,2048,0.03125,16128,63,43435,170,1650,1650,19793356783616,0,0
simt,2,512,64,753.2503207524618,752.5599598884583,750.5754828453064,754.3003161748251,1.0049626365564173,5,5,0,simt_rotate_aligned_event_median,results/v4_retest_full_23.json,True,4,256,130816,31,1,8.0,0.0,0.0,16,512,1024,2048,0.03125,16128,63,32512,127,1650,1650,19793356783616,0,0
simt,2,512,96,1593.0722554524739,1583.5716525713603,1577.2116382916768,1594.8789715766907,1.011201624979226,5,5,0,simt_rotate_aligned_event_median,results/v4_retest_full_23.json,True,4,384,196224,47,1,8.0,0.0,0.0,16,512,1024,2048,0.03125,16128,63,21590,85,1650,1650,19793356783616,0,0
simt,2,512,128,687.0474914709727,686.5053276220957,686.2098574638367,687.9513462384542,1.002537837012505,5,5,0,simt_rotate_aligned_event_median,results/v4_retest_full_23.json,True,4,512,261632,63,1,8.0,0.0,0.0,16,512,1024,2048,0.03125,16128,63,16128,63,1650,1650,19793356783616,0,0
simt,2,512,192,1580.7297229766846,1560.5409145355225,1540.635387102763,1582.999626795451,1.027497901221363,5,5,0,simt_rotate_aligned_event_median,results/v4_retest_full_23.json,True,4,768,392448,95,1,8.0,0.0,0.0,16,512,1024,2048,0.03125,16128,63,10668,42,1650,1650,19793356783616,0,0
simt,2,512,256,715.6408429145813,715.5225376288096,715.4839734236399,716.8254852294922,1.00187497114636,5,5,0,simt_rotate_aligned_event_median,results/v4_retest_full_23.json,True,4,1024,523264,127,1,8.0,0.0,0.0,16,512,1024,2048,0.03125,16128,63,7936,31,1650,1650,19793356783616,0,0
simt,4,4,1,738.9666636784872,245.30933300654092,233.2090139389038,785.2074901262919,3.3669688699597216,5,5,0,simt_rotate_aligned_event_median,results/v4_retest_full_23.json,True,4,4,12,0,0,0.03125,31.0,31.0,4,1,4,16,0.125,6,3,6,3,1650,1650,19792499048448,0,0
simt,4,4,2,747.7904955546061,572.9643255472183,231.80667559305826,808.8545401891073,3.4893496406853672,5,5,0,simt_rotate_aligned_event_median,results/v4_retest_full_23.json,True,4,8,24,0,0,0.03125,31.0,31.0,4,1,4,16,0.125,6,3,6,3,1650,1650,19792499048448,0,0
simt,4,4,3,619.7081704934437,479.0473481019338,479.0473481019338,983.6926360925039,2.0534350936083032,4,5,1,simt_rotate_aligned_event_median,results/v4_retest_full_23.json,True,4,12,36,0,0,0.03125,31.0,31.0,4,1,4,16,0.125,6,3,6,3,1650,1650,19792499048448,0,0
simt,4,4,4,132.92567431926727,132.8656574090322,132.75066514809927,481.74001773198444,3.628908504485049,5,5,0,simt_rotate_aligned_event_median,results/v4_retest_full_23.json,True,4,16,48,0,0,0.03125,31.0,31.0,4,1,4,16,0.125,6,3,6,3,1650,1650,19792499048448,0,0
simt,4,4,5,133.38683048884073,133.28149914741516,132.6183428366979,134.45799549420676,1.0138717813701996,5,5,0,simt_rotate_aligned_event_median,results/v4_retest_full_23.json,True,4,20,60,0,0,0.03125,31.0,31.0,4,1,4,16,0.125,6,3,6,3,1650,1650,19792499048448,0,0
simt,4,4,6,133.71616105238596,133.3378404378891,133.29348961512247,134.38967367013296,1.0082238379246853,5,5,0,simt_rotate_aligned_event_median,results/v4_retest_full_23.json,True,4,24,72,0,0,0.03125,31.0,31.0,4,1,4,16,0.125,6,3,6,3,1650,1650,19792499048448,0,0
simt,4,4,7,133.78283381462097,133.54599475860596,133.47800076007843,134.66266294320425,1.0088753365826568,5,5,0,simt_rotate_aligned_event_median,results/v4_retest_full_23.json,True,4,28,84,0,0,0.03125,31.0,31.0,4,1,4,16,0.125,6,3,6,3,1650,1650,19792499048448,0,0
simt,4,4,8,132.63466457525888,132.63451059659323,132.5050046046575,134.531502922376,1.015293749272073,5,5,0,simt_rotate_aligned_event_median,results/v4_retest_full_23.json,True,4,32,96,0,0,0.03125,31.0,31.0,4,1,4,16,0.125,6,3,6,3,1650,1650,19792499048448,0,0
simt,4,4,9,133.3124985297521,133.247842391332,132.8881730635961,134.69916582107544,1.0136279453297372,5,5,0,simt_rotate_aligned_event_median,results/v4_retest_full_23.json,True,4,36,108,0,0,0.03125,31.0,31.0,4,1,4,16,0.125,6,3,6,3,1650,1650,19792499048448,0,0
simt,4,4,10,133.71050854523978,133.7046573559443,133.6413323879242,133.77765814463297,1.0010200867820822,5,5,0,simt_rotate_aligned_event_median,results/v4_retest_full_23.json,True,4,40,120,0,0,0.03125,31.0,31.0,4,1,4,16,0.125,6,3,6,3,1650,1650,19792499048448,0,0
simt,4,4,11,148.05017411708832,147.74433771769205,146.8591739734014,149.21817680199942,1.016063026672241,5,5,0,simt_rotate_aligned_event_median,results/v4_retest_full_23.json,True,4,44,132,0,0,0.03125,31.0,62.0,4,2,8,16,0.0625,6,3,6,3,1650,1650,19792499048448,0,0
simt,4,4,12,148.14084271589914,148.07599782943726,147.6858307917913,148.1941690047582,1.0034420242635436,5,5,0,simt_rotate_aligned_event_median,results/v4_retest_full_23.json,True,4,48,144,0,0,0.03125,31.0,62.0,4,2,8,16,0.0625,6,3,6,3,1650,1650,19792499048448,0,0
simt,4,4,16,148.15983176231384,147.74149656295776,147.0681627591451,148.71067305405936,1.0111683607389874,5,5,0,simt_rotate_aligned_event_median,results/v4_retest_full_23.json,True,4,64,192,0,0,0.03125,31.0,62.0,4,2,8,16,0.0625,6,3,6,3,1650,1650,19792499048448,0,0
simt,4,4,20,147.85749216874441,147.8286733229955,147.387166817983,148.2231765985489,1.0056722019875606,5,5,0,simt_rotate_aligned_event_median,results/v4_retest_full_23.json,True,4,80,240,0,0,0.03125,31.0,62.0,4,2,8,16,0.0625,6,3,6,3,1650,1650,19792499048448,0,0
simt,4,4,24,164.3683264652888,164.27566607793173,163.75684241453806,164.55866396427155,1.0048964155507087,5,5,0,simt_rotate_aligned_event_median,results/v4_retest_full_23.json,True,4,96,288,0,0,0.03125,31.0,93.0,4,3,12,16,0.041666666666666664,6,3,6,3,1650,1650,19792499048448,0,0
simt,4,4,32,178.94100646177927,178.8485050201416,178.7714958190918,179.3234944343567,1.003087732821923,5,5,0,simt_rotate_aligned_event_median,results/v4_retest_full_23.json,True,4,128,384,0,0,0.03125,31.0,124.0,4,4,16,16,0.03125,6,3,6,3,1650,1650,19792499048448,0,0
simt,4,4,40,179.21665807565054,179.05650039513907,178.7728269894918,180.14633158842722,1.0076829606717366,5,5,0,simt_rotate_aligned_event_median,results/v4_retest_full_23.json,True,4,160,480,0,0,0.03125,31.0,124.0,4,4,16,16,0.03125,6,3,6,3,1650,1650,19792499048448,0,0
simt,4,4,48,180.02266685167947,179.36649918556213,179.35365935166678,183.16100041071573,1.0212281203116338,5,5,0,simt_rotate_aligned_event_median,results/v4_retest_full_23.json,True,4,192,576,0,0,0.03125,31.0,124.0,4,4,16,16,0.03125,6,3,6,3,1650,1650,19792499048448,0,0
simt,4,4,64,179.3376604715983,179.00916437307993,178.82384359836578,179.46800589561462,1.0036022170438055,5,5,0,simt_rotate_aligned_event_median,results/v4_retest_full_23.json,True,4,256,768,0,0,0.03125,31.0,124.0,4,4,16,16,0.03125,6,3,6,3,1650,1650,19792499048448,0,0
simt,4,4,96,164.75566228230795,164.5418256521225,164.23649589220682,166.01499915122986,1.0108289162488606,5,5,0,simt_rotate_aligned_event_median,results/v4_retest_full_23.json,True,4,384,1152,0,0,0.03125,31.0,124.0,4,4,16,16,0.03125,6,3,6,3,1650,1650,19792499048448,0,0
simt,4,4,128,155.07116417090097,154.87984319527945,154.32816247145334,156.09467029571533,1.011446438524069,5,5,0,simt_rotate_aligned_event_median,results/v4_retest_full_23.json,True,4,512,1536,0,0,0.03125,31.0,124.0,4,4,16,16,0.03125,6,3,6,3,1650,1650,19792499048448,0,0
simt,4,4,192,151.6816715399424,151.23116473356882,150.32399694124857,151.89816554387411,1.0104718383934455,5,5,0,simt_rotate_aligned_event_median,results/v4_retest_full_23.json,True,4,768,2304,0,0,0.03125,31.0,124.0,4,4,16,16,0.03125,3,2,6,3,1650,1650,19792499048448,0,0
simt,4,4,256,144.67266201972961,144.0134992202123,143.27717324097952,145.85317174593607,1.017979127077165,5,5,0,simt_rotate_aligned_event_median,results/v4_retest_full_23.json,True,4,1024,3072,0,0,0.03125,31.0,124.0,4,4,16,16,0.03125,2,1,6,3,1650,1650,19792499048448,0,0
simt,4,8,1,133.08250904083252,132.7584981918335,132.6396663983663,133.88649622599283,1.0094001278914697,5,5,0,simt_rotate_aligned_event_median,results/v4_retest_full_23.json,True,4,4,28,0,0,0.0625,15.0,15.0,4,1,4,32,0.25,28,7,28,7,1650,1650,19792499048448,0,0
simt,4,8,2,133.00183415412903,132.90650645891824,132.745161652565,133.1711709499359,1.003209226551593,5,5,0,simt_rotate_aligned_event_median,results/v4_retest_full_23.json,True,4,8,56,0,0,0.0625,15.0,15.0,4,1,4,32,0.25,28,7,28,7,1650,1650,19792499048448,0,0
simt,4,8,3,133.59184066454569,133.4423323472341,133.27433665593466,134.55733160177866,1.0096267216782795,5,5,0,simt_rotate_aligned_event_median,results/v4_retest_full_23.json,True,4,12,84,0,0,0.0625,15.0,15.0,4,1,4,32,0.25,28,7,28,7,1650,1650,19792499048448,0,0
simt,4,8,4,133.12983512878418,133.1073393424352,132.83832867940268,133.3286613225937,1.0036911985273045,5,5,0,simt_rotate_aligned_event_median,results/v4_retest_full_23.json,True,4,16,112,0,0,0.0625,15.0,15.0,4,1,4,32,0.25,28,7,28,7,1650,1650,19792499048448,0,0
simt,4,8,5,148.02700281143188,147.76832362016043,147.39699165026346,149.52149987220764,1.0144135114167399,5,5,0,simt_rotate_aligned_event_median,results/v4_retest_full_23.json,True,4,20,140,0,0,0.0625,15.0,30.0,4,2,8,32,0.125,28,7,28,7,1650,1650,19792499048448,0,0
simt,4,8,6,147.50284453233084,147.38433559735617,147.26199209690094,148.48349491755167,1.0082947595863496,5,5,0,simt_rotate_aligned_event_median,results/v4_retest_full_23.json,True,4,24,168,0,0,0.0625,15.0,30.0,4,2,8,32,0.125,28,7,28,7,1650,1650,19792499048448,0,0
simt,4,8,7,148.75582357247671,148.37250113487244,147.91216949621835,148.997833331426,1.0073399223262383,5,5,0,simt_rotate_aligned_event_median,results/v4_retest_full_23.json,True,4,28,196,0,0,0.0625,15.0,30.0,4,2,8,32,0.125,28,7,28,7,1650,1650,19792499048448,0,0
simt,4,8,8,147.84599343935648,147.60333796342215,147.4133332570394,148.9525039990743,1.0104411908205828,5,5,0,simt_rotate_aligned_event_median,results/v4_retest_full_23.json,True,4,32,224,0,0,0.0625,15.0,30.0,4,2,8,32,0.125,28,7,28,7,1650,1650,19792499048448,0,0
simt,4,8,9,147.99732466538748,147.81932532787323,147.67049749692282,148.21850756804147,1.003711032876625,5,5,0,simt_rotate_aligned_event_median,results/v4_retest_full_23.json,True,4,36,252,0,0,0.0625,15.0,30.0,4,2,8,32,0.125,28,7,28,7,1650,1650,19792499048448,0,0
simt,4,8,10,163.8548274834951,163.80233069260916,163.72516751289368,164.92233177026114,1.0073120356238034,5,5,0,simt_rotate_aligned_event_median,results/v4_retest_full_23.json,True,4,40,280,0,0,0.0625,15.0,45.0,4,3,12,32,0.08333333333333333,28,7,28,7,1650,1650,19792499048448,0,0
simt,4,8,11,164.34616843859354,164.0111654996872,163.85632256666818,164.38949604829153,1.0032539085051566,5,5,0,simt_rotate_aligned_event_median,results/v4_retest_full_23.json,True,4,44,308,0,0,0.0625,15.0,45.0,4,3,12,32,0.08333333333333333,28,7,28,7,1650,1650,19792499048448,0,0
simt,4,8,12,164.06732300917307,164.04000918070474,163.9835089445114,165.0903324286143,1.0067496023912832,5,5,0,simt_rotate_aligned_event_median,results/v4_retest_full_23.json,True,4,48,336,0,0,0.0625,15.0,45.0,4,3,12,32,0.08333333333333333,28,7,28,7,1650,1650,19792499048448,0,0
simt,4,8,16,179.33815717697144,179.07984058062235,179.03617521127066,180.4861774047216,1.008098934149704,5,5,0,simt_rotate_aligned_event_median,results/v4_retest_full_23.json,True,4,64,448,0,0,0.0625,15.0,60.0,4,4,16,32,0.0625,28,7,28,7,1650,1650,19792499048448,0,0
simt,4,8,20,194.19550398985544,193.7891642252604,192.6419883966446,194.5315102736155,1.009808463319432,5,5,0,simt_rotate_aligned_event_median,results/v4_retest_full_23.json,True,4,80,560,0,0,0.0625,15.0,75.0,4,5,20,32,0.05,28,7,28,7,1650,1650,19792499048448,0,0
simt,4,8,24,196.9371736049652,194.61449484030405,194.2183276017507,197.47350116570792,1.0167603830398129,5,5,0,simt_rotate_aligned_event_median,results/v4_retest_full_23.json,True,4,96,672,0,0,0.0625,15.0,90.0,4,6,24,32,0.041666666666666664,28,7,28,7,1650,1650,19792499048448,0,0
simt,4,8,32,199.64732726415,199.10315672556558,198.9071716864904,200.13166467348734,1.0061561027519257,5,5,0,simt_rotate_aligned_event_median,results/v4_retest_full_23.json,True,4,128,896,0,0,0.0625,15.0,120.0,4,8,32,32,0.03125,28,7,28,7,1650,1650,19792499048448,0,0
simt,4,8,40,197.48900830745697,197.45649894078574,197.41400082906088,197.80917465686798,1.0020017517812694,5,5,0,simt_rotate_aligned_event_median,results/v4_retest_full_23.json,True,4,160,1120,0,0,0.0625,15.0,120.0,4,8,32,32,0.03125,28,7,28,7,1650,1650,19792499048448,0,0
simt,4,8,48,195.758988459905,195.524662733078,195.074995358785,196.74849013487497,1.0085787251872649,5,5,0,simt_rotate_aligned_event_median,results/v4_retest_full_23.json,True,4,192,1344,0,0,0.0625,15.0,120.0,4,8,32,32,0.03125,28,7,28,7,1650,1650,19792499048448,0,0
simt,4,8,64,187.32633193333945,186.36883795261383,185.96900502840677,187.7086659272512,1.0093545744280272,5,5,0,simt_rotate_aligned_event_median,results/v4_retest_full_23.json,True,4,256,1792,0,0,0.0625,15.0,120.0,4,8,32,32,0.03125,28,7,28,7,1650,1650,19792499048448,0,0
simt,4,8,96,170.0903375943502,169.89099979400635,169.00082429250082,344.9220061302185,2.040948661488416,5,5,0,simt_rotate_aligned_event_median,results/v4_retest_full_23.json,True,4,384,2688,0,0,0.0625,15.0,120.0,4,8,32,32,0.03125,16,5,28,7,1650,1650,19792499048448,0,0
simt,4,8,128,163.64366312821707,163.33400209744772,163.04701069990793,164.06716903050742,1.0062568355360841,5,5,0,simt_rotate_aligned_event_median,results/v4_retest_full_23.json,True,4,512,3584,0,0,0.0625,15.0,120.0,4,8,32,32,0.03125,12,3,28,7,1650,1650,19792499048448,0,0
simt,4,8,192,242.70367622375488,214.51565623283386,210.37982404232025,430.5986712376277,2.046767902757671,5,5,0,simt_rotate_aligned_event_median,results/v4_retest_full_23.json,True,4,768,5376,1,1,0.0625,15.0,120.0,4,8,32,32,0.03125,7,2,28,7,1650,1650,19792499048448,0,0
simt,4,8,256,152.55183974901834,151.7635037501653,151.74250304698944,152.76532371838888,1.0067405021721747,5,5,0,simt_rotate_aligned_event_median,results/v4_retest_full_23.json,True,4,1024,7168,1,1,0.0625,15.0,120.0,4,8,32,32,0.03125,4,1,28,7,1650,1650,19792499048448,0,0
simt,4,16,1,132.91800022125244,132.79883563518524,132.36533602078757,133.32533339659372,1.0072526342973616,5,5,0,simt_rotate_aligned_event_median,results/v4_retest_full_23.json,True,4,4,60,0,0,0.125,7.0,7.0,4,1,4,64,0.5,120,15,120,15,1650,1650,19792499048448,0,0
simt,4,16,2,133.3328237136205,132.92917609214783,131.85100257396698,134.13834075133005,1.0173479012878943,5,5,0,simt_rotate_aligned_event_median,results/v4_retest_full_23.json,True,4,8,120,0,0,0.125,7.0,7.0,4,1,4,64,0.5,120,15,120,15,1650,1650,19792499048448,0,0
simt,4,16,3,148.14582467079163,147.99016217390695,147.82066643238068,149.12316699822745,1.0088113563365824,5,5,0,simt_rotate_aligned_event_median,results/v4_retest_full_23.json,True,4,12,180,0,0,0.125,7.0,14.0,4,2,8,64,0.25,120,15,120,15,1650,1650,19792499048448,0,0
simt,4,16,4,147.77799447377524,147.74899184703827,146.34749790032706,147.89949357509613,1.0106048664790026,5,5,0,simt_rotate_aligned_event_median,results/v4_retest_full_23.json,True,4,16,240,0,0,0.125,7.0,14.0,4,2,8,64,0.25,120,15,120,15,1650,1650,19792499048448,0,0
simt,4,16,5,163.76933952172598,163.74949117501578,163.0028337240219,164.2258365948995,1.0075029546599676,5,5,0,simt_rotate_aligned_event_median,results/v4_retest_full_23.json,True,4,20,300,0,0,0.125,7.0,21.0,4,3,12,64,0.16666666666666666,120,15,120,15,1650,1650,19792499048448,0,0
simt,4,16,6,164.0101671218872,164.00266190369925,163.6950025955836,164.52916959921518,1.0050958611466743,5,5,0,simt_rotate_aligned_event_median,results/v4_retest_full_23.json,True,4,24,360,0,0,0.125,7.0,21.0,4,3,12,64,0.16666666666666666,120,15,120,15,1650,1650,19792499048448,0,0
simt,4,16,7,178.94433438777924,178.66350213686624,178.17733685175577,180.05884190400442,1.0105597327106426,5,5,0,simt_rotate_aligned_event_median,results/v4_retest_full_23.json,True,4,28,420,0,0,0.125,7.0,28.0,4,4,16,64,0.125,120,15,120,15,1650,1650,19792499048448,0,0
simt,4,16,8,179.14734284083048,179.06899750232697,178.33282550175986,180.7536631822586,1.0135748293881817,5,5,0,simt_rotate_aligned_event_median,results/v4_retest_full_23.json,True,4,32,480,0,0,0.125,7.0,28.0,4,4,16,64,0.125,120,15,120,15,1650,1650,19792499048448,0,0
simt,4,16,9,194.40515836079916,194.33683653672537,194.04283662637076,195.68082690238953,1.0084413849256013,5,5,0,simt_rotate_aligned_event_median,results/v4_retest_full_23.json,True,4,36,540,0,0,0.125,7.0,35.0,4,5,20,64,0.1,120,15,120,15,1650,1650,19792499048448,0,0
simt,4,16,10,194.36048964659372,193.49616765975952,193.39766601721445,194.56732273101807,1.0060479360371366,5,5,0,simt_rotate_aligned_event_median,results/v4_retest_full_23.json,True,4,40,600,0,0,0.125,7.0,35.0,4,5,20,64,0.1,120,15,120,15,1650,1650,19792499048448,0,0
simt,4,16,11,195.97700238227844,195.13683021068573,194.51033572355905,196.29416366418204,1.0091708645403716,5,5,0,simt_rotate_aligned_event_median,results/v4_retest_full_23.json,True,4,44,660,0,0,0.125,7.0,42.0,4,6,24,64,0.08333333333333333,120,15,120,15,1650,1650,19792499048448,0,0
simt,4,16,12,195.79466680685678,195.5063392718633,194.58200534184775,196.796844402949,1.0113825482331225,5,5,0,simt_rotate_aligned_event_median,results/v4_retest_full_23.json,True,4,48,720,0,0,0.125,7.0,42.0,4,6,24,64,0.08333333333333333,120,15,120,15,1650,1650,19792499048448,0,0
simt,4,16,16,199.98299578825632,199.6753364801407,199.5141605536143,202.61767506599426,1.015555359598378,5,5,0,simt_rotate_aligned_event_median,results/v4_retest_full_23.json,True,4,64,960,0,0,0.125,7.0,56.0,4,8,32,64,0.0625,120,15,120,15,1650,1650,19792499048448,0,0
simt,4,16,20,201.2155055999756,201.02350413799286,201.0121742884318,203.2596617937088,1.0111808526684165,5,5,0,simt_rotate_aligned_event_median,results/v4_retest_full_23.json,True,4,80,1200,0,0,0.125,7.0,70.0,4,10,40,64,0.05,120,15,120,15,1650,1650,19792499048448,0,0
simt,4,16,24,203.77050836881003,203.0376742283503,202.67483095328012,203.88116935888925,1.0059520878835084,5,5,0,simt_rotate_aligned_event_median,results/v4_retest_full_23.json,True,4,96,1440,0,0,0.125,7.0,84.0,4,12,48,64,0.041666666666666664,120,15,120,15,1650,1650,19792499048448,0,0
simt,4,16,32,210.56016782919565,210.4926606019338,209.59133903185526,212.398832043012,1.0133950812286667,5,5,0,simt_rotate_aligned_event_median,results/v4_retest_full_23.json,True,4,128,1920,0,0,0.125,7.0,112.0,4,16,64,64,0.03125,120,15,120,15,1650,1650,19792499048448,0,0
simt,4,16,40,206.0991624991099,206.0626745223999,205.99899689356485,376.25683347384137,1.8264983769228984,5,5,0,simt_rotate_aligned_event_median,results/v4_retest_full_23.json,True,4,160,2400,0,0,0.125,7.0,112.0,4,16,64,64,0.03125,81,12,120,15,1650,1650,19792499048448,0,0
simt,4,16,48,204.81849710146585,204.73349591096243,204.4185002644857,385.61683396498364,1.886408683490269,5,5,0,simt_rotate_aligned_event_median,results/v4_retest_full_23.json,True,4,192,2880,0,0,0.125,7.0,112.0,4,16,64,64,0.03125,65,10,120,15,1650,1650,19792499048448,0,0
simt,4,16,64,197.98449675242105,197.85133004188538,197.24967579046884,198.82866740226746,1.008005040340223,5,5,0,simt_rotate_aligned_event_median,results/v4_retest_full_23.json,True,4,256,3840,0,0,0.125,7.0,112.0,4,16,64,64,0.03125,56,7,120,15,1650,1650,19792499048448,0,0
simt,4,16,96,519.7689880927404,506.5013269583384,453.61384252707165,551.6238460938135,1.216064842776249,5,5,0,simt_rotate_aligned_event_median,results/v4_retest_full_23.json,True,4,384,5760,1,1,0.125,7.0,112.0,4,16,64,64,0.03125,35,5,120,15,1650,1650,19792499048448,0,0
simt,4,16,128,494.68599756558734,494.66681977113086,421.6681669155757,499.0920076767604,1.1836131983296858,5,5,0,simt_rotate_aligned_event_median,results/v4_retest_full_23.json,True,4,512,7680,1,1,0.125,7.0,112.0,4,16,64,64,0.03125,24,3,120,15,1650,1650,19792499048448,0,0
simt,4,16,192,458.2768529653549,454.52550053596497,453.58868439992267,463.5474930206935,1.0219555931690534,5,5,0,simt_rotate_aligned_event_median,results/v4_retest_full_23.json,True,4,768,11520,2,1,0.125,7.0,112.0,4,16,64,64,0.03125,14,2,120,15,1650,1650,19793356783616,0,0
simt,4,16,256,410.5898241202037,409.221018354098,339.69616889953613,447.2171763579051,1.3165211071019405,5,5,0,simt_rotate_aligned_event_median,results/v4_retest_full_23.json,True,4,1024,15360,3,1,0.125,7.0,112.0,4,16,64,64,0.03125,8,1,120,15,1650,1650,19793356783616,0,0
simt,4,32,1,132.75450468063354,132.66415894031525,131.6808412472407,133.25249155362448,1.0119352997102509,5,5,0,simt_rotate_aligned_event_median,results/v4_retest_full_23.json,True,4,4,124,0,0,0.25,3.0,3.0,4,1,4,128,1.0,496,31,496,31,1650,1650,19792499048448,0,0
simt,4,32,2,148.49616587162018,148.25833837191263,146.832674741745,149.00916318098703,1.0148229162417026,5,5,0,simt_rotate_aligned_event_median,results/v4_retest_full_23.json,True,4,8,248,0,0,0.25,3.0,6.0,4,2,8,128,0.5,496,31,496,31,1650,1650,19792499048448,0,0
simt,4,32,3,163.92600039641061,163.56183091799417,163.54717314243317,165.0693267583847,1.0093071227506079,5,5,0,simt_rotate_aligned_event_median,results/v4_retest_full_23.json,True,4,12,372,0,0,0.25,3.0,9.0,4,3,12,128,0.3333333333333333,496,31,496,31,1650,1650,19792499048448,0,0
simt,4,32,4,179.13117508093515,179.10183469454446,178.06415756543478,180.28366565704346,1.0124646538750677,5,5,0,simt_rotate_aligned_event_median,results/v4_retest_full_23.json,True,4,16,496,0,0,0.25,3.0,12.0,4,4,16,128,0.25,496,31,496,31,1650,1650,19792499048448,0,0
simt,4,32,5,194.60015992323557,194.0194914738337,193.8490023215612,195.74066003163657,1.0097584082838738,5,5,0,simt_rotate_aligned_event_median,results/v4_retest_full_23.json,True,4,20,620,0,0,0.25,3.0,15.0,4,5,20,128,0.2,496,31,496,31,1650,1650,19792499048448,0,0
simt,4,32,6,195.73232531547546,195.68516810735068,195.6030080715815,1047.6149717966716,5.355822398259304,5,5,0,simt_rotate_aligned_event_median,results/v4_retest_full_23.json,True,4,24,744,0,0,0.25,3.0,18.0,4,6,24,128,0.16666666666666666,496,31,496,31,1650,1650,19792499048448,0,0
simt,4,32,7,182.51613775889078,179.76033687591553,129.9821933110555,1011.8268330891926,7.784349589084313,5,5,0,simt_rotate_aligned_event_median,results/v4_retest_full_23.json,True,4,28,868,0,0,0.25,3.0,21.0,4,7,28,128,0.14285714285714285,496,31,496,31,1650,1650,19792499048448,0,0
simt,4,32,8,768.0030266443888,520.7576751708984,198.65682721138,1243.5218046108882,6.259647967133412,5,5,0,simt_rotate_aligned_event_median,results/v4_retest_full_23.json,True,4,32,992,0,0,0.25,3.0,24.0,4,8,32,128,0.125,496,31,496,31,1650,1650,19792499048448,0,0
simt,4,32,9,1186.7443521817527,201.8394966920217,201.8394966920217,1474.924271305402,7.307411559571644,4,5,1,simt_rotate_aligned_event_median,results/v4_retest_full_23.json,True,4,36,1116,0,0,0.25,3.0,27.0,4,9,36,128,0.1111111111111111,496,31,496,31,1650,1650,19792499048448,0,0
simt,4,32,10,203.42599848906198,201.75233980019888,201.467826962471,712.33997742335,3.535750537260935,5,5,0,simt_rotate_aligned_event_median,results/v4_retest_full_23.json,True,4,40,1240,0,0,0.25,3.0,30.0,4,10,40,128,0.1,496,31,496,31,1650,1650,19792499048448,0,0
simt,4,32,11,202.13200648625693,202.0201583703359,201.9298324982325,202.2904952367147,1.0017860795208917,5,5,0,simt_rotate_aligned_event_median,results/v4_retest_full_23.json,True,4,44,1364,0,0,0.25,3.0,33.0,4,11,44,128,0.09090909090909091,496,31,496,31,1650,1650,19792499048448,0,0
simt,4,32,12,203.69484027226767,203.34032674630484,203.08332641919455,204.01816070079803,1.0046032054826295,5,5,0,simt_rotate_aligned_event_median,results/v4_retest_full_23.json,True,4,48,1488,0,0,0.25,3.0,36.0,4,12,48,128,0.08333333333333333,496,31,496,31,1650,1650,19792499048448,0,0
simt,4,32,16,210.9516759713491,210.9051694472631,209.94416375954947,212.1101568142573,1.010316995795075,5,5,0,simt_rotate_aligned_event_median,results/v4_retest_full_23.json,True,4,64,1984,0,0,0.25,3.0,48.0,4,16,64,128,0.0625,496,31,496,31,1650,1650,19792499048448,0,0
simt,4,32,20,215.07767339547476,214.5410031080246,214.19099966684976,389.1671548287074,1.8169164691047408,5,5,0,simt_rotate_aligned_event_median,results/v4_retest_full_23.json,True,4,80,2480,0,0,0.25,3.0,60.0,4,20,80,128,0.05,340,25,496,31,1650,1650,19792499048448,0,0
simt,4,32,24,222.04849123954773,221.9188263018926,220.82034250100455,403.8340051968892,1.8287898688276516,5,5,0,simt_rotate_aligned_event_median,results/v4_retest_full_23.json,True,4,96,2976,0,0,0.25,3.0,72.0,4,24,96,128,0.041666666666666664,276,21,496,31,1650,1650,19792499048448,0,0
simt,4,32,32,233.09549689292908,233.05282493432364,231.25999669233957,236.50933802127838,1.022698873147189,5,5,0,simt_rotate_aligned_event_median,results/v4_retest_full_23.json,True,4,128,3968,0,0,0.25,3.0,96.0,4,32,128,128,0.03125,240,15,496,31,1650,1650,19792499048448,0,0
simt,4,32,40,554.0918509165446,538.2533272107443,507.4106653531393,593.877986073494,1.1704089539784832,5,5,0,simt_rotate_aligned_event_median,results/v4_retest_full_23.json,True,4,160,4960,1,1,0.25,3.0,96.0,4,32,128,128,0.03125,171,12,496,31,1650,1650,19792499048448,0,0
simt,4,32,48,573.465625445048,560.6690247853597,506.07283413410187,605.7121654351553,1.1968873343528463,5,5,0,simt_rotate_aligned_event_median,results/v4_retest_full_23.json,True,4,192,5952,1,1,0.25,3.0,96.0,4,32,128,128,0.03125,155,10,496,31,1650,1650,19792499048448,0,0
simt,4,32,64,561.9359960158666,561.1873318751653,480.1618407169978,563.6653502782186,1.1739070090128985,5,5,0,simt_rotate_aligned_event_median,results/v4_retest_full_23.json,True,4,256,7936,1,1,0.25,3.0,96.0,4,32,128,128,0.03125,112,7,496,31,1650,1650,19792499048448,0,0
simt,4,32,96,496.4793473482132,495.3881601492564,491.9415016969045,507.48682518800103,1.0315999431588398,5,5,0,simt_rotate_aligned_event_median,results/v4_retest_full_23.json,True,4,384,11904,2,1,0.25,3.0,96.0,4,32,128,128,0.03125,70,5,496,31,1650,1650,19793356783616,0,0
simt,4,32,128,518.1160072485605,514.0551676352819,512.8004799286524,573.7043470144272,1.118767180354918,5,5,0,simt_rotate_aligned_event_median,results/v4_retest_full_23.json,True,4,512,15872,3,1,0.25,3.0,96.0,4,32,128,128,0.03125,48,3,496,31,1650,1650,19793356783616,0,0
simt,4,32,192,574.9054948488871,574.5458453893661,573.0395019054413,576.9916524489721,1.0068968204292885,5,5,0,simt_rotate_aligned_event_median,results/v4_retest_full_23.json,True,4,768,23808,5,1,0.25,3.0,96.0,4,32,128,128,0.03125,55,5,496,31,1650,1650,19793356783616,0,0
simt,4,32,256,483.9555124441783,483.43151807785034,483.2696517308553,485.67116260528564,1.0049692979185207,5,5,0,simt_rotate_aligned_event_median,results/v4_retest_full_23.json,True,4,1024,31744,7,1,0.25,3.0,96.0,4,32,128,128,0.03125,48,3,496,31,1650,1650,19793356783616,0,0
simt,4,64,1,133.0154985189438,132.74533053239188,132.59732723236084,133.14567506313324,1.004135436529663,5,5,0,simt_rotate_aligned_event_median,results/v4_retest_full_23.json,True,4,4,252,0,0,0.5,1.0,2.0,4,2,8,256,1.0,2016,63,2016,63,1650,1650,19792499048448,0,0
simt,4,64,2,147.59032924969992,147.56600062052408,147.3381668329239,148.70899418989816,1.0093039528483394,5,5,0,simt_rotate_aligned_event_median,results/v4_retest_full_23.json,True,4,8,504,0,0,0.5,1.0,4.0,4,4,16,256,0.5,2016,63,2016,63,1650,1650,19792499048448,0,0
simt,4,64,3,164.01083767414093,163.54982554912567,163.4476731220881,164.16533788045248,1.004390792139502,5,5,0,simt_rotate_aligned_event_median,results/v4_retest_full_23.json,True,4,12,756,0,0,0.5,1.0,6.0,4,6,24,256,0.3333333333333333,2016,63,2016,63,1650,1650,19792499048448,0,0
simt,4,64,4,179.18600142002106,178.99782955646515,178.0541737874349,179.72599963347116,1.0093894223902447,5,5,0,simt_rotate_aligned_event_median,results/v4_retest_full_23.json,True,4,16,1008,0,0,0.5,1.0,8.0,4,8,32,256,0.25,2016,63,2016,63,1650,1650,19792499048448,0,0
simt,4,64,5,194.7976698478063,194.53216095765433,193.9619928598404,195.52900890509287,1.008078985074075,5,5,0,simt_rotate_aligned_event_median,results/v4_retest_full_23.json,True,4,20,1260,0,0,0.5,1.0,10.0,4,10,40,256,0.2,2016,63,2016,63,1650,1650,19792499048448,0,0
simt,4,64,6,196.97249929110208,196.9203402598699,196.00199659665427,197.3674992720286,1.0069667794159483,5,5,0,simt_rotate_aligned_event_median,results/v4_retest_full_23.json,True,4,24,1512,0,0,0.5,1.0,12.0,4,12,48,256,0.16666666666666666,2016,63,2016,63,1650,1650,19792499048448,0,0
simt,4,64,7,200.96217095851898,200.9194940328598,200.73282718658447,201.65283481280008,1.0045832445002154,5,5,0,simt_rotate_aligned_event_median,results/v4_retest_full_23.json,True,4,28,1764,0,0,0.5,1.0,14.0,4,14,56,256,0.14285714285714285,2016,63,2016,63,1650,1650,19792499048448,0,0
simt,4,64,8,199.4471698999405,199.2088407278061,199.04200732707977,201.63117349147797,1.013008139332837,5,5,0,simt_rotate_aligned_event_median,results/v4_retest_full_23.json,True,4,32,2016,0,0,0.5,1.0,16.0,4,16,64,256,0.125,2016,63,2016,63,1650,1650,19792499048448,0,0
simt,4,64,9,200.46650369962057,199.7938354810079,199.08500214417776,200.88717341423035,1.00905227039025,5,5,0,simt_rotate_aligned_event_median,results/v4_retest_full_23.json,True,4,36,2268,0,0,0.5,1.0,18.0,4,18,72,256,0.1111111111111111,1617,56,2016,63,1650,1650,19792499048448,0,0
simt,4,64,10,201.7403244972229,201.5455017487208,197.436993320783,203.16166679064432,1.028994938453911,5,5,0,simt_rotate_aligned_event_median,results/v4_retest_full_23.json,True,4,40,2520,0,0,0.5,1.0,20.0,4,20,80,256,0.1,1392,51,2016,63,1650,1650,19792499048448,0,0
simt,4,64,11,203.21667194366455,202.83816754817963,201.44750674565634,203.90667021274567,1.0122074653929285,5,5,0,simt_rotate_aligned_event_median,results/v4_retest_full_23.json,True,4,44,2772,0,0,0.5,1.0,22.0,4,22,88,256,0.09090909090909091,1217,46,2016,63,1650,1650,19792499048448,0,0
simt,4,64,12,204.289178053538,203.91916731993356,202.98815766970316,204.96716598669687,1.0097493781889184,5,5,0,simt_rotate_aligned_event_median,results/v4_retest_full_23.json,True,4,48,3024,0,0,0.5,1.0,24.0,4,24,96,256,0.08333333333333333,1113,42,2016,63,1650,1650,19792499048448,0,0
simt,4,64,16,212.5880072514216,211.61716183026633,210.41367451349893,213.3725086847941,1.0140619861239357,5,5,0,simt_rotate_aligned_event_median,results/v4_retest_full_23.json,True,4,64,4032,0,0,0.5,1.0,32.0,4,32,128,256,0.0625,992,31,2016,63,1650,1650,19792499048448,0,0
simt,4,64,20,537.2621615727743,517.025351524353,492.8271720806758,578.3793379863104,1.1735946610744703,5,5,0,simt_rotate_aligned_event_median,results/v4_retest_full_23.json,True,4,80,5040,1,1,0.5,1.0,40.0,4,40,160,256,0.05,716,25,2016,63,1650,1650,19792499048448,0,0
simt,4,64,24,563.8039906819662,552.8658231099447,500.69301327069604,595.7361857096354,1.1898232448223818,5,5,0,simt_rotate_aligned_event_median,results/v4_retest_full_23.json,True,4,96,6048,1,1,0.5,1.0,48.0,4,48,192,256,0.041666666666666664,651,21,2016,63,1650,1650,19792499048448,0,0
simt,4,64,32,563.7211600939432,562.8759761651357,487.0279977718989,565.8533424139023,1.1618497191180401,5,5,0,simt_rotate_aligned_event_median,results/v4_retest_full_23.json,True,4,128,8064,1,1,0.5,1.0,64.0,4,64,256,256,0.03125,480,15,2016,63,1650,1650,19792499048448,0,0
simt,4,64,40,605.1774869362513,560.5042080084482,560.0341260433197,606.5648446480433,1.083085505759205,5,5,0,simt_rotate_aligned_event_median,results/v4_retest_full_23.json,True,4,160,10080,2,1,0.5,1.0,64.0,4,64,256,256,0.03125,378,12,2016,63,1650,1650,19792499048448,0,0
simt,4,64,48,514.7240112225214,512.104998032252,510.6921593348185,525.5966583887736,1.0291848989288739,5,5,0,simt_rotate_aligned_event_median,results/v4_retest_full_23.json,True,4,192,12096,2,1,0.5,1.0,64.0,4,64,256,256,0.03125,310,10,2016,63,1650,1650,19793356783616,0,0
simt,4,64,64,552.7651757001877,551.2594928344091,547.5456615289053,611.706460515658,1.1171789012218585,5,5,0,simt_rotate_aligned_event_median,results/v4_retest_full_23.json,True,4,256,16128,3,1,0.5,1.0,64.0,4,64,256,256,0.03125,224,7,2016,63,1650,1650,19793356783616,0,0
simt,4,64,96,589.3448491891226,589.2113298177719,588.2970094680786,590.1371737321218,1.0031279510764588,5,5,0,simt_rotate_aligned_event_median,results/v4_retest_full_23.json,True,4,384,24192,5,1,0.5,1.0,64.0,4,64,256,256,0.03125,255,10,2016,63,1650,1650,19793356783616,0,0
simt,4,64,128,574.9721825122833,573.8641520341238,573.3480056126913,576.2018412351608,1.004977492891808,5,5,0,simt_rotate_aligned_event_median,results/v4_retest_full_23.json,True,4,512,32256,7,1,0.5,1.0,64.0,4,64,256,256,0.03125,224,7,2016,63,1650,1650,19793356783616,0,0
simt,4,64,192,569.4210181633631,569.2691802978516,567.964181303978,572.7698256572088,1.00846117503783,5,5,0,simt_rotate_aligned_event_median,results/v4_retest_full_23.json,True,4,768,48384,11,1,0.5,1.0,64.0,4,64,256,256,0.03125,224,7,1113,42,1650,1650,19793356783616,0,0
simt,4,64,256,483.72700810432434,483.40200384457904,482.7270060777664,485.3085031112035,1.0053477369215618,5,5,0,simt_rotate_aligned_event_median,results/v4_retest_full_23.json,True,4,1024,64512,15,1,0.5,1.0,64.0,4,64,256,256,0.03125,224,7,992,31,1650,1650,19793356783616,0,0
simt,4,128,1,131.6578338543574,131.44500056902567,130.7050089041392,131.86149299144745,1.0088480471942467,5,5,0,simt_rotate_aligned_event_median,results/v4_retest_full_23.json,True,4,4,508,0,0,1.0,0.0,0.0,4,4,16,512,1.0,8128,127,8128,127,1650,1650,19792499048448,0,0
simt,4,128,2,148.82682263851166,148.66932729880014,147.94000486532846,149.46683247884116,1.0103205864762719,5,5,0,simt_rotate_aligned_event_median,results/v4_retest_full_23.json,True,4,8,1016,0,0,1.0,0.0,0.0,4,8,32,512,0.5,8128,127,8128,127,1650,1650,19792499048448,0,0
simt,4,128,3,171.921506524086,171.8661735455195,171.81965708732605,172.09750910600027,1.001617114266111,5,5,0,simt_rotate_aligned_event_median,results/v4_retest_full_23.json,True,4,12,1524,0,0,1.0,0.0,0.0,4,12,48,512,0.3333333333333333,8128,127,8128,127,1650,1650,19792499048448,0,0
simt,4,128,4,182.71766602993011,182.6548328002294,181.49617314338684,183.58367681503296,1.0115016401475139,5,5,0,simt_rotate_aligned_event_median,results/v4_retest_full_23.json,True,4,16,2032,0,0,1.0,0.0,0.0,4,16,64,512,0.25,8128,127,8128,127,1650,1650,19792499048448,0,0
simt,4,128,5,195.7616607348124,195.5486685037613,195.3554997841517,195.9806631008784,1.0032001316441945,5,5,0,simt_rotate_aligned_event_median,results/v4_retest_full_23.json,True,4,20,2540,0,0,1.0,0.0,0.0,4,20,80,512,0.2,5553,102,8128,127,1650,1650,19792499048448,0,0
simt,4,128,6,200.73399444421133,199.48384165763855,199.33332999547324,201.1068363984426,1.0088971894615397,5,5,0,simt_rotate_aligned_event_median,results/v4_retest_full_23.json,True,4,24,3048,0,0,1.0,0.0,0.0,4,24,96,512,0.16666666666666666,4516,85,8128,127,1650,1650,19792499048448,0,0
simt,4,128,7,201.55267417430878,201.50867601235709,201.38950645923615,201.82749132315317,1.0021748147240515,5,5,0,simt_rotate_aligned_event_median,results/v4_retest_full_23.json,True,4,28,3556,0,0,1.0,0.0,0.0,4,28,112,512,0.14285714285714285,4132,73,8128,127,1650,1650,19792499048448,0,0
simt,4,128,8,201.59550507863364,201.45833492279053,201.22666656970978,202.65783866246542,1.00711223873631,5,5,0,simt_rotate_aligned_event_median,results/v4_retest_full_23.json,True,4,32,4064,0,0,1.0,0.0,0.0,4,32,128,512,0.125,4032,63,8128,127,1650,1650,19792499048448,0,0
simt,4,128,9,487.6275012890498,487.2405131657918,435.23766100406647,493.78550549348193,1.1345192517447806,5,5,0,simt_rotate_aligned_event_median,results/v4_retest_full_23.json,True,4,36,4572,1,1,1.0,0.0,0.0,4,36,144,512,0.1111111111111111,3283,56,8128,127,1650,1650,19792499048448,0,0
simt,4,128,10,511.4976565043131,509.74365075429284,436.87782684961957,512.432818611463,1.1729430681036843,5,5,0,simt_rotate_aligned_event_median,results/v4_retest_full_23.json,True,4,40,5080,1,1,1.0,0.0,0.0,4,40,160,512,0.1,2901,51,8128,127,1650,1650,19792499048448,0,0
simt,4,128,11,516.6776527961096,516.228993733724,445.7779973745346,519.2875017722448,1.1649015986223046,5,5,0,simt_rotate_aligned_event_median,results/v4_retest_full_23.json,True,4,44,5588,1,1,1.0,0.0,0.0,4,44,176,512,0.09090909090909091,2723,46,8128,127,1650,1650,19792499048448,0,0
simt,4,128,12,519.9144879976908,518.7381704648336,447.31684029102325,520.3403333822886,1.1632478067308094,5,5,0,simt_rotate_aligned_event_median,results/v4_retest_full_23.json,True,4,48,6096,1,1,1.0,0.0,0.0,4,48,192,512,0.08333333333333333,2667,42,8128,127,1650,1650,19792499048448,0,0
simt,4,128,16,536.5553249915441,534.5119883616766,461.8003269036611,537.4940186738968,1.1639100004059257,5,5,0,simt_rotate_aligned_event_median,results/v4_retest_full_23.json,True,4,64,8128,1,1,1.0,0.0,0.0,4,64,256,512,0.0625,1984,31,8128,127,1650,1650,19792499048448,0,0
simt,4,128,20,590.6856457392374,547.7303167184194,547.1843083699545,591.4984991153082,1.0809858580874958,5,5,0,simt_rotate_aligned_event_median,results/v4_retest_full_23.json,True,4,80,10160,2,1,1.0,0.0,0.0,4,80,320,512,0.05,1575,25,8128,127,1650,1650,19792499048448,0,0
simt,4,128,24,510.69284975528717,509.2769811550776,508.0610165993372,519.7539925575256,1.0230149048562205,5,5,0,simt_rotate_aligned_event_median,results/v4_retest_full_23.json,True,4,96,12192,2,1,1.0,0.0,0.0,4,96,384,512,0.041666666666666664,1302,21,8128,127,1650,1650,19793356783616,0,0
simt,4,128,32,565.6298299630483,561.8966718514761,558.7456524372101,619.2006965478262,1.1081977888273766,5,5,0,simt_rotate_aligned_event_median,results/v4_retest_full_23.json,True,4,128,16256,3,1,1.0,0.0,0.0,4,128,512,512,0.03125,960,15,8128,127,1650,1650,19793356783616,0,0
simt,4,128,40,611.6831948359808,611.4248335361481,611.1888736486435,613.0266586939493,1.0030069019979613,5,5,0,simt_rotate_aligned_event_median,results/v4_retest_full_23.json,True,4,160,20320,4,1,1.0,0.0,0.0,4,128,512,512,0.03125,1081,25,8128,127,1650,1650,19793356783616,0,0
simt,4,128,48,612.8734648227692,612.7401987711588,612.2649858395258,613.2278343041738,1.0015726008949013,5,5,0,simt_rotate_aligned_event_median,results/v4_retest_full_23.json,True,4,192,24384,5,1,1.0,0.0,0.0,4,128,512,512,0.03125,1071,21,8128,127,1650,1650,19793356783616,0,0
simt,4,128,64,619.7786579529444,616.8761750062307,611.2170318762461,620.8948393662771,1.0158336678876947,5,5,0,simt_rotate_aligned_event_median,results/v4_retest_full_23.json,True,4,256,32512,7,1,1.0,0.0,0.0,4,128,512,512,0.03125,960,15,8128,127,1650,1650,19793356783616,0,0
simt,4,128,96,601.0223428408304,600.6753245989481,600.6596833467484,602.2634953260422,1.002670084281931,5,5,0,simt_rotate_aligned_event_median,results/v4_retest_full_23.json,True,4,384,48768,11,1,1.0,0.0,0.0,4,128,512,512,0.03125,960,15,4516,85,1650,1650,19793356783616,0,0
simt,4,128,128,575.9115169445673,574.8068243265152,574.6336529652277,576.6406655311584,1.003492681912335,5,5,0,simt_rotate_aligned_event_median,results/v4_retest_full_23.json,True,4,512,65024,15,1,1.0,0.0,0.0,4,128,512,512,0.03125,960,15,4032,63,1650,1650,19793356783616,0,0
simt,4,128,192,585.8925133943558,585.8131498098373,582.8435073296229,586.9396676619848,1.0070278904729144,5,5,0,simt_rotate_aligned_event_median,results/v4_retest_full_23.json,True,4,768,97536,23,1,1.0,0.0,0.0,4,128,512,512,0.03125,960,15,2667,42,1650,1650,19793356783616,0,0
simt,4,128,256,484.72734292348224,484.6588522195816,483.3029955625534,486.93766196568805,1.0075204714982244,5,5,0,simt_rotate_aligned_event_median,results/v4_retest_full_23.json,True,4,1024,130048,31,1,1.0,0.0,0.0,4,128,512,512,0.03125,960,15,1984,31,1650,1650,19793356783616,0,0
simt,4,256,1,149.2730031410853,149.08665915330252,148.19133778413138,149.54184492429098,1.0091132664051314,5,5,0,simt_rotate_aligned_event_median,results/v4_retest_full_23.json,True,4,4,1020,0,0,2.0,0.0,0.0,8,8,32,1024,1.0,32640,255,32640,255,1650,1650,19792499048448,0,0
simt,4,256,2,153.58582635720572,153.56833736101785,152.83500651518503,153.83983155091605,1.0065745738403928,5,5,0,simt_rotate_aligned_event_median,results/v4_retest_full_23.json,True,4,8,2040,0,0,2.0,0.0,0.0,8,16,64,1024,0.5,32640,255,32640,255,1650,1650,19792499048448,0,0
simt,4,256,3,190.0488336881002,189.8425022761027,189.22017018000284,191.0884976387024,1.009873828233651,5,5,0,simt_rotate_aligned_event_median,results/v4_retest_full_23.json,True,4,12,3060,0,0,2.0,0.0,0.0,8,24,96,1024,0.3333333333333333,18105,170,32640,255,1650,1650,19792499048448,0,0
simt,4,256,4,200.94233751296997,200.19016663233438,199.77383315563202,206.02383216222128,1.0312853736040608,5,5,0,simt_rotate_aligned_event_median,results/v4_retest_full_23.json,True,4,16,4080,0,0,2.0,0.0,0.0,8,32,128,1024,0.25,16256,127,32640,255,1650,1650,19792499048448,0,0
simt,4,256,5,507.6536486546198,506.1874886353811,441.52766466140747,508.9695155620575,1.1527466029843654,5,5,0,simt_rotate_aligned_event_median,results/v4_retest_full_23.json,True,4,20,5100,1,1,2.0,0.0,0.0,8,40,160,1024,0.2,11679,102,32640,255,1650,1650,19792499048448,0,0
simt,4,256,6,523.915653427442,523.1891522804896,454.5706609884898,527.4061759312948,1.160229247493492,5,5,0,simt_rotate_aligned_event_median,results/v4_retest_full_23.json,True,4,24,6120,1,1,2.0,0.0,0.0,8,48,192,1024,0.16666666666666666,10795,85,32640,255,1650,1650,19792499048448,0,0
simt,4,256,7,533.2091599702835,532.9878131548563,455.99716901779175,534.4811578591665,1.1721150791581176,5,5,0,simt_rotate_aligned_event_median,results/v4_retest_full_23.json,True,4,28,7140,1,1,2.0,0.0,0.0,8,56,224,1024,0.14285714285714285,8587,73,32640,255,1650,1650,19792499048448,0,0
simt,4,256,8,533.339316646258,533.150851726532,458.557332555453,534.6184919277827,1.1658705552661326,5,5,0,simt_rotate_aligned_event_median,results/v4_retest_full_23.json,True,4,32,8160,1,1,2.0,0.0,0.0,8,64,256,1024,0.125,8064,63,32640,255,1650,1650,19792499048448,0,0
simt,4,256,9,584.4971686601639,584.2195004224777,539.4601772228876,585.9663188457489,1.0862086648587712,5,5,0,simt_rotate_aligned_event_median,results/v4_retest_full_23.json,True,4,36,9180,2,1,2.0,0.0,0.0,8,72,288,1024,0.1111111111111111,6762,56,32640,255,1650,1650,19792499048448,0,0
simt,4,256,10,588.6555314064026,586.9008600711823,550.6380051374435,589.7056957085928,1.0709498621719684,5,5,0,simt_rotate_aligned_event_median,results/v4_retest_full_23.json,True,4,40,10200,2,1,2.0,0.0,0.0,8,80,320,1024,0.1,6426,51,32640,255,1650,1650,19792499048448,0,0
simt,4,256,11,599.3301967779795,599.0410248438517,553.0266662438711,600.747803846995,1.0862908436716867,5,5,0,simt_rotate_aligned_event_median,results/v4_retest_full_23.json,True,4,44,11220,2,1,2.0,0.0,0.0,8,88,352,1024,0.09090909090909091,5566,46,32640,255,1650,1650,19792499048448,0,0
simt,4,256,12,553.2236695289612,548.1351713339487,547.7344989776611,599.8356739679972,1.0951212222118238,5,5,0,simt_rotate_aligned_event_median,results/v4_retest_full_23.json,True,4,48,12240,2,1,2.0,0.0,0.0,8,96,384,1024,0.08333333333333333,5334,42,32640,255,1650,1650,19793356783616,0,0
simt,4,256,16,559.7935765981674,554.6038250128428,554.6038250128428,612.8903031349182,1.1050957016402216,4,5,1,simt_rotate_aligned_event_median,results/v4_retest_full_23.json,True,4,64,16320,3,1,2.0,0.0,0.0,8,128,512,1024,0.0625,3968,31,32640,255,1650,1650,19793356783616,0,0
simt,4,256,20,637.6908123493195,637.4763051668803,637.1676425139109,638.5582983493805,1.0021825587846596,5,5,0,simt_rotate_aligned_event_median,results/v4_retest_full_23.json,True,4,80,20400,4,1,2.0,0.0,0.0,8,160,640,1024,0.05,4476,51,32640,255,1650,1650,19793356783616,0,0
simt,4,256,24,654.6258131663004,654.4381479422251,654.0646950403849,655.8501521746317,1.002729786744011,5,5,0,simt_rotate_aligned_event_median,results/v4_retest_full_23.json,True,4,96,24480,5,1,2.0,0.0,0.0,8,192,768,1024,0.041666666666666664,4431,42,32640,255,1650,1650,19793356783616,0,0
simt,4,256,32,699.7641722361246,698.2580224672953,698.2580224672953,1199.3446350097656,1.7176238531021533,3,5,2,simt_rotate_aligned_event_median,results/v4_retest_full_23.json,True,4,128,32640,7,1,2.0,0.0,0.0,8,256,1024,1024,0.03125,3968,31,32640,255,1650,1650,19793356783616,0,0
simt,4,256,40,667.5230065981547,665.8029655615488,665.2911404768626,670.187513033549,1.0073597441162028,5,5,0,simt_rotate_aligned_event_median,results/v4_retest_full_23.json,True,4,160,40800,9,1,2.0,0.0,0.0,8,256,1024,1024,0.03125,4138,38,22185,204,1650,1650,19793356783616,0,0
simt,4,256,48,659.3615313371023,659.0585112571716,658.173123995463,662.3176336288452,1.006296990081003,5,5,0,simt_rotate_aligned_event_median,results/v4_retest_full_23.json,True,4,192,48960,11,1,2.0,0.0,0.0,8,256,1024,1024,0.03125,3968,31,18105,170,1650,1650,19793356783616,0,0
simt,4,256,64,615.2906666199366,614.9679819742838,614.9679819742838,615.6133512655894,1.0010494355970105,2,5,3,simt_rotate_aligned_event_median,results/v4_retest_full_23.json,True,4,256,65280,15,1,2.0,0.0,0.0,8,256,1024,1024,0.03125,3968,31,16256,127,1650,1650,19793356783616,0,0
simt,4,256,96,684.3213240305582,683.3108266194662,681.8224986394247,686.0783100128174,1.006241817161923,5,5,0,simt_rotate_aligned_event_median,results/v4_retest_full_23.json,True,4,384,97920,23,1,2.0,0.0,0.0,8,256,1024,1024,0.03125,3968,31,10795,85,1650,1650,19793356783616,0,0
simt,4,256,128,579.2783399422964,579.2783399422964,579.2783399422964,579.2783399422964,1.0,1,5,4,simt_rotate_aligned_event_median,results/v4_retest_full_23.json,True,4,512,130560,31,1,2.0,0.0,0.0,8,256,1024,1024,0.03125,3968,31,8064,63,1650,1650,19793356783616,0,0
simt,4,256,192,589.884360631307,588.8941685358683,588.370660940806,590.5591746171316,1.0037196172780372,5,5,0,simt_rotate_aligned_event_median,results/v4_retest_full_23.json,True,4,768,195840,47,1,2.0,0.0,0.0,8,256,1024,1024,0.03125,3968,31,5334,42,1650,1650,19793356783616,0,0
simt,4,256,256,599.8865167299906,485.29166479905444,302.28384335835773,808.8363607724508,2.6757512137807997,5,5,0,simt_rotate_aligned_event_median,results/v4_retest_full_23.json,True,4,1024,261120,63,1,2.0,0.0,0.0,8,256,1024,1024,0.03125,3968,31,3968,31,1650,1650,19793356783616,0,0
simt,4,512,1,198.03383946418762,197.53067195415497,196.89667224884033,199.96916254361471,1.0156045821378399,5,5,0,simt_rotate_aligned_event_median,results/v4_retest_full_23.json,True,4,4,2044,0,0,4.0,0.0,0.0,16,16,64,2048,1.0,130816,511,130816,511,1650,1650,19792499048448,0,0
simt,4,512,2,165.75833658377329,165.27549425760904,164.99766210714975,167.7528371413549,1.0166982671088753,5,5,0,simt_rotate_aligned_event_median,results/v4_retest_full_23.json,True,4,8,4088,0,0,4.0,0.0,0.0,16,32,128,2048,0.5,65280,255,130816,511,1650,1650,19792499048448,0,0
simt,4,512,3,509.93231435616815,507.64967004458106,439.65866168340045,510.8039975166321,1.1618194795954313,5,5,0,simt_rotate_aligned_event_median,results/v4_retest_full_23.json,True,4,12,6132,1,1,4.0,0.0,0.0,16,48,192,2048,0.3333333333333333,43435,170,130816,511,1650,1650,19792499048448,0,0
simt,4,512,4,490.99501470724744,490.3135101000468,426.5771508216858,491.9616828362147,1.1532771548794474,5,5,0,simt_rotate_aligned_event_median,results/v4_retest_full_23.json,True,4,16,8176,1,1,4.0,0.0,0.0,16,64,256,2048,0.25,32512,127,130816,511,1650,1650,19792499048448,0,0
simt,4,512,5,582.0006678501765,579.7551870346069,545.7693338394165,583.0568273862203,1.0683209759780585,5,5,0,simt_rotate_aligned_event_median,results/v4_retest_full_23.json,True,4,20,10220,2,1,4.0,0.0,0.0,16,80,320,2048,0.2,25959,102,130816,511,1650,1650,19792499048448,0,0
simt,4,512,6,553.9313405752182,551.6078422466913,548.1041769186655,602.6328504085541,1.0994859659644232,5,5,0,simt_rotate_aligned_event_median,results/v4_retest_full_23.json,True,4,24,12264,2,1,4.0,0.0,0.0,16,96,384,2048,0.16666666666666666,21590,85,130816,511,1650,1650,19793356783616,0,0
simt,4,512,7,557.490348815918,554.6726485093435,553.795670469602,608.2125206788381,1.0982616028093761,5,5,0,simt_rotate_aligned_event_median,results/v4_retest_full_23.json,True,4,28,14308,3,1,4.0,0.0,0.0,16,112,448,2048,0.14285714285714285,18469,73,130816,511,1650,1650,19793356783616,0,0
simt,4,512,8,565.6266510486603,563.3829931418101,559.3591729799906,616.0748104254404,1.1013939525534135,5,5,0,simt_rotate_aligned_event_median,results/v4_retest_full_23.json,True,4,32,16352,3,1,4.0,0.0,0.0,16,128,512,2048,0.125,16128,63,130816,511,1650,1650,19793356783616,0,0
simt,4,512,9,622.8842039903005,622.6139763991038,621.8303442001343,627.5933186213175,1.0092677600489184,5,5,0,simt_rotate_aligned_event_median,results/v4_retest_full_23.json,True,4,36,18396,4,1,4.0,0.0,0.0,16,144,576,2048,0.1111111111111111,17500,112,130816,511,1100,1650,19793356783616,0,0
simt,4,512,10,634.5224678516388,634.2886785666147,632.3958138624827,635.5856955051422,1.0050441220082984,5,5,0,simt_rotate_aligned_event_median,results/v4_retest_full_23.json,True,4,40,20440,4,1,4.0,0.0,0.0,16,160,640,2048,0.1,18105,102,130816,511,1650,1650,19793356783616,0,0
simt,4,512,11,641.4115230242411,641.0093208154043,640.6426429748535,642.2441502412161,1.002499844935276,5,5,0,simt_rotate_aligned_event_median,results/v4_retest_full_23.json,True,4,44,22484,5,1,4.0,0.0,0.0,16,176,704,2048,0.09090909090909091,18148,93,130816,511,1650,1650,19793356783616,0,0
simt,4,512,12,651.6837080319723,651.6583263874054,651.2806713581085,653.0001759529114,1.0026401898143502,5,5,0,simt_rotate_aligned_event_median,results/v4_retest_full_23.json,True,4,48,24528,5,1,4.0,0.0,0.0,16,192,768,2048,0.08333333333333333,17935,85,130816,511,1650,1650,19793356783616,0,0
simt,4,512,16,703.5330136617025,703.2783130804697,702.4781803290049,704.451342423757,1.0028088589083692,5,5,0,simt_rotate_aligned_event_median,results/v4_retest_full_23.json,True,4,64,32704,7,1,4.0,0.0,0.0,16,256,1024,2048,0.0625,16128,63,130816,511,1650,1650,19793356783616,0,0
simt,4,512,20,705.8639824390411,704.6350240707397,703.4519612789154,706.8828046321869,1.0048771537249452,5,5,0,simt_rotate_aligned_event_median,results/v4_retest_full_23.json,True,4,80,40880,9,1,4.0,0.0,0.0,16,320,1280,2048,0.05,16806,77,88996,409,1650,1650,19793356783616,0,0
simt,4,512,24,704.9981455008189,704.9063245455424,704.5491933822632,705.6617935498556,1.001579166051204,5,5,0,simt_rotate_aligned_event_median,results/v4_retest_full_23.json,True,4,96,49056,11,1,4.0,0.0,0.0,16,384,1536,2048,0.041666666666666664,16128,63,72676,341,1650,1650,19793356783616,0,0
simt,4,512,32,682.3426683743795,680.6606849034628,680.5246671040853,684.0923627217611,1.0052425661994853,5,5,0,simt_rotate_aligned_event_median,results/v4_retest_full_23.json,True,4,128,65408,15,1,4.0,0.0,0.0,16,512,2048,2048,0.03125,16128,63,65280,255,1650,1650,19793356783616,0,0
simt,4,512,40,687.2119704882303,686.5208049615225,685.8661472797394,689.1129612922668,1.0047338887119663,5,5,0,simt_rotate_aligned_event_median,results/v4_retest_full_23.json,True,4,160,81760,19,1,4.0,0.0,0.0,16,512,2048,2048,0.03125,16128,63,46971,204,1650,1650,19793356783616,0,0
simt,4,512,48,668.8438256581625,668.1026518344879,666.0472949345907,670.0610319773356,1.0060262042549681,5,5,0,simt_rotate_aligned_event_median,results/v4_retest_full_23.json,True,4,192,98112,23,1,4.0,0.0,0.0,16,512,2048,2048,0.03125,16128,63,43435,170,1650,1650,19793356783616,0,0
simt,4,512,64,644.896000623703,644.5974906285604,642.8036292394003,645.5100278059641,1.0042103038057923,5,5,0,simt_rotate_aligned_event_median,results/v4_retest_full_23.json,True,4,256,130816,31,1,4.0,0.0,0.0,16,512,2048,2048,0.03125,16128,63,32512,127,1650,1650,19793356783616,0,0
simt,4,512,96,915.9088532129923,914.6021803220113,913.8232072194418,917.8858399391174,1.004445753497591,5,5,0,simt_rotate_aligned_event_median,results/v4_retest_full_23.json,True,4,384,196224,47,1,4.0,0.0,0.0,16,512,2048,2048,0.03125,16128,63,21590,85,1650,1650,19793356783616,0,0
simt,4,512,128,590.2785162130991,589.4879996776581,587.9858632882436,593.4385359287262,1.0092734757430886,5,5,0,simt_rotate_aligned_event_median,results/v4_retest_full_23.json,True,4,512,261632,63,1,4.0,0.0,0.0,16,512,2048,2048,0.03125,16128,63,16128,63,1650,1650,19793356783616,0,0
simt,4,512,192,845.6443150838217,844.7314898173014,833.4544897079468,846.6097911198934,1.0157840668859512,5,5,0,simt_rotate_aligned_event_median,results/v4_retest_full_23.json,True,4,768,392448,95,1,4.0,0.0,0.0,16,512,2048,2048,0.03125,16128,63,10668,42,1650,1650,19793356783616,0,0
simt,4,512,256,503.299335638682,503.1873484452566,501.6323129336039,504.89998857180274,1.00651408522527,5,5,0,simt_rotate_aligned_event_median,results/v4_retest_full_23.json,True,4,1024,523264,127,1,4.0,0.0,0.0,16,512,2048,2048,0.03125,16128,63,7936,31,1650,1650,19793356783616,0,0
simt,8,4,1,133.5243284702301,133.03516308466592,133.02250703175864,134.58467523256937,1.011743638243397,5,5,0,simt_rotate_aligned_event_median,results/v4_retest_full_23.json,True,4,4,12,0,0,0.015625,63.0,63.0,8,1,8,16,0.125,6,3,6,3,1650,1650,19792499048448,0,0
simt,8,4,2,134.7739944855372,133.86483987172446,131.94449742635092,135.58500508467355,1.0275912048575933,5,5,0,simt_rotate_aligned_event_median,results/v4_retest_full_23.json,True,4,8,24,0,0,0.015625,63.0,63.0,8,1,8,16,0.125,6,3,6,3,1650,1650,19792499048448,0,0
simt,8,4,3,138.35000495115915,138.0366732676824,137.98417150974274,138.82716496785483,1.0061093489846593,5,5,0,simt_rotate_aligned_event_median,results/v4_retest_full_23.json,True,4,12,36,0,0,0.015625,63.0,63.0,8,1,8,16,0.125,6,3,6,3,1650,1650,19792499048448,0,0
simt,8,4,4,134.5528264840444,134.42649940649667,133.1505080064138,135.31415661176047,1.016249645891268,5,5,0,simt_rotate_aligned_event_median,results/v4_retest_full_23.json,True,4,16,48,0,0,0.015625,63.0,63.0,8,1,8,16,0.125,6,3,6,3,1650,1650,19792499048448,0,0
simt,8,4,5,137.36816247304282,137.1815005938212,136.48166259129843,138.92167309919992,1.017877936578251,5,5,0,simt_rotate_aligned_event_median,results/v4_retest_full_23.json,True,4,20,60,0,0,0.015625,63.0,63.0,8,1,8,16,0.125,6,3,6,3,1650,1650,19792499048448,0,0
simt,8,4,6,138.01650206247965,137.60899504025778,137.46149837970734,139.27765687306723,1.0132121249569326,5,5,0,simt_rotate_aligned_event_median,results/v4_retest_full_23.json,True,4,24,72,0,0,0.015625,63.0,63.0,8,1,8,16,0.125,6,3,6,3,1650,1650,19792499048448,0,0
simt,8,4,7,137.57100701332092,137.5624934832255,137.52283652623495,138.13315828641257,1.004437966635899,5,5,0,simt_rotate_aligned_event_median,results/v4_retest_full_23.json,True,4,28,84,0,0,0.015625,63.0,63.0,8,1,8,16,0.125,6,3,6,3,1650,1650,19792499048448,0,0
simt,8,4,8,134.3335062265396,134.32917495568594,133.93033544222513,135.4060024023056,1.0110181681783141,5,5,0,simt_rotate_aligned_event_median,results/v4_retest_full_23.json,True,4,32,96,0,0,0.015625,63.0,63.0,8,1,8,16,0.125,6,3,6,3,1650,1650,19792499048448,0,0
simt,8,4,9,137.7293368180593,137.69600292046866,137.43183016777039,138.11832666397095,1.004995178303036,5,5,0,simt_rotate_aligned_event_median,results/v4_retest_full_23.json,True,4,36,108,0,0,0.015625,63.0,63.0,8,1,8,16,0.125,6,3,6,3,1650,1650,19792499048448,0,0
simt,8,4,10,137.66416410605112,137.54999140898386,137.40566869576773,137.9756728808085,1.0041483309273276,5,5,0,simt_rotate_aligned_event_median,results/v4_retest_full_23.json,True,4,40,120,0,0,0.015625,63.0,63.0,8,1,8,16,0.125,6,3,6,3,1650,1650,19792499048448,0,0
simt,8,4,11,149.2671767870585,149.02366697788239,148.56567482153574,150.240828593572,1.0112755101341446,5,5,0,simt_rotate_aligned_event_median,results/v4_retest_full_23.json,True,4,44,132,0,0,0.015625,63.0,126.0,8,2,16,16,0.0625,6,3,6,3,1650,1650,19792499048448,0,0
simt,8,4,12,148.8435020049413,148.8081713517507,147.74232606093088,149.9306708574295,1.0148119016049342,5,5,0,simt_rotate_aligned_event_median,results/v4_retest_full_23.json,True,4,48,144,0,0,0.015625,63.0,126.0,8,2,16,16,0.0625,6,3,6,3,1650,1650,19792499048448,0,0
simt,8,4,16,148.0556676785151,147.77149756749472,147.64567216237387,148.60832691192627,1.0065200336417157,5,5,0,simt_rotate_aligned_event_median,results/v4_retest_full_23.json,True,4,64,192,0,0,0.015625,63.0,126.0,8,2,16,16,0.0625,6,3,6,3,1650,1650,19792499048448,0,0
simt,8,4,20,149.4238426287969,149.13900196552277,148.62550298372904,151.51367088158926,1.019432518914176,5,5,0,simt_rotate_aligned_event_median,results/v4_retest_full_23.json,True,4,80,240,0,0,0.015625,63.0,126.0,8,2,16,16,0.0625,6,3,6,3,1650,1650,19792499048448,0,0
simt,8,4,24,165.5504951874415,165.49333930015564,165.20183285077414,165.69549341996512,1.0029882269504655,5,5,0,simt_rotate_aligned_event_median,results/v4_retest_full_23.json,True,4,96,288,0,0,0.015625,63.0,189.0,8,3,24,16,0.041666666666666664,6,3,6,3,1650,1650,19792499048448,0,0
simt,8,4,32,179.8021694024404,179.6931674083074,179.63616053263345,180.51832417647043,1.0049108355534948,5,5,0,simt_rotate_aligned_event_median,results/v4_retest_full_23.json,True,4,128,384,0,0,0.015625,63.0,252.0,8,4,32,16,0.03125,6,3,6,3,1650,1650,19792499048448,0,0
simt,8,4,40,179.728165268898,179.47699626286825,179.14066215356192,181.29383524258932,1.0120194547856571,5,5,0,simt_rotate_aligned_event_median,results/v4_retest_full_23.json,True,4,160,480,0,0,0.015625,63.0,252.0,8,4,32,16,0.03125,6,3,6,3,1650,1650,19792499048448,0,0
simt,8,4,48,179.79166905085245,179.71832553545633,178.37700744469961,181.0278296470642,1.0148607841354575,5,5,0,simt_rotate_aligned_event_median,results/v4_retest_full_23.json,True,4,192,576,0,0,0.015625,63.0,252.0,8,4,32,16,0.03125,6,3,6,3,1650,1650,19792499048448,0,0
simt,8,4,64,179.87266182899475,179.872656861941,179.63983118534088,180.71283400058746,1.0059730785102972,5,5,0,simt_rotate_aligned_event_median,results/v4_retest_full_23.json,True,4,256,768,0,0,0.015625,63.0,252.0,8,4,32,16,0.03125,6,3,6,3,1650,1650,19792499048448,0,0
simt,8,4,96,165.5396670103073,165.50434132417044,165.21917283535004,166.1613384882609,1.0057025200934142,5,5,0,simt_rotate_aligned_event_median,results/v4_retest_full_23.json,True,4,384,1152,0,0,0.015625,63.0,252.0,8,4,32,16,0.03125,6,3,6,3,1650,1650,19792499048448,0,0
simt,8,4,128,155.5031736691793,155.0885091225306,154.70667680104575,155.7991753021876,1.0070617411202414,5,5,0,simt_rotate_aligned_event_median,results/v4_retest_full_23.json,True,4,512,1536,0,0,0.015625,63.0,252.0,8,4,32,16,0.03125,6,3,6,3,1650,1650,19792499048448,0,0
simt,8,4,192,152.3106743892034,152.24067370096842,151.87367300192514,152.71449089050293,1.0055362978451645,5,5,0,simt_rotate_aligned_event_median,results/v4_retest_full_23.json,True,4,768,2304,0,0,0.015625,63.0,252.0,8,4,32,16,0.03125,3,2,6,3,1650,1650,19792499048448,0,0
simt,8,4,256,144.73198850949606,144.69949901103973,144.45332686106363,145.00817159811655,1.0038409965980677,5,5,0,simt_rotate_aligned_event_median,results/v4_retest_full_23.json,True,4,1024,3072,0,0,0.015625,63.0,252.0,8,4,32,16,0.03125,2,1,6,3,1650,1650,19792499048448,0,0
simt,8,8,1,133.18367302417755,133.02000363667807,132.98500080903372,134.19200479984283,1.0090762415570638,5,5,0,simt_rotate_aligned_event_median,results/v4_retest_full_23.json,True,4,4,28,0,0,0.03125,31.0,31.0,8,1,8,32,0.25,28,7,28,7,1650,1650,19792499048448,0,0
simt,8,8,2,135.0316603978475,134.21500225861868,133.91733169555664,135.16584038734436,1.0093229806476882,5,5,0,simt_rotate_aligned_event_median,results/v4_retest_full_23.json,True,4,8,56,0,0,0.03125,31.0,31.0,8,1,8,32,0.25,28,7,28,7,1650,1650,19792499048448,0,0
simt,8,8,3,137.5831663608551,137.57184147834778,137.53783206144968,138.20350666840872,1.0048399381972346,5,5,0,simt_rotate_aligned_event_median,results/v4_retest_full_23.json,True,4,12,84,0,0,0.03125,31.0,31.0,8,1,8,32,0.25,28,7,28,7,1650,1650,19792499048448,0,0
simt,8,8,4,134.35684144496918,134.21417276064554,133.68584215641022,134.48799153168997,1.0060002567387896,5,5,0,simt_rotate_aligned_event_median,results/v4_retest_full_23.json,True,4,16,112,0,0,0.03125,31.0,31.0,8,1,8,32,0.25,28,7,28,7,1650,1650,19792499048448,0,0
simt,8,8,5,148.86466165383658,148.82349967956543,147.8258321682612,149.18400843938193,1.0091876788461085,5,5,0,simt_rotate_aligned_event_median,results/v4_retest_full_23.json,True,4,20,140,0,0,0.03125,31.0,62.0,8,2,16,32,0.125,28,7,28,7,1650,1650,19792499048448,0,0
simt,8,8,6,148.97016187508902,148.8836705684662,147.9671597480774,149.27883446216583,1.0088646339925809,5,5,0,simt_rotate_aligned_event_median,results/v4_retest_full_23.json,True,4,24,168,0,0,0.03125,31.0,62.0,8,2,16,32,0.125,28,7,28,7,1650,1650,19792499048448,0,0
simt,8,8,7,149.18532967567444,149.0810066461563,148.545170823733,149.33516085147858,1.0053181804791418,5,5,0,simt_rotate_aligned_event_median,results/v4_retest_full_23.json,True,4,28,196,0,0,0.03125,31.0,62.0,8,2,16,32,0.125,28,7,28,7,1650,1650,19792499048448,0,0
simt,8,8,8,148.115004102389,148.02267650763193,146.97466790676117,148.69166910648346,1.0116822934467287,5,5,0,simt_rotate_aligned_event_median,results/v4_retest_full_23.json,True,4,32,224,0,0,0.03125,31.0,62.0,8,2,16,32,0.125,28,7,28,7,1650,1650,19792499048448,0,0
simt,8,8,9,148.94266923268637,148.82349967956543,148.2071727514267,150.02267062664032,1.0122497301683135,5,5,0,simt_rotate_aligned_event_median,results/v4_retest_full_23.json,True,4,36,252,0,0,0.03125,31.0,62.0,8,2,16,32,0.125,28,7,28,7,1650,1650,19792499048448,0,0
simt,8,8,10,165.2594953775406,165.25783638159433,165.15732804934183,165.96917808055878,1.0049156161631194,5,5,0,simt_rotate_aligned_event_median,results/v4_retest_full_23.json,True,4,40,280,0,0,0.03125,31.0,93.0,8,3,24,32,0.08333333333333333,28,7,28,7,1650,1650,19792499048448,0,0
simt,8,8,11,165.23516674836478,165.10850191116333,165.05115727583566,165.53432742754617,1.0029273963278127,5,5,0,simt_rotate_aligned_event_median,results/v4_retest_full_23.json,True,4,44,308,0,0,0.03125,31.0,93.0,8,3,24,32,0.08333333333333333,28,7,28,7,1650,1650,19792499048448,0,0
simt,8,8,12,165.21799564361572,165.14267027378082,165.09400804837546,166.15467270215353,1.006424610234596,5,5,0,simt_rotate_aligned_event_median,results/v4_retest_full_23.json,True,4,48,336,0,0,0.03125,31.0,93.0,8,3,24,32,0.08333333333333333,28,7,28,7,1650,1650,19792499048448,0,0
simt,8,8,16,179.8080007235209,179.73216871420541,179.45967117945352,179.86400425434113,1.0022530581507825,5,5,0,simt_rotate_aligned_event_median,results/v4_retest_full_23.json,True,4,64,448,0,0,0.03125,31.0,124.0,8,4,32,32,0.0625,28,7,28,7,1650,1650,19792499048448,0,0
simt,8,8,20,195.8086689313253,195.5725053946177,193.90150904655457,196.3303287823995,1.0125260486511314,5,5,0,simt_rotate_aligned_event_median,results/v4_retest_full_23.json,True,4,80,560,0,0,0.03125,31.0,155.0,8,5,40,32,0.05,28,7,28,7,1650,1650,19792499048448,0,0
simt,8,8,24,195.8205054203669,195.6765055656433,195.53765654563904,197.4160075187683,1.0096060830753122,5,5,0,simt_rotate_aligned_event_median,results/v4_retest_full_23.json,True,4,96,672,0,0,0.03125,31.0,186.0,8,6,48,32,0.041666666666666664,28,7,28,7,1650,1650,19792499048448,0,0
simt,8,8,32,199.93666311105093,199.60366189479828,198.730006814003,200.8336732784907,1.0105855502055943,5,5,0,simt_rotate_aligned_event_median,results/v4_retest_full_23.json,True,4,128,896,0,0,0.03125,31.0,248.0,8,8,64,32,0.03125,28,7,28,7,1650,1650,19792499048448,0,0
simt,8,8,40,198.81482422351837,197.26999600728354,196.7759976784388,199.06816879908243,1.011648631681133,5,5,0,simt_rotate_aligned_event_median,results/v4_retest_full_23.json,True,4,160,1120,0,0,0.03125,31.0,248.0,8,8,64,32,0.03125,28,7,28,7,1650,1650,19792499048448,0,0
simt,8,8,48,195.81949710845947,195.660670598348,195.24582723776498,196.6821700334549,1.0073565863916814,5,5,0,simt_rotate_aligned_event_median,results/v4_retest_full_23.json,True,4,192,1344,0,0,0.03125,31.0,248.0,8,8,64,32,0.03125,28,7,28,7,1650,1650,19792499048448,0,0
simt,8,8,64,186.3483339548111,186.29800279935202,186.21466060479483,187.49151130517325,1.0068568752655211,5,5,0,simt_rotate_aligned_event_median,results/v4_retest_full_23.json,True,4,256,1792,0,0,0.03125,31.0,248.0,8,8,64,32,0.03125,28,7,28,7,1650,1650,19792499048448,0,0
simt,8,8,96,170.3610122203827,170.31466464201608,169.8596626520157,345.2339818080266,2.0324659570017687,5,5,0,simt_rotate_aligned_event_median,results/v4_retest_full_23.json,True,4,384,2688,0,0,0.03125,31.0,248.0,8,8,64,32,0.03125,16,5,28,7,1650,1650,19792499048448,0,0
simt,8,8,128,165.91167449951172,165.05350172519684,164.8226628700892,166.13000134627023,1.0079317883440062,5,5,0,simt_rotate_aligned_event_median,results/v4_retest_full_23.json,True,4,512,3584,0,0,0.03125,31.0,248.0,8,8,64,32,0.03125,12,3,28,7,1650,1650,19792499048448,0,0
simt,8,8,192,241.4425015449524,215.04501005013785,207.55983889102936,430.3366740544637,2.0733137795524788,5,5,0,simt_rotate_aligned_event_median,results/v4_retest_full_23.json,True,4,768,5376,1,1,0.03125,31.0,248.0,8,8,64,32,0.03125,7,2,28,7,1650,1650,19792499048448,0,0
simt,8,8,256,151.6931653022766,151.5664905309677,151.53766175111136,151.83701117833456,1.001975412737428,5,5,0,simt_rotate_aligned_event_median,results/v4_retest_full_23.json,True,4,1024,7168,1,1,0.03125,31.0,248.0,8,8,64,32,0.03125,4,1,28,7,1650,1650,19792499048448,0,0
simt,8,16,1,133.15115869045258,132.81250496705374,132.5958420832952,133.22900235652924,1.0047751140856762,5,5,0,simt_rotate_aligned_event_median,results/v4_retest_full_23.json,True,4,4,60,0,0,0.0625,15.0,15.0,8,1,8,64,0.5,120,15,120,15,1650,1650,19792499048448,0,0
simt,8,16,2,134.163831671079,134.01666283607483,134.0090036392212,134.85533992449442,1.0063155180793055,5,5,0,simt_rotate_aligned_event_median,results/v4_retest_full_23.json,True,4,8,120,0,0,0.0625,15.0,15.0,8,1,8,64,0.5,120,15,120,15,1650,1650,19792499048448,0,0
simt,8,16,3,149.15883044401804,149.1104910771052,148.90133341153464,149.5365003744761,1.0042656902284817,5,5,0,simt_rotate_aligned_event_median,results/v4_retest_full_23.json,True,4,12,180,0,0,0.0625,15.0,30.0,8,2,16,64,0.25,120,15,120,15,1650,1650,19792499048448,0,0
simt,8,16,4,147.99484113852182,147.72632718086243,147.407998641332,148.16234012444815,1.0051173714457082,5,5,0,simt_rotate_aligned_event_median,results/v4_retest_full_23.json,True,4,16,240,0,0,0.0625,15.0,30.0,8,2,16,64,0.25,120,15,120,15,1650,1650,19792499048448,0,0
simt,8,16,5,165.38265844186148,165.07934033870697,164.8713300625483,169.7199990351995,1.0294088060720545,5,5,0,simt_rotate_aligned_event_median,results/v4_retest_full_23.json,True,4,20,300,0,0,0.0625,15.0,45.0,8,3,24,64,0.16666666666666666,120,15,120,15,1650,1650,19792499048448,0,0
simt,8,16,6,165.39682944615683,165.1919980843862,165.07066786289215,165.4285043478012,1.0021677775315374,5,5,0,simt_rotate_aligned_event_median,results/v4_retest_full_23.json,True,4,24,360,0,0,0.0625,15.0,45.0,8,3,24,64,0.16666666666666666,120,15,120,15,1650,1650,19792499048448,0,0
simt,8,16,7,179.77682749430338,179.5896738767624,179.40949400266013,180.27949333190918,1.0048492379630487,5,5,0,simt_rotate_aligned_event_median,results/v4_retest_full_23.json,True,4,28,420,0,0,0.0625,15.0,60.0,8,4,32,64,0.125,120,15,120,15,1650,1650,19792499048448,0,0
simt,8,16,8,179.87317343552908,179.83117202917734,178.20016543070474,180.00900248686472,1.0101505913408557,5,5,0,simt_rotate_aligned_event_median,results/v4_retest_full_23.json,True,4,32,480,0,0,0.0625,15.0,60.0,8,4,32,64,0.125,120,15,120,15,1650,1650,19792499048448,0,0
simt,8,16,9,195.13550400733948,195.04383206367493,193.84883840878805,195.35117348035178,1.0077500339124839,5,5,0,simt_rotate_aligned_event_median,results/v4_retest_full_23.json,True,4,36,540,0,0,0.0625,15.0,75.0,8,5,40,64,0.1,120,15,120,15,1650,1650,19792499048448,0,0
simt,8,16,10,195.15432914098105,194.90199287732443,194.34133172035217,196.46315773328146,1.010918037836555,5,5,0,simt_rotate_aligned_event_median,results/v4_retest_full_23.json,True,4,40,600,0,0,0.0625,15.0,75.0,8,5,40,64,0.1,120,15,120,15,1650,1650,19792499048448,0,0
simt,8,16,11,195.7980046669642,195.41150828202566,195.2574998140335,199.15583729743958,1.0199651101090554,5,5,0,simt_rotate_aligned_event_median,results/v4_retest_full_23.json,True,4,44,660,0,0,0.0625,15.0,90.0,8,6,48,64,0.08333333333333333,120,15,120,15,1650,1650,19792499048448,0,0
simt,8,16,12,196.45866751670837,195.8636740843455,195.64133882522583,197.5950002670288,1.0099859337169446,5,5,0,simt_rotate_aligned_event_median,results/v4_retest_full_23.json,True,4,48,720,0,0,0.0625,15.0,90.0,8,6,48,64,0.08333333333333333,120,15,120,15,1650,1650,19792499048448,0,0
simt,8,16,16,200.07100701332092,199.88317290941873,197.76615997155508,200.88167488574982,1.0157535288880708,5,5,0,simt_rotate_aligned_event_median,results/v4_retest_full_23.json,True,4,64,960,0,0,0.0625,15.0,120.0,8,8,64,64,0.0625,120,15,120,15,1650,1650,19792499048448,0,0
simt,8,16,20,202.18616724014282,202.0046611626943,200.52083830038706,202.9886692762375,1.0123071048214627,5,5,0,simt_rotate_aligned_event_median,results/v4_retest_full_23.json,True,4,80,1200,0,0,0.0625,15.0,150.0,8,10,80,64,0.05,120,15,120,15,1650,1650,19792499048448,0,0
simt,8,16,24,204.01299993197122,203.72665921847025,203.54450742403665,207.2188307841619,1.0180516949665002,5,5,0,simt_rotate_aligned_event_median,results/v4_retest_full_23.json,True,4,96,1440,0,0,0.0625,15.0,180.0,8,12,96,64,0.041666666666666664,120,15,120,15,1650,1650,19792499048448,0,0
simt,8,16,32,211.19283139705658,210.54367224375406,209.2263251543045,211.71983083089194,1.011917743499765,5,5,0,simt_rotate_aligned_event_median,results/v4_retest_full_23.json,True,4,128,1920,0,0,0.0625,15.0,240.0,8,16,128,64,0.03125,120,15,120,15,1650,1650,19792499048448,0,0
simt,8,16,40,206.2898427248001,206.1769962310791,206.02633555730185,375.7985134919484,1.8240314398419617,5,5,0,simt_rotate_aligned_event_median,results/v4_retest_full_23.json,True,4,160,2400,0,0,0.0625,15.0,240.0,8,16,128,64,0.03125,81,12,120,15,1650,1650,19792499048448,0,0
simt,8,16,48,204.9243301153183,203.09683680534363,202.48250663280487,386.1759901046753,1.9072066843038065,5,5,0,simt_rotate_aligned_event_median,results/v4_retest_full_23.json,True,4,192,2880,0,0,0.0625,15.0,240.0,8,16,128,64,0.03125,65,10,120,15,1650,1650,19792499048448,0,0
simt,8,16,64,198.07699819405875,197.71348933378854,197.51833379268646,201.66349907716116,1.0209862305178488,5,5,0,simt_rotate_aligned_event_median,results/v4_retest_full_23.json,True,4,256,3840,0,0,0.0625,15.0,240.0,8,16,128,64,0.03125,56,7,120,15,1650,1650,19792499048448,0,0
simt,8,16,96,520.8008339007696,509.1761747996012,455.489844083786,550.4306852817535,1.2084367904819926,5,5,0,simt_rotate_aligned_event_median,results/v4_retest_full_23.json,True,4,384,5760,1,1,0.0625,15.0,240.0,8,16,128,64,0.03125,35,5,120,15,1650,1650,19792499048448,0,0
simt,8,16,128,494.79099611441296,494.7013407945633,419.7823355595271,496.41184012095135,1.1825458054572138,5,5,0,simt_rotate_aligned_event_median,results/v4_retest_full_23.json,True,4,512,7680,1,1,0.0625,15.0,240.0,8,16,128,64,0.03125,24,3,120,15,1650,1650,19792499048448,0,0
simt,8,16,192,456.65616790453595,456.2976658344269,454.8745055993398,464.65933819611865,1.02151105959189,5,5,0,simt_rotate_aligned_event_median,results/v4_retest_full_23.json,True,4,768,11520,2,1,0.0625,15.0,240.0,8,16,128,64,0.03125,14,2,120,15,1650,1650,19793356783616,0,0
simt,8,16,256,414.2891615629196,410.61097880204517,342.97532836596173,449.10498956839245,1.3094381794400913,5,5,0,simt_rotate_aligned_event_median,results/v4_retest_full_23.json,True,4,1024,15360,3,1,0.0625,15.0,240.0,8,16,128,64,0.03125,8,1,120,15,1650,1650,19793356783616,0,0
simt,8,32,1,133.03632537523904,132.56716231505075,132.55816201368967,133.4796647230784,1.0069516859270693,5,5,0,simt_rotate_aligned_event_median,results/v4_retest_full_23.json,True,4,4,124,0,0,0.125,7.0,7.0,8,1,8,128,1.0,496,31,496,31,1650,1650,19792499048448,0,0
simt,8,32,2,147.93082575003305,147.7681746085485,147.55283296108246,149.13232127825418,1.010704561108551,5,5,0,simt_rotate_aligned_event_median,results/v4_retest_full_23.json,True,4,8,248,0,0,0.125,7.0,14.0,8,2,16,128,0.5,496,31,496,31,1650,1650,19792499048448,0,0
simt,8,32,3,165.2198334534963,165.0631676117579,164.93067145347595,165.88599483172098,1.0057922724125603,5,5,0,simt_rotate_aligned_event_median,results/v4_retest_full_23.json,True,4,12,372,0,0,0.125,7.0,21.0,8,3,24,128,0.3333333333333333,496,31,496,31,1650,1650,19792499048448,0,0
simt,8,32,4,179.86915508906046,179.7733356555303,179.35467263062796,180.5711587270101,1.0067825726452493,5,5,0,simt_rotate_aligned_event_median,results/v4_retest_full_23.json,True,4,16,496,0,0,0.125,7.0,28.0,8,4,32,128,0.25,496,31,496,31,1650,1650,19792499048448,0,0
simt,8,32,5,194.96367375055948,194.68565781911215,194.60433721542358,196.25533123811087,1.008483850084285,5,5,0,simt_rotate_aligned_event_median,results/v4_retest_full_23.json,True,4,20,620,0,0,0.125,7.0,35.0,8,5,40,128,0.2,496,31,496,31,1650,1650,19792499048448,0,0
simt,8,32,6,195.78533867994943,195.66000004609427,195.42032976945242,195.92116276423135,1.0025628500134545,5,5,0,simt_rotate_aligned_event_median,results/v4_retest_full_23.json,True,4,24,744,0,0,0.125,7.0,42.0,8,6,48,128,0.16666666666666666,496,31,496,31,1650,1650,19792499048448,0,0
simt,8,32,7,197.57499794165292,197.12233046690622,196.78732752799988,197.98016051451364,1.0060615335423164,5,5,0,simt_rotate_aligned_event_median,results/v4_retest_full_23.json,True,4,28,868,0,0,0.125,7.0,49.0,8,7,56,128,0.14285714285714285,496,31,496,31,1650,1650,19792499048448,0,0
simt,8,32,8,199.9823252360026,199.53949252764383,199.14249082406363,201.31982366243997,1.0109335422559316,5,5,0,simt_rotate_aligned_event_median,results/v4_retest_full_23.json,True,4,32,992,0,0,0.125,7.0,56.0,8,8,64,128,0.125,496,31,496,31,1650,1650,19792499048448,0,0
simt,8,32,9,200.68184038003287,200.55365562438965,200.3264973560969,201.2171745300293,1.0044461276250898,5,5,0,simt_rotate_aligned_event_median,results/v4_retest_full_23.json,True,4,36,1116,0,0,0.125,7.0,63.0,8,9,72,128,0.1111111111111111,496,31,496,31,1650,1650,19792499048448,0,0
simt,8,32,10,202.0043283700943,201.99466745058695,201.2948344151179,202.9476761817932,1.0082110490886556,5,5,0,simt_rotate_aligned_event_median,results/v4_retest_full_23.json,True,4,40,1240,0,0,0.125,7.0,70.0,8,10,80,128,0.1,496,31,496,31,1650,1650,19792499048448,0,0
simt,8,32,11,201.86400413513184,201.46366953849792,201.4458328485489,202.4506777524948,1.004988164261017,5,5,0,simt_rotate_aligned_event_median,results/v4_retest_full_23.json,True,4,44,1364,0,0,0.125,7.0,77.0,8,11,88,128,0.09090909090909091,496,31,496,31,1650,1650,19792499048448,0,0
simt,8,32,12,204.24050092697144,203.57483625411987,203.54400078455606,205.1283319791158,1.007783728277193,5,5,0,simt_rotate_aligned_event_median,results/v4_retest_full_23.json,True,4,48,1488,0,0,0.125,7.0,84.0,8,12,96,128,0.08333333333333333,496,31,496,31,1650,1650,19792499048448,0,0
simt,8,32,16,210.90282996495566,210.83650489648184,210.43098966280618,211.1808309952418,1.0035633598151923,5,5,0,simt_rotate_aligned_event_median,results/v4_retest_full_23.json,True,4,64,1984,0,0,0.125,7.0,112.0,8,16,128,128,0.0625,496,31,496,31,1650,1650,19792499048448,0,0
simt,8,32,20,215.876171986262,215.06783862908682,214.28333222866058,387.70468533039093,1.8093086442984438,5,5,0,simt_rotate_aligned_event_median,results/v4_retest_full_23.json,True,4,80,2480,0,0,0.125,7.0,140.0,8,20,160,128,0.05,340,25,496,31,1650,1650,19792499048448,0,0
simt,8,32,24,223.33849966526031,223.23083380858102,222.28899598121643,404.74482874075574,1.8208046104763411,5,5,0,simt_rotate_aligned_event_median,results/v4_retest_full_23.json,True,4,96,2976,0,0,0.125,7.0,168.0,8,24,192,128,0.041666666666666664,276,21,496,31,1650,1650,19792499048448,0,0
simt,8,32,32,257.1476697921753,256.3818395137787,256.3510040442149,258.5348387559255,1.0085189239646353,5,5,0,simt_rotate_aligned_event_median,results/v4_retest_full_23.json,True,4,128,3968,0,0,0.125,7.0,224.0,8,32,256,128,0.03125,240,15,496,31,1650,1650,19792499048448,0,0
simt,8,32,40,552.7604719003042,536.4358425140381,506.28432631492615,588.9268716176351,1.163233465875265,5,5,0,simt_rotate_aligned_event_median,results/v4_retest_full_23.json,True,4,160,4960,1,1,0.125,7.0,224.0,8,32,256,128,0.03125,171,12,496,31,1650,1650,19792499048448,0,0
simt,8,32,48,568.9291854699453,557.0759971936544,505.36849101384485,597.2123543421427,1.1817364259177403,5,5,0,simt_rotate_aligned_event_median,results/v4_retest_full_23.json,True,4,192,5952,1,1,0.125,7.0,224.0,8,32,256,128,0.03125,155,10,496,31,1650,1650,19792499048448,0,0
simt,8,32,64,556.0898184776306,556.0301492611567,483.3431492249171,557.785173257192,1.154014852908641,5,5,0,simt_rotate_aligned_event_median,results/v4_retest_full_23.json,True,4,256,7936,1,1,0.125,7.0,224.0,8,32,256,128,0.03125,112,7,496,31,1650,1650,19792499048448,0,0
simt,8,32,96,496.3725010553996,494.1289921601613,490.30648668607074,504.84366714954376,1.0296491701786943,5,5,0,simt_rotate_aligned_event_median,results/v4_retest_full_23.json,True,4,384,11904,2,1,0.125,7.0,224.0,8,32,256,128,0.03125,70,5,496,31,1650,1650,19793356783616,0,0
simt,8,32,128,509.0796699126562,504.53435381253564,503.4670134385427,556.3266823689142,1.1049913251900148,5,5,0,simt_rotate_aligned_event_median,results/v4_retest_full_23.json,True,4,512,15872,3,1,0.125,7.0,224.0,8,32,256,128,0.03125,48,3,496,31,1650,1650,19793356783616,0,0
simt,8,32,192,562.7135137716929,562.5456621249517,561.7989798386892,564.0843411286672,1.0040679342113334,5,5,0,simt_rotate_aligned_event_median,results/v4_retest_full_23.json,True,4,768,23808,5,1,0.125,7.0,224.0,8,32,256,128,0.03125,55,5,496,31,1650,1650,19793356783616,0,0
simt,8,32,256,475.084846218427,474.9646832545598,473.7541576226552,476.46231949329376,1.0057163864993361,5,5,0,simt_rotate_aligned_event_median,results/v4_retest_full_23.json,True,4,1024,31744,7,1,0.125,7.0,224.0,8,32,256,128,0.03125,48,3,496,31,1650,1650,19793356783616,0,0
simt,8,64,1,132.97650714715323,132.2211573521296,131.7543387413025,134.07167295614877,1.0175882952848812,5,5,0,simt_rotate_aligned_event_median,results/v4_retest_full_23.json,True,4,4,252,0,0,0.25,3.0,6.0,8,2,16,256,1.0,2016,63,2016,63,1650,1650,19792499048448,0,0
simt,8,64,2,147.95066912968954,147.8289912144343,147.61067430178323,148.72099459171295,1.0075219512083504,5,5,0,simt_rotate_aligned_event_median,results/v4_retest_full_23.json,True,4,8,504,0,0,0.25,3.0,12.0,8,4,32,256,0.5,2016,63,2016,63,1650,1650,19792499048448,0,0
simt,8,64,3,164.13665811220804,163.89666497707367,163.39249908924103,164.4961585601171,1.0067546520007218,5,5,0,simt_rotate_aligned_event_median,results/v4_retest_full_23.json,True,4,12,756,0,0,0.25,3.0,18.0,8,6,48,256,0.3333333333333333,2016,63,2016,63,1650,1650,19792499048448,0,0
simt,8,64,4,180.32116691271463,180.04115919272104,179.76715664068857,180.42833109696707,1.0036779491239327,5,5,0,simt_rotate_aligned_event_median,results/v4_retest_full_23.json,True,4,16,1008,0,0,0.25,3.0,24.0,8,8,64,256,0.25,2016,63,2016,63,1650,1650,19792499048448,0,0
simt,8,64,5,194.5480058590571,194.04982527097067,193.91383727391562,194.8291709025701,1.0047203110490848,5,5,0,simt_rotate_aligned_event_median,results/v4_retest_full_23.json,True,4,20,1260,0,0,0.25,3.0,30.0,8,10,80,256,0.2,2016,63,2016,63,1650,1650,19792499048448,0,0
simt,8,64,6,197.22982744375864,197.16332852840424,196.93699975808462,199.35632745424905,1.0122847798998478,5,5,0,simt_rotate_aligned_event_median,results/v4_retest_full_23.json,True,4,24,1512,0,0,0.25,3.0,36.0,8,12,96,256,0.16666666666666666,2016,63,2016,63,1650,1650,19792499048448,0,0
simt,8,64,7,201.84765756130219,201.22334361076355,200.28817156950632,202.93550193309784,1.0132176071250059,5,5,0,simt_rotate_aligned_event_median,results/v4_retest_full_23.json,True,4,28,1764,0,0,0.25,3.0,42.0,8,14,112,256,0.14285714285714285,2016,63,2016,63,1650,1650,19792499048448,0,0
simt,8,64,8,200.7300059000651,200.67850251992544,200.26966432730356,201.39566560586294,1.0056224255547717,5,5,0,simt_rotate_aligned_event_median,results/v4_retest_full_23.json,True,4,32,2016,0,0,0.25,3.0,48.0,8,16,128,256,0.125,2016,63,2016,63,1650,1650,19792499048448,0,0
simt,8,64,9,200.70466895898184,200.34683247407278,199.94100431601206,200.97283025582632,1.0051606519800382,5,5,0,simt_rotate_aligned_event_median,results/v4_retest_full_23.json,True,4,36,2268,0,0,0.25,3.0,54.0,8,18,144,256,0.1111111111111111,1617,56,2016,63,1650,1650,19792499048448,0,0
simt,8,64,10,202.19850540161133,201.86066130797067,199.84149436155954,202.75033016999564,1.014555714856562,5,5,0,simt_rotate_aligned_event_median,results/v4_retest_full_23.json,True,4,40,2520,0,0,0.25,3.0,60.0,8,20,160,256,0.1,1392,51,2016,63,1650,1650,19792499048448,0,0
simt,8,64,11,203.4390072027842,202.75300244490305,202.74517436822256,204.22817269961038,1.0073145924977451,5,5,0,simt_rotate_aligned_event_median,results/v4_retest_full_23.json,True,4,44,2772,0,0,0.25,3.0,66.0,8,22,176,256,0.09090909090909091,1217,46,2016,63,1650,1650,19792499048448,0,0
simt,8,64,12,205.15750348567963,204.8488308986028,204.386497537295,205.58600624402365,1.0058688255886852,5,5,0,simt_rotate_aligned_event_median,results/v4_retest_full_23.json,True,4,48,3024,0,0,0.25,3.0,72.0,8,24,192,256,0.08333333333333333,1113,42,2016,63,1650,1650,19792499048448,0,0
simt,8,64,16,215.38633604844412,215.1851604382197,213.9345109462738,216.4845069249471,1.011919516712821,5,5,0,simt_rotate_aligned_event_median,results/v4_retest_full_23.json,True,4,64,4032,0,0,0.25,3.0,96.0,8,32,256,256,0.0625,992,31,2016,63,1650,1650,19792499048448,0,0
simt,8,64,20,537.5373462835947,518.9846654733022,490.8620168765386,576.8969804048538,1.1752732144071247,5,5,0,simt_rotate_aligned_event_median,results/v4_retest_full_23.json,True,4,80,5040,1,1,0.25,3.0,120.0,8,40,320,256,0.05,716,25,2016,63,1650,1650,19792499048448,0,0
simt,8,64,24,564.1126533349355,551.9783099492391,501.49864951769507,596.4401612679163,1.1893155880709332,5,5,0,simt_rotate_aligned_event_median,results/v4_retest_full_23.json,True,4,96,6048,1,1,0.25,3.0,144.0,8,48,384,256,0.041666666666666664,651,21,2016,63,1650,1650,19792499048448,0,0
simt,8,64,32,554.5923213164011,553.2975097497305,497.69116441408795,556.3154816627502,1.1177925618142697,5,5,0,simt_rotate_aligned_event_median,results/v4_retest_full_23.json,True,4,128,8064,1,1,0.25,3.0,192.0,8,64,512,256,0.03125,480,15,2016,63,1650,1650,19792499048448,0,0
simt,8,64,40,577.7029891808828,551.2351791063944,549.314022064209,583.06818207105,1.0614478397620362,5,5,0,simt_rotate_aligned_event_median,results/v4_retest_full_23.json,True,4,160,10080,2,1,0.25,3.0,192.0,8,64,512,256,0.03125,378,12,2016,63,1650,1650,19792499048448,0,0
simt,8,64,48,516.3783232371012,513.0533476670583,512.2798482577006,520.955483118693,1.0169353428414154,5,5,0,simt_rotate_aligned_event_median,results/v4_retest_full_23.json,True,4,192,12096,2,1,0.25,3.0,192.0,8,64,512,256,0.03125,310,10,2016,63,1650,1650,19793356783616,0,0
simt,8,64,64,545.2141861120859,540.2083297570547,539.4006570180258,587.7406398455302,1.0896179531829695,5,5,0,simt_rotate_aligned_event_median,results/v4_retest_full_23.json,True,4,256,16128,3,1,0.25,3.0,192.0,8,64,512,256,0.03125,224,7,2016,63,1650,1650,19793356783616,0,0
simt,8,64,96,558.8165024916331,558.4568480650584,557.8995048999786,560.0708524386088,1.0038920047778488,5,5,0,simt_rotate_aligned_event_median,results/v4_retest_full_23.json,True,4,384,24192,5,1,0.25,3.0,192.0,8,64,512,256,0.03125,255,10,2016,63,1650,1650,19793356783616,0,0
simt,8,64,128,540.0391817092896,539.3988192081451,539.117157459259,541.9826606909434,1.0053151772152622,5,5,0,simt_rotate_aligned_event_median,results/v4_retest_full_23.json,True,4,512,32256,7,1,0.25,3.0,192.0,8,64,512,256,0.03125,224,7,2016,63,1650,1650,19793356783616,0,0
simt,8,64,192,542.7268445491791,541.3750211397806,541.1148468653361,554.4204811255137,1.0245892980709304,5,5,0,simt_rotate_aligned_event_median,results/v4_retest_full_23.json,True,4,768,48384,11,1,0.25,3.0,192.0,8,64,512,256,0.03125,224,7,1113,42,1650,1650,19793356783616,0,0
simt,8,64,256,475.71731607119244,474.93548691272736,474.1400132576625,476.4026602109273,1.004772107162437,5,5,0,simt_rotate_aligned_event_median,results/v4_retest_full_23.json,True,4,1024,64512,15,1,0.25,3.0,192.0,8,64,512,256,0.03125,224,7,992,31,1650,1650,19793356783616,0,0
simt,8,128,1,132.77932504812875,132.72816936175028,132.662832736969,134.14566218852997,1.011177429434972,5,5,0,simt_rotate_aligned_event_median,results/v4_retest_full_23.json,True,4,4,508,0,0,0.5,1.0,4.0,8,4,32,512,1.0,8128,127,8128,127,1650,1650,19792499048448,0,0
simt,8,128,2,148.2363243897756,148.03066849708557,147.7896769841512,148.41350416342416,1.0042210470447124,5,5,0,simt_rotate_aligned_event_median,results/v4_retest_full_23.json,True,4,8,1016,0,0,0.5,1.0,8.0,8,8,64,512,0.5,8128,127,8128,127,1650,1650,19792499048448,0,0
simt,8,128,3,169.8359896739324,169.5591708024343,169.42299405733743,170.53267359733582,1.0065497575826268,5,5,0,simt_rotate_aligned_event_median,results/v4_retest_full_23.json,True,4,12,1524,0,0,0.5,1.0,12.0,8,12,96,512,0.3333333333333333,8128,127,8128,127,1650,1650,19792499048448,0,0
simt,8,128,4,181.4305086930593,181.21467034022012,180.40515979131064,182.18167622884116,1.0098473704387698,5,5,0,simt_rotate_aligned_event_median,results/v4_retest_full_23.json,True,4,16,2032,0,0,0.5,1.0,16.0,8,16,128,512,0.25,8128,127,8128,127,1650,1650,19792499048448,0,0
simt,8,128,5,194.01117165883383,193.81082554658255,193.4618353843689,195.01249492168427,1.0080153252667872,5,5,0,simt_rotate_aligned_event_median,results/v4_retest_full_23.json,True,4,20,2540,0,0,0.5,1.0,20.0,8,20,160,512,0.2,5553,102,8128,127,1650,1650,19792499048448,0,0
simt,8,128,6,196.16150359312692,195.3463355700175,194.16766862074533,197.53149151802063,1.0173243203730566,5,5,0,simt_rotate_aligned_event_median,results/v4_retest_full_23.json,True,4,24,3048,0,0,0.5,1.0,24.0,8,24,192,512,0.16666666666666666,4516,85,8128,127,1650,1650,19792499048448,0,0
simt,8,128,7,200.69517195224762,200.19583900769553,200.05816717942557,201.32483541965485,1.0063314997737296,5,5,0,simt_rotate_aligned_event_median,results/v4_retest_full_23.json,True,4,28,3556,0,0,0.5,1.0,28.0,8,28,224,512,0.14285714285714285,4132,73,8128,127,1650,1650,19792499048448,0,0
simt,8,128,8,202.03199485937753,201.8589973449707,201.34200155735016,202.31966177622476,1.0048557191808591,5,5,0,simt_rotate_aligned_event_median,results/v4_retest_full_23.json,True,4,32,4064,0,0,0.5,1.0,32.0,8,32,256,512,0.125,4032,63,8128,127,1650,1650,19792499048448,0,0
simt,8,128,9,487.4453395605087,487.3603234688441,433.92184376716614,488.95632723967236,1.12683040566641,5,5,0,simt_rotate_aligned_event_median,results/v4_retest_full_23.json,True,4,36,4572,1,1,0.5,1.0,36.0,8,36,288,512,0.1111111111111111,3283,56,8128,127,1650,1650,19792499048448,0,0
simt,8,128,10,512.5175068775812,510.9803477923075,438.58735263347626,513.9914900064468,1.1719250154392509,5,5,0,simt_rotate_aligned_event_median,results/v4_retest_full_23.json,True,4,40,5080,1,1,0.5,1.0,40.0,8,40,320,512,0.1,2901,51,8128,127,1650,1650,19792499048448,0,0
simt,8,128,11,516.6100213925043,516.5824939807256,446.69198989868164,518.5730159282684,1.1609185471310797,5,5,0,simt_rotate_aligned_event_median,results/v4_retest_full_23.json,True,4,44,5588,1,1,0.5,1.0,44.0,8,44,352,512,0.09090909090909091,2723,46,8128,127,1650,1650,19792499048448,0,0
simt,8,128,12,519.1871672868729,518.9013133446375,447.7166682481766,521.2144901355108,1.1641614599137355,5,5,0,simt_rotate_aligned_event_median,results/v4_retest_full_23.json,True,4,48,6096,1,1,0.5,1.0,48.0,8,48,384,512,0.08333333333333333,2667,42,8128,127,1650,1650,19792499048448,0,0
simt,8,128,16,534.7736825545629,532.2261651357015,459.01183287302655,536.4099889993668,1.1686190868803819,5,5,0,simt_rotate_aligned_event_median,results/v4_retest_full_23.json,True,4,64,8128,1,1,0.5,1.0,64.0,8,64,512,512,0.0625,1984,31,8128,127,1650,1650,19792499048448,0,0
simt,8,128,20,590.9985154867172,547.7056503295898,546.3496446609497,591.7275001605352,1.0830564382040475,5,5,0,simt_rotate_aligned_event_median,results/v4_retest_full_23.json,True,4,80,10160,2,1,0.5,1.0,80.0,8,80,640,512,0.05,1575,25,8128,127,1650,1650,19792499048448,0,0
simt,8,128,24,513.9153202374777,511.2396677335104,509.30733482042945,521.9568312168121,1.0248366664517852,5,5,0,simt_rotate_aligned_event_median,results/v4_retest_full_23.json,True,4,96,12192,2,1,0.5,1.0,96.0,8,96,768,512,0.041666666666666664,1302,21,8128,127,1650,1650,19793356783616,0,0
simt,8,128,32,557.4310223261515,551.1476695537567,549.732506275177,594.903806845347,1.0821696007686306,5,5,0,simt_rotate_aligned_event_median,results/v4_retest_full_23.json,True,4,128,16256,3,1,0.5,1.0,128.0,8,128,1024,512,0.03125,960,15,8128,127,1650,1650,19793356783616,0,0
simt,8,128,40,589.1931653022766,589.0099902947744,586.6798659165701,593.6495065689087,1.011879802013403,5,5,0,simt_rotate_aligned_event_median,results/v4_retest_full_23.json,True,4,160,20320,4,1,0.5,1.0,128.0,8,128,1024,512,0.03125,1081,25,8128,127,1650,1650,19793356783616,0,0
simt,8,128,48,588.3687933286031,584.786186615626,582.8034778436025,593.9838190873464,1.0191837243063677,5,5,0,simt_rotate_aligned_event_median,results/v4_retest_full_23.json,True,4,192,24384,5,1,0.5,1.0,128.0,8,128,1024,512,0.03125,1071,21,8128,127,1650,1650,19793356783616,0,0
simt,8,128,64,591.1535024642944,590.4718339443207,586.3134662310282,594.8509772618612,1.0145613422214472,5,5,0,simt_rotate_aligned_event_median,results/v4_retest_full_23.json,True,4,256,32512,7,1,0.5,1.0,128.0,8,128,1024,512,0.03125,960,15,8128,127,1650,1650,19793356783616,0,0
simt,8,128,96,566.1788284778595,566.1263763904572,564.8956497510275,569.4169700145721,1.0080038149798771,5,5,0,simt_rotate_aligned_event_median,results/v4_retest_full_23.json,True,4,384,48768,11,1,0.5,1.0,128.0,8,128,1024,512,0.03125,960,15,4516,85,1650,1650,19793356783616,0,0
simt,8,128,128,540.9531792004904,540.7088299592336,539.0750070412954,542.3761606216431,1.0061237370258844,5,5,0,simt_rotate_aligned_event_median,results/v4_retest_full_23.json,True,4,512,65024,15,1,0.5,1.0,128.0,8,128,1024,512,0.03125,960,15,4032,63,1650,1650,19793356783616,0,0
simt,8,128,192,551.967849334081,549.7719943523407,548.9793221155802,559.0368310610453,1.0183203784556163,5,5,0,simt_rotate_aligned_event_median,results/v4_retest_full_23.json,True,4,768,97536,23,1,0.5,1.0,128.0,8,128,1024,512,0.03125,960,15,2667,42,1650,1650,19793356783616,0,0
simt,8,128,256,474.9016563097636,474.6006677548091,474.34333463509876,476.0068356990814,1.00350695570596,5,5,0,simt_rotate_aligned_event_median,results/v4_retest_full_23.json,True,4,1024,130048,31,1,0.5,1.0,128.0,8,128,1024,512,0.03125,960,15,1984,31,1650,1650,19793356783616,0,0
simt,8,256,1,132.03817109266916,131.72882795333862,131.6861609617869,132.34666486581168,1.0050157427264998,5,5,0,simt_rotate_aligned_event_median,results/v4_retest_full_23.json,True,4,4,1020,0,0,1.0,0.0,0.0,8,8,64,1024,1.0,32640,255,32640,255,1650,1650,19792499048448,0,0
simt,8,256,2,149.64500069618225,149.17517205079398,146.2563375631968,154.82966105143228,1.0586184751449212,5,5,0,simt_rotate_aligned_event_median,results/v4_retest_full_23.json,True,4,8,2040,0,0,1.0,0.0,0.0,8,16,128,1024,0.5,32640,255,32640,255,1650,1650,19792499048448,0,0
simt,8,256,3,177.77466277281442,177.3554931084315,175.34633974234262,178.72116963068643,1.019246651474464,5,5,0,simt_rotate_aligned_event_median,results/v4_retest_full_23.json,True,4,12,3060,0,0,1.0,0.0,0.0,8,24,192,1024,0.3333333333333333,18105,170,32640,255,1650,1650,19792499048448,0,0
simt,8,256,4,194.92449859778085,194.81266041596731,193.66967678070068,195.94484070936838,1.0117476518084136,5,5,0,simt_rotate_aligned_event_median,results/v4_retest_full_23.json,True,4,16,4080,0,0,1.0,0.0,0.0,8,32,256,1024,0.25,16256,127,32640,255,1650,1650,19792499048448,0,0
simt,8,256,5,492.44200189908344,492.0393427213033,424.40982659657794,492.704505721728,1.16091681870992,5,5,0,simt_rotate_aligned_event_median,results/v4_retest_full_23.json,True,4,20,5100,1,1,1.0,0.0,0.0,8,40,320,1024,0.2,11679,102,32640,255,1650,1650,19792499048448,0,0
simt,8,256,6,504.03884053230286,503.7901699542999,434.0408394734065,504.31468089421594,1.161906058208873,5,5,0,simt_rotate_aligned_event_median,results/v4_retest_full_23.json,True,4,24,6120,1,1,1.0,0.0,0.0,8,48,384,1024,0.16666666666666666,10795,85,32640,255,1650,1650,19792499048448,0,0
simt,8,256,7,514.7915035486221,514.6690060695013,439.09331659475964,515.3516580661138,1.1736722892134868,5,5,0,simt_rotate_aligned_event_median,results/v4_retest_full_23.json,True,4,28,7140,1,1,1.0,0.0,0.0,8,56,448,1024,0.14285714285714285,8587,73,32640,255,1650,1650,19792499048448,0,0
simt,8,256,8,524.2891858021418,522.8809863328934,449.3110130230586,525.227834781011,1.168962744196204,5,5,0,simt_rotate_aligned_event_median,results/v4_retest_full_23.json,True,4,32,8160,1,1,1.0,0.0,0.0,8,64,512,1024,0.125,8064,63,32640,255,1650,1650,19792499048448,0,0
simt,8,256,9,561.3889942566553,560.912013053894,517.5256530443827,562.2891883055369,1.0864952973786506,5,5,0,simt_rotate_aligned_event_median,results/v4_retest_full_23.json,True,4,36,9180,2,1,1.0,0.0,0.0,8,72,576,1024,0.1111111111111111,6762,56,32640,255,1650,1650,19792499048448,0,0
simt,8,256,10,564.0349984169006,563.424160083135,529.625341296196,565.301646788915,1.0673614019401063,5,5,0,simt_rotate_aligned_event_median,results/v4_retest_full_23.json,True,4,40,10200,2,1,1.0,0.0,0.0,8,80,640,1024,0.1,6426,51,32640,255,1650,1650,19792499048448,0,0
simt,8,256,11,573.1924821933111,573.0534940958023,528.3988267183304,574.2959876855215,1.086860830581778,5,5,0,simt_rotate_aligned_event_median,results/v4_retest_full_23.json,True,4,44,11220,2,1,1.0,0.0,0.0,8,88,704,1024,0.09090909090909091,5566,46,32640,255,1650,1650,19792499048448,0,0
simt,8,256,12,527.2615154584249,524.9021699031194,521.3330040375391,577.0743439594904,1.1069207962861634,5,5,0,simt_rotate_aligned_event_median,results/v4_retest_full_23.json,True,4,48,12240,2,1,1.0,0.0,0.0,8,96,768,1024,0.08333333333333333,5334,42,32640,255,1650,1650,19793356783616,0,0
simt,8,256,16,540.791834394137,540.2130136887232,536.5649908781052,595.1074957847595,1.1091060838890137,5,5,0,simt_rotate_aligned_event_median,results/v4_retest_full_23.json,True,4,64,16320,3,1,1.0,0.0,0.0,8,128,1024,1024,0.0625,3968,31,32640,255,1650,1650,19793356783616,0,0
simt,8,256,20,600.2776573101679,599.4663238525391,598.4970033168793,601.1334856351217,1.0044051721289013,5,5,0,simt_rotate_aligned_event_median,results/v4_retest_full_23.json,True,4,80,20400,4,1,1.0,0.0,0.0,8,160,1280,1024,0.05,4476,51,32640,255,1650,1650,19793356783616,0,0
simt,8,256,24,611.9753122329712,611.6918325424194,611.5942001342773,613.4933531284332,1.0031052501703563,5,5,0,simt_rotate_aligned_event_median,results/v4_retest_full_23.json,True,4,96,24480,5,1,1.0,0.0,0.0,8,192,1536,1024,0.041666666666666664,4431,42,32640,255,1650,1650,19793356783616,0,0
simt,8,256,32,690.3559863567352,689.7747913996378,689.7023717562357,691.9609804948171,1.0032747585495903,5,5,0,simt_rotate_aligned_event_median,results/v4_retest_full_23.json,True,4,128,32640,7,1,1.0,0.0,0.0,8,256,2048,1024,0.03125,3968,31,32640,255,1650,1650,19793356783616,0,0
simt,8,256,40,615.8431967099508,614.8440341154734,614.4487957159678,616.5998677412668,1.0035008157560024,5,5,0,simt_rotate_aligned_event_median,results/v4_retest_full_23.json,True,4,160,40800,9,1,1.0,0.0,0.0,8,256,2048,1024,0.03125,4138,38,22185,204,1650,1650,19793356783616,0,0
simt,8,256,48,602.9228071371714,602.8224726517996,602.6086807250977,603.7945250670115,1.0019678514097854,5,5,0,simt_rotate_aligned_event_median,results/v4_retest_full_23.json,True,4,192,48960,11,1,1.0,0.0,0.0,8,256,2048,1024,0.03125,3968,31,18105,170,1650,1650,19793356783616,0,0
simt,8,256,64,592.256635427475,589.2808735370636,587.3150030771891,596.1034993330637,1.014963854507084,5,5,0,simt_rotate_aligned_event_median,results/v4_retest_full_23.json,True,4,256,65280,15,1,1.0,0.0,0.0,8,256,2048,1024,0.03125,3968,31,16256,127,1650,1650,19793356783616,0,0
simt,8,256,96,648.1941839059194,648.0005085468292,647.6538280646006,648.9560405413309,1.0020106612827748,5,5,0,simt_rotate_aligned_event_median,results/v4_retest_full_23.json,True,4,384,97920,23,1,1.0,0.0,0.0,8,256,2048,1024,0.03125,3968,31,10795,85,1650,1650,19793356783616,0,0
simt,8,256,128,539.8893356323242,539.1169786453247,538.6591454346975,540.7093365987142,1.0038061010963848,5,5,0,simt_rotate_aligned_event_median,results/v4_retest_full_23.json,True,4,512,130560,31,1,1.0,0.0,0.0,8,256,2048,1024,0.03125,3968,31,8064,63,1650,1650,19793356783616,0,0
simt,8,256,192,549.2708186308543,548.2453306516012,547.4179883797964,554.3336669603983,1.0126332687770645,5,5,0,simt_rotate_aligned_event_median,results/v4_retest_full_23.json,True,4,768,195840,47,1,1.0,0.0,0.0,8,256,2048,1024,0.03125,3968,31,5334,42,1650,1650,19793356783616,0,0
simt,8,256,256,476.48951907952625,475.9013205766678,475.43232639630634,477.85617907842,1.005098207562969,5,5,0,simt_rotate_aligned_event_median,results/v4_retest_full_23.json,True,4,1024,261120,63,1,1.0,0.0,0.0,8,256,2048,1024,0.03125,3968,31,3968,31,1650,1650,19793356783616,0,0
simt,8,512,1,151.12150212128958,149.93301033973694,149.0538368622462,153.74132990837097,1.0314483219271766,5,5,0,simt_rotate_aligned_event_median,results/v4_retest_full_23.json,True,4,4,2044,0,0,2.0,0.0,0.0,16,16,128,2048,1.0,130816,511,130816,511,1650,1650,19792499048448,0,0
simt,8,512,2,166.4415051539739,165.04032413164774,164.38249746958414,169.12383337815604,1.0288433135008743,5,5,0,simt_rotate_aligned_event_median,results/v4_retest_full_23.json,True,4,8,4088,0,0,2.0,0.0,0.0,16,32,256,2048,0.5,65280,255,130816,511,1650,1650,19792499048448,0,0
simt,8,512,3,488.9196703831355,488.48650852839154,431.4825087785721,491.3540134827296,1.1387576633723577,5,5,0,simt_rotate_aligned_event_median,results/v4_retest_full_23.json,True,4,12,6132,1,1,2.0,0.0,0.0,16,48,384,2048,0.3333333333333333,43435,170,130816,511,1650,1650,19792499048448,0,0
simt,8,512,4,503.44131886959076,503.3428271611532,433.8961640993754,504.29518024126685,1.1622485330978125,5,5,0,simt_rotate_aligned_event_median,results/v4_retest_full_23.json,True,4,16,8176,1,1,2.0,0.0,0.0,16,64,512,2048,0.25,32512,127,130816,511,1650,1650,19792499048448,0,0
simt,8,512,5,570.3281511863073,570.2640066544215,533.9983354012171,571.7830111583074,1.0707580403386483,5,5,0,simt_rotate_aligned_event_median,results/v4_retest_full_23.json,True,4,20,10220,2,1,2.0,0.0,0.0,16,80,640,2048,0.2,25959,102,130816,511,1650,1650,19792499048448,0,0
simt,8,512,6,532.6111515363058,531.7458162705103,530.616839726766,582.5104812781016,1.0977987083449094,5,5,0,simt_rotate_aligned_event_median,results/v4_retest_full_23.json,True,4,24,12264,2,1,2.0,0.0,0.0,16,96,768,2048,0.16666666666666666,21590,85,130816,511,1650,1650,19793356783616,0,0
simt,8,512,7,537.9999826351801,535.5386584997177,532.451331615448,588.8171643018723,1.1058610042638288,5,5,0,simt_rotate_aligned_event_median,results/v4_retest_full_23.json,True,4,28,14308,3,1,2.0,0.0,0.0,16,112,896,2048,0.14285714285714285,18469,73,130816,511,1650,1650,19793356783616,0,0
simt,8,512,8,539.5706643660864,537.5888148943583,535.0588212410609,592.6631887753805,1.1076598782180755,5,5,0,simt_rotate_aligned_event_median,results/v4_retest_full_23.json,True,4,32,16352,3,1,2.0,0.0,0.0,16,128,1024,2048,0.125,16128,63,130816,511,1650,1650,19793356783616,0,0
simt,8,512,9,598.9491740862528,598.8408227761587,597.222313284874,600.5956480900446,1.005648373696248,5,5,0,simt_rotate_aligned_event_median,results/v4_retest_full_23.json,True,4,36,18396,4,1,2.0,0.0,0.0,16,144,1152,2048,0.1111111111111111,17500,112,130816,511,1650,1650,19793356783616,0,0
simt,8,512,10,608.55300227801,607.6841652393341,605.6692997614542,608.797013759613,1.00516406230164,5,5,0,simt_rotate_aligned_event_median,results/v4_retest_full_23.json,True,4,40,20440,4,1,2.0,0.0,0.0,16,160,1280,2048,0.1,18105,102,130816,511,1650,1650,19793356783616,0,0
simt,8,512,11,612.643967072169,611.8439733982086,611.5134755770365,613.5849952697754,1.0033875290986582,5,5,0,simt_rotate_aligned_event_median,results/v4_retest_full_23.json,True,4,44,22484,5,1,2.0,0.0,0.0,16,176,1408,2048,0.09090909090909091,18148,93,130816,511,1650,1650,19793356783616,0,0
simt,8,512,12,617.3571745554606,616.9504721959432,616.3634955883026,618.2004809379578,1.002980360392534,5,5,0,simt_rotate_aligned_event_median,results/v4_retest_full_23.json,True,4,48,24528,5,1,2.0,0.0,0.0,16,192,1536,2048,0.08333333333333333,17935,85,130816,511,1650,1650,19793356783616,0,0
simt,8,512,16,683.4162076314291,683.099369208018,683.0534934997559,684.7161650657654,1.0024341747488772,5,5,0,simt_rotate_aligned_event_median,results/v4_retest_full_23.json,True,4,64,32704,7,1,2.0,0.0,0.0,16,256,2048,2048,0.0625,16128,63,130816,511,1650,1650,19793356783616,0,0
simt,8,512,20,681.8455159664154,681.8032066027323,680.7590226332346,683.2364797592163,1.0036392571286072,5,5,0,simt_rotate_aligned_event_median,results/v4_retest_full_23.json,True,4,80,40880,9,1,2.0,0.0,0.0,16,320,2560,2048,0.05,16806,77,88996,409,1650,1650,19793356783616,0,0
simt,8,512,24,684.2834750811259,683.4010283152262,682.5653115908304,685.3043536345164,1.004012864406048,5,5,0,simt_rotate_aligned_event_median,results/v4_retest_full_23.json,True,4,96,49056,11,1,2.0,0.0,0.0,16,384,3072,2048,0.041666666666666664,16128,63,72676,341,1650,1650,19793356783616,0,0
simt,8,512,32,652.6526808738708,652.5538563728333,652.0479718844095,654.4244686762491,1.0036446655680433,5,5,0,simt_rotate_aligned_event_median,results/v4_retest_full_23.json,True,4,128,65408,15,1,2.0,0.0,0.0,16,512,4096,2048,0.03125,16128,63,65280,255,1650,1650,19793356783616,0,0
simt,8,512,40,648.9838361740112,648.737500111262,648.7259964148203,650.8456766605377,1.0032674507533716,5,5,0,simt_rotate_aligned_event_median,results/v4_retest_full_23.json,True,4,160,81760,19,1,2.0,0.0,0.0,16,512,4096,2048,0.03125,16128,63,46971,204,1650,1650,19793356783616,0,0
simt,8,512,48,650.9515047073364,650.264839331309,649.4903365770975,651.8441637357076,1.0036241142108673,5,5,0,simt_rotate_aligned_event_median,results/v4_retest_full_23.json,True,4,192,98112,23,1,2.0,0.0,0.0,16,512,4096,2048,0.03125,16128,63,43435,170,1650,1650,19793356783616,0,0
simt,8,512,64,578.9510011672974,577.9343545436859,576.6378343105316,579.846183458964,1.0055638894250991,5,5,0,simt_rotate_aligned_event_median,results/v4_retest_full_23.json,True,4,256,130816,31,1,2.0,0.0,0.0,16,512,4096,2048,0.03125,16128,63,32512,127,1650,1650,19793356783616,0,0
simt,8,512,96,897.3551988601685,897.2053329149882,897.2000281016032,898.6173073450724,1.0015796691920174,5,5,0,simt_rotate_aligned_event_median,results/v4_retest_full_23.json,True,4,384,196224,47,1,2.0,0.0,0.0,16,512,4096,2048,0.03125,16128,63,21590,85,1650,1650,19793356783616,0,0
simt,8,512,128,540.8200025558472,540.2881602446238,540.0306880474091,541.0633484522501,1.0019122254118091,5,5,0,simt_rotate_aligned_event_median,results/v4_retest_full_23.json,True,4,512,261632,63,1,2.0,0.0,0.0,16,512,4096,2048,0.03125,16128,63,16128,63,1650,1650,19793356783616,0,0
simt,8,512,192,798.2505162556967,798.1899976730347,796.6069976488749,799.7063199679056,1.0038906541471242,5,5,0,simt_rotate_aligned_event_median,results/v4_retest_full_23.json,True,4,768,392448,95,1,2.0,0.0,0.0,16,512,4096,2048,0.03125,16128,63,10668,42,1650,1650,19793356783616,0,0
simt,8,512,256,458.48699410756427,457.82150824864704,457.5304885705312,459.26301678021747,1.0037866945547154,5,5,0,simt_rotate_aligned_event_median,results/v4_retest_full_23.json,True,4,1024,523264,127,1,2.0,0.0,0.0,16,512,4096,2048,0.03125,16128,63,7936,31,1650,1650,19793356783616,0,0
simt,16,4,1,138.6361618836721,138.52984209855398,138.26599717140198,139.828493197759,1.01130065278754,5,5,0,simt_rotate_aligned_event_median,results/v4_retest_full_23.json,True,4,4,12,0,0,0.0078125,127.0,127.0,16,1,16,16,0.125,6,3,6,3,1650,1650,19792499048448,0,0
simt,16,4,2,139.48633273442587,138.92066478729248,138.07334005832672,139.94316260019937,1.013542241688966,5,5,0,simt_rotate_aligned_event_median,results/v4_retest_full_23.json,True,4,8,24,0,0,0.0078125,127.0,127.0,16,1,16,16,0.125,6,3,6,3,1650,1650,19792499048448,0,0
simt,16,4,3,144.84865963459015,144.78266735871634,144.683505098025,144.86432572205862,1.0012497666814963,5,5,0,simt_rotate_aligned_event_median,results/v4_retest_full_23.json,True,4,12,36,0,0,0.0078125,127.0,127.0,16,1,16,16,0.125,6,3,6,3,1650,1650,19792499048448,0,0
simt,16,4,4,139.86832896868387,139.5509938398997,137.98332711060843,139.90466793378195,1.0139244419119808,5,5,0,simt_rotate_aligned_event_median,results/v4_retest_full_23.json,True,4,16,48,0,0,0.0078125,127.0,127.0,16,1,16,16,0.125,6,3,6,3,1650,1650,19792499048448,0,0
simt,16,4,5,144.59533989429474,144.56034203370413,144.4064974784851,144.815002878507,1.0028288574763247,5,5,0,simt_rotate_aligned_event_median,results/v4_retest_full_23.json,True,4,20,60,0,0,0.0078125,127.0,127.0,16,1,16,16,0.125,6,3,6,3,1650,1650,19792499048448,0,0
simt,16,4,6,144.441490372022,144.12815868854523,144.04750863711038,144.74817117055258,1.0048641072662168,5,5,0,simt_rotate_aligned_event_median,results/v4_retest_full_23.json,True,4,24,72,0,0,0.0078125,127.0,127.0,16,1,16,16,0.125,6,3,6,3,1650,1650,19792499048448,0,0
simt,16,4,7,144.88983154296875,144.74167426427206,144.1523333390554,145.12867232163748,1.0067729669022123,5,5,0,simt_rotate_aligned_event_median,results/v4_retest_full_23.json,True,4,28,84,0,0,0.0078125,127.0,127.0,16,1,16,16,0.125,6,3,6,3,1650,1650,19792499048448,0,0
simt,16,4,8,139.9853378534317,139.60449894269308,139.4758274157842,140.78865945339203,1.0094126133677215,5,5,0,simt_rotate_aligned_event_median,results/v4_retest_full_23.json,True,4,32,96,0,0,0.0078125,127.0,127.0,16,1,16,16,0.125,6,3,6,3,1650,1650,19792499048448,0,0
simt,16,4,9,144.53400174776712,144.53334112962088,144.4716602563858,144.62366700172424,1.001052156146532,5,5,0,simt_rotate_aligned_event_median,results/v4_retest_full_23.json,True,4,36,108,0,0,0.0078125,127.0,127.0,16,1,16,16,0.125,6,3,6,3,1650,1650,19792499048448,0,0
simt,16,4,10,144.47849492232004,144.47733263174692,144.25799747308096,144.7706719239553,1.0035538719506347,5,5,0,simt_rotate_aligned_event_median,results/v4_retest_full_23.json,True,4,40,120,0,0,0.0078125,127.0,127.0,16,1,16,16,0.125,6,3,6,3,1650,1650,19792499048448,0,0
simt,16,4,11,149.13016557693481,148.97633095582327,148.61999452114105,150.4165083169937,1.012087968389725,5,5,0,simt_rotate_aligned_event_median,results/v4_retest_full_23.json,True,4,44,132,0,0,0.0078125,127.0,254.0,16,2,32,16,0.0625,6,3,6,3,1650,1650,19792499048448,0,0
simt,16,4,12,149.14050698280334,148.8170027732849,148.61716330051422,149.79583521684012,1.0079309272909653,5,5,0,simt_rotate_aligned_event_median,results/v4_retest_full_23.json,True,4,48,144,0,0,0.0078125,127.0,254.0,16,2,32,16,0.0625,6,3,6,3,1650,1650,19792499048448,0,0
simt,16,4,16,149.13850029309592,148.96400272846222,148.89066418011984,150.30483404795328,1.0094980425778923,5,5,0,simt_rotate_aligned_event_median,results/v4_retest_full_23.json,True,4,64,192,0,0,0.0078125,127.0,254.0,16,2,32,16,0.0625,6,3,6,3,1650,1650,19792499048448,0,0
simt,16,4,20,149.8716672261556,148.72700969378153,148.25049539407095,150.3216673930486,1.0139707593790643,5,5,0,simt_rotate_aligned_event_median,results/v4_retest_full_23.json,True,4,80,240,0,0,0.0078125,127.0,254.0,16,2,32,16,0.0625,6,3,6,3,1650,1650,19792499048448,0,0
simt,16,4,24,166.69699052969614,166.6648437579473,165.76666633288065,166.85966153939566,1.00659357656575,5,5,0,simt_rotate_aligned_event_median,results/v4_retest_full_23.json,True,4,96,288,0,0,0.0078125,127.0,381.0,16,3,48,16,0.041666666666666664,6,3,6,3,1650,1650,19792499048448,0,0
simt,16,4,32,180.3878347078959,180.35949766635895,180.26567002137503,181.44182364145914,1.00652455689397,5,5,0,simt_rotate_aligned_event_median,results/v4_retest_full_23.json,True,4,128,384,0,0,0.0078125,127.0,508.0,16,4,64,16,0.03125,6,3,6,3,1650,1650,19792499048448,0,0
simt,16,4,40,180.01967668533325,179.541677236557,178.94499997297922,180.26149769624075,1.0073569964148779,5,5,0,simt_rotate_aligned_event_median,results/v4_retest_full_23.json,True,4,160,480,0,0,0.0078125,127.0,508.0,16,4,64,16,0.03125,6,3,6,3,1650,1650,19792499048448,0,0
simt,16,4,48,180.92733124891916,180.4741621017456,179.85417445500693,181.54833714167276,1.0094196461761284,5,5,0,simt_rotate_aligned_event_median,results/v4_retest_full_23.json,True,4,192,576,0,0,0.0078125,127.0,508.0,16,4,64,16,0.03125,6,3,6,3,1650,1650,19792499048448,0,0
simt,16,4,64,180.42066196600595,180.14784157276154,180.05116283893585,181.52266244093576,1.0081726748041957,5,5,0,simt_rotate_aligned_event_median,results/v4_retest_full_23.json,True,4,256,768,0,0,0.0078125,127.0,508.0,16,4,64,16,0.03125,6,3,6,3,1650,1650,19792499048448,0,0
simt,16,4,96,165.78600307305655,165.7053381204605,164.5434945821762,166.09466075897217,1.0094270890546893,5,5,0,simt_rotate_aligned_event_median,results/v4_retest_full_23.json,True,4,384,1152,0,0,0.0078125,127.0,508.0,16,4,64,16,0.03125,6,3,6,3,1650,1650,19792499048448,0,0
simt,16,4,128,156.22915824254355,156.01701041062674,155.36949535210928,157.77399142583212,1.015475985606271,5,5,0,simt_rotate_aligned_event_median,results/v4_retest_full_23.json,True,4,512,1536,0,0,0.0078125,127.0,508.0,16,4,64,16,0.03125,6,3,6,3,1650,1650,19792499048448,0,0
simt,16,4,192,153.02351117134094,152.7001659075419,151.89767877260843,153.63399187723795,1.0114308073609788,5,5,0,simt_rotate_aligned_event_median,results/v4_retest_full_23.json,True,4,768,2304,0,0,0.0078125,127.0,508.0,16,4,64,16,0.03125,3,2,6,3,1650,1650,19792499048448,0,0
simt,16,4,256,145.38734157880148,144.99383171399435,144.83584463596344,145.92933654785156,1.007549870783966,5,5,0,simt_rotate_aligned_event_median,results/v4_retest_full_23.json,True,4,1024,3072,0,0,0.0078125,127.0,508.0,16,4,64,16,0.03125,2,1,6,3,1650,1650,19792499048448,0,0
simt,16,8,1,138.32683364550272,137.58333524068198,137.39033540089926,139.1108383735021,1.012522736534433,5,5,0,simt_rotate_aligned_event_median,results/v4_retest_full_23.json,True,4,4,28,0,0,0.015625,63.0,63.0,16,1,16,32,0.25,28,7,28,7,1650,1650,19792499048448,0,0
simt,16,8,2,139.87433910369873,139.67417180538177,139.00282979011536,140.23415744304657,1.008858291984346,5,5,0,simt_rotate_aligned_event_median,results/v4_retest_full_23.json,True,4,8,56,0,0,0.015625,63.0,63.0,16,1,16,32,0.25,28,7,28,7,1650,1650,19792499048448,0,0
simt,16,8,3,144.657164812088,144.1849966843923,143.80901058514914,145.37100990613303,1.0108616234450694,5,5,0,simt_rotate_aligned_event_median,results/v4_retest_full_23.json,True,4,12,84,0,0,0.015625,63.0,63.0,16,1,16,32,0.25,28,7,28,7,1650,1650,19792499048448,0,0
simt,16,8,4,139.75615799427032,139.7549957036972,139.64117070039114,140.35716156164804,1.0051273622074761,5,5,0,simt_rotate_aligned_event_median,results/v4_retest_full_23.json,True,4,16,112,0,0,0.015625,63.0,63.0,16,1,16,32,0.25,28,7,28,7,1650,1650,19792499048448,0,0
simt,16,8,5,149.06266828378043,148.8396724065145,148.80666136741638,150.25949478149414,1.0097632283442648,5,5,0,simt_rotate_aligned_event_median,results/v4_retest_full_23.json,True,4,20,140,0,0,0.015625,63.0,126.0,16,2,32,32,0.125,28,7,28,7,1650,1650,19792499048448,0,0
simt,16,8,6,149.23999706904092,149.03600017229715,148.85284006595612,149.51199293136597,1.004428218266563,5,5,0,simt_rotate_aligned_event_median,results/v4_retest_full_23.json,True,4,24,168,0,0,0.015625,63.0,126.0,16,2,32,32,0.125,28,7,28,7,1650,1650,19792499048448,0,0
simt,16,8,7,149.43317572275797,149.13799862066904,149.1126666466395,150.3910024960836,1.0085729527758593,5,5,0,simt_rotate_aligned_event_median,results/v4_retest_full_23.json,True,4,28,196,0,0,0.015625,63.0,126.0,16,2,32,32,0.125,28,7,28,7,1650,1650,19792499048448,0,0
simt,16,8,8,149.38200016816458,149.31016167004904,149.1760015487671,149.4603306055069,1.0019059973037745,5,5,0,simt_rotate_aligned_event_median,results/v4_retest_full_23.json,True,4,32,224,0,0,0.015625,63.0,126.0,16,2,32,32,0.125,28,7,28,7,1650,1650,19792499048448,0,0
simt,16,8,9,149.19949074586233,148.96298944950104,147.8744943936666,149.77267384529114,1.0128364222606996,5,5,0,simt_rotate_aligned_event_median,results/v4_retest_full_23.json,True,4,36,252,0,0,0.015625,63.0,126.0,16,2,32,32,0.125,28,7,28,7,1650,1650,19792499048448,0,0
simt,16,8,10,166.61317149798074,166.11617306868234,165.97099105517069,166.69867436091104,1.004384400557676,5,5,0,simt_rotate_aligned_event_median,results/v4_retest_full_23.json,True,4,40,280,0,0,0.015625,63.0,189.0,16,3,48,32,0.08333333333333333,28,7,28,7,1650,1650,19792499048448,0,0
simt,16,8,11,166.63282612959543,166.13800823688507,165.60684144496918,167.51065850257874,1.0114960048811883,5,5,0,simt_rotate_aligned_event_median,results/v4_retest_full_23.json,True,4,44,308,0,0,0.015625,63.0,189.0,16,3,48,32,0.08333333333333333,28,7,28,7,1650,1650,19792499048448,0,0
simt,16,8,12,166.37150446573892,166.3384884595871,166.18750989437103,166.46516819794974,1.0016707531375564,5,5,0,simt_rotate_aligned_event_median,results/v4_retest_full_23.json,True,4,48,336,0,0,0.015625,63.0,189.0,16,3,48,32,0.08333333333333333,28,7,28,7,1650,1650,19792499048448,0,0
simt,16,8,16,181.49733543395996,180.63833812872568,179.12700772285461,181.8185051282247,1.0150256370582285,5,5,0,simt_rotate_aligned_event_median,results/v4_retest_full_23.json,True,4,64,448,0,0,0.015625,63.0,252.0,16,4,64,32,0.0625,28,7,28,7,1650,1650,19792499048448,0,0
simt,16,8,20,196.97599609692892,196.73150281111398,195.50282259782156,199.413334329923,1.0200023287650735,5,5,0,simt_rotate_aligned_event_median,results/v4_retest_full_23.json,True,4,80,560,0,0,0.015625,63.0,315.0,16,5,80,32,0.05,28,7,28,7,1650,1650,19792499048448,0,0
simt,16,8,24,196.00217044353485,195.89932759602866,194.60199773311615,196.34166359901428,1.0089396094909775,5,5,0,simt_rotate_aligned_event_median,results/v4_retest_full_23.json,True,4,96,672,0,0,0.015625,63.0,378.0,16,6,96,32,0.041666666666666664,28,7,28,7,1650,1650,19792499048448,0,0
simt,16,8,32,200.3043293952942,199.29050405820212,199.03850555419922,200.8929948012034,1.0093172386008455,5,5,0,simt_rotate_aligned_event_median,results/v4_retest_full_23.json,True,4,128,896,0,0,0.015625,63.0,504.0,16,8,128,32,0.03125,28,7,28,7,1650,1650,19792499048448,0,0
simt,16,8,40,197.44683305422464,197.2841670115789,197.07350432872772,198.40832551320395,1.006773214841959,5,5,0,simt_rotate_aligned_event_median,results/v4_retest_full_23.json,True,4,160,1120,0,0,0.015625,63.0,504.0,16,8,128,32,0.03125,28,7,28,7,1650,1650,19792499048448,0,0
simt,16,8,48,196.0114985704422,195.82833349704742,195.67482670148215,197.18049466609955,1.0076947453589133,5,5,0,simt_rotate_aligned_event_median,results/v4_retest_full_23.json,True,4,192,1344,0,0,0.015625,63.0,504.0,16,8,128,32,0.03125,28,7,28,7,1650,1650,19792499048448,0,0
simt,16,8,64,187.09750473499298,186.55884265899658,185.78815956910452,187.40366895993552,1.0086954378286421,5,5,0,simt_rotate_aligned_event_median,results/v4_retest_full_23.json,True,4,256,1792,0,0,0.015625,63.0,504.0,16,8,128,32,0.03125,28,7,28,7,1650,1650,19792499048448,0,0
simt,16,8,96,173.8706628481547,173.143337170283,171.9738245010376,346.1083322763443,2.01256402409226,5,5,0,simt_rotate_aligned_event_median,results/v4_retest_full_23.json,True,4,384,2688,0,0,0.015625,63.0,504.0,16,8,128,32,0.03125,16,5,28,7,1650,1650,19792499048448,0,0
simt,16,8,128,168.245996038119,167.97017057736716,167.94166465600333,168.86834303538004,1.0055178587235922,5,5,0,simt_rotate_aligned_event_median,results/v4_retest_full_23.json,True,4,512,3584,0,0,0.015625,63.0,504.0,16,8,128,32,0.03125,12,3,28,7,1650,1650,19792499048448,0,0
simt,16,8,192,244.27416423956552,220.43167054653168,211.10833187898,429.54451342423755,2.0347113238073344,5,5,0,simt_rotate_aligned_event_median,results/v4_retest_full_23.json,True,4,768,5376,1,1,0.015625,63.0,504.0,16,8,128,32,0.03125,7,2,28,7,1650,1650,19792499048448,0,0
simt,16,8,256,155.46134114265442,154.86416717370352,153.97266546885172,156.54367208480835,1.0166978119663503,5,5,0,simt_rotate_aligned_event_median,results/v4_retest_full_23.json,True,4,1024,7168,1,1,0.015625,63.0,504.0,16,8,128,32,0.03125,4,1,28,7,1650,1650,19792499048448,0,0
simt,16,16,1,138.222669561704,137.9628231128057,137.33533521493277,139.12100593249002,1.0130022671496934,5,5,0,simt_rotate_aligned_event_median,results/v4_retest_full_23.json,True,4,4,60,0,0,0.03125,31.0,31.0,16,1,16,64,0.5,120,15,120,15,1650,1650,19792499048448,0,0
simt,16,16,2,139.92850482463837,139.89166915416718,139.8401657740275,140.3823345899582,1.0038770607352312,5,5,0,simt_rotate_aligned_event_median,results/v4_retest_full_23.json,True,4,8,120,0,0,0.03125,31.0,31.0,16,1,16,64,0.5,120,15,120,15,1650,1650,19792499048448,0,0
simt,16,16,3,148.82499476273856,148.79433810710907,148.6476610104243,149.75484212239584,1.0074483587864453,5,5,0,simt_rotate_aligned_event_median,results/v4_retest_full_23.json,True,4,12,180,0,0,0.03125,31.0,62.0,16,2,32,64,0.25,120,15,120,15,1650,1650,19792499048448,0,0
simt,16,16,4,148.73650670051575,148.71800442536673,146.26615742842355,149.2303361495336,1.020265649779995,5,5,0,simt_rotate_aligned_event_median,results/v4_retest_full_23.json,True,4,16,240,0,0,0.03125,31.0,62.0,16,2,32,64,0.25,120,15,120,15,1650,1650,19792499048448,0,0
simt,16,16,5,166.73082609971365,166.5869951248169,165.66750903924307,167.07083582878113,1.008470742378372,5,5,0,simt_rotate_aligned_event_median,results/v4_retest_full_23.json,True,4,20,300,0,0,0.03125,31.0,93.0,16,3,48,64,0.16666666666666666,120,15,120,15,1650,1650,19792499048448,0,0
simt,16,16,6,166.3260112206141,166.03400309880575,165.48267006874084,167.5783395767212,1.012663981715486,5,5,0,simt_rotate_aligned_event_median,results/v4_retest_full_23.json,True,4,24,360,0,0,0.03125,31.0,93.0,16,3,48,64,0.16666666666666666,120,15,120,15,1650,1650,19792499048448,0,0
simt,16,16,7,180.54399391015372,180.20649751027426,179.94466920693716,181.32999539375305,1.0076986230985412,5,5,0,simt_rotate_aligned_event_median,results/v4_retest_full_23.json,True,4,28,420,0,0,0.03125,31.0,124.0,16,4,64,64,0.125,120,15,120,15,1650,1650,19792499048448,0,0
simt,16,16,8,180.6403398513794,180.01434206962585,179.73499993483225,181.2728295723597,1.0085560944617633,5,5,0,simt_rotate_aligned_event_median,results/v4_retest_full_23.json,True,4,32,480,0,0,0.03125,31.0,124.0,16,4,64,64,0.125,120,15,120,15,1650,1650,19792499048448,0,0
simt,16,16,9,196.79450492064157,196.7076708873113,196.5881735086441,197.36351072788239,1.0039439667473393,5,5,0,simt_rotate_aligned_event_median,results/v4_retest_full_23.json,True,4,36,540,0,0,0.03125,31.0,155.0,16,5,80,64,0.1,120,15,120,15,1650,1650,19792499048448,0,0
simt,16,16,10,196.89134260018668,196.6944932937622,196.3041772445043,199.45749640464783,1.0160634338219707,5,5,0,simt_rotate_aligned_event_median,results/v4_retest_full_23.json,True,4,40,600,0,0,0.03125,31.0,155.0,16,5,80,64,0.1,120,15,120,15,1650,1650,19792499048448,0,0
simt,16,16,11,195.6136574347814,195.00482579072317,194.56849992275238,196.05534275372824,1.0076417448434158,5,5,0,simt_rotate_aligned_event_median,results/v4_retest_full_23.json,True,4,44,660,0,0,0.03125,31.0,186.0,16,6,96,64,0.08333333333333333,120,15,120,15,1650,1650,19792499048448,0,0
simt,16,16,12,195.742666721344,195.70999840895334,195.70199151833853,196.4168349901835,1.0036527143454133,5,5,0,simt_rotate_aligned_event_median,results/v4_retest_full_23.json,True,4,48,720,0,0,0.03125,31.0,186.0,16,6,96,64,0.08333333333333333,120,15,120,15,1650,1650,19792499048448,0,0
simt,16,16,16,200.0214954217275,199.4196673234304,199.33550556500754,202.3431658744812,1.0150884324443283,5,5,0,simt_rotate_aligned_event_median,results/v4_retest_full_23.json,True,4,64,960,0,0,0.03125,31.0,248.0,16,8,128,64,0.0625,120,15,120,15,1650,1650,19792499048448,0,0
simt,16,16,20,201.95965965588888,201.86750094095865,201.60416762034097,202.24032799402872,1.0031554921765593,5,5,0,simt_rotate_aligned_event_median,results/v4_retest_full_23.json,True,4,80,1200,0,0,0.03125,31.0,310.0,16,10,160,64,0.05,120,15,120,15,1650,1650,19792499048448,0,0
simt,16,16,24,204.37749723593393,203.80682746569315,203.3226639032364,205.36367098490396,1.0100382664799183,5,5,0,simt_rotate_aligned_event_median,results/v4_retest_full_23.json,True,4,96,1440,0,0,0.03125,31.0,372.0,16,12,192,64,0.041666666666666664,120,15,120,15,1650,1650,19792499048448,0,0
simt,16,16,32,226.98184351126352,226.89900795618692,226.74033045768738,227.37950086593628,1.0028189533240897,5,5,0,simt_rotate_aligned_event_median,results/v4_retest_full_23.json,True,4,128,1920,0,0,0.03125,31.0,496.0,16,16,256,64,0.03125,120,15,120,15,1650,1650,19792499048448,0,0
simt,16,16,40,213.21766078472137,213.20748825867972,213.0008339881897,378.59852115313214,1.7774508862914797,5,5,0,simt_rotate_aligned_event_median,results/v4_retest_full_23.json,True,4,160,2400,0,0,0.03125,31.0,496.0,16,16,256,64,0.03125,81,12,120,15,1650,1650,19792499048448,0,0
simt,16,16,48,213.96433810393015,213.53582541147867,212.81466881434122,391.3058439890544,1.838716504689948,5,5,0,simt_rotate_aligned_event_median,results/v4_retest_full_23.json,True,4,192,2880,0,0,0.03125,31.0,496.0,16,16,256,64,0.03125,65,10,120,15,1650,1650,19792499048448,0,0
simt,16,16,64,216.9546683629354,216.14416440327963,216.10649426778158,218.41783821582794,1.0106953932868965,5,5,0,simt_rotate_aligned_event_median,results/v4_retest_full_23.json,True,4,256,3840,0,0,0.03125,31.0,496.0,16,16,256,64,0.03125,56,7,120,15,1650,1650,19792499048448,0,0
simt,16,16,96,513.3944849173228,505.0383309523264,456.073318918546,540.6385064125061,1.185420159404377,5,5,0,simt_rotate_aligned_event_median,results/v4_retest_full_23.json,True,4,384,5760,1,1,0.03125,31.0,496.0,16,16,256,64,0.03125,35,5,120,15,1650,1650,19792499048448,0,0
simt,16,16,128,490.71115255355835,490.61233301957446,424.16834831237793,493.13365419705707,1.1625894675052222,5,5,0,simt_rotate_aligned_event_median,results/v4_retest_full_23.json,True,4,512,7680,1,1,0.03125,31.0,496.0,16,16,256,64,0.03125,24,3,120,15,1650,1650,19792499048448,0,0
simt,16,16,192,457.2981546322505,456.52098457018536,454.9223134915034,463.4476850430171,1.0187402800405236,5,5,0,simt_rotate_aligned_event_median,results/v4_retest_full_23.json,True,4,768,11520,2,1,0.03125,31.0,496.0,16,16,256,64,0.03125,14,2,120,15,1650,1650,19793356783616,0,0
simt,16,16,256,413.54048748811084,411.13249957561493,349.17134046554565,445.1544831196467,1.2748883757931793,5,5,0,simt_rotate_aligned_event_median,results/v4_retest_full_23.json,True,4,1024,15360,3,1,0.03125,31.0,496.0,16,16,256,64,0.03125,8,1,120,15,1650,1650,19793356783616,0,0
simt,16,32,1,138.8093332449595,138.63984247048697,138.61916959285736,139.2098367214203,1.0042610782498393,5,5,0,simt_rotate_aligned_event_median,results/v4_retest_full_23.json,True,4,4,124,0,0,0.0625,15.0,15.0,16,1,16,128,1.0,496,31,496,31,1650,1650,19792499048448,0,0
simt,16,32,2,149.0053435166677,148.98066222667694,148.94715944925943,149.45567150910696,1.003414043354219,5,5,0,simt_rotate_aligned_event_median,results/v4_retest_full_23.json,True,4,8,248,0,0,0.0625,15.0,30.0,16,2,32,128,0.5,496,31,496,31,1650,1650,19792499048448,0,0
simt,16,32,3,166.4246767759323,166.3335015376409,166.01798931757608,166.6936626036962,1.0040698799503445,5,5,0,simt_rotate_aligned_event_median,results/v4_retest_full_23.json,True,4,12,372,0,0,0.0625,15.0,45.0,16,3,48,128,0.3333333333333333,496,31,496,31,1650,1650,19792499048448,0,0
simt,16,32,4,180.46634395917258,180.32732605934143,180.30049403508505,180.62949180603027,1.0018247191872984,5,5,0,simt_rotate_aligned_event_median,results/v4_retest_full_23.json,True,4,16,496,0,0,0.0625,15.0,60.0,16,4,64,128,0.25,496,31,496,31,1650,1650,19792499048448,0,0
simt,16,32,5,196.88216845194498,196.75134122371674,196.32249573866525,197.1928377946218,1.004433226323259,5,5,0,simt_rotate_aligned_event_median,results/v4_retest_full_23.json,True,4,20,620,0,0,0.0625,15.0,75.0,16,5,80,128,0.2,496,31,496,31,1650,1650,19792499048448,0,0
simt,16,32,6,196.25000158945718,196.18216156959534,196.0721562306086,196.88000281651816,1.004120149446204,5,5,0,simt_rotate_aligned_event_median,results/v4_retest_full_23.json,True,4,24,744,0,0,0.0625,15.0,90.0,16,6,96,128,0.16666666666666666,496,31,496,31,1650,1650,19792499048448,0,0
simt,16,32,7,197.3111629486084,197.1976707379023,196.9683269659678,198.56099287668863,1.0080858985566548,5,5,0,simt_rotate_aligned_event_median,results/v4_retest_full_23.json,True,4,28,868,0,0,0.0625,15.0,105.0,16,7,112,128,0.14285714285714285,496,31,496,31,1650,1650,19792499048448,0,0
simt,16,32,8,199.61316883563995,199.11632935206094,197.18849658966064,200.12083649635315,1.0148707452889332,5,5,0,simt_rotate_aligned_event_median,results/v4_retest_full_23.json,True,4,32,992,0,0,0.0625,15.0,120.0,16,8,128,128,0.125,496,31,496,31,1650,1650,19792499048448,0,0
simt,16,32,9,200.80482959747314,200.676163037618,200.6213366985321,201.82749132315317,1.0060120954454288,5,5,0,simt_rotate_aligned_event_median,results/v4_retest_full_23.json,True,4,36,1116,0,0,0.0625,15.0,135.0,16,9,144,128,0.1111111111111111,496,31,496,31,1650,1650,19792499048448,0,0
simt,16,32,10,201.95467273394266,201.8901656071345,198.64900410175323,203.30082873503366,1.0234173065921721,5,5,0,simt_rotate_aligned_event_median,results/v4_retest_full_23.json,True,4,40,1240,0,0,0.0625,15.0,150.0,16,10,160,128,0.1,496,31,496,31,1650,1650,19792499048448,0,0
simt,16,32,11,203.01016668478647,202.50649750232697,201.9065022468567,203.38834325472513,1.007339243617111,5,5,0,simt_rotate_aligned_event_median,results/v4_retest_full_23.json,True,4,44,1364,0,0,0.0625,15.0,165.0,16,11,176,128,0.09090909090909091,496,31,496,31,1650,1650,19792499048448,0,0
simt,16,32,12,203.90800138314566,203.8008322318395,203.42949529488882,204.62366938591003,1.0058702111475533,5,5,0,simt_rotate_aligned_event_median,results/v4_retest_full_23.json,True,4,48,1488,0,0,0.0625,15.0,180.0,16,12,192,128,0.08333333333333333,496,31,496,31,1650,1650,19792499048448,0,0
simt,16,32,16,227.04599797725677,226.67083144187927,226.23567283153534,228.00767421722412,1.0078325463155773,5,5,0,simt_rotate_aligned_event_median,results/v4_retest_full_23.json,True,4,64,1984,0,0,0.0625,15.0,240.0,16,16,256,128,0.0625,496,31,496,31,1650,1650,19792499048448,0,0
simt,16,32,20,226.57098869482675,225.69917142391205,225.53234299023947,390.4488186041514,1.7312320416103208,5,5,0,simt_rotate_aligned_event_median,results/v4_retest_full_23.json,True,4,80,2480,0,0,0.0625,15.0,300.0,16,20,320,128,0.05,340,25,496,31,1650,1650,19792499048448,0,0
simt,16,32,24,241.34816229343414,241.16483827431998,239.0256623427073,410.6991688410441,1.7182220721229375,5,5,0,simt_rotate_aligned_event_median,results/v4_retest_full_23.json,True,4,96,2976,0,0,0.0625,15.0,360.0,16,24,384,128,0.041666666666666664,276,21,496,31,1650,1650,19792499048448,0,0
simt,16,32,32,371.0313340028127,370.9896703561147,368.61031254132587,372.5021680196126,1.0105581839299476,5,5,0,simt_rotate_aligned_event_median,results/v4_retest_full_23.json,True,4,128,3968,0,0,0.0625,15.0,480.0,16,32,512,128,0.03125,240,15,496,31,1650,1650,19792499048448,0,0
simt,16,32,40,553.8491805394491,540.0356451670328,515.6170129776001,586.9053304195404,1.138258272414757,5,5,0,simt_rotate_aligned_event_median,results/v4_retest_full_23.json,True,4,160,4960,1,1,0.0625,15.0,480.0,16,32,512,128,0.03125,171,12,496,31,1650,1650,19792499048448,0,0
simt,16,32,48,580.8091461658478,573.5111633936564,530.017485221227,603.085845708847,1.1378602829624038,5,5,0,simt_rotate_aligned_event_median,results/v4_retest_full_23.json,True,4,192,5952,1,1,0.0625,15.0,480.0,16,32,512,128,0.03125,155,10,496,31,1650,1650,19792499048448,0,0
simt,16,32,64,588.3501370747884,588.2556835810343,537.959486246109,589.2936487992605,1.0954238448537494,5,5,0,simt_rotate_aligned_event_median,results/v4_retest_full_23.json,True,4,256,7936,1,1,0.0625,15.0,480.0,16,32,512,128,0.03125,112,7,496,31,1650,1650,19792499048448,0,0
simt,16,32,96,532.8199863433838,530.0401647885641,529.9345056215922,539.949357509613,1.0188982823005153,5,5,0,simt_rotate_aligned_event_median,results/v4_retest_full_23.json,True,4,384,11904,2,1,0.0625,15.0,480.0,16,32,512,128,0.03125,70,5,496,31,1650,1650,19793356783616,0,0
simt,16,32,128,543.3918436368307,539.6728217601776,536.4058216412863,574.4318167368571,1.0708903474970115,5,5,0,simt_rotate_aligned_event_median,results/v4_retest_full_23.json,True,4,512,15872,3,1,0.0625,15.0,480.0,16,32,512,128,0.03125,48,3,496,31,1650,1650,19793356783616,0,0
simt,16,32,192,544.4744726022085,541.1947965621948,531.3855310281118,552.2474745909373,1.039259525042886,5,5,0,simt_rotate_aligned_event_median,results/v4_retest_full_23.json,True,4,768,23808,5,1,0.0625,15.0,480.0,16,32,512,128,0.03125,55,5,496,31,1650,1650,19793356783616,0,0
simt,16,32,256,504.72401579221093,504.671980937322,503.8798451423645,505.13632098833716,1.002493602111864,5,5,0,simt_rotate_aligned_event_median,results/v4_retest_full_23.json,True,4,1024,31744,7,1,0.0625,15.0,480.0,16,32,512,128,0.03125,48,3,496,31,1650,1650,19793356783616,0,0
simt,16,64,1,136.2640013297399,135.44266919294992,135.38232942422232,136.73032820224762,1.00995697727878,5,5,0,simt_rotate_aligned_event_median,results/v4_retest_full_23.json,True,4,4,252,0,0,0.125,7.0,14.0,16,2,32,256,1.0,2016,63,2016,63,1650,1650,19792499048448,0,0
simt,16,64,2,150.57417253653207,150.3648410240809,150.2496600151062,151.13366643587747,1.0058835835015028,5,5,0,simt_rotate_aligned_event_median,results/v4_retest_full_23.json,True,4,8,504,0,0,0.125,7.0,28.0,16,4,64,256,0.5,2016,63,2016,63,1650,1650,19792499048448,0,0
simt,16,64,3,165.52399098873138,165.33100108305612,164.6008441845576,165.8103366692861,1.0073480333027478,5,5,0,simt_rotate_aligned_event_median,results/v4_retest_full_23.json,True,4,12,756,0,0,0.125,7.0,42.0,16,6,96,256,0.3333333333333333,2016,63,2016,63,1650,1650,19792499048448,0,0
simt,16,64,4,181.46215875943503,181.03850881258646,179.3180008729299,182.08583692709604,1.015435349717776,5,5,0,simt_rotate_aligned_event_median,results/v4_retest_full_23.json,True,4,16,1008,0,0,0.125,7.0,56.0,16,8,128,256,0.25,2016,63,2016,63,1650,1650,19792499048448,0,0
simt,16,64,5,194.5186754067739,193.77383589744568,192.97917683919272,195.5751578013102,1.0134521299377326,5,5,0,simt_rotate_aligned_event_median,results/v4_retest_full_23.json,True,4,20,1260,0,0,0.125,7.0,70.0,16,10,160,256,0.2,2016,63,2016,63,1650,1650,19792499048448,0,0
simt,16,64,6,197.82132903734842,197.46034344037375,197.03965882460275,199.82799390951791,1.0141511363831441,5,5,0,simt_rotate_aligned_event_median,results/v4_retest_full_23.json,True,4,24,1512,0,0,0.125,7.0,84.0,16,12,192,256,0.16666666666666666,2016,63,2016,63,1650,1650,19792499048448,0,0
simt,16,64,7,200.0513275464376,199.09034172693887,199.02065893014273,200.63166320323944,1.0080946585231747,5,5,0,simt_rotate_aligned_event_median,results/v4_retest_full_23.json,True,4,28,1764,0,0,0.125,7.0,98.0,16,14,224,256,0.14285714285714285,2016,63,2016,63,1650,1650,19792499048448,0,0
simt,16,64,8,202.58699357509613,201.07283691565195,200.82582533359528,203.59900097052255,1.0138088596539847,5,5,0,simt_rotate_aligned_event_median,results/v4_retest_full_23.json,True,4,32,2016,0,0,0.125,7.0,112.0,16,16,256,256,0.125,2016,63,2016,63,1650,1650,19792499048448,0,0
simt,16,64,9,201.54617230097452,201.48267348607382,200.15950500965118,202.7290016412735,1.012837245133567,5,5,0,simt_rotate_aligned_event_median,results/v4_retest_full_23.json,True,4,36,2268,0,0,0.125,7.0,126.0,16,18,288,256,0.1111111111111111,1617,56,2016,63,1650,1650,19792499048448,0,0
simt,16,64,10,202.85433530807495,202.77383426825205,201.93749169508615,203.51633429527283,1.0078184718792618,5,5,0,simt_rotate_aligned_event_median,results/v4_retest_full_23.json,True,4,40,2520,0,0,0.125,7.0,140.0,16,20,320,256,0.1,1392,51,2016,63,1650,1650,19792499048448,0,0
simt,16,64,11,205.55199682712555,205.21332820256552,203.50016156832376,206.29132787386575,1.0137157940516175,5,5,0,simt_rotate_aligned_event_median,results/v4_retest_full_23.json,True,4,44,2772,0,0,0.125,7.0,154.0,16,22,352,256,0.09090909090909091,1217,46,2016,63,1650,1650,19792499048448,0,0
simt,16,64,12,210.18066505591074,209.8085085550944,205.9678335984548,213.03833524386087,1.0343281837842233,5,5,0,simt_rotate_aligned_event_median,results/v4_retest_full_23.json,True,4,48,3024,0,0,0.125,7.0,168.0,16,24,384,256,0.08333333333333333,1113,42,2016,63,1650,1650,19792499048448,0,0
simt,16,64,16,281.054824590683,279.67466910680133,277.9301504294078,281.7268371582031,1.0136605788286353,5,5,0,simt_rotate_aligned_event_median,results/v4_retest_full_23.json,True,4,64,4032,0,0,0.125,7.0,224.0,16,32,512,256,0.0625,992,31,2016,63,1650,1650,19792499048448,0,0
simt,16,64,20,539.820154507955,522.7338174978892,499.98050928115845,574.2141604423523,1.1484730900168938,5,5,0,simt_rotate_aligned_event_median,results/v4_retest_full_23.json,True,4,80,5040,1,1,0.125,7.0,280.0,16,40,640,256,0.05,716,25,2016,63,1650,1650,19792499048448,0,0
simt,16,64,24,594.8903560638428,586.6758128007253,534.8376532395681,627.9582977294922,1.1741101134631837,5,5,0,simt_rotate_aligned_event_median,results/v4_retest_full_23.json,True,4,96,6048,1,1,0.125,7.0,336.0,16,48,768,256,0.041666666666666664,651,21,2016,63,1650,1650,19792499048448,0,0
simt,16,64,32,704.8610349496206,703.1562030315399,627.1166801452637,706.5994640191396,1.1267432144453002,5,5,0,simt_rotate_aligned_event_median,results/v4_retest_full_23.json,True,4,128,8064,1,1,0.125,7.0,448.0,16,64,1024,256,0.03125,480,15,2016,63,1650,1650,19792499048448,0,0
simt,16,64,40,756.6849688688914,722.7605183919271,714.3231530984243,766.708493232727,1.0733356323494174,5,5,0,simt_rotate_aligned_event_median,results/v4_retest_full_23.json,True,4,160,10080,2,1,0.125,7.0,448.0,16,64,1024,256,0.03125,378,12,2016,63,1650,1650,19792499048448,0,0
simt,16,64,48,652.1130005518595,651.7438292503357,646.5991834799448,656.0641328493754,1.0146380472033554,5,5,0,simt_rotate_aligned_event_median,results/v4_retest_full_23.json,True,4,192,12096,2,1,0.125,7.0,448.0,16,64,1024,256,0.03125,310,10,2016,63,1650,1650,19793356783616,0,0
simt,16,64,64,688.2306834061941,682.8451852003733,677.8896649678549,725.5892058213552,1.0703647559750926,5,5,0,simt_rotate_aligned_event_median,results/v4_retest_full_23.json,True,4,256,16128,3,1,0.125,7.0,448.0,16,64,1024,256,0.03125,224,7,2016,63,1650,1650,19793356783616,0,0
simt,16,64,96,691.0929679870605,689.5537078380585,689.5235180854797,696.6598629951477,1.0103496758594728,5,5,0,simt_rotate_aligned_event_median,results/v4_retest_full_23.json,True,4,384,24192,5,1,0.125,7.0,448.0,16,64,1024,256,0.03125,255,10,2016,63,1650,1650,19793356783616,0,0
simt,16,64,128,686.1136555671692,685.8766774336497,682.1321547031403,687.4694724877676,1.0078244629692763,5,5,0,simt_rotate_aligned_event_median,results/v4_retest_full_23.json,True,4,512,32256,7,1,0.125,7.0,448.0,16,64,1024,256,0.03125,224,7,2016,63,1650,1650,19793356783616,0,0
simt,16,64,192,678.5109837849935,678.5065134366354,677.3958404858907,680.6943416595459,1.0048693850427088,5,5,0,simt_rotate_aligned_event_median,results/v4_retest_full_23.json,True,4,768,48384,11,1,0.125,7.0,448.0,16,64,1024,256,0.03125,224,7,1113,42,1650,1650,19793356783616,0,0
simt,16,64,256,505.4914951324463,505.3738454977671,502.8488337993622,506.37899835904443,1.007020329614786,5,5,0,simt_rotate_aligned_event_median,results/v4_retest_full_23.json,True,4,1024,64512,15,1,0.125,7.0,448.0,16,64,1024,256,0.03125,224,7,992,31,1650,1650,19793356783616,0,0
simt,16,128,1,136.02982958157858,135.9823395808538,135.92849671840668,137.07566757996878,1.0084395170200302,5,5,0,simt_rotate_aligned_event_median,results/v4_retest_full_23.json,True,4,4,508,0,0,0.25,3.0,12.0,16,4,64,512,1.0,8128,127,8128,127,1650,1650,19792499048448,0,0
simt,16,128,2,150.2758413553238,150.16316374142966,149.32099481423697,151.6708383957545,1.0157368599401635,5,5,0,simt_rotate_aligned_event_median,results/v4_retest_full_23.json,True,4,8,1016,0,0,0.25,3.0,24.0,16,8,128,512,0.5,8128,127,8128,127,1650,1650,19792499048448,0,0
simt,16,128,3,166.63482785224915,166.37632747491202,166.24150176843008,166.98717574278513,1.0044854862740216,5,5,0,simt_rotate_aligned_event_median,results/v4_retest_full_23.json,True,4,12,1524,0,0,0.25,3.0,36.0,16,12,192,512,0.3333333333333333,8128,127,8128,127,,,,,
simt,16,128,4,181.1861644188563,180.92050651709238,180.87850511074066,182.02432493368784,1.0063347484116238,5,5,0,simt_rotate_aligned_event_median,results/v4_retest_full_23.json,True,4,16,2032,0,0,0.25,3.0,48.0,16,16,256,512,0.25,8128,127,8128,127,1650,1650,19792499048448,0,0
simt,16,128,5,193.3241585890452,192.0685072739919,191.96765621503195,194.5443352063497,1.0134224641906941,5,5,0,simt_rotate_aligned_event_median,results/v4_retest_full_23.json,True,4,20,2540,0,0,0.25,3.0,60.0,16,20,320,512,0.2,5553,102,8128,127,1650,1650,19792499048448,0,0
simt,16,128,6,195.49832741419473,195.3405092159907,194.89199916521707,196.5500017007192,1.0085072888707791,5,5,0,simt_rotate_aligned_event_median,results/v4_retest_full_23.json,True,4,24,3048,0,0,0.25,3.0,72.0,16,24,384,512,0.16666666666666666,4516,85,8128,127,1650,1650,19792499048448,0,0
simt,16,128,7,198.00734023253122,197.8674978017807,196.9814896583557,199.46999847888947,1.0126332115004806,5,5,0,simt_rotate_aligned_event_median,results/v4_retest_full_23.json,True,4,28,3556,0,0,0.25,3.0,84.0,16,28,448,512,0.14285714285714285,4132,73,8128,127,1650,1650,19792499048448,0,0
simt,16,128,8,204.12000517050424,203.89684041341147,203.60349118709564,205.17834027608237,1.0077348825396102,5,5,0,simt_rotate_aligned_event_median,results/v4_retest_full_23.json,True,4,32,4064,0,0,0.25,3.0,96.0,16,32,512,512,0.125,4032,63,8128,127,1650,1650,19792499048448,0,0
simt,16,128,9,483.62165689468384,479.67184086640674,433.1328471501668,488.7721687555313,1.1284578668448906,5,5,0,simt_rotate_aligned_event_median,results/v4_retest_full_23.json,True,4,36,4572,1,1,0.25,3.0,108.0,16,36,576,512,0.1111111111111111,3283,56,8128,127,1650,1650,19792499048448,0,0
simt,16,128,10,511.9299838940302,511.64618631203973,443.5488432645798,514.8490170637766,1.1607493174244754,5,5,0,simt_rotate_aligned_event_median,results/v4_retest_full_23.json,True,4,40,5080,1,1,0.25,3.0,120.0,16,40,640,512,0.1,2901,51,8128,127,1650,1650,19792499048448,0,0
simt,16,128,11,520.0981646776199,518.9934968948364,447.3566661278407,521.7603147029877,1.1663184081264695,5,5,0,simt_rotate_aligned_event_median,results/v4_retest_full_23.json,True,4,44,5588,1,1,0.25,3.0,132.0,16,44,704,512,0.09090909090909091,2723,46,8128,127,1650,1650,19792499048448,0,0
simt,16,128,12,519.4143205881119,519.1786736249924,453.7321776151657,520.750825603803,1.147705301265804,5,5,0,simt_rotate_aligned_event_median,results/v4_retest_full_23.json,True,4,48,6096,1,1,0.25,3.0,144.0,16,48,768,512,0.08333333333333333,2667,42,8128,127,1650,1650,19792499048448,0,0
simt,16,128,16,529.2088488737742,528.2414853572845,474.90331530570984,534.0924859046936,1.1246341490812333,5,5,0,simt_rotate_aligned_event_median,results/v4_retest_full_23.json,True,4,64,8128,1,1,0.25,3.0,192.0,16,64,1024,512,0.0625,1984,31,8128,127,1650,1650,19792499048448,0,0
simt,16,128,20,563.5356605052948,542.4203077952067,535.6911718845367,572.9671915372213,1.0695849056491809,5,5,0,simt_rotate_aligned_event_median,results/v4_retest_full_23.json,True,4,80,10160,2,1,0.25,3.0,240.0,16,80,1280,512,0.05,1575,25,8128,127,1650,1650,19792499048448,0,0
simt,16,128,24,585.9654645125071,584.8668615023295,575.6098330020905,595.1993266741434,1.0340325903918008,5,5,0,simt_rotate_aligned_event_median,results/v4_retest_full_23.json,True,4,96,12192,2,1,0.25,3.0,288.0,16,96,1536,512,0.041666666666666664,1302,21,8128,127,1650,1650,19793356783616,0,0
simt,16,128,32,847.5426932175955,833.4209819634756,799.727181593577,901.7238120237986,1.127539281867321,5,5,0,simt_rotate_aligned_event_median,results/v4_retest_full_23.json,True,4,128,16256,3,1,0.25,3.0,384.0,16,128,2048,512,0.03125,960,15,8128,127,1650,1650,19793356783616,0,0
simt,16,128,40,829.4125099976858,824.2241938908895,794.2498326301575,841.0903215408325,1.0589745027147979,5,5,0,simt_rotate_aligned_event_median,results/v4_retest_full_23.json,True,4,160,20320,4,1,0.25,3.0,384.0,16,128,2048,512,0.03125,1081,25,8128,127,1650,1650,19793356783616,0,0
simt,16,128,48,832.6638340950012,820.678840080897,814.0529692173004,868.1796689828237,1.0664903904442058,5,5,0,simt_rotate_aligned_event_median,results/v4_retest_full_23.json,True,4,192,24384,5,1,0.25,3.0,384.0,16,128,2048,512,0.03125,1071,21,8128,127,1650,1650,19793356783616,0,0
simt,16,128,64,846.4802006880442,840.1791354020437,836.1818393071493,905.379186073939,1.0827539459887408,5,5,0,simt_rotate_aligned_event_median,results/v4_retest_full_23.json,True,4,256,32512,7,1,0.25,3.0,384.0,16,128,2048,512,0.03125,960,15,8128,127,1650,1650,19793356783616,0,0
simt,16,128,96,810.912698507309,800.1916309197744,798.6466487248739,873.2083042462667,1.0933600055048607,5,5,0,simt_rotate_aligned_event_median,results/v4_retest_full_23.json,True,4,384,48768,11,1,0.25,3.0,384.0,16,128,2048,512,0.03125,960,15,4516,85,1650,1650,19793356783616,0,0
simt,16,128,128,685.8021914958954,684.818853934606,682.8296681245168,689.9331708749136,1.0104030376563857,5,5,0,simt_rotate_aligned_event_median,results/v4_retest_full_23.json,True,4,512,65024,15,1,0.25,3.0,384.0,16,128,2048,512,0.03125,960,15,4032,63,1650,1650,19793356783616,0,0
simt,16,128,192,801.9074698289236,793.9015030860901,785.5409681797028,805.803507566452,1.0257943763693225,5,5,0,simt_rotate_aligned_event_median,results/v4_retest_full_23.json,True,4,768,97536,23,1,0.25,3.0,384.0,16,128,2048,512,0.03125,960,15,2667,42,1650,1650,19793356783616,0,0
simt,16,128,256,506.0540040334066,504.93916869163513,504.84018524487817,506.76516691843665,1.003813051594981,5,5,0,simt_rotate_aligned_event_median,results/v4_retest_full_23.json,True,4,1024,130048,31,1,0.25,3.0,384.0,16,128,2048,512,0.03125,960,15,1984,31,1650,1650,19793356783616,0,0
simt,16,256,1,134.1568281253179,134.11299884319305,134.03899470965067,135.02565522988638,1.0073609961218597,5,5,0,simt_rotate_aligned_event_median,results/v4_retest_full_23.json,True,4,4,1020,0,0,0.5,1.0,8.0,16,8,128,1024,1.0,32640,255,32640,255,1650,1650,19792499048448,0,0
simt,16,256,2,149.87401167551675,149.62033927440643,149.43116903305054,150.33917129039764,1.0060763913126203,5,5,0,simt_rotate_aligned_event_median,results/v4_retest_full_23.json,True,4,8,2040,0,0,0.5,1.0,16.0,16,16,256,1024,0.5,32640,255,32640,255,1650,1650,19792499048448,0,0
simt,16,256,3,171.5184897184372,169.42298909028372,168.74282558759054,172.1235066652298,1.0200345174135088,5,5,0,simt_rotate_aligned_event_median,results/v4_retest_full_23.json,True,4,12,3060,0,0,0.5,1.0,24.0,16,24,384,1024,0.3333333333333333,18105,170,32640,255,1650,1650,19792499048448,0,0
simt,16,256,4,193.76365840435028,193.17249953746796,191.08066956202188,196.3190088669459,1.027414281711127,5,5,0,simt_rotate_aligned_event_median,results/v4_retest_full_23.json,True,4,16,4080,0,0,0.5,1.0,32.0,16,32,512,1024,0.25,16256,127,32640,255,1650,1650,19792499048448,0,0
simt,16,256,5,481.4808319012324,479.76400951544446,418.54798793792725,483.53031774361926,1.1552565815113396,5,5,0,simt_rotate_aligned_event_median,results/v4_retest_full_23.json,True,4,20,5100,1,1,0.5,1.0,40.0,16,40,640,1024,0.2,11679,102,32640,255,1650,1650,19792499048448,0,0
simt,16,256,6,500.71998933951056,500.30317902565,431.9309989611308,502.4161537488302,1.1631861453732852,5,5,0,simt_rotate_aligned_event_median,results/v4_retest_full_23.json,True,4,24,6120,1,1,0.5,1.0,48.0,16,48,768,1024,0.16666666666666666,10795,85,32640,255,1650,1650,19792499048448,0,0
simt,16,256,7,513.1533245245615,513.0321532487869,438.92968197663623,515.7320201396942,1.1749764058269956,5,5,0,simt_rotate_aligned_event_median,results/v4_retest_full_23.json,True,4,28,7140,1,1,0.5,1.0,56.0,16,56,896,1024,0.14285714285714285,8587,73,32640,255,1650,1650,19792499048448,0,0
simt,16,256,8,523.1749961773554,522.6759860912958,449.81281956036884,524.1908431053162,1.1653532765420997,5,5,0,simt_rotate_aligned_event_median,results/v4_retest_full_23.json,True,4,32,8160,1,1,0.5,1.0,64.0,16,64,1024,1024,0.125,8064,63,32640,255,1650,1650,19792499048448,0,0
simt,16,256,9,562.0483209689459,560.6878399848938,519.2041794459025,565.2336776256561,1.0886539438663159,5,5,0,simt_rotate_aligned_event_median,results/v4_retest_full_23.json,True,4,36,9180,2,1,0.5,1.0,72.0,16,72,1152,1024,0.1111111111111111,6762,56,32640,255,1650,1650,19792499048448,0,0
simt,16,256,10,564.7314935922623,563.4691764911016,527.8668502966563,566.9936537742615,1.074122486486159,5,5,0,simt_rotate_aligned_event_median,results/v4_retest_full_23.json,True,4,40,10200,2,1,0.5,1.0,80.0,16,80,1280,1024,0.1,6426,51,32640,255,1650,1650,19792499048448,0,0
simt,16,256,11,573.1523235638937,572.1270044644674,530.514677365621,574.4320005178452,1.0827824846812997,5,5,0,simt_rotate_aligned_event_median,results/v4_retest_full_23.json,True,4,44,11220,2,1,0.5,1.0,88.0,16,88,1408,1024,0.09090909090909091,5566,46,32640,255,1650,1650,19792499048448,0,0
simt,16,256,12,526.3338138659796,520.8534896373749,519.3928380807241,571.4441587527593,1.1002157073716627,5,5,0,simt_rotate_aligned_event_median,results/v4_retest_full_23.json,True,4,48,12240,2,1,0.5,1.0,96.0,16,96,1536,1024,0.08333333333333333,5334,42,32640,255,1650,1650,19793356783616,0,0
simt,16,256,16,530.8163464069366,530.2688280741373,526.9431670506796,569.0215031305949,1.0798536516099626,5,5,0,simt_rotate_aligned_event_median,results/v4_retest_full_23.json,True,4,64,16320,3,1,0.5,1.0,128.0,16,128,2048,1024,0.0625,3968,31,32640,255,1650,1650,19793356783616,0,0
simt,16,256,20,584.3613048394521,581.9808642069498,581.7081729571024,585.743635892868,1.0069372636029015,5,5,0,simt_rotate_aligned_event_median,results/v4_retest_full_23.json,True,4,80,20400,4,1,0.5,1.0,160.0,16,160,2560,1024,0.05,4476,51,32640,255,1650,1650,19793356783616,0,0
simt,16,256,24,704.4465045134226,703.7128011385599,699.5904644330343,705.9455215930939,1.0090839676684413,5,5,0,simt_rotate_aligned_event_median,results/v4_retest_full_23.json,True,4,96,24480,5,1,0.5,1.0,192.0,16,192,3072,1024,0.041666666666666664,4431,42,32640,255,1650,1650,19793356783616,0,0
simt,16,256,32,941.5319760640463,941.348155339559,938.1975134213766,950.3327012062073,1.0129345767935118,5,5,0,simt_rotate_aligned_event_median,results/v4_retest_full_23.json,True,4,128,32640,7,1,0.5,1.0,256.0,16,256,4096,1024,0.03125,3968,31,32640,255,1650,1650,19793356783616,0,0
simt,16,256,40,775.1976847648621,766.6134834289551,757.0366660753886,799.0219791730245,1.0554600787241855,5,5,0,simt_rotate_aligned_event_median,results/v4_retest_full_23.json,True,4,160,40800,9,1,0.5,1.0,256.0,16,256,4096,1024,0.03125,4138,38,22185,204,1650,1650,19793356783616,0,0
simt,16,256,48,750.4178086916605,748.2736905415853,736.873209476471,768.0665254592896,1.042331999021895,5,5,0,simt_rotate_aligned_event_median,results/v4_retest_full_23.json,True,4,192,48960,11,1,0.5,1.0,256.0,16,256,4096,1024,0.03125,3968,31,18105,170,1650,1650,19793356783616,0,0
simt,16,256,64,854.6930253505707,854.010800520579,833.1588407357534,892.1476999918619,1.0708014563033577,5,5,0,simt_rotate_aligned_event_median,results/v4_retest_full_23.json,True,4,256,65280,15,1,0.5,1.0,256.0,16,256,4096,1024,0.03125,3968,31,16256,127,1650,1650,19793356783616,0,0
simt,16,256,96,863.750139872233,859.7010175387064,857.7713171641032,892.6335374514262,1.0406427909044356,5,5,0,simt_rotate_aligned_event_median,results/v4_retest_full_23.json,True,4,384,97920,23,1,0.5,1.0,256.0,16,256,4096,1024,0.03125,3968,31,10795,85,1650,1650,19793356783616,0,0
simt,16,256,128,687.9876852035522,685.5678657690684,683.7701896826426,688.8673007488251,1.0074544212998642,5,5,0,simt_rotate_aligned_event_median,results/v4_retest_full_23.json,True,4,512,130560,31,1,0.5,1.0,256.0,16,256,4096,1024,0.03125,3968,31,8064,63,1650,1650,19793356783616,0,0
simt,16,256,192,793.4388220310211,790.5048330624899,780.582199494044,827.2915184497833,1.059839077788368,5,5,0,simt_rotate_aligned_event_median,results/v4_retest_full_23.json,True,4,768,195840,47,1,0.5,1.0,256.0,16,256,4096,1024,0.03125,3968,31,5334,42,1650,1650,19793356783616,0,0
simt,16,256,256,503.8834810256958,503.8306713104248,503.7070016066233,505.55000702540076,1.0036588838608536,5,5,0,simt_rotate_aligned_event_median,results/v4_retest_full_23.json,True,4,1024,261120,63,1,0.5,1.0,256.0,16,256,4096,1024,0.03125,3968,31,3968,31,1650,1650,19793356783616,0,0
simt,16,512,1,136.53517762819925,134.8623385032018,133.60567390918732,136.94700102011362,1.0250088713537526,5,5,0,simt_rotate_aligned_event_median,results/v4_retest_full_23.json,True,4,4,2044,0,0,1.0,0.0,0.0,16,16,256,2048,1.0,130816,511,130816,511,1650,1650,19792499048448,0,0
simt,16,512,2,157.37265845139822,157.07315504550934,157.01115628083548,160.07917126019797,1.0195401081810704,5,5,0,simt_rotate_aligned_event_median,results/v4_retest_full_23.json,True,4,8,4088,0,0,1.0,0.0,0.0,16,32,512,2048,0.5,65280,255,130816,511,1650,1650,19792499048448,0,0
simt,16,512,3,469.3591644366582,468.6763485272725,400.79232553641003,471.9419827063878,1.1775225038921415,5,5,0,simt_rotate_aligned_event_median,results/v4_retest_full_23.json,True,4,12,6132,1,1,1.0,0.0,0.0,16,48,768,2048,0.3333333333333333,43435,170,130816,511,1650,1650,19792499048448,0,0
simt,16,512,4,492.43701497713727,489.6756609280904,416.5089925130208,494.9839959541957,1.1884113064827084,5,5,0,simt_rotate_aligned_event_median,results/v4_retest_full_23.json,True,4,16,8176,1,1,1.0,0.0,0.0,16,64,1024,2048,0.25,32512,127,130816,511,1650,1650,19792499048448,0,0
simt,16,512,5,547.0548272132874,546.800489226977,514.9550090233485,549.1783171892166,1.0664588314827257,5,5,0,simt_rotate_aligned_event_median,results/v4_retest_full_23.json,True,4,20,10220,2,1,1.0,0.0,0.0,16,80,1280,2048,0.2,25959,102,130816,511,1650,1650,19792499048448,0,0
simt,16,512,6,515.0741537412008,513.6098514000574,510.3216816981634,564.6903465191523,1.106538026446515,5,5,0,simt_rotate_aligned_event_median,results/v4_retest_full_23.json,True,4,24,12264,2,1,1.0,0.0,0.0,16,96,1536,2048,0.16666666666666666,21590,85,130816,511,1650,1650,19793356783616,0,0
simt,16,512,7,520.8049962917963,519.6316589911779,516.6695217291514,572.6391474405924,1.10832770921754,5,5,0,simt_rotate_aligned_event_median,results/v4_retest_full_23.json,True,4,28,14308,3,1,1.0,0.0,0.0,16,112,1792,2048,0.14285714285714285,18469,73,130816,511,1650,1650,19793356783616,0,0
simt,16,512,8,529.412512977918,526.6785124937693,524.0266670783361,581.0023148854574,1.1087266190569727,5,5,0,simt_rotate_aligned_event_median,results/v4_retest_full_23.json,True,4,32,16352,3,1,1.0,0.0,0.0,16,128,2048,2048,0.125,16128,63,130816,511,1650,1650,19793356783616,0,0
simt,16,512,9,578.6769986152649,577.91535059611,577.2205144166946,580.6504835685095,1.0059422163040774,5,5,0,simt_rotate_aligned_event_median,results/v4_retest_full_23.json,True,4,36,18396,4,1,1.0,0.0,0.0,16,144,2304,2048,0.1111111111111111,17500,112,130816,511,1650,1650,19793356783616,0,0
simt,16,512,10,584.5156659682592,584.0968191623688,582.5978467861811,585.483655333519,1.0049533457139552,5,5,0,simt_rotate_aligned_event_median,results/v4_retest_full_23.json,True,4,40,20440,4,1,1.0,0.0,0.0,16,160,2560,2048,0.1,18105,102,130816,511,1650,1650,19793356783616,0,0
simt,16,512,11,588.7250006198883,587.9234671592712,586.7771506309509,589.7760291894277,1.0051107623315805,5,5,0,simt_rotate_aligned_event_median,results/v4_retest_full_23.json,True,4,44,22484,5,1,1.0,0.0,0.0,16,176,2816,2048,0.09090909090909091,18148,93,130816,511,1650,1650,19793356783616,0,0
simt,16,512,12,590.3743406136831,589.6218121051788,588.8853669166565,591.2511845429739,1.0040174501850923,5,5,0,simt_rotate_aligned_event_median,results/v4_retest_full_23.json,True,4,48,24528,5,1,1.0,0.0,0.0,16,192,3072,2048,0.08333333333333333,17935,85,130816,511,1650,1650,19793356783616,0,0
simt,16,512,16,688.556840022405,688.2838507493337,688.1498595078787,690.0565326213837,1.0027707236834553,5,5,0,simt_rotate_aligned_event_median,results/v4_retest_full_23.json,True,4,64,32704,7,1,1.0,0.0,0.0,16,256,4096,2048,0.0625,16128,63,130816,511,1650,1650,19793356783616,0,0
simt,16,512,20,681.3455323378245,680.5558005968729,677.1346926689148,682.4583212534586,1.0078619935474888,5,5,0,simt_rotate_aligned_event_median,results/v4_retest_full_23.json,True,4,80,40880,9,1,1.0,0.0,0.0,16,320,5120,2048,0.05,16806,77,88996,409,1650,1650,19793356783616,0,0
simt,16,512,24,733.7363461653391,719.6030020713806,715.1479919751486,739.8168047269186,1.0344946962427146,5,5,0,simt_rotate_aligned_event_median,results/v4_retest_full_23.json,True,4,96,49056,11,1,1.0,0.0,0.0,16,384,6144,2048,0.041666666666666664,16128,63,72676,341,1650,1650,19793356783616,0,0
simt,16,512,32,949.7601389884949,942.6116943359375,942.3268437385559,955.9218287467957,1.0144270378145055,5,5,0,simt_rotate_aligned_event_median,results/v4_retest_full_23.json,True,4,128,65408,15,1,1.0,0.0,0.0,16,512,8192,2048,0.03125,16128,63,65280,255,1650,1650,19793356783616,0,0
simt,16,512,40,638.6966506640116,637.9330058892568,637.7801299095154,643.9968248208364,1.0097473950971207,5,5,0,simt_rotate_aligned_event_median,results/v4_retest_full_23.json,True,4,160,81760,19,1,1.0,0.0,0.0,16,512,8192,2048,0.03125,16128,63,46971,204,1650,1650,19793356783616,0,0
simt,16,512,48,682.3321580886841,669.8071757952372,663.6721889177958,683.0226381619772,1.0291566372183454,5,5,0,simt_rotate_aligned_event_median,results/v4_retest_full_23.json,True,4,192,98112,23,1,1.0,0.0,0.0,16,512,8192,2048,0.03125,16128,63,43435,170,1650,1650,19793356783616,0,0
simt,16,512,64,869.6236312389374,864.9636805057526,860.1409693559011,892.8858240445455,1.0380691722115791,5,5,0,simt_rotate_aligned_event_median,results/v4_retest_full_23.json,True,4,256,130816,31,1,1.0,0.0,0.0,16,512,8192,2048,0.03125,16128,63,32512,127,1650,1650,19793356783616,0,0
simt,16,512,96,952.0941774050394,952.0033200581869,949.9464829762777,953.4794886906942,1.0037191628978375,5,5,0,simt_rotate_aligned_event_median,results/v4_retest_full_23.json,True,4,384,196224,47,1,1.0,0.0,0.0,16,512,8192,2048,0.03125,16128,63,21590,85,1650,1650,19793356783616,0,0
simt,16,512,128,684.0689678986868,683.8711301485697,680.2988251050314,688.4317000706991,1.0119548566975873,5,5,0,simt_rotate_aligned_event_median,results/v4_retest_full_23.json,True,4,512,261632,63,1,1.0,0.0,0.0,16,512,8192,2048,0.03125,16128,63,16128,63,1650,1650,19793356783616,0,0
simt,16,512,192,813.5844667752584,813.561201095581,812.8518660863241,814.5241340001425,1.0020572849538625,5,5,0,simt_rotate_aligned_event_median,results/v4_retest_full_23.json,True,4,768,392448,95,1,1.0,0.0,0.0,16,512,8192,2048,0.03125,16128,63,10668,42,1650,1650,19793356783616,0,0
simt,16,512,256,505.6036710739136,505.1024854183197,504.4140120347341,506.609171628952,1.0043519005060206,5,5,0,simt_rotate_aligned_event_median,results/v4_retest_full_23.json,True,4,1024,523264,127,1,1.0,0.0,0.0,16,512,8192,2048,0.03125,16128,63,7936,31,1650,1650,19793356783616,0,0
simt,32,4,1,137.30932772159576,136.9875023762385,136.74799601236978,137.94532914956412,1.008755763682899,5,5,0,simt_rotate_aligned_event_median,results/v4_retest_full_23.json,True,4,4,12,0,0,0.00390625,255.0,255.0,32,1,32,16,0.125,6,3,6,3,1650,1650,19792499048448,0,0
simt,32,4,2,136.04549070199332,136.03482147057852,135.49783329168955,138.52766652901968,1.0223607504542729,5,5,0,simt_rotate_aligned_event_median,results/v4_retest_full_23.json,True,4,8,24,0,0,0.00390625,255.0,255.0,32,1,32,16,0.125,6,3,6,3,1650,1650,19792499048448,0,0
simt,32,4,3,144.30749913056692,142.72100726763406,142.2471652428309,145.1865037282308,1.020663599730667,5,5,0,simt_rotate_aligned_event_median,results/v4_retest_full_23.json,True,4,12,36,0,0,0.00390625,255.0,255.0,32,1,32,16,0.125,6,3,6,3,1650,1650,19792499048448,0,0
simt,32,4,4,136.79433862368265,135.659987727801,135.64584155877432,138.16717267036438,1.0185876034430261,5,5,0,simt_rotate_aligned_event_median,results/v4_retest_full_23.json,True,4,16,48,0,0,0.00390625,255.0,255.0,32,1,32,16,0.125,6,3,6,3,1650,1650,19792499048448,0,0
simt,32,4,5,143.84466409683228,143.60065758228302,142.62949426968893,144.71517503261566,1.0146230677855665,5,5,0,simt_rotate_aligned_event_median,results/v4_retest_full_23.json,True,4,20,60,0,0,0.00390625,255.0,255.0,32,1,32,16,0.125,6,3,6,3,1650,1650,19792499048448,0,0
simt,32,4,6,142.72532363732657,141.97984337806702,141.47517085075378,144.03399328390756,1.0180867244603165,5,5,0,simt_rotate_aligned_event_median,results/v4_retest_full_23.json,True,4,24,72,0,0,0.00390625,255.0,255.0,32,1,32,16,0.125,6,3,6,3,1650,1650,19792499048448,0,0
simt,32,4,7,143.04917057355246,142.75566736857095,142.40383605162302,145.1064944267273,1.0189788312593246,5,5,0,simt_rotate_aligned_event_median,results/v4_retest_full_23.json,True,4,28,84,0,0,0.00390625,255.0,255.0,32,1,32,16,0.125,6,3,6,3,1650,1650,19792499048448,0,0
simt,32,4,8,135.9233409166336,135.7714980840683,134.99500354131064,136.25900447368622,1.0093633164133278,5,5,0,simt_rotate_aligned_event_median,results/v4_retest_full_23.json,True,4,32,96,0,0,0.00390625,255.0,255.0,32,1,32,16,0.125,6,3,6,3,1650,1650,19792499048448,0,0
simt,32,4,9,144.27716533342996,141.4338300625483,140.7553255558014,144.65099573135376,1.0276768936462581,5,5,0,simt_rotate_aligned_event_median,results/v4_retest_full_23.json,True,4,36,108,0,0,0.00390625,255.0,255.0,32,1,32,16,0.125,6,3,6,3,1650,1650,19792499048448,0,0
simt,32,4,10,142.20499992370605,142.193337281545,142.04449454943338,143.50450038909912,1.0102785105772447,5,5,0,simt_rotate_aligned_event_median,results/v4_retest_full_23.json,True,4,40,120,0,0,0.00390625,255.0,255.0,32,1,32,16,0.125,6,3,6,3,1650,1650,19792499048448,0,0
simt,32,4,11,150.57100355625153,150.4011700550715,149.57516888777414,150.7853219906489,1.0080906016143811,5,5,0,simt_rotate_aligned_event_median,results/v4_retest_full_23.json,True,4,44,132,0,0,0.00390625,255.0,510.0,32,2,64,16,0.0625,6,3,6,3,1650,1650,19792499048448,0,0
simt,32,4,12,150.6049931049347,150.56966245174408,150.18350879351297,151.47066116333008,1.008570530680481,5,5,0,simt_rotate_aligned_event_median,results/v4_retest_full_23.json,True,4,48,144,0,0,0.00390625,255.0,510.0,32,2,64,16,0.0625,6,3,6,3,1650,1650,19792499048448,0,0
simt,32,4,16,150.16167859236398,149.67882633209229,149.52467381954193,150.95716218153635,1.0095802808018377,5,5,0,simt_rotate_aligned_event_median,results/v4_retest_full_23.json,True,4,64,192,0,0,0.00390625,255.0,510.0,32,2,64,16,0.0625,6,3,6,3,1650,1650,19792499048448,0,0
simt,32,4,20,150.45700470606485,150.19899109999338,150.04132191340128,151.48216485977173,1.0096029742206754,5,5,0,simt_rotate_aligned_event_median,results/v4_retest_full_23.json,True,4,80,240,0,0,0.00390625,255.0,510.0,32,2,64,16,0.0625,6,3,6,3,1650,1650,19792499048448,0,0
simt,32,4,24,165.02082844575247,164.98500605424246,163.7874941031138,165.10665913422903,1.008054125489488,5,5,0,simt_rotate_aligned_event_median,results/v4_retest_full_23.json,True,4,96,288,0,0,0.00390625,255.0,765.0,32,3,96,16,0.041666666666666664,6,3,6,3,1650,1650,19792499048448,0,0
simt,32,4,32,180.02932767073312,180.02449969450632,179.74500358104706,181.23117089271545,1.0082681981810875,5,5,0,simt_rotate_aligned_event_median,results/v4_retest_full_23.json,True,4,128,384,0,0,0.00390625,255.0,1020.0,32,4,128,16,0.03125,6,3,6,3,1650,1650,19792499048448,0,0
simt,32,4,40,180.29583990573883,180.1198422908783,179.83600000540414,181.13099535306296,1.0072009794903127,5,5,0,simt_rotate_aligned_event_median,results/v4_retest_full_23.json,True,4,160,480,0,0,0.00390625,255.0,1020.0,32,4,128,16,0.03125,6,3,6,3,1650,1650,19792499048448,0,0
simt,32,4,48,180.89733521143594,180.7496597369512,180.35649259885153,181.86632792154947,1.0083713943476165,5,5,0,simt_rotate_aligned_event_median,results/v4_retest_full_23.json,True,4,192,576,0,0,0.00390625,255.0,1020.0,32,4,128,16,0.03125,6,3,6,3,1650,1650,19792499048448,0,0
simt,32,4,64,180.179496606191,180.05050718784332,179.3526659409205,180.66299458344778,1.0073058776999664,5,5,0,simt_rotate_aligned_event_median,results/v4_retest_full_23.json,True,4,256,768,0,0,0.00390625,255.0,1020.0,32,4,128,16,0.03125,6,3,6,3,1650,1650,19792499048448,0,0
simt,32,4,96,169.5943276087443,169.07666623592377,168.2538390159607,169.92783546447754,1.0099492318172785,5,5,0,simt_rotate_aligned_event_median,results/v4_retest_full_23.json,True,4,384,1152,0,0,0.00390625,255.0,1020.0,32,4,128,16,0.03125,6,3,6,3,1650,1650,19792499048448,0,0
simt,32,4,128,157.3316603899002,156.80216749509177,156.37433032194772,158.5605045159658,1.013980390448465,5,5,0,simt_rotate_aligned_event_median,results/v4_retest_full_23.json,True,4,512,1536,0,0,0.00390625,255.0,1020.0,32,4,128,16,0.03125,6,3,6,3,1650,1650,19792499048448,0,0
simt,32,4,192,154.02432779471079,153.7963350613912,153.65099906921387,154.74334359169006,1.0071092575322869,5,5,0,simt_rotate_aligned_event_median,results/v4_retest_full_23.json,True,4,768,2304,0,0,0.00390625,255.0,1020.0,32,4,128,16,0.03125,3,2,6,3,1650,1650,19792499048448,0,0
simt,32,4,256,147.02400068442026,146.88182870546976,146.1704969406128,147.7879931529363,1.011065818658198,5,5,0,simt_rotate_aligned_event_median,results/v4_retest_full_23.json,True,4,1024,3072,0,0,0.00390625,255.0,1020.0,32,4,128,16,0.03125,2,1,6,3,1650,1650,19792499048448,0,0
simt,32,8,1,136.85598969459534,136.4611734946569,136.2570027510325,137.24467158317566,1.0072485730069067,5,5,0,simt_rotate_aligned_event_median,results/v4_retest_full_23.json,True,4,4,28,0,0,0.0078125,127.0,127.0,32,1,32,32,0.25,28,7,28,7,1650,1650,19792499048448,0,0
simt,32,8,2,137.10066676139832,135.52749156951904,135.30016442139944,137.32082645098367,1.0149346605617624,5,5,0,simt_rotate_aligned_event_median,results/v4_retest_full_23.json,True,4,8,56,0,0,0.0078125,127.0,127.0,32,1,32,32,0.25,28,7,28,7,1650,1650,19792499048448,0,0
simt,32,8,3,142.43334035078684,142.36433307329813,141.94216827551523,143.8846637805303,1.0136851192891785,5,5,0,simt_rotate_aligned_event_median,results/v4_retest_full_23.json,True,4,12,84,0,0,0.0078125,127.0,127.0,32,1,32,32,0.25,28,7,28,7,1650,1650,19792499048448,0,0
simt,32,8,4,135.241170724233,135.02216339111328,134.24083590507507,136.25116646289825,1.014975551547107,5,5,0,simt_rotate_aligned_event_median,results/v4_retest_full_23.json,True,4,16,112,0,0,0.0078125,127.0,127.0,32,1,32,32,0.25,28,7,28,7,1650,1650,19792499048448,0,0
simt,32,8,5,149.87750351428986,149.6386577685674,149.56467350323996,152.0459900299708,1.016590258037618,5,5,0,simt_rotate_aligned_event_median,results/v4_retest_full_23.json,True,4,20,140,0,0,0.0078125,127.0,254.0,32,2,64,32,0.125,28,7,28,7,1650,1650,19792499048448,0,0
simt,32,8,6,149.9271641174952,149.875337878863,149.8106668392817,151.16267402966818,1.0090247725272923,5,5,0,simt_rotate_aligned_event_median,results/v4_retest_full_23.json,True,4,24,168,0,0,0.0078125,127.0,254.0,32,2,64,32,0.125,28,7,28,7,1650,1650,19792499048448,0,0
simt,32,8,7,150.50517519315085,150.47067403793335,149.2861658334732,151.11082792282104,1.0122225798965405,5,5,0,simt_rotate_aligned_event_median,results/v4_retest_full_23.json,True,4,28,196,0,0,0.0078125,127.0,254.0,32,2,64,32,0.125,28,7,28,7,1650,1650,19792499048448,0,0
simt,32,8,8,149.86783266067505,149.5963434378306,149.44133162498474,150.39533376693726,1.0063837904251718,5,5,0,simt_rotate_aligned_event_median,results/v4_retest_full_23.json,True,4,32,224,0,0,0.0078125,127.0,254.0,32,2,64,32,0.125,28,7,28,7,1650,1650,19792499048448,0,0
simt,32,8,9,150.27915934721628,149.68899885813394,149.6694932381312,150.50999323527017,1.005615706841485,5,5,0,simt_rotate_aligned_event_median,results/v4_retest_full_23.json,True,4,36,252,0,0,0.0078125,127.0,254.0,32,2,64,32,0.125,28,7,28,7,1650,1650,19792499048448,0,0
simt,32,8,10,164.9193267027537,164.8470014333725,164.83067472775778,165.1574969291687,1.0019827753659973,5,5,0,simt_rotate_aligned_event_median,results/v4_retest_full_23.json,True,4,40,280,0,0,0.0078125,127.0,381.0,32,3,96,32,0.08333333333333333,28,7,28,7,1650,1650,19792499048448,0,0
simt,32,8,11,164.85233108202615,164.82249399026236,164.71199691295624,166.6339933872223,1.011668831113023,5,5,0,simt_rotate_aligned_event_median,results/v4_retest_full_23.json,True,4,44,308,0,0,0.0078125,127.0,381.0,32,3,96,32,0.08333333333333333,28,7,28,7,1650,1650,19792499048448,0,0
simt,32,8,12,164.43500419457754,164.361501733462,164.11766409873962,165.1241679986318,1.0061328188249536,5,5,0,simt_rotate_aligned_event_median,results/v4_retest_full_23.json,True,4,48,336,0,0,0.0078125,127.0,381.0,32,3,96,32,0.08333333333333333,28,7,28,7,1650,1650,19792499048448,0,0
simt,32,8,16,180.1056613524755,180.007666349411,179.44049835205078,180.70183197657266,1.0070292583675688,5,5,0,simt_rotate_aligned_event_median,results/v4_retest_full_23.json,True,4,64,448,0,0,0.0078125,127.0,508.0,32,4,128,32,0.0625,28,7,28,7,1650,1650,19792499048448,0,0
simt,32,8,20,195.8638330300649,195.5703447262446,195.55116693178812,196.69816891352335,1.0058654826751063,5,5,0,simt_rotate_aligned_event_median,results/v4_retest_full_23.json,True,4,80,560,0,0,0.0078125,127.0,635.0,32,5,160,32,0.05,28,7,28,7,1650,1650,19792499048448,0,0
simt,32,8,24,198.0213224887848,197.82266517480215,197.7080007394155,198.70650271574655,1.0050503873014582,5,5,0,simt_rotate_aligned_event_median,results/v4_retest_full_23.json,True,4,96,672,0,0,0.0078125,127.0,762.0,32,6,192,32,0.041666666666666664,28,7,28,7,1650,1650,19792499048448,0,0
simt,32,8,32,210.42982240517935,210.19750833511353,209.80532467365265,211.39299869537354,1.0075673676261099,5,5,0,simt_rotate_aligned_event_median,results/v4_retest_full_23.json,True,4,128,896,0,0,0.0078125,127.0,1016.0,32,8,256,32,0.03125,28,7,28,7,1650,1650,19792499048448,0,0
simt,32,8,40,204.88816499710083,203.76033087571463,203.6788413921992,205.79000314076742,1.0103651500280435,5,5,0,simt_rotate_aligned_event_median,results/v4_retest_full_23.json,True,4,160,1120,0,0,0.0078125,127.0,1016.0,32,8,256,32,0.03125,28,7,28,7,1650,1650,19792499048448,0,0
simt,32,8,48,205.25284111499786,205.03416657447815,205.02066612243652,205.91333508491516,1.0043540438111032,5,5,0,simt_rotate_aligned_event_median,results/v4_retest_full_23.json,True,4,192,1344,0,0,0.0078125,127.0,1016.0,32,8,256,32,0.03125,28,7,28,7,1650,1650,19792499048448,0,0
simt,32,8,64,200.6041705608368,200.44883092244467,200.25099317232767,200.72617133458456,1.0023729128866192,5,5,0,simt_rotate_aligned_event_median,results/v4_retest_full_23.json,True,4,256,1792,0,0,0.0078125,127.0,1016.0,32,8,256,32,0.03125,28,7,28,7,1650,1650,19792499048448,0,0
simt,32,8,96,189.50050075848898,189.21498954296112,188.81217141946158,190.53282837073007,1.0091130616121453,5,5,0,simt_rotate_aligned_event_median,results/v4_retest_full_23.json,True,4,384,2688,0,0,0.0078125,127.0,1016.0,32,8,256,32,0.03125,16,5,28,7,1650,1650,19792499048448,0,0
simt,32,8,128,183.73467524846396,183.08101097742716,182.83766508102417,184.23567215601602,1.007646165653955,5,5,0,simt_rotate_aligned_event_median,results/v4_retest_full_23.json,True,4,512,3584,0,0,0.0078125,127.0,1016.0,32,8,256,32,0.03125,12,3,28,7,1650,1650,19792499048448,0,0
simt,32,8,192,181.3270002603531,181.11282587051392,180.71000774701437,181.4215083916982,1.0039372509223723,5,5,0,simt_rotate_aligned_event_median,results/v4_retest_full_23.json,True,4,768,5376,1,1,0.0078125,127.0,1016.0,32,8,256,32,0.03125,7,2,28,7,1650,1650,19792499048448,0,0
simt,32,8,256,174.86334343751273,174.73617692788443,174.45632815361023,175.38665731747946,1.0053327338349691,5,5,0,simt_rotate_aligned_event_median,results/v4_retest_full_23.json,True,4,1024,7168,1,1,0.0078125,127.0,1016.0,32,8,256,32,0.03125,4,1,28,7,1650,1650,19792499048448,0,0
simt,32,16,1,136.43284142017365,136.34433845678964,136.03549698988596,136.90483073393503,1.0063904919178095,5,5,0,simt_rotate_aligned_event_median,results/v4_retest_full_23.json,True,4,4,60,0,0,0.015625,63.0,63.0,32,1,32,64,0.5,120,15,120,15,1650,1650,19792499048448,0,0
simt,32,16,2,136.3314986228943,135.45999427636465,134.62749620278677,136.85034215450287,1.0165110843951808,5,5,0,simt_rotate_aligned_event_median,results/v4_retest_full_23.json,True,4,8,120,0,0,0.015625,63.0,63.0,32,1,32,64,0.5,120,15,120,15,1650,1650,19792499048448,0,0
simt,32,16,3,150.04849433898926,149.96199309825897,149.90567167599997,150.50149957338968,1.0039746854854,5,5,0,simt_rotate_aligned_event_median,results/v4_retest_full_23.json,True,4,12,180,0,0,0.015625,63.0,126.0,32,2,64,64,0.25,120,15,120,15,1650,1650,19792499048448,0,0
simt,32,16,4,149.84851082166037,149.38833812872568,148.82982770601907,150.22549033164978,1.009377573347646,5,5,0,simt_rotate_aligned_event_median,results/v4_retest_full_23.json,True,4,16,240,0,0,0.015625,63.0,126.0,32,2,64,64,0.25,120,15,120,15,1650,1650,19792499048448,0,0
simt,32,16,5,165.14300306638083,164.68316813309988,164.2308384180069,166.13715887069702,1.0116075669530353,5,5,0,simt_rotate_aligned_event_median,results/v4_retest_full_23.json,True,4,20,300,0,0,0.015625,63.0,189.0,32,3,96,64,0.16666666666666666,120,15,120,15,1650,1650,19792499048448,0,0
simt,32,16,6,165.53316016991934,165.0086690982183,164.0681674083074,165.75950384140015,1.0103087421515693,5,5,0,simt_rotate_aligned_event_median,results/v4_retest_full_23.json,True,4,24,360,0,0,0.015625,63.0,189.0,32,3,96,64,0.16666666666666666,120,15,120,15,1650,1650,19792499048448,0,0
simt,32,16,7,180.19301195939383,179.5018364985784,179.0523330370585,181.03199700514475,1.0110563427714538,5,5,0,simt_rotate_aligned_event_median,results/v4_retest_full_23.json,True,4,28,420,0,0,0.015625,63.0,252.0,32,4,128,64,0.125,120,15,120,15,1650,1650,19792499048448,0,0
simt,32,16,8,180.0254980723063,179.78166043758392,179.47484056154886,180.3001562754313,1.004598503674945,5,5,0,simt_rotate_aligned_event_median,results/v4_retest_full_23.json,True,4,32,480,0,0,0.015625,63.0,252.0,32,4,128,64,0.125,120,15,120,15,1650,1650,19792499048448,0,0
simt,32,16,9,195.86600363254547,195.86582481861115,195.6386665503184,196.17082675298056,1.0027201177152028,5,5,0,simt_rotate_aligned_event_median,results/v4_retest_full_23.json,True,4,36,540,0,0,0.015625,63.0,315.0,32,5,160,64,0.1,120,15,120,15,1650,1650,19792499048448,0,0
simt,32,16,10,195.46515742937723,195.38683692614237,194.65749462445578,196.73333068688711,1.0106640438706773,5,5,0,simt_rotate_aligned_event_median,results/v4_retest_full_23.json,True,4,40,600,0,0,0.015625,63.0,315.0,32,5,160,64,0.1,120,15,120,15,1650,1650,19792499048448,0,0
simt,32,16,11,199.26050305366516,199.1888384024302,199.06883935133615,199.71133271853128,1.003227493410263,5,5,0,simt_rotate_aligned_event_median,results/v4_retest_full_23.json,True,4,44,660,0,0,0.015625,63.0,378.0,32,6,192,64,0.08333333333333333,120,15,120,15,1650,1650,19792499048448,0,0
simt,32,16,12,198.09416929880777,198.07915886243185,197.9993333419164,198.22833935419717,1.0011565999158456,5,5,0,simt_rotate_aligned_event_median,results/v4_retest_full_23.json,True,4,48,720,0,0,0.015625,63.0,378.0,32,6,192,64,0.08333333333333333,120,15,120,15,1650,1650,19792499048448,0,0
simt,32,16,16,210.7833425203959,210.76666315396628,210.68316201368967,211.05117599169412,1.0017467650214047,5,5,0,simt_rotate_aligned_event_median,results/v4_retest_full_23.json,True,4,64,960,0,0,0.015625,63.0,504.0,32,8,256,64,0.0625,120,15,120,15,1650,1650,19792499048448,0,0
simt,32,16,20,213.8251612583796,213.78016968568167,213.76599868138632,213.85750671227774,1.0004280757064075,5,5,0,simt_rotate_aligned_event_median,results/v4_retest_full_23.json,True,4,80,1200,0,0,0.015625,63.0,630.0,32,10,320,64,0.05,120,15,120,15,1650,1650,19792499048448,0,0
simt,32,16,24,218.35316717624664,218.278169631958,218.0351714293162,218.55467557907104,1.0023826621473466,5,5,0,simt_rotate_aligned_event_median,results/v4_retest_full_23.json,True,4,96,1440,0,0,0.015625,63.0,756.0,32,12,384,64,0.041666666666666664,120,15,120,15,1650,1650,19792499048448,0,0
simt,32,16,32,356.24398787816364,356.24199112256366,354.87817724545795,360.3334923585256,1.0153723600459499,5,5,0,simt_rotate_aligned_event_median,results/v4_retest_full_23.json,True,4,128,1920,0,0,0.015625,63.0,1008.0,32,16,512,64,0.03125,120,15,120,15,1650,1650,19792499048448,0,0
simt,32,16,40,246.51232361793518,246.31433685620627,245.72782715161642,246.98800841967264,1.005128362068976,5,5,0,simt_rotate_aligned_event_median,results/v4_retest_full_23.json,True,4,160,2400,0,0,0.015625,63.0,1008.0,32,16,512,64,0.03125,81,12,120,15,1650,1650,19792499048448,0,0
simt,32,16,48,255.70166110992432,255.11717796325684,254.66649731000263,256.26733899116516,1.0062860317241253,5,5,0,simt_rotate_aligned_event_median,results/v4_retest_full_23.json,True,4,192,2880,0,0,0.015625,63.0,1008.0,32,16,512,64,0.03125,65,10,120,15,1650,1650,19792499048448,0,0
simt,32,16,64,346.873015165329,345.8608289559682,344.3388342857361,348.4564820925395,1.0119581278578254,5,5,0,simt_rotate_aligned_event_median,results/v4_retest_full_23.json,True,4,256,3840,0,0,0.015625,63.0,1008.0,32,16,512,64,0.03125,56,7,120,15,1650,1650,19792499048448,0,0
simt,32,16,96,494.92232004801434,493.8863515853882,468.9774811267853,498.05816014607746,1.0620086895204897,5,5,0,simt_rotate_aligned_event_median,results/v4_retest_full_23.json,True,4,384,5760,1,1,0.015625,63.0,1008.0,32,16,512,64,0.03125,35,5,120,15,1650,1650,19792499048448,0,0
simt,32,16,128,515.5334870020548,514.2379899819692,473.74334931373596,517.671674489975,1.0927259986654663,5,5,0,simt_rotate_aligned_event_median,results/v4_retest_full_23.json,True,4,512,7680,1,1,0.015625,63.0,1008.0,32,16,512,64,0.03125,24,3,120,15,1650,1650,19792499048448,0,0
simt,32,16,192,506.57832622528076,506.25234842300415,448.3218391736348,532.6443215211233,1.188084708304452,5,5,0,simt_rotate_aligned_event_median,results/v4_retest_full_23.json,True,4,768,11520,2,1,0.015625,63.0,1008.0,32,16,512,64,0.03125,14,2,120,15,1650,1650,19793356783616,0,0
simt,32,16,256,469.40282980600995,469.0678318341573,417.92401671409607,489.284485578537,1.1707498636367168,5,5,0,simt_rotate_aligned_event_median,results/v4_retest_full_23.json,True,4,1024,15360,3,1,0.015625,63.0,1008.0,32,16,512,64,0.03125,8,1,120,15,1650,1650,19793356783616,0,0
simt,32,32,1,136.77683969338736,136.7176671822866,136.36250297228494,137.600839138031,1.009081207360925,5,5,0,simt_rotate_aligned_event_median,results/v4_retest_full_23.json,True,4,4,124,0,0,0.03125,31.0,31.0,32,1,32,128,1.0,496,31,496,31,1650,1650,19792499048448,0,0
simt,32,32,2,149.45017298062643,149.38799540201822,149.2628405491511,149.92500841617584,1.004436253957037,5,5,0,simt_rotate_aligned_event_median,results/v4_retest_full_23.json,True,4,8,248,0,0,0.03125,31.0,62.0,32,2,64,128,0.5,496,31,496,31,1650,1650,19792499048448,0,0
simt,32,32,3,164.7716760635376,164.33732211589813,164.33416306972504,165.3258353471756,1.0060344864325612,5,5,0,simt_rotate_aligned_event_median,results/v4_retest_full_23.json,True,4,12,372,0,0,0.03125,31.0,93.0,32,3,96,128,0.3333333333333333,496,31,496,31,1650,1650,19792499048448,0,0
simt,32,32,4,179.86366152763367,179.8400084177653,179.18682595094046,180.7188242673874,1.008549726288842,5,5,0,simt_rotate_aligned_event_median,results/v4_retest_full_23.json,True,4,16,496,0,0,0.03125,31.0,124.0,32,4,128,128,0.25,496,31,496,31,1650,1650,19792499048448,0,0
simt,32,32,5,196.0753252108892,195.6238398949305,195.2823301156362,196.93316519260406,1.0084535814171733,5,5,0,simt_rotate_aligned_event_median,results/v4_retest_full_23.json,True,4,20,620,0,0,0.03125,31.0,155.0,32,5,160,128,0.2,496,31,496,31,1650,1650,19792499048448,0,0
simt,32,32,6,197.87066678206125,197.66700267791748,197.195495168368,198.34600885709128,1.0058343811948693,5,5,0,simt_rotate_aligned_event_median,results/v4_retest_full_23.json,True,4,24,744,0,0,0.03125,31.0,186.0,32,6,192,128,0.16666666666666666,496,31,496,31,1650,1650,19792499048448,0,0
simt,32,32,7,201.4205108086268,201.35200023651123,201.30465924739838,201.9118368625641,1.0030162124286428,5,5,0,simt_rotate_aligned_event_median,results/v4_retest_full_23.json,True,4,28,868,0,0,0.03125,31.0,217.0,32,7,224,128,0.14285714285714285,496,31,496,31,1650,1650,19792499048448,0,0
simt,32,32,8,210.75249214967093,210.47750612099966,210.45499046643576,211.57916883627573,1.0053416569849374,5,5,0,simt_rotate_aligned_event_median,results/v4_retest_full_23.json,True,4,32,992,0,0,0.03125,31.0,248.0,32,8,256,128,0.125,496,31,496,31,1650,1650,19792499048448,0,0
simt,32,32,9,210.77717343966165,210.62582731246948,209.47383840878805,211.0745112101237,1.0076413971954432,5,5,0,simt_rotate_aligned_event_median,results/v4_retest_full_23.json,True,4,36,1116,0,0,0.03125,31.0,279.0,32,9,288,128,0.1111111111111111,496,31,496,31,1650,1650,19792499048448,0,0
simt,32,32,10,213.60967059930167,213.57366939385733,213.1121704975764,214.01582658290863,1.004240283805577,5,5,0,simt_rotate_aligned_event_median,results/v4_retest_full_23.json,True,4,40,1240,0,0,0.03125,31.0,310.0,32,10,320,128,0.1,496,31,496,31,1650,1650,19792499048448,0,0
simt,32,32,11,215.47933916250864,215.36200741926828,215.33633768558502,216.3633406162262,1.0047692969132813,5,5,0,simt_rotate_aligned_event_median,results/v4_retest_full_23.json,True,4,44,1364,0,0,0.03125,31.0,341.0,32,11,352,128,0.09090909090909091,496,31,496,31,1650,1650,19792499048448,0,0
simt,32,32,12,217.6441748936971,217.62566765149435,216.793492436409,219.0588265657425,1.0104492718110438,5,5,0,simt_rotate_aligned_event_median,results/v4_retest_full_23.json,True,4,48,1488,0,0,0.03125,31.0,372.0,32,12,384,128,0.08333333333333333,496,31,496,31,1650,1650,19792499048448,0,0
simt,32,32,16,357.9098383585612,357.6643168926239,356.92782203356427,359.5455090204875,1.0073339393158236,5,5,0,simt_rotate_aligned_event_median,results/v4_retest_full_23.json,True,4,64,1984,0,0,0.03125,31.0,496.0,32,16,512,128,0.0625,496,31,496,31,1650,1650,19792499048448,0,0
simt,32,32,20,234.98867452144623,234.702005982399,234.3861609697342,235.829159617424,1.0061565010567162,5,5,0,simt_rotate_aligned_event_median,results/v4_retest_full_23.json,True,4,80,2480,0,0,0.03125,31.0,620.0,32,20,640,128,0.05,340,25,496,31,1650,1650,19792499048448,0,0
simt,32,32,24,310.2431794007619,309.8604877789815,309.38851833343506,311.50033076604205,1.0068257621322942,5,5,0,simt_rotate_aligned_event_median,results/v4_retest_full_23.json,True,4,96,2976,0,0,0.03125,31.0,744.0,32,24,768,128,0.041666666666666664,276,21,496,31,1650,1650,19792499048448,0,0
simt,32,32,32,663.681149482727,663.5534763336182,662.628968556722,668.351153532664,1.0086355792569792,5,5,0,simt_rotate_aligned_event_median,results/v4_retest_full_23.json,True,4,128,3968,0,0,0.03125,31.0,992.0,32,32,1024,128,0.03125,240,15,496,31,1650,1650,19792499048448,0,0
simt,32,32,40,631.7634880542755,629.9871901671091,593.5012996196747,633.2990030447642,1.067055798278104,5,5,0,simt_rotate_aligned_event_median,results/v4_retest_full_23.json,True,4,160,4960,1,1,0.03125,31.0,992.0,32,32,1024,128,0.03125,171,12,496,31,1650,1650,19792499048448,0,0
simt,32,32,48,718.0841565132141,717.5103028615316,700.1889745394388,720.646341641744,1.029216922639722,5,5,0,simt_rotate_aligned_event_median,results/v4_retest_full_23.json,True,4,192,5952,1,1,0.03125,31.0,992.0,32,32,1024,128,0.03125,155,10,496,31,1650,1650,19792499048448,0,0
simt,32,32,64,890.9493684768677,890.4876708984375,833.9698513348898,892.8311268488566,1.0705796203780638,5,5,0,simt_rotate_aligned_event_median,results/v4_retest_full_23.json,True,4,256,7936,1,1,0.03125,31.0,992.0,32,32,1024,128,0.03125,112,7,496,31,1650,1650,19792499048448,0,0
simt,32,32,96,877.3618539174398,814.8481647173563,779.8523108164469,1225.8281707763672,1.5718722042293072,5,5,0,simt_rotate_aligned_event_median,results/v4_retest_full_23.json,True,4,384,11904,2,1,0.03125,31.0,992.0,32,32,1024,128,0.03125,70,5,496,31,1650,1650,19793356783616,0,0
simt,32,32,128,861.2746596336365,860.430657863617,802.6608427365621,875.2489884694418,1.0904343925454247,5,5,0,simt_rotate_aligned_event_median,results/v4_retest_full_23.json,True,4,512,15872,3,1,0.03125,31.0,992.0,32,32,1024,128,0.03125,48,3,496,31,1650,1650,19793356783616,0,0
simt,32,32,192,706.1599890391032,704.7063112258911,704.5086622238159,713.2108211517334,1.0123520964248314,5,5,0,simt_rotate_aligned_event_median,results/v4_retest_full_23.json,True,4,768,23808,5,1,0.03125,31.0,992.0,32,32,1024,128,0.03125,55,5,496,31,1650,1650,19793356783616,0,0
simt,32,32,256,767.2339677810669,766.9609785079956,765.5388116836548,768.6160008112589,1.0040196383000313,5,5,0,simt_rotate_aligned_event_median,results/v4_retest_full_23.json,True,4,1024,31744,7,1,0.03125,31.0,992.0,32,32,1024,128,0.03125,48,3,496,31,1650,1650,19793356783616,0,0
simt,32,64,1,138.4363224109014,138.2156709829966,137.56917417049408,139.28832610448202,1.0124966362875547,5,5,0,simt_rotate_aligned_event_median,results/v4_retest_full_23.json,True,4,4,252,0,0,0.0625,15.0,30.0,32,2,64,256,1.0,2016,63,2016,63,1650,1650,19792499048448,0,0
simt,32,64,2,151.04482571283975,150.54750442504883,150.00867346922556,151.49849156538644,1.009931546367994,5,5,0,simt_rotate_aligned_event_median,results/v4_retest_full_23.json,True,4,8,504,0,0,0.0625,15.0,60.0,32,4,128,256,0.5,2016,63,2016,63,1650,1650,19792499048448,0,0
simt,32,64,3,165.44598837693533,165.19016524155936,164.9156709512075,165.66299895445505,1.004531576647247,5,5,0,simt_rotate_aligned_event_median,results/v4_retest_full_23.json,True,4,12,756,0,0,0.0625,15.0,90.0,32,6,192,256,0.3333333333333333,2016,63,2016,63,1650,1650,19792499048448,0,0
simt,32,64,4,181.58100048700967,181.4656654993693,179.51883375644684,182.66483644644418,1.0175246386363312,5,5,0,simt_rotate_aligned_event_median,results/v4_retest_full_23.json,True,4,16,1008,0,0,0.0625,15.0,120.0,32,8,256,256,0.25,2016,63,2016,63,1650,1650,19792499048448,0,0
simt,32,64,5,196.06015582879385,195.8821564912796,195.70199648539224,196.38483226299286,1.0034891610196301,5,5,0,simt_rotate_aligned_event_median,results/v4_retest_full_23.json,True,4,20,1260,0,0,0.0625,15.0,150.0,32,10,320,256,0.2,2016,63,2016,63,1650,1650,19792499048448,0,0
simt,32,64,6,200.94215869903564,200.66950221856436,200.58966676394144,202.80184348424277,1.0110283682903,5,5,0,simt_rotate_aligned_event_median,results/v4_retest_full_23.json,True,4,24,1512,0,0,0.0625,15.0,180.0,32,12,384,256,0.16666666666666666,2016,63,2016,63,1650,1650,19792499048448,0,0
simt,32,64,7,208.7776611248652,208.63084495067596,207.64249563217163,208.80232254664102,1.0055856914594399,5,5,0,simt_rotate_aligned_event_median,results/v4_retest_full_23.json,True,4,28,1764,0,0,0.0625,15.0,210.0,32,14,448,256,0.14285714285714285,2016,63,2016,63,1650,1650,19792499048448,0,0
simt,32,64,8,219.2581593990326,218.9901719490687,218.86932849884033,219.90683178106943,1.0047402863130481,5,5,0,simt_rotate_aligned_event_median,results/v4_retest_full_23.json,True,4,32,2016,0,0,0.0625,15.0,240.0,32,16,512,256,0.125,2016,63,2016,63,1650,1650,19792499048448,0,0
simt,32,64,9,218.89999508857727,218.65965922673544,218.5328354438146,219.412828485171,1.0040268229695057,5,5,0,simt_rotate_aligned_event_median,results/v4_retest_full_23.json,True,4,36,2268,0,0,0.0625,15.0,270.0,32,18,576,256,0.1111111111111111,1617,56,2016,63,1650,1650,19792499048448,0,0
simt,32,64,10,222.80167043209076,222.61332968870798,221.9743231932322,222.9498326778412,1.0043946951637275,5,5,0,simt_rotate_aligned_event_median,results/v4_retest_full_23.json,True,4,40,2520,0,0,0.0625,15.0,300.0,32,20,640,256,0.1,1392,51,2016,63,1650,1650,19792499048448,0,0
simt,32,64,11,225.46750803788504,225.20817319552103,225.04700223604837,225.8798430363337,1.0037007415873587,5,5,0,simt_rotate_aligned_event_median,results/v4_retest_full_23.json,True,4,44,2772,0,0,0.0625,15.0,330.0,32,22,704,256,0.09090909090909091,1217,46,2016,63,1650,1650,19792499048448,0,0
simt,32,64,12,231.36032621065775,231.3278317451477,230.79449435075125,232.25667079289755,1.0063354043442827,5,5,0,simt_rotate_aligned_event_median,results/v4_retest_full_23.json,True,4,48,3024,0,0,0.0625,15.0,360.0,32,24,768,256,0.08333333333333333,1113,42,2016,63,1650,1650,19792499048448,0,0
simt,32,64,16,391.9830123583476,391.18532339731854,390.1948432127635,392.8643465042114,1.0068414622537498,5,5,0,simt_rotate_aligned_event_median,results/v4_retest_full_23.json,True,4,64,4032,0,0,0.0625,15.0,480.0,32,32,1024,256,0.0625,992,31,2016,63,1650,1650,19792499048448,0,0
simt,32,64,20,655.2830139795939,654.3756524721781,603.0719578266144,656.1857064565023,1.0880719919747261,5,5,0,simt_rotate_aligned_event_median,results/v4_retest_full_23.json,True,4,80,5040,1,1,0.0625,15.0,600.0,32,40,1280,256,0.05,716,25,2016,63,1650,1650,19792499048448,0,0
simt,32,64,24,734.081486860911,733.0176929632822,693.4654712677002,735.0068191687266,1.0599039889110644,5,5,0,simt_rotate_aligned_event_median,results/v4_retest_full_23.json,True,4,96,6048,1,1,0.0625,15.0,720.0,32,48,1536,256,0.041666666666666664,651,21,2016,63,1650,1650,19792499048448,0,0
simt,32,64,32,855.4354906082153,853.4123698870341,819.8963205019633,858.1676483154297,1.046678252916217,5,5,0,simt_rotate_aligned_event_median,results/v4_retest_full_23.json,True,4,128,8064,1,1,0.0625,15.0,960.0,32,64,2048,256,0.03125,480,15,2016,63,1650,1650,19792499048448,0,0
simt,32,64,40,841.8898582458496,841.8852984905243,840.8429721991221,842.7514731884003,1.0022697472089073,5,5,0,simt_rotate_aligned_event_median,results/v4_retest_full_23.json,True,4,160,10080,2,1,0.0625,15.0,960.0,32,64,2048,256,0.03125,378,12,2016,63,1650,1650,19792499048448,0,0
simt,32,64,48,827.6131749153137,819.8923468589783,815.1888052622477,870.4611659049988,1.0678031399424945,5,5,0,simt_rotate_aligned_event_median,results/v4_retest_full_23.json,True,4,192,12096,2,1,0.0625,15.0,960.0,32,64,2048,256,0.03125,310,10,2016,63,1650,1650,19793356783616,0,0
simt,32,64,64,854.6881874402364,854.150652885437,851.1491616566976,881.9378018379211,1.0361730253264843,5,5,0,simt_rotate_aligned_event_median,results/v4_retest_full_23.json,True,4,256,16128,3,1,0.0625,15.0,960.0,32,64,2048,256,0.03125,224,7,2016,63,1650,1650,19793356783616,0,0
simt,32,64,96,783.4710081418356,768.6456640561422,751.6386906305949,795.2390114466349,1.0580070203403993,5,5,0,simt_rotate_aligned_event_median,results/v4_retest_full_23.json,True,4,384,24192,5,1,0.0625,15.0,960.0,32,64,2048,256,0.03125,255,10,2016,63,1650,1650,19793356783616,0,0
simt,32,64,128,845.8131750424703,845.3096747398376,843.9325094223022,846.0491498311361,1.0025080683410132,5,5,0,simt_rotate_aligned_event_median,results/v4_retest_full_23.json,True,4,512,32256,7,1,0.0625,15.0,960.0,32,64,2048,256,0.03125,224,7,2016,63,1650,1650,19793356783616,0,0
simt,32,64,192,749.1623759269714,723.2255140940348,717.6470359166464,783.7546467781067,1.0921171656161326,5,5,0,simt_rotate_aligned_event_median,results/v4_retest_full_23.json,True,4,768,48384,11,1,0.0625,15.0,960.0,32,64,2048,256,0.03125,224,7,1113,42,1650,1650,19793356783616,0,0
simt,32,64,256,768.3693170547485,766.9830322265625,764.3580039342245,768.5550252596537,1.0054909104160965,5,5,0,simt_rotate_aligned_event_median,results/v4_retest_full_23.json,True,4,1024,64512,15,1,0.0625,15.0,960.0,32,64,2048,256,0.03125,224,7,992,31,1650,1650,19793356783616,0,0
simt,32,128,1,137.00583080450693,136.549174785614,136.05516155560812,137.2441699107488,1.0087391638916596,5,5,0,simt_rotate_aligned_event_median,results/v4_retest_full_23.json,True,4,4,508,0,0,0.125,7.0,28.0,32,4,128,512,1.0,8128,127,8128,127,1650,1650,19792499048448,0,0
simt,32,128,2,151.38384203116098,151.3069917758306,151.26965939998627,152.50316758950552,1.008154366145941,5,5,0,simt_rotate_aligned_event_median,results/v4_retest_full_23.json,True,4,8,1016,0,0,0.125,7.0,56.0,32,8,256,512,0.5,8128,127,8128,127,1650,1650,19792499048448,0,0
simt,32,128,3,166.2710060675939,164.81049358844757,164.38200573126474,166.71817004680634,1.0142118007694882,5,5,0,simt_rotate_aligned_event_median,results/v4_retest_full_23.json,True,4,12,1524,0,0,0.125,7.0,84.0,32,12,384,512,0.3333333333333333,8128,127,8128,127,1650,1650,19792499048448,0,0
simt,32,128,4,181.5076619386673,180.7928333679835,180.58200677235922,184.47783589363098,1.0215737392163484,5,5,0,simt_rotate_aligned_event_median,results/v4_retest_full_23.json,True,4,16,2032,0,0,0.125,7.0,112.0,32,16,512,512,0.25,8128,127,8128,127,1650,1650,19792499048448,0,0
simt,32,128,5,196.26766443252563,196.2560067574183,196.0126757621765,196.37466967105865,1.001846788262415,5,5,0,simt_rotate_aligned_event_median,results/v4_retest_full_23.json,True,4,20,2540,0,0,0.125,7.0,140.0,32,20,640,512,0.2,5553,102,8128,127,1650,1650,19792499048448,0,0
simt,32,128,6,204.9131691455841,204.68799273173013,204.4856697320938,206.7843327919642,1.0112411938835713,5,5,0,simt_rotate_aligned_event_median,results/v4_retest_full_23.json,True,4,24,3048,0,0,0.125,7.0,168.0,32,24,768,512,0.16666666666666666,4516,85,8128,127,1650,1650,19792499048448,0,0
simt,32,128,7,222.338338692983,222.246324022611,222.17099368572235,223.1281598409017,1.004308240870243,5,5,0,simt_rotate_aligned_event_median,results/v4_retest_full_23.json,True,4,28,3556,0,0,0.125,7.0,196.0,32,28,896,512,0.14285714285714285,4132,73,8128,127,1650,1650,19792499048448,0,0
simt,32,128,8,240.92633028825125,240.5604968468348,239.58800236384073,242.60499080022177,1.0125924019843007,5,5,0,simt_rotate_aligned_event_median,results/v4_retest_full_23.json,True,4,32,4064,0,0,0.125,7.0,224.0,32,32,1024,512,0.125,4032,63,8128,127,1650,1650,19792499048448,0,0
simt,32,128,9,474.28517043590546,473.51399064064026,431.3236524661382,480.1073471705119,1.1131022943570283,5,5,0,simt_rotate_aligned_event_median,results/v4_retest_full_23.json,True,4,36,4572,1,1,0.125,7.0,252.0,32,36,1152,512,0.1111111111111111,3283,56,8128,127,1650,1650,19792499048448,0,0
simt,32,128,10,487.297847867012,485.9441667795181,444.0266738335292,489.5538439353307,1.1025325116366098,5,5,0,simt_rotate_aligned_event_median,results/v4_retest_full_23.json,True,4,40,5080,1,1,0.125,7.0,280.0,32,40,1280,512,0.1,2901,51,8128,127,1650,1650,19792499048448,0,0
simt,32,128,11,503.9106607437134,503.3164819081625,465.64914782842,508.0481618642807,1.0910535630390195,5,5,0,simt_rotate_aligned_event_median,results/v4_retest_full_23.json,True,4,44,5588,1,1,0.125,7.0,308.0,32,44,1408,512,0.09090909090909091,2723,46,8128,127,1650,1650,19792499048448,0,0
simt,32,128,12,531.9838424523672,531.5328240394592,490.19134044647217,540.0321533282598,1.101676241029456,5,5,0,simt_rotate_aligned_event_median,results/v4_retest_full_23.json,True,4,48,6096,1,1,0.125,7.0,336.0,32,48,1536,512,0.08333333333333333,2667,42,8128,127,1650,1650,19792499048448,0,0
simt,32,128,16,746.7346588770548,746.6091314951578,674.3773619333903,748.9435076713562,1.110570357113101,5,5,0,simt_rotate_aligned_event_median,results/v4_retest_full_23.json,True,4,64,8128,1,1,0.125,7.0,448.0,32,64,2048,512,0.0625,1984,31,8128,127,1650,1650,19792499048448,0,0
simt,32,128,20,779.7763049602509,779.6806693077087,778.7751853466034,828.6808331807455,1.0640822265182102,5,5,0,simt_rotate_aligned_event_median,results/v4_retest_full_23.json,True,4,80,10160,2,1,0.125,7.0,560.0,32,80,2560,512,0.05,1575,25,8128,127,1650,1650,19792499048448,0,0
simt,32,128,24,898.7801869710287,894.2641715208689,893.8898046811422,960.479329029719,1.0744941087814843,5,5,0,simt_rotate_aligned_event_median,results/v4_retest_full_23.json,True,4,96,12192,2,1,0.125,7.0,672.0,32,96,3072,512,0.041666666666666664,1302,21,8128,127,1650,1650,19793356783616,0,0
simt,32,128,32,919.0420111020406,916.5960351626078,915.4573281606039,945.4959829648336,1.032812730730536,5,5,0,simt_rotate_aligned_event_median,results/v4_retest_full_23.json,True,4,128,16256,3,1,0.125,7.0,896.0,32,128,4096,512,0.03125,960,15,8128,127,1650,1650,19793356783616,0,0
simt,32,128,40,942.9367979367574,941.9203599294027,941.2326614061991,945.9436337153116,1.0050051092596748,5,5,0,simt_rotate_aligned_event_median,results/v4_retest_full_23.json,True,4,160,20320,4,1,0.125,7.0,896.0,32,128,4096,512,0.03125,1081,25,8128,127,1650,1650,19793356783616,0,0
simt,32,128,48,935.5016350746155,933.4691762924194,933.3714842796326,940.415640672048,1.0075470019290893,5,5,0,simt_rotate_aligned_event_median,results/v4_retest_full_23.json,True,4,192,24384,5,1,0.125,7.0,896.0,32,128,4096,512,0.03125,1071,21,8128,127,1650,1650,19793356783616,0,0
simt,32,128,64,956.4621249834696,954.7815322875977,954.4591506322225,959.2616359392802,1.005031630011485,5,5,0,simt_rotate_aligned_event_median,results/v4_retest_full_23.json,True,4,256,32512,7,1,0.125,7.0,896.0,32,128,4096,512,0.03125,960,15,8128,127,1650,1650,19793356783616,0,0
simt,32,128,96,832.32049147288,831.861654917399,826.6096512476603,919.8103745778402,1.1127505869179068,5,5,0,simt_rotate_aligned_event_median,results/v4_retest_full_23.json,True,4,384,48768,11,1,0.125,7.0,896.0,32,128,4096,512,0.03125,960,15,4516,85,1650,1650,19793356783616,0,0
simt,32,128,128,845.9016879399618,845.6671833992004,845.0066844622294,846.4938402175903,1.001759933717338,5,5,0,simt_rotate_aligned_event_median,results/v4_retest_full_23.json,True,4,512,65024,15,1,0.125,7.0,896.0,32,128,4096,512,0.03125,960,15,4032,63,1650,1650,19793356783616,0,0
simt,32,128,192,903.1096696853638,903.1049807866415,899.8188575108846,904.1533668835958,1.0048170910584175,5,5,0,simt_rotate_aligned_event_median,results/v4_retest_full_23.json,True,4,768,97536,23,1,0.125,7.0,896.0,32,128,4096,512,0.03125,960,15,2667,42,1650,1650,19793356783616,0,0
simt,32,128,256,768.8684662183126,768.3459719022115,767.9537932078043,770.4906662305197,1.0033034188321652,5,5,0,simt_rotate_aligned_event_median,results/v4_retest_full_23.json,True,4,1024,130048,31,1,0.125,7.0,896.0,32,128,4096,512,0.03125,960,15,1984,31,1650,1650,19793356783616,0,0
simt,32,256,1,135.85800429185232,135.47449310620627,135.29800375302634,139.81817166010538,1.0334089770853543,5,5,0,simt_rotate_aligned_event_median,results/v4_retest_full_23.json,True,4,4,1020,0,0,0.25,3.0,24.0,32,8,256,1024,1.0,32640,255,32640,255,1650,1650,19792499048448,0,0
simt,32,256,2,152.22999453544617,152.17365821202597,151.91600223382315,152.9246668020884,1.0066396202732664,5,5,0,simt_rotate_aligned_event_median,results/v4_retest_full_23.json,True,4,8,2040,0,0,0.25,3.0,48.0,32,16,512,1024,0.5,32640,255,32640,255,1650,1650,19792499048448,0,0
simt,32,256,3,170.6266701221466,170.56750257809958,169.70182955265045,172.7083424727122,1.0177164437648503,5,5,0,simt_rotate_aligned_event_median,results/v4_retest_full_23.json,True,4,12,3060,0,0,0.25,3.0,72.0,32,24,768,1024,0.3333333333333333,18105,170,32640,255,1650,1650,19792499048448,0,0
simt,32,256,4,194.540336728096,193.7111665805181,192.56850083669028,197.63733446598053,1.0263222365405904,5,5,0,simt_rotate_aligned_event_median,results/v4_retest_full_23.json,True,4,16,4080,0,0,0.25,3.0,96.0,32,32,1024,1024,0.25,16256,127,32640,255,1650,1650,19792499048448,0,0
simt,32,256,5,477.8306831916173,477.64918704827625,423.22567105293274,478.14932962258655,1.1297739299060252,5,5,0,simt_rotate_aligned_event_median,results/v4_retest_full_23.json,True,4,20,5100,1,1,0.25,3.0,120.0,32,40,1280,1024,0.2,11679,102,32640,255,1650,1650,19792499048448,0,0
simt,32,256,6,494.9049999316533,493.31381916999817,436.75266702969867,497.4166601896286,1.1388978196114938,5,5,0,simt_rotate_aligned_event_median,results/v4_retest_full_23.json,True,4,24,6120,1,1,0.25,3.0,144.0,32,48,1536,1024,0.16666666666666666,10795,85,32640,255,1650,1650,19792499048448,0,0
simt,32,256,7,507.3326428731283,507.31233755747473,448.3350118001302,509.20466581980384,1.1357682367372406,5,5,0,simt_rotate_aligned_event_median,results/v4_retest_full_23.json,True,4,28,7140,1,1,0.25,3.0,168.0,32,56,1792,1024,0.14285714285714285,8587,73,32640,255,1650,1650,19792499048448,0,0
simt,32,256,8,517.3355142275492,515.28466741244,469.71650918324787,518.3863441149393,1.1036153381458096,5,5,0,simt_rotate_aligned_event_median,results/v4_retest_full_23.json,True,4,32,8160,1,1,0.25,3.0,192.0,32,64,2048,1024,0.125,8064,63,32640,255,1650,1650,19792499048448,0,0
simt,32,256,9,534.3623359998068,534.0928335984548,506.84984525044763,539.8759841918945,1.0651596113739126,5,5,0,simt_rotate_aligned_event_median,results/v4_retest_full_23.json,True,4,36,9180,2,1,0.25,3.0,216.0,32,72,2304,1024,0.1111111111111111,6762,56,32640,255,1650,1650,19792499048448,0,0
simt,32,256,10,541.5039956569672,532.3910117149353,531.4906537532806,544.6175038814545,1.0246981767891394,5,5,0,simt_rotate_aligned_event_median,results/v4_retest_full_23.json,True,4,40,10200,2,1,0.25,3.0,240.0,32,80,2560,1024,0.1,6426,51,32640,255,1650,1650,19792499048448,0,0
simt,32,256,11,600.8500158786774,597.0197021961212,588.9450112978617,605.9819857279459,1.0289279543985606,5,5,0,simt_rotate_aligned_event_median,results/v4_retest_full_23.json,True,4,44,11220,2,1,0.25,3.0,264.0,32,88,2816,1024,0.09090909090909091,5566,46,32640,255,1650,1650,19792499048448,0,0
simt,32,256,12,635.595033566157,631.3261886437734,626.7861624558767,670.0248022874197,1.0689846751914962,5,5,0,simt_rotate_aligned_event_median,results/v4_retest_full_23.json,True,4,48,12240,2,1,0.25,3.0,288.0,32,96,3072,1024,0.08333333333333333,5334,42,32640,255,1650,1650,19793356783616,0,0
simt,32,256,16,797.7853119373322,796.1431344350179,794.6224908034006,854.9278577168783,1.075891845009957,5,5,0,simt_rotate_aligned_event_median,results/v4_retest_full_23.json,True,4,64,16320,3,1,0.25,3.0,384.0,32,128,4096,1024,0.0625,3968,31,32640,255,1650,1650,19793356783616,0,0
simt,32,256,20,1018.9761519432068,1016.5478090445201,970.3602989514669,1040.8888161182404,1.0726828140464773,5,5,0,simt_rotate_aligned_event_median,results/v4_retest_full_23.json,True,4,80,20400,4,1,0.25,3.0,480.0,32,160,5120,1024,0.05,4476,51,32640,255,1650,1650,19793356783616,0,0
simt,32,256,24,1166.3910547892253,1163.8149817784627,1159.5497131347656,1171.4883049329121,1.0102958861210627,5,5,0,simt_rotate_aligned_event_median,results/v4_retest_full_23.json,True,4,96,24480,5,1,0.25,3.0,576.0,32,192,6144,1024,0.041666666666666664,4431,42,32640,255,1650,1650,19793356783616,0,0
simt,32,256,32,1322.2551544507344,1279.0092428525288,1279.0015737215679,1331.680993239085,1.0411879239243103,5,5,0,simt_rotate_aligned_event_median,results/v4_retest_full_23.json,True,4,128,32640,7,1,0.25,3.0,768.0,32,256,8192,1024,0.03125,3968,31,32640,255,1650,1650,19793356783616,0,0
simt,32,256,40,1186.8783831596375,1183.4264993667603,1173.3784675598145,1194.3033734957378,1.0178330406722387,5,5,0,simt_rotate_aligned_event_median,results/v4_retest_full_23.json,True,4,160,40800,9,1,0.25,3.0,768.0,32,256,8192,1024,0.03125,4138,38,22185,204,1650,1650,19793356783616,0,0
simt,32,256,48,1132.381796836853,1128.672460714976,1118.3918118476868,1164.9780074755352,1.041654628668001,5,5,0,simt_rotate_aligned_event_median,results/v4_retest_full_23.json,True,4,192,48960,11,1,0.25,3.0,768.0,32,256,8192,1024,0.03125,3968,31,18105,170,1650,1650,19793356783616,0,0
simt,32,256,64,955.6300242741903,955.5485049883524,954.8356930414835,959.0441783269247,1.0044075491899926,5,5,0,simt_rotate_aligned_event_median,results/v4_retest_full_23.json,True,4,256,65280,15,1,0.25,3.0,768.0,32,256,8192,1024,0.03125,3968,31,16256,127,1650,1650,19793356783616,0,0
simt,32,256,96,1202.8903365135193,1188.3612076441448,1181.4902027448018,1247.5622693697612,1.0559226529948897,5,5,0,simt_rotate_aligned_event_median,results/v4_retest_full_23.json,True,4,384,97920,23,1,0.25,3.0,768.0,32,256,8192,1024,0.03125,3968,31,10795,85,1650,1650,19793356783616,0,0
simt,32,256,128,846.069355805715,845.75887521108,844.4376389185587,846.8231757481893,1.0028250005917378,5,5,0,simt_rotate_aligned_event_median,results/v4_retest_full_23.json,True,4,512,130560,31,1,0.25,3.0,768.0,32,256,8192,1024,0.03125,3968,31,8064,63,1650,1650,19793356783616,0,0
simt,32,256,192,901.4376799265543,834.4894846280416,809.1787099838257,904.5998652776083,1.1179234625385657,5,5,0,simt_rotate_aligned_event_median,results/v4_retest_full_23.json,True,4,768,195840,47,1,0.25,3.0,768.0,32,256,8192,1024,0.03125,3968,31,5334,42,1650,1650,19793356783616,0,0
simt,32,256,256,767.8991754849752,767.3608462015787,737.6492023468018,770.7133491834005,1.0448236732737004,5,5,0,simt_rotate_aligned_event_median,results/v4_retest_full_23.json,True,4,1024,261120,63,1,0.25,3.0,768.0,32,256,8192,1024,0.03125,3968,31,3968,31,1650,1650,19793356783616,0,0
simt,32,512,1,137.87599404652914,137.86766429742178,137.13249564170837,138.62667481104532,1.0108958796552558,5,5,0,simt_rotate_aligned_event_median,results/v4_retest_full_23.json,True,4,4,2044,0,0,0.5,1.0,16.0,32,16,512,2048,1.0,130816,511,130816,511,1650,1650,19792499048448,0,0
simt,32,512,2,157.855823636055,157.76434044043222,157.5584908326467,159.12549197673798,1.0099455201418228,5,5,0,simt_rotate_aligned_event_median,results/v4_retest_full_23.json,True,4,8,4088,0,0,0.5,1.0,32.0,32,32,1024,2048,0.5,65280,255,130816,511,1650,1650,19792499048448,0,0
simt,32,512,3,459.2051605383555,458.0956846475601,405.54316341876984,460.74149509270984,1.136109634320087,5,5,0,simt_rotate_aligned_event_median,results/v4_retest_full_23.json,True,4,12,6132,1,1,0.5,1.0,48.0,32,48,1536,2048,0.3333333333333333,43435,170,130816,511,1650,1650,19792499048448,0,0
simt,32,512,4,491.4093216260274,490.92299739519757,423.8844960927963,492.3144926627477,1.1614354787700722,5,5,0,simt_rotate_aligned_event_median,results/v4_retest_full_23.json,True,4,16,8176,1,1,0.5,1.0,64.0,32,64,2048,2048,0.25,32512,127,130816,511,1650,1650,19792499048448,0,0
simt,32,512,5,547.0168242851893,545.7308491071066,511.2405071655909,547.7323234081268,1.071378961039009,5,5,0,simt_rotate_aligned_event_median,results/v4_retest_full_23.json,True,4,20,10220,2,1,0.5,1.0,80.0,32,80,2560,2048,0.2,25959,102,130816,511,1650,1650,19792499048448,0,0
simt,32,512,6,512.4356746673584,509.63384906450904,505.3286552429199,550.6843328475952,1.0897548103280865,5,5,0,simt_rotate_aligned_event_median,results/v4_retest_full_23.json,True,4,24,12264,2,1,0.5,1.0,96.0,32,96,3072,2048,0.16666666666666666,21590,85,130816,511,1650,1650,19793356783616,0,0
simt,32,512,7,517.0053342978159,512.7454797426859,511.171817779541,555.9008419513702,1.0875029150983437,5,5,0,simt_rotate_aligned_event_median,results/v4_retest_full_23.json,True,4,28,14308,3,1,0.5,1.0,112.0,32,112,3584,2048,0.14285714285714285,18469,73,130816,511,1650,1650,19793356783616,0,0
simt,32,512,8,523.2016642888387,520.7018355528513,520.5733180046082,558.7031841278076,1.073245909470262,5,5,0,simt_rotate_aligned_event_median,results/v4_retest_full_23.json,True,4,32,16352,3,1,0.5,1.0,128.0,32,128,4096,2048,0.125,16128,63,130816,511,1650,1650,19793356783616,0,0
simt,32,512,9,553.6058247089386,550.7511297861735,549.1000016530355,556.1626752217611,1.012862271985911,5,5,0,simt_rotate_aligned_event_median,results/v4_retest_full_23.json,True,4,36,18396,4,1,0.5,1.0,144.0,32,144,4608,2048,0.1111111111111111,17500,112,130816,511,1650,1650,19793356783616,0,0
simt,32,512,10,584.2043260733286,580.743650595347,575.804869333903,588.7046953042349,1.0224031206704705,5,5,0,simt_rotate_aligned_event_median,results/v4_retest_full_23.json,True,4,40,20440,4,1,0.5,1.0,160.0,32,160,5120,2048,0.1,18105,102,130816,511,1650,1650,19793356783616,0,0
simt,32,512,11,645.9968686103821,644.0801322460175,641.1793331305186,650.7561306158701,1.014936222973054,5,5,0,simt_rotate_aligned_event_median,results/v4_retest_full_23.json,True,4,44,22484,5,1,0.5,1.0,176.0,32,176,5632,2048,0.09090909090909091,18148,93,130816,511,1650,1650,19793356783616,0,0
simt,32,512,12,706.1801453431448,702.4119993050894,702.0504772663116,710.8588218688965,1.0125465972715855,5,5,0,simt_rotate_aligned_event_median,results/v4_retest_full_23.json,True,4,48,24528,5,1,0.5,1.0,192.0,32,192,6144,2048,0.08333333333333333,17935,85,130816,511,1650,1650,19793356783616,0,0
simt,32,512,16,954.0890256563822,951.8142938613892,951.143483320872,955.5360277493795,1.0046181722374539,5,5,0,simt_rotate_aligned_event_median,results/v4_retest_full_23.json,True,4,64,32704,7,1,0.5,1.0,256.0,32,256,8192,2048,0.0625,16128,63,130816,511,1650,1650,19793356783616,0,0
simt,32,512,20,1152.7329881985982,1144.8155244191487,1111.8828654289246,1156.935413678487,1.0405191496787594,5,5,0,simt_rotate_aligned_event_median,results/v4_retest_full_23.json,True,4,80,40880,9,1,0.5,1.0,320.0,32,320,10240,2048,0.05,16806,77,88996,409,1650,1650,19793356783616,0,0
simt,32,512,24,1229.0629347165425,1202.4495402971904,1191.4899945259094,1270.909349123637,1.0666554943496007,5,5,0,simt_rotate_aligned_event_median,results/v4_retest_full_23.json,True,4,96,49056,11,1,0.5,1.0,384.0,32,384,12288,2048,0.041666666666666664,16128,63,72676,341,1650,1650,19793356783616,0,0
simt,32,512,32,1330.7174642880757,1330.517828464508,1328.0606667200725,1331.6978812217712,1.002738741228352,5,5,0,simt_rotate_aligned_event_median,results/v4_retest_full_23.json,True,4,128,65408,15,1,0.5,1.0,512.0,32,512,16384,2048,0.03125,16128,63,65280,255,1650,1650,19793356783616,0,0
simt,32,512,40,1100.9020606676738,1061.0918998718262,1031.2423706054688,1145.3662117322285,1.110666361642758,5,5,0,simt_rotate_aligned_event_median,results/v4_retest_full_23.json,True,4,160,81760,19,1,0.5,1.0,512.0,32,512,16384,2048,0.03125,16128,63,46971,204,1650,1650,19793356783616,0,0
simt,32,512,48,1229.1773557662964,1215.9846027692158,1212.225119272868,1248.5887010892232,1.0299973835207832,5,5,0,simt_rotate_aligned_event_median,results/v4_retest_full_23.json,True,4,192,98112,23,1,0.5,1.0,512.0,32,512,16384,2048,0.03125,16128,63,43435,170,1650,1650,19793356783616,0,0
simt,32,512,64,956.5475384394327,956.2235077222189,953.529159228007,958.8927030563354,1.005624939495999,5,5,0,simt_rotate_aligned_event_median,results/v4_retest_full_23.json,True,4,256,130816,31,1,0.5,1.0,512.0,32,512,16384,2048,0.03125,16128,63,32512,127,1650,1650,19793356783616,0,0
simt,32,512,96,1174.2142240206401,1168.849507967631,1164.6796067555745,1189.6189252535503,1.0214130292599943,5,5,0,simt_rotate_aligned_event_median,results/v4_retest_full_23.json,True,4,384,196224,47,1,0.5,1.0,512.0,32,512,16384,2048,0.03125,16128,63,21590,85,1650,1650,19793356783616,0,0
simt,32,512,128,845.5938696861267,844.8984821637472,842.4400091171265,847.3358750343323,1.0058115306303372,5,5,0,simt_rotate_aligned_event_median,results/v4_retest_full_23.json,True,4,512,261632,63,1,0.5,1.0,512.0,32,512,16384,2048,0.03125,16128,63,16128,63,1650,1650,19793356783616,0,0
simt,32,512,192,838.4168346722921,824.6855139732361,818.5364802678426,855.3547064463297,1.0449805562318242,5,5,0,simt_rotate_aligned_event_median,results/v4_retest_full_23.json,True,4,768,392448,95,1,0.5,1.0,512.0,32,512,16384,2048,0.03125,16128,63,10668,42,1650,1650,19793356783616,0,0
simt,32,512,256,732.2746713956197,731.0078342755636,730.4871479670206,733.5473497708639,1.004189261662385,5,5,0,simt_rotate_aligned_event_median,results/v4_retest_full_23.json,True,4,1024,523264,127,1,0.5,1.0,512.0,32,512,16384,2048,0.03125,16128,63,7936,31,1650,1650,19793356783616,0,0
simt,64,4,1,139.45850729942322,139.11999762058258,138.78266016642252,140.07100462913513,1.009283180342326,5,5,0,simt_rotate_aligned_event_median,results/v4_retest_full_23.json,True,4,4,12,0,0,0.001953125,511.0,511.0,64,1,64,16,0.125,6,3,6,3,1650,1650,19792499048448,0,0
simt,64,4,2,139.52999313672385,139.15167252222696,139.11782701810202,140.9218261639277,1.0129674189461781,5,5,0,simt_rotate_aligned_event_median,results/v4_retest_full_23.json,True,4,8,24,0,0,0.001953125,511.0,511.0,64,1,64,16,0.125,6,3,6,3,1650,1650,19792499048448,0,0
simt,64,4,3,145.69799602031708,145.1586683591207,145.05934218565622,146.93783223628998,1.012949804006622,5,5,0,simt_rotate_aligned_event_median,results/v4_retest_full_23.json,True,4,12,36,0,0,0.001953125,511.0,511.0,64,1,64,16,0.125,6,3,6,3,1650,1650,19792499048448,0,0
simt,64,4,4,139.7370050350825,139.4485036532084,139.42948977152506,140.1263326406479,1.0049978155285852,5,5,0,simt_rotate_aligned_event_median,results/v4_retest_full_23.json,True,4,16,48,0,0,0.001953125,511.0,511.0,64,1,64,16,0.125,6,3,6,3,1650,1650,19792499048448,0,0
simt,64,4,5,145.65367003281912,145.41883766651154,145.08299032847086,146.9863305489222,1.0131189756713874,5,5,0,simt_rotate_aligned_event_median,results/v4_retest_full_23.json,True,4,20,60,0,0,0.001953125,511.0,511.0,64,1,64,16,0.125,6,3,6,3,1650,1650,19792499048448,0,0
simt,64,4,6,145.49116293589273,145.2686736981074,145.23367583751678,146.14934225877127,1.006304780320226,5,5,0,simt_rotate_aligned_event_median,results/v4_retest_full_23.json,True,4,24,72,0,0,0.001953125,511.0,511.0,64,1,64,16,0.125,6,3,6,3,1650,1650,19792499048448,0,0
simt,64,4,7,146.13917469978333,146.12666765848795,145.004669825236,146.27049366633096,1.008729538452938,5,5,0,simt_rotate_aligned_event_median,results/v4_retest_full_23.json,True,4,28,84,0,0,0.001953125,511.0,511.0,64,1,64,16,0.125,6,3,6,3,1650,1650,19792499048448,0,0
simt,64,4,8,139.8748258749644,139.8586630821228,139.64233795801798,140.76999326546988,1.0080753109976641,5,5,0,simt_rotate_aligned_event_median,results/v4_retest_full_23.json,True,4,32,96,0,0,0.001953125,511.0,511.0,64,1,64,16,0.125,6,3,6,3,1650,1650,19792499048448,0,0
simt,64,4,9,146.26099665959677,146.20533088843027,145.99484205245972,146.44849797089896,1.0031073420955257,5,5,0,simt_rotate_aligned_event_median,results/v4_retest_full_23.json,True,4,36,108,0,0,0.001953125,511.0,511.0,64,1,64,16,0.125,6,3,6,3,1650,1650,19792499048448,0,0
simt,64,4,10,145.94716827074686,145.8493322134018,145.77317734559378,147.48050272464752,1.0117122052914171,5,5,0,simt_rotate_aligned_event_median,results/v4_retest_full_23.json,True,4,40,120,0,0,0.001953125,511.0,511.0,64,1,64,16,0.125,6,3,6,3,1650,1650,19792499048448,0,0
simt,64,4,11,154.15284037590027,153.99332841237387,153.80932887395224,154.95833257834116,1.0074703121897797,5,5,0,simt_rotate_aligned_event_median,results/v4_retest_full_23.json,True,4,44,132,0,0,0.001953125,511.0,1022.0,64,2,128,16,0.0625,6,3,6,3,1650,1650,19792499048448,0,0
simt,64,4,12,155.72567284107208,155.2649885416031,154.47532633940378,156.63967529932657,1.0140109686848462,5,5,0,simt_rotate_aligned_event_median,results/v4_retest_full_23.json,True,4,48,144,0,0,0.001953125,511.0,1022.0,64,2,128,16,0.0625,6,3,6,3,1650,1650,19792499048448,0,0
simt,64,4,16,153.0731717745463,152.8364966313044,152.59750187397003,153.96232903003693,1.0089439678848353,5,5,0,simt_rotate_aligned_event_median,results/v4_retest_full_23.json,True,4,64,192,0,0,0.001953125,511.0,1022.0,64,2,128,16,0.0625,6,3,6,3,1650,1650,19792499048448,0,0
simt,64,4,20,155.46815594037375,155.11017044385275,154.98367448647818,156.56215945879617,1.01018484674304,5,5,0,simt_rotate_aligned_event_median,results/v4_retest_full_23.json,True,4,80,240,0,0,0.001953125,511.0,1022.0,64,2,128,16,0.0625,6,3,6,3,1650,1650,19792499048448,0,0
simt,64,4,24,181.05065822601318,181.01632595062256,179.52084044615427,181.51332437992096,1.0110989004330353,5,5,0,simt_rotate_aligned_event_median,results/v4_retest_full_23.json,True,4,96,288,0,0,0.001953125,511.0,1533.0,64,3,192,16,0.041666666666666664,6,3,6,3,1650,1650,19792499048448,0,0
simt,64,4,32,194.96249655882517,194.34799253940582,194.18916602929434,195.39650777975717,1.0062173486562103,5,5,0,simt_rotate_aligned_event_median,results/v4_retest_full_23.json,True,4,128,384,0,0,0.001953125,511.0,2044.0,64,4,256,16,0.03125,6,3,6,3,1650,1650,19792499048448,0,0
simt,64,4,40,203.67116232713065,202.979842821757,202.75250573952994,204.37166094779968,1.007985870272547,5,5,0,simt_rotate_aligned_event_median,results/v4_retest_full_23.json,True,4,160,480,0,0,0.001953125,511.0,2044.0,64,4,256,16,0.03125,6,3,6,3,1650,1650,19792499048448,0,0
simt,64,4,48,200.852503379186,200.14983912309012,199.21266039212546,203.92149686813354,1.0236372350368663,5,5,0,simt_rotate_aligned_event_median,results/v4_retest_full_23.json,True,4,192,576,0,0,0.001953125,511.0,2044.0,64,4,256,16,0.03125,6,3,6,3,1650,1650,19792499048448,0,0
simt,64,4,64,195.11516888936362,195.0765053431193,193.765327334404,195.6198215484619,1.0095708259035292,5,5,0,simt_rotate_aligned_event_median,results/v4_retest_full_23.json,True,4,256,768,0,0,0.001953125,511.0,2044.0,64,4,256,16,0.03125,6,3,6,3,1650,1650,19792499048448,0,0
simt,64,4,96,181.59433702627817,181.5794954697291,180.99366128444672,182.12783336639404,1.0062663635505162,5,5,0,simt_rotate_aligned_event_median,results/v4_retest_full_23.json,True,4,384,1152,0,0,0.001953125,511.0,2044.0,64,4,256,16,0.03125,6,3,6,3,1650,1650,19792499048448,0,0
simt,64,4,128,172.66182601451874,172.53466447194418,172.46565719445547,173.01516234874725,1.003186171457151,5,5,0,simt_rotate_aligned_event_median,results/v4_retest_full_23.json,True,4,512,1536,0,0,0.001953125,511.0,2044.0,64,4,256,16,0.03125,6,3,6,3,1650,1650,19792499048448,0,0
simt,64,4,192,171.20082676410675,171.1453398068746,170.86965839068094,171.5728243192037,1.0041152182028423,5,5,0,simt_rotate_aligned_event_median,results/v4_retest_full_23.json,True,4,768,2304,0,0,0.001953125,511.0,2044.0,64,4,256,16,0.03125,3,2,6,3,1650,1650,19792499048448,0,0
simt,64,4,256,166.56933228174844,166.42800470193228,165.8936639626821,167.21749802430472,1.0079800158125414,5,5,0,simt_rotate_aligned_event_median,results/v4_retest_full_23.json,True,4,1024,3072,0,0,0.001953125,511.0,2044.0,64,4,256,16,0.03125,2,1,6,3,1650,1650,19792499048448,0,0
simt,64,8,1,139.83849187692007,139.74683483441672,139.74584142367044,140.0483399629593,1.0021646335676764,5,5,0,simt_rotate_aligned_event_median,results/v4_retest_full_23.json,True,4,4,28,0,0,0.00390625,255.0,255.0,64,1,64,32,0.25,28,7,28,7,1650,1650,19792499048448,0,0
simt,64,8,2,139.7218406200409,139.69249526659647,139.6824965874354,140.836829940478,1.0082639799634454,5,5,0,simt_rotate_aligned_event_median,results/v4_retest_full_23.json,True,4,8,56,0,0,0.00390625,255.0,255.0,64,1,64,32,0.25,28,7,28,7,1650,1650,19792499048448,0,0
simt,64,8,3,146.2448239326477,145.8558440208435,145.83500723044077,146.46299183368683,1.0043061307101233,5,5,0,simt_rotate_aligned_event_median,results/v4_retest_full_23.json,True,4,12,84,0,0,0.00390625,255.0,255.0,64,1,64,32,0.25,28,7,28,7,1650,1650,19792499048448,0,0
simt,64,8,4,139.4213338692983,139.14433618386587,139.11350071430206,139.82583085695902,1.0051204961344469,5,5,0,simt_rotate_aligned_event_median,results/v4_retest_full_23.json,True,4,16,112,0,0,0.00390625,255.0,255.0,64,1,64,32,0.25,28,7,28,7,1650,1650,19792499048448,0,0
simt,64,8,5,155.3233414888382,155.15866875648499,155.13484179973602,155.66234290599823,1.0034002748843691,5,5,0,simt_rotate_aligned_event_median,results/v4_retest_full_23.json,True,4,20,140,0,0,0.00390625,255.0,510.0,64,2,128,32,0.125,28,7,28,7,1650,1650,19792499048448,0,0
simt,64,8,6,155.0766626993815,155.06550669670105,155.05782266457877,155.96316258112589,1.0058387245544236,5,5,0,simt_rotate_aligned_event_median,results/v4_retest_full_23.json,True,4,24,168,0,0,0.00390625,255.0,510.0,64,2,128,32,0.125,28,7,28,7,1650,1650,19792499048448,0,0
simt,64,8,7,155.40350476900736,155.3954929113388,154.8341711362203,156.54849509398142,1.011072000096496,5,5,0,simt_rotate_aligned_event_median,results/v4_retest_full_23.json,True,4,28,196,0,0,0.00390625,255.0,510.0,64,2,128,32,0.125,28,7,28,7,1650,1650,19792499048448,0,0
simt,64,8,8,152.35017240047455,152.3151695728302,151.29899978637695,152.61082351207733,1.0086704058027651,5,5,0,simt_rotate_aligned_event_median,results/v4_retest_full_23.json,True,4,32,224,0,0,0.00390625,255.0,510.0,64,2,128,32,0.125,28,7,28,7,1650,1650,19792499048448,0,0
simt,64,8,9,155.39783736069998,155.3148329257965,154.62449193000793,155.78616658846536,1.0075128761553718,5,5,0,simt_rotate_aligned_event_median,results/v4_retest_full_23.json,True,4,36,252,0,0,0.00390625,255.0,510.0,64,2,128,32,0.125,28,7,28,7,1650,1650,19792499048448,0,0
simt,64,8,10,181.60217007001242,181.385338306427,181.36500318845114,182.40600327650705,1.0057398068522307,5,5,0,simt_rotate_aligned_event_median,results/v4_retest_full_23.json,True,4,40,280,0,0,0.00390625,255.0,765.0,64,3,192,32,0.08333333333333333,28,7,28,7,1650,1650,19792499048448,0,0
simt,64,8,11,185.72433292865753,185.65684060255685,185.43599545955658,186.09734376271567,1.003566450523913,5,5,0,simt_rotate_aligned_event_median,results/v4_retest_full_23.json,True,4,44,308,0,0,0.00390625,255.0,765.0,64,3,192,32,0.08333333333333333,28,7,28,7,1650,1650,19792499048448,0,0
simt,64,8,12,181.29300574461618,181.27932647864023,180.78566094239554,181.982492407163,1.0066201680959024,5,5,0,simt_rotate_aligned_event_median,results/v4_retest_full_23.json,True,4,48,336,0,0,0.00390625,255.0,765.0,64,3,192,32,0.08333333333333333,28,7,28,7,1650,1650,19792499048448,0,0
simt,64,8,16,195.0698345899582,194.8793331782023,194.00649269421896,195.36933799584708,1.0070247406811077,5,5,0,simt_rotate_aligned_event_median,results/v4_retest_full_23.json,True,4,64,448,0,0,0.00390625,255.0,1020.0,64,4,256,32,0.0625,28,7,28,7,1650,1650,19792499048448,0,0
simt,64,8,20,214.323823650678,213.60265711943308,212.92450527350107,214.6331568559011,1.008024682646111,5,5,0,simt_rotate_aligned_event_median,results/v4_retest_full_23.json,True,4,80,560,0,0,0.00390625,255.0,1275.0,64,5,320,32,0.05,28,7,28,7,1650,1650,19792499048448,0,0
simt,64,8,24,210.70434153079987,210.69233119487762,210.64183612664542,212.1786723534266,1.0072959686216236,5,5,0,simt_rotate_aligned_event_median,results/v4_retest_full_23.json,True,4,96,672,0,0,0.00390625,255.0,1530.0,64,6,384,32,0.041666666666666664,28,7,28,7,1650,1650,19792499048448,0,0
simt,64,8,32,329.2480210463206,328.3388316631317,328.02218198776245,330.50700028737384,1.0075751532550445,5,5,0,simt_rotate_aligned_event_median,results/v4_retest_full_23.json,True,4,128,896,0,0,0.00390625,255.0,2040.0,64,8,512,32,0.03125,28,7,28,7,1650,1650,19792499048448,0,0
simt,64,8,40,214.41483000914255,214.063823223114,214.0348255634308,214.99750018119812,1.0044977475755787,5,5,0,simt_rotate_aligned_event_median,results/v4_retest_full_23.json,True,4,160,1120,0,0,0.00390625,255.0,2040.0,64,8,512,32,0.03125,28,7,28,7,1650,1650,19792499048448,0,0
simt,64,8,48,263.0060017108917,262.83082365989685,262.65397667884827,263.869176308314,1.004626618050225,5,5,0,simt_rotate_aligned_event_median,results/v4_retest_full_23.json,True,4,192,1344,0,0,0.00390625,255.0,2040.0,64,8,512,32,0.03125,28,7,28,7,1650,1650,19792499048448,0,0
simt,64,8,64,327.1258274714152,326.9283374150594,326.510488986969,327.5838295618693,1.0032873080991378,5,5,0,simt_rotate_aligned_event_median,results/v4_retest_full_23.json,True,4,256,1792,0,0,0.00390625,255.0,2040.0,64,8,512,32,0.03125,28,7,28,7,1650,1650,19792499048448,0,0
simt,64,8,96,319.6776707967122,319.4959859053294,318.89564792315167,320.1473454634349,1.003925100729455,5,5,0,simt_rotate_aligned_event_median,results/v4_retest_full_23.json,True,4,384,2688,0,0,0.00390625,255.0,2040.0,64,8,512,32,0.03125,16,5,28,7,1650,1650,19792499048448,0,0
simt,64,8,128,323.8123257954915,323.792686065038,323.62815737724304,326.6156514485677,1.0092312550784703,5,5,0,simt_rotate_aligned_event_median,results/v4_retest_full_23.json,True,4,512,3584,0,0,0.00390625,255.0,2040.0,64,8,512,32,0.03125,12,3,28,7,1650,1650,19792499048448,0,0
simt,64,8,192,318.97882620493573,318.74464948972064,318.72935096422833,319.2048172156016,1.0014917554656793,5,5,0,simt_rotate_aligned_event_median,results/v4_retest_full_23.json,True,4,768,5376,1,1,0.00390625,255.0,2040.0,64,8,512,32,0.03125,7,2,28,7,1650,1650,19792499048448,0,0
simt,64,8,256,318.35484504699707,318.18384925524396,318.0541694164276,320.9570149580638,1.0091268903877675,5,5,0,simt_rotate_aligned_event_median,results/v4_retest_full_23.json,True,4,1024,7168,1,1,0.00390625,255.0,2040.0,64,8,512,32,0.03125,4,1,28,7,1650,1650,19792499048448,0,0
simt,64,16,1,139.49800034364065,139.4953429698944,138.44067354997,140.02750317255655,1.011462163408312,5,5,0,simt_rotate_aligned_event_median,results/v4_retest_full_23.json,True,4,4,60,0,0,0.0078125,127.0,127.0,64,1,64,64,0.5,120,15,120,15,1650,1650,19792499048448,0,0
simt,64,16,2,139.63999350865683,139.52517012755075,139.44382468859354,139.94732995827994,1.003610810810811,5,5,0,simt_rotate_aligned_event_median,results/v4_retest_full_23.json,True,4,8,120,0,0,0.0078125,127.0,127.0,64,1,64,64,0.5,120,15,120,15,1650,1650,19792499048448,0,0
simt,64,16,3,153.74133984247842,153.46449613571167,153.07599306106567,154.17400002479553,1.007172953392449,5,5,0,simt_rotate_aligned_event_median,results/v4_retest_full_23.json,True,4,12,180,0,0,0.0078125,127.0,254.0,64,2,128,64,0.25,120,15,120,15,1650,1650,19792499048448,0,0
simt,64,16,4,152.51383682092032,152.44949360688528,152.41916477680206,152.97783414522806,1.0036653485750568,5,5,0,simt_rotate_aligned_event_median,results/v4_retest_full_23.json,True,4,16,240,0,0,0.0078125,127.0,254.0,64,2,128,64,0.25,120,15,120,15,1650,1650,19792499048448,0,0
simt,64,16,5,185.41950980822244,185.39265791575113,185.10733048121133,186.12366418043771,1.0054905102709022,5,5,0,simt_rotate_aligned_event_median,results/v4_retest_full_23.json,True,4,20,300,0,0,0.0078125,127.0,381.0,64,3,192,64,0.16666666666666666,120,15,120,15,1650,1650,19792499048448,0,0
simt,64,16,6,181.1453402042389,181.121493379275,181.08483155568442,181.9448322057724,1.0047491589588138,5,5,0,simt_rotate_aligned_event_median,results/v4_retest_full_23.json,True,4,24,360,0,0,0.0078125,127.0,381.0,64,3,192,64,0.16666666666666666,120,15,120,15,1650,1650,19792499048448,0,0
simt,64,16,7,205.92117309570312,205.50400018692017,205.40350178877512,207.0879985888799,1.0082009156875866,5,5,0,simt_rotate_aligned_event_median,results/v4_retest_full_23.json,True,4,28,420,0,0,0.0078125,127.0,508.0,64,4,256,64,0.125,120,15,120,15,1650,1650,19792499048448,0,0
simt,64,16,8,195.06900012493134,194.80199615160623,194.63132321834564,195.46749691168466,1.0042961928199037,5,5,0,simt_rotate_aligned_event_median,results/v4_retest_full_23.json,True,4,32,480,0,0,0.0078125,127.0,508.0,64,4,256,64,0.125,120,15,120,15,1650,1650,19792499048448,0,0
simt,64,16,9,211.9031697511673,211.36900782585144,211.10833684603372,213.35284411907196,1.0106320162745406,5,5,0,simt_rotate_aligned_event_median,results/v4_retest_full_23.json,True,4,36,540,0,0,0.0078125,127.0,635.0,64,5,320,64,0.1,120,15,120,15,1650,1650,19792499048448,0,0
simt,64,16,10,214.5728419224421,214.56816792488098,214.49349323908487,214.9239977200826,1.0020070747811352,5,5,0,simt_rotate_aligned_event_median,results/v4_retest_full_23.json,True,4,40,600,0,0,0.0078125,127.0,635.0,64,5,320,64,0.1,120,15,120,15,1650,1650,19792499048448,0,0
simt,64,16,11,213.1715069214503,213.00333241621652,212.83482511838278,213.93300096193948,1.005159756364805,5,5,0,simt_rotate_aligned_event_median,results/v4_retest_full_23.json,True,4,44,660,0,0,0.0078125,127.0,762.0,64,6,384,64,0.08333333333333333,120,15,120,15,1650,1650,19792499048448,0,0
simt,64,16,12,211.231658856074,211.18650337060294,209.4259907801946,212.4354988336563,1.0143702700999533,5,5,0,simt_rotate_aligned_event_median,results/v4_retest_full_23.json,True,4,48,720,0,0,0.0078125,127.0,762.0,64,6,384,64,0.08333333333333333,120,15,120,15,1650,1650,19792499048448,0,0
simt,64,16,16,329.1083474953969,328.6671539147695,328.58551541964215,329.66018716494244,1.0032705998739104,5,5,0,simt_rotate_aligned_event_median,results/v4_retest_full_23.json,True,4,64,960,0,0,0.0078125,127.0,1016.0,64,8,512,64,0.0625,120,15,120,15,1650,1650,19792499048448,0,0
simt,64,16,20,249.73402420679727,249.42750732103983,249.4076689084371,249.92166956265768,1.0020608855231685,5,5,0,simt_rotate_aligned_event_median,results/v4_retest_full_23.json,True,4,80,1200,0,0,0.0078125,127.0,1270.0,64,10,640,64,0.05,120,15,120,15,1650,1650,19792499048448,0,0
simt,64,16,24,285.43434540430707,285.09267171223956,284.9549849828084,285.57048241297406,1.002159981269332,5,5,0,simt_rotate_aligned_event_median,results/v4_retest_full_23.json,True,4,96,1440,0,0,0.0078125,127.0,1524.0,64,12,768,64,0.041666666666666664,120,15,120,15,1650,1650,19792499048448,0,0
simt,64,16,32,637.6866698265076,637.5601887702942,636.6802056630453,637.941837310791,1.0019815782499975,5,5,0,simt_rotate_aligned_event_median,results/v4_retest_full_23.json,True,4,128,1920,0,0,0.0078125,127.0,2032.0,64,16,1024,64,0.03125,120,15,120,15,1650,1650,19792499048448,0,0
simt,64,16,40,382.7563424905141,382.2801609834035,380.4726501305898,384.2359979947408,1.0098912441219081,5,5,0,simt_rotate_aligned_event_median,results/v4_retest_full_23.json,True,4,160,2400,0,0,0.0078125,127.0,2032.0,64,16,1024,64,0.03125,81,12,120,15,1650,1650,19792499048448,0,0
simt,64,16,48,417.37401485443115,416.9626434644063,416.52701298395795,418.4451500574748,1.0046050724532258,5,5,0,simt_rotate_aligned_event_median,results/v4_retest_full_23.json,True,4,192,2880,0,0,0.0078125,127.0,2032.0,64,16,1024,64,0.03125,65,10,120,15,1650,1650,19792499048448,0,0
simt,64,16,64,637.4439795811971,637.2181375821432,637.1216575304667,639.0341520309448,1.0030017728606042,5,5,0,simt_rotate_aligned_event_median,results/v4_retest_full_23.json,True,4,256,3840,0,0,0.0078125,127.0,2032.0,64,16,1024,64,0.03125,56,7,120,15,1650,1650,19792499048448,0,0
simt,64,16,96,1241.9322729110718,1238.5706901550293,1228.713035583496,1256.3703457514446,1.0225091696490503,5,5,0,simt_rotate_aligned_event_median,results/v4_retest_full_23.json,True,4,384,5760,1,1,0.0078125,127.0,2032.0,64,16,1024,64,0.03125,35,5,120,15,1650,1650,19792499048448,0,0
simt,64,16,128,1278.4032424290974,1171.9114979108174,574.3915239969889,1316.1545991897583,2.2913893123476137,5,5,0,simt_rotate_aligned_event_median,results/v4_retest_full_23.json,True,4,512,7680,1,1,0.0078125,127.0,2032.0,64,16,1024,64,0.03125,24,3,120,15,1650,1650,19792499048448,0,0
simt,64,16,192,750.5130370457968,640.5537128448486,568.1955416997274,1250.7105668385823,2.201197431252534,5,5,0,simt_rotate_aligned_event_median,results/v4_retest_full_23.json,True,4,768,11520,2,1,0.0078125,127.0,2032.0,64,16,1024,64,0.03125,14,2,120,15,1650,1650,19793356783616,0,0
simt,64,16,256,699.2083589235941,699.1474827130636,676.0608156522115,711.761474609375,1.0528068749594994,5,5,0,simt_rotate_aligned_event_median,results/v4_retest_full_23.json,True,4,1024,15360,3,1,0.0078125,127.0,2032.0,64,16,1024,64,0.03125,8,1,120,15,1650,1650,19793356783616,0,0
simt,64,32,1,139.77549970149994,139.764333764712,139.33383921782175,140.26199777921042,1.006661400895856,5,5,0,simt_rotate_aligned_event_median,results/v4_retest_full_23.json,True,4,4,124,0,0,0.015625,63.0,63.0,64,1,64,128,1.0,496,31,496,31,1650,1650,19792499048448,0,0
simt,64,32,2,152.6291767756144,152.5773306687673,152.10950871308646,153.07282904783884,1.0063330711071419,5,5,0,simt_rotate_aligned_event_median,results/v4_retest_full_23.json,True,4,8,248,0,0,0.015625,63.0,126.0,64,2,128,128,0.5,496,31,496,31,1650,1650,19792499048448,0,0
simt,64,32,3,185.07583439350128,184.86983080705008,184.7324917713801,186.53016785780588,1.0097312393136046,5,5,0,simt_rotate_aligned_event_median,results/v4_retest_full_23.json,True,4,12,372,0,0,0.015625,63.0,189.0,64,3,192,128,0.3333333333333333,496,31,496,31,1650,1650,19792499048448,0,0
simt,64,32,4,195.71300347646078,195.02650201320648,194.8850005865097,196.85866932074228,1.0101273506339266,5,5,0,simt_rotate_aligned_event_median,results/v4_retest_full_23.json,True,4,16,496,0,0,0.015625,63.0,252.0,64,4,256,128,0.25,496,31,496,31,1650,1650,19792499048448,0,0
simt,64,32,5,211.59799893697104,211.5271637837092,211.18417382240295,212.43967612584433,1.0059450586694871,5,5,0,simt_rotate_aligned_event_median,results/v4_retest_full_23.json,True,4,20,620,0,0,0.015625,63.0,315.0,64,5,320,128,0.2,496,31,496,31,1650,1650,19792499048448,0,0
simt,64,32,6,211.2209995587667,211.18582785129547,210.48482755819956,212.63299882411957,1.0102058247658066,5,5,0,simt_rotate_aligned_event_median,results/v4_retest_full_23.json,True,4,24,744,0,0,0.015625,63.0,378.0,64,6,384,128,0.16666666666666666,496,31,496,31,1650,1650,19792499048448,0,0
simt,64,32,7,221.01433078447977,220.1418330272039,220.07050116856894,222.44567175706229,1.010792771297749,5,5,0,simt_rotate_aligned_event_median,results/v4_retest_full_23.json,True,4,28,868,0,0,0.015625,63.0,441.0,64,7,448,128,0.14285714285714285,496,31,496,31,1650,1650,19792499048448,0,0
simt,64,32,8,329.1560113430023,328.75901460647583,328.3860186735789,329.47983344395954,1.0033308810612547,5,5,0,simt_rotate_aligned_event_median,results/v4_retest_full_23.json,True,4,32,992,0,0,0.015625,63.0,504.0,64,8,512,128,0.125,496,31,496,31,1650,1650,19792499048448,0,0
simt,64,32,9,245.75532476107279,245.72632710138956,245.43699622154236,246.32400274276733,1.0036139886605535,5,5,0,simt_rotate_aligned_event_median,results/v4_retest_full_23.json,True,4,36,1116,0,0,0.015625,63.0,567.0,64,9,576,128,0.1111111111111111,496,31,496,31,1650,1650,19792499048448,0,0
simt,64,32,10,249.90134437878928,249.79482094446817,249.4281530380249,250.87217489878338,1.0057893298858624,5,5,0,simt_rotate_aligned_event_median,results/v4_retest_full_23.json,True,4,40,1240,0,0,0.015625,63.0,630.0,64,10,640,128,0.1,496,31,496,31,1650,1650,19792499048448,0,0
simt,64,32,11,277.85782019297284,277.26900577545166,276.73332889874774,278.438667456309,1.0061623894900829,5,5,0,simt_rotate_aligned_event_median,results/v4_retest_full_23.json,True,4,44,1364,0,0,0.015625,63.0,693.0,64,11,704,128,0.09090909090909091,496,31,496,31,1650,1650,19792499048448,0,0
simt,64,32,12,285.33466657002765,285.1191659768422,285.0628197193146,287.4360183874766,1.0083251778344815,5,5,0,simt_rotate_aligned_event_median,results/v4_retest_full_23.json,True,4,48,1488,0,0,0.015625,63.0,756.0,64,12,768,128,0.08333333333333333,496,31,496,31,1650,1650,19792499048448,0,0
simt,64,32,16,637.6460194587708,637.5351746877035,636.0026796658834,640.9743626912435,1.0078170787393097,5,5,0,simt_rotate_aligned_event_median,results/v4_retest_full_23.json,True,4,64,1984,0,0,0.015625,63.0,1008.0,64,16,1024,128,0.0625,496,31,496,31,1650,1650,19792499048448,0,0
simt,64,32,20,289.86334800720215,289.7871633370717,289.11784291267395,291.03634754816693,1.0066357185574066,5,5,0,simt_rotate_aligned_event_median,results/v4_retest_full_23.json,True,4,80,2480,0,0,0.015625,63.0,1260.0,64,20,1280,128,0.05,340,25,496,31,1650,1650,19792499048448,0,0
simt,64,32,24,514.0241384506226,513.942023118337,509.62396462758386,517.6512002944946,1.0157512915876648,5,5,0,simt_rotate_aligned_event_median,results/v4_retest_full_23.json,True,4,96,2976,0,0,0.015625,63.0,1512.0,64,24,1536,128,0.041666666666666664,276,21,496,31,1650,1650,19792499048448,0,0
simt,64,32,32,2589.2550945281982,2583.7510426839194,2536.9913578033447,2591.5087858835855,1.021489008195694,5,5,0,simt_rotate_aligned_event_median,results/v4_retest_full_23.json,True,4,128,3968,0,0,0.015625,63.0,2016.0,64,32,2048,128,0.03125,240,15,496,31,1650,1650,19792499048448,0,0
simt,64,32,40,2720.0492223103843,2568.599224090576,2516.2829558054605,2754.4407844543457,1.0946466803740882,5,5,0,simt_rotate_aligned_event_median,results/v4_retest_full_23.json,True,4,160,4960,1,1,0.015625,63.0,2016.0,64,32,2048,128,0.03125,171,12,496,31,1650,1650,19792499048448,0,0
simt,64,32,48,2790.0017897288003,2532.3479970296225,2413.220246632894,3014.9989128112793,1.2493674860460964,5,5,0,simt_rotate_aligned_event_median,results/v4_retest_full_23.json,True,4,192,5952,1,1,0.015625,63.0,2016.0,64,32,2048,128,0.03125,155,10,496,31,1650,1650,19792499048448,0,0
simt,64,32,64,2844.6098963419595,2824.3916829427085,2623.838504155477,3013.239622116089,1.1484089502246049,5,5,0,simt_rotate_aligned_event_median,results/v4_retest_full_23.json,True,4,256,7936,1,1,0.015625,63.0,2016.0,64,32,2048,128,0.03125,112,7,496,31,1650,1650,19792499048448,0,0
simt,64,32,96,2886.533260345459,2840.2766386667886,2759.357690811157,2995.2308336893716,1.0854811768926107,5,5,0,simt_rotate_aligned_event_median,results/v4_retest_full_23.json,True,4,384,11904,2,1,0.015625,63.0,2016.0,64,32,2048,128,0.03125,70,5,496,31,1650,1650,19793356783616,0,0
simt,64,32,128,3003.104050954183,2997.4421660105386,2768.37150255839,3055.3669929504395,1.1036694280831971,5,5,0,simt_rotate_aligned_event_median,results/v4_retest_full_23.json,True,4,512,15872,3,1,0.015625,63.0,2016.0,64,32,2048,128,0.03125,48,3,496,31,1650,1650,19793356783616,0,0
simt,64,32,192,3024.949232737223,2857.5384616851807,2780.7634671529136,3102.8486092885337,1.115826155636814,5,5,0,simt_rotate_aligned_event_median,results/v4_retest_full_23.json,True,4,768,23808,5,1,0.015625,63.0,2016.0,64,32,2048,128,0.03125,55,5,496,31,1650,1650,19793356783616,0,0
simt,64,32,256,2771.007696787516,2658.4948698679605,2602.409998575846,2799.8392581939697,1.0758640105618122,5,5,0,simt_rotate_aligned_event_median,results/v4_retest_full_23.json,True,4,1024,31744,7,1,0.015625,63.0,2016.0,64,32,2048,128,0.03125,48,3,496,31,1650,1650,19793356783616,0,0
simt,64,64,1,141.61784450213113,141.3106769323349,140.7850037018458,142.3410028219223,1.0110523072711053,5,5,0,simt_rotate_aligned_event_median,results/v4_retest_full_23.json,True,4,4,252,0,0,0.03125,31.0,62.0,64,2,128,256,1.0,2016,63,2016,63,1650,1650,19792499048448,0,0
simt,64,64,2,153.47933769226074,153.28599512577057,152.51483023166656,154.55166002114615,1.013354962178994,5,5,0,simt_rotate_aligned_event_median,results/v4_retest_full_23.json,True,4,8,504,0,0,0.03125,31.0,124.0,64,4,256,256,0.5,2016,63,2016,63,1650,1650,19792499048448,0,0
simt,64,64,3,185.00583867232004,184.58600838979086,184.4205061594645,186.30699813365936,1.010229296153019,5,5,0,simt_rotate_aligned_event_median,results/v4_retest_full_23.json,True,4,12,756,0,0,0.03125,31.0,186.0,64,6,384,256,0.3333333333333333,2016,63,2016,63,1650,1650,19792499048448,0,0
simt,64,64,4,199.2716689904531,198.77799848715463,198.558509349823,200.7770041624705,1.0111730029597419,5,5,0,simt_rotate_aligned_event_median,results/v4_retest_full_23.json,True,4,16,1008,0,0,0.03125,31.0,248.0,64,8,512,256,0.25,2016,63,2016,63,1650,1650,19792499048448,0,0
simt,64,64,5,210.057000319163,209.89550650119781,209.89149312178293,211.3535056511561,1.0069655635282222,5,5,0,simt_rotate_aligned_event_median,results/v4_retest_full_23.json,True,4,20,1260,0,0,0.03125,31.0,310.0,64,10,640,256,0.2,2016,63,2016,63,1650,1650,19792499048448,0,0
simt,64,64,6,212.93365955352783,212.92032301425934,212.8271609544754,214.45733308792114,1.0076596056919371,5,5,0,simt_rotate_aligned_event_median,results/v4_retest_full_23.json,True,4,24,1512,0,0,0.03125,31.0,372.0,64,12,768,256,0.16666666666666666,2016,63,2016,63,1650,1650,19792499048448,0,0
simt,64,64,7,231.56515757242838,230.72567085425058,230.5171638727188,231.64916038513184,1.0049106821088518,5,5,0,simt_rotate_aligned_event_median,results/v4_retest_full_23.json,True,4,28,1764,0,0,0.03125,31.0,434.0,64,14,896,256,0.14285714285714285,2016,63,2016,63,1650,1650,19792499048448,0,0
simt,64,64,8,338.52384487787884,338.01133433977765,337.919016679128,338.899830977122,1.0029025128790705,5,5,0,simt_rotate_aligned_event_median,results/v4_retest_full_23.json,True,4,32,2016,0,0,0.03125,31.0,496.0,64,16,1024,256,0.125,2016,63,2016,63,1650,1650,19792499048448,0,0
simt,64,64,9,274.2455204327901,273.63166213035583,272.1456487973531,274.7666537761688,1.0096308906293314,5,5,0,simt_rotate_aligned_event_median,results/v4_retest_full_23.json,True,4,36,2268,0,0,0.03125,31.0,558.0,64,18,1152,256,0.1111111111111111,1617,56,2016,63,1650,1650,19792499048448,0,0
simt,64,64,10,271.70151472091675,271.67818943659466,271.4516719182332,272.0416684945424,1.002173486617857,5,5,0,simt_rotate_aligned_event_median,results/v4_retest_full_23.json,True,4,40,2520,0,0,0.03125,31.0,620.0,64,20,1280,256,0.1,1392,51,2016,63,1650,1650,19792499048448,0,0
simt,64,64,11,306.6718280315399,306.37599031130475,304.9076696236928,307.7598412831624,1.0093542142216025,5,5,0,simt_rotate_aligned_event_median,results/v4_retest_full_23.json,True,4,44,2772,0,0,0.03125,31.0,682.0,64,22,1408,256,0.09090909090909091,1217,46,2016,63,1650,1650,19792499048448,0,0
simt,64,64,12,323.35448265075684,323.0294982592265,322.46652245521545,324.9923189481099,1.0078327401978457,5,5,0,simt_rotate_aligned_event_median,results/v4_retest_full_23.json,True,4,48,3024,0,0,0.03125,31.0,744.0,64,24,1536,256,0.08333333333333333,1113,42,2016,63,1650,1650,19792499048448,0,0
simt,64,64,16,1255.6433478991191,1200.1968622207642,1085.0175221761067,1314.1895532608032,1.2112150508178614,5,5,0,simt_rotate_aligned_event_median,results/v4_retest_full_23.json,True,4,64,4032,0,0,0.03125,31.0,992.0,64,32,2048,256,0.0625,992,31,2016,63,1650,1650,19792499048448,0,0
simt,64,64,20,666.9853627681732,664.2685234546661,613.6455138524374,671.8503137429556,1.094850852123258,5,5,0,simt_rotate_aligned_event_median,results/v4_retest_full_23.json,True,4,80,5040,1,1,0.03125,31.0,1240.0,64,40,2560,256,0.05,716,25,2016,63,1650,1650,19792499048448,0,0
simt,64,64,24,1052.0153045654297,1042.5758759180706,924.6993263562521,1093.5106476147969,1.1825580666569104,5,5,0,simt_rotate_aligned_event_median,results/v4_retest_full_23.json,True,4,96,6048,1,1,0.03125,31.0,1488.0,64,48,3072,256,0.041666666666666664,651,21,2016,63,1650,1650,19792499048448,0,0
simt,64,64,32,2826.6541957855225,2786.5007718404136,2774.3237813313804,2876.3956228892007,1.0367916110746225,5,5,0,simt_rotate_aligned_event_median,results/v4_retest_full_23.json,True,4,128,8064,1,1,0.03125,31.0,1984.0,64,64,4096,256,0.03125,480,15,2016,63,1650,1650,19792499048448,0,0
simt,64,64,40,2732.894500096639,2632.17830657959,2547.6693312327066,3031.3891569773355,1.1898675859596652,5,5,0,simt_rotate_aligned_event_median,results/v4_retest_full_23.json,True,4,160,10080,2,1,0.03125,31.0,1984.0,64,64,4096,256,0.03125,378,12,2016,63,1650,1650,19792499048448,0,0
simt,64,64,48,2942.087252934774,2914.0474796295166,2722.468535105387,3006.6489378611245,1.1043833561678746,5,5,0,simt_rotate_aligned_event_median,results/v4_retest_full_23.json,True,4,192,12096,2,1,0.03125,31.0,1984.0,64,64,4096,256,0.03125,310,10,2016,63,1650,1650,19793356783616,0,0
simt,64,64,64,3046.054760615031,2960.7547918955484,2836.8144830067954,3142.7701314290366,1.1078518353085791,5,5,0,simt_rotate_aligned_event_median,results/v4_retest_full_23.json,True,4,256,16128,3,1,0.03125,31.0,1984.0,64,64,4096,256,0.03125,224,7,2016,63,1650,1650,19793356783616,0,0
simt,64,64,96,2921.977758407593,2908.3255926767984,2724.7961362202964,3059.1386953989663,1.1227036968873765,5,5,0,simt_rotate_aligned_event_median,results/v4_retest_full_23.json,True,4,384,24192,5,1,0.03125,31.0,1984.0,64,64,4096,256,0.03125,255,10,2016,63,1650,1650,19793356783616,0,0
simt,64,64,128,2994.6138858795166,2896.82666460673,2795.793374379476,3206.5490086873374,1.146919167228883,5,5,0,simt_rotate_aligned_event_median,results/v4_retest_full_23.json,True,4,512,32256,7,1,0.03125,31.0,1984.0,64,64,4096,256,0.03125,224,7,2016,63,1650,1650,19793356783616,0,0
simt,64,64,192,2838.5210831960044,2665.0421619415283,2628.821611404419,2950.4452546437583,1.1223451761976027,5,5,0,simt_rotate_aligned_event_median,results/v4_retest_full_23.json,True,4,768,48384,11,1,0.03125,31.0,1984.0,64,64,4096,256,0.03125,224,7,1113,42,1650,1650,19793356783616,0,0
simt,64,64,256,2789.8240089416504,2720.2038764953613,2636.4383697509766,2850.2673308054605,1.0811052378496073,5,5,0,simt_rotate_aligned_event_median,results/v4_retest_full_23.json,True,4,1024,64512,15,1,0.03125,31.0,1984.0,64,64,4096,256,0.03125,224,7,992,31,1650,1650,19793356783616,0,0
simt,64,128,1,141.54165983200073,141.4871613184611,141.4649933576584,142.451673746109,1.006974731804893,5,5,0,simt_rotate_aligned_event_median,results/v4_retest_full_23.json,True,4,4,508,0,0,0.0625,15.0,60.0,64,4,256,512,1.0,8128,127,8128,127,1650,1650,19792499048448,0,0
simt,64,128,2,155.1346629858017,155.11584281921387,155.02916276454926,155.7929962873459,1.004927031206101,5,5,0,simt_rotate_aligned_event_median,results/v4_retest_full_23.json,True,4,8,1016,0,0,0.0625,15.0,120.0,64,8,512,512,0.5,8128,127,8128,127,1650,1650,19792499048448,0,0
simt,64,128,3,185.89833875497183,185.4654997587204,185.185506939888,187.07450230916342,1.01020055727087,5,5,0,simt_rotate_aligned_event_median,results/v4_retest_full_23.json,True,4,12,1524,0,0,0.0625,15.0,180.0,64,12,768,512,0.3333333333333333,8128,127,8128,127,1650,1650,19792499048448,0,0
simt,64,128,4,204.16734119256338,203.99783054987589,202.92565723260245,206.08633756637573,1.015575557950025,5,5,0,simt_rotate_aligned_event_median,results/v4_retest_full_23.json,True,4,16,2032,0,0,0.0625,15.0,240.0,64,16,1024,512,0.25,8128,127,8128,127,1650,1650,19792499048448,0,0
simt,64,128,5,216.3464973370234,216.09132488568625,214.519664645195,217.78849263985953,1.0152378943910387,5,5,0,simt_rotate_aligned_event_median,results/v4_retest_full_23.json,True,4,20,2540,0,0,0.0625,15.0,300.0,64,20,1280,512,0.2,5553,102,8128,127,1650,1650,19792499048448,0,0
simt,64,128,6,221.71899676322937,221.59167130788168,221.40000263849893,222.49117493629456,1.0049285107714172,5,5,0,simt_rotate_aligned_event_median,results/v4_retest_full_23.json,True,4,24,3048,0,0,0.0625,15.0,360.0,64,24,1536,512,0.16666666666666666,4516,85,8128,127,1650,1650,19792499048448,0,0
simt,64,128,7,245.35382787386575,245.08699774742126,244.14483706156412,245.80731987953186,1.0068094121423037,5,5,0,simt_rotate_aligned_event_median,results/v4_retest_full_23.json,True,4,28,3556,0,0,0.0625,15.0,420.0,64,28,1792,512,0.14285714285714285,4132,73,8128,127,1650,1650,19792499048448,0,0
simt,64,128,8,350.7151703039805,350.674827893575,350.4081567128499,352.0204921563466,1.0046013068263646,5,5,0,simt_rotate_aligned_event_median,results/v4_retest_full_23.json,True,4,32,4064,0,0,0.0625,15.0,480.0,64,32,2048,512,0.125,4032,63,8128,127,1650,1650,19792499048448,0,0
simt,64,128,9,518.8851555188497,514.8853361606598,480.41434089342755,523.1083432833353,1.0888691255771208,5,5,0,simt_rotate_aligned_event_median,results/v4_retest_full_23.json,True,4,36,4572,1,1,0.0625,15.0,540.0,64,36,2304,512,0.1111111111111111,3283,56,8128,127,1650,1650,19792499048448,0,0
simt,64,128,10,554.046501715978,551.6268114248911,507.5663228829702,554.5918544133505,1.092649037988328,5,5,0,simt_rotate_aligned_event_median,results/v4_retest_full_23.json,True,4,40,5080,1,1,0.0625,15.0,600.0,64,40,2560,512,0.1,2901,51,8128,127,1650,1650,19792499048448,0,0
simt,64,128,11,580.9316635131836,578.4406661987305,546.8699832757314,586.4128172397614,1.0723075597003326,5,5,0,simt_rotate_aligned_event_median,results/v4_retest_full_23.json,True,4,44,5588,1,1,0.0625,15.0,660.0,64,44,2816,512,0.09090909090909091,2723,46,8128,127,1650,1650,19792499048448,0,0
simt,64,128,12,613.1298343340555,613.0318144957224,578.2053569952647,615.6103312969208,1.064691504236552,5,5,0,simt_rotate_aligned_event_median,results/v4_retest_full_23.json,True,4,48,6096,1,1,0.0625,15.0,720.0,64,48,3072,512,0.08333333333333333,2667,42,8128,127,1650,1650,19792499048448,0,0
simt,64,128,16,813.5676582654318,805.2715063095093,778.6973714828491,816.3986206054688,1.0484157909135179,5,5,0,simt_rotate_aligned_event_median,results/v4_retest_full_23.json,True,4,64,8128,1,1,0.0625,15.0,960.0,64,64,4096,512,0.0625,1984,31,8128,127,1650,1650,19792499048448,0,0
simt,64,128,20,803.8101891676585,802.7418653170267,795.4824964205424,880.2888294061025,1.1066099296554808,5,5,0,simt_rotate_aligned_event_median,results/v4_retest_full_23.json,True,4,80,10160,2,1,0.0625,15.0,1200.0,64,80,5120,512,0.05,1575,25,8128,127,1650,1650,19792499048448,0,0
simt,64,128,24,1221.6202815373738,851.2339989344279,526.5923341115316,2689.598242441813,5.107552974502966,5,5,0,simt_rotate_aligned_event_median,results/v4_retest_full_23.json,True,4,96,12192,2,1,0.0625,15.0,1440.0,64,96,6144,512,0.041666666666666664,1302,21,8128,127,1650,1650,19793356783616,0,0
simt,64,128,32,3033.1871509552,2942.4317677815757,2937.5271002451577,3155.7909647623696,1.0743019066952595,5,5,0,simt_rotate_aligned_event_median,results/v4_retest_full_23.json,True,4,128,16256,3,1,0.0625,15.0,1920.0,64,128,8192,512,0.03125,960,15,8128,127,1650,1650,19793356783616,0,0
simt,64,128,40,3050.058682759603,2952.640692392985,2816.2759939829507,3175.546646118164,1.127569404739736,5,5,0,simt_rotate_aligned_event_median,results/v4_retest_full_23.json,True,4,160,20320,4,1,0.0625,15.0,1920.0,64,128,8192,512,0.03125,1081,25,8128,127,1650,1650,19793356783616,0,0
simt,64,128,48,2867.9789702097573,2768.6779499053955,2694.4037278493247,3025.216738382975,1.1227778180064,5,5,0,simt_rotate_aligned_event_median,results/v4_retest_full_23.json,True,4,192,24384,5,1,0.0625,15.0,1920.0,64,128,8192,512,0.03125,1071,21,8128,127,1650,1650,19793356783616,0,0
simt,64,128,64,3153.498729070028,3089.7909005482993,3080.180803934733,3381.657044092814,1.0978761505730328,5,5,0,simt_rotate_aligned_event_median,results/v4_retest_full_23.json,True,4,256,32512,7,1,0.0625,15.0,1920.0,64,128,8192,512,0.03125,960,15,8128,127,1650,1650,19793356783616,0,0
simt,64,128,96,2815.551996231079,2724.5024045308433,2699.5245615641275,3046.059767405192,1.1283689768098568,5,5,0,simt_rotate_aligned_event_median,results/v4_retest_full_23.json,True,4,384,48768,11,1,0.0625,15.0,1920.0,64,128,8192,512,0.03125,960,15,4516,85,1650,1650,19793356783616,0,0
simt,64,128,128,3072.3915894826255,2978.67488861084,2943.6496098836265,3141.8063640594482,1.0673166920106554,5,5,0,simt_rotate_aligned_event_median,results/v4_retest_full_23.json,True,4,512,65024,15,1,0.0625,15.0,1920.0,64,128,8192,512,0.03125,960,15,4032,63,1650,1650,19793356783616,0,0
simt,64,128,192,2775.7693926493325,2734.7281773885093,2572.114864985148,3021.24293645223,1.174614313528986,5,5,0,simt_rotate_aligned_event_median,results/v4_retest_full_23.json,True,4,768,97536,23,1,0.0625,15.0,1920.0,64,128,8192,512,0.03125,960,15,2667,42,1650,1650,19793356783616,0,0
simt,64,128,256,2559.8100821177163,2538.743575414022,2519.4098154703775,2684.443950653076,1.065505077486525,5,5,0,simt_rotate_aligned_event_median,results/v4_retest_full_23.json,True,4,1024,130048,31,1,0.0625,15.0,1920.0,64,128,8192,512,0.03125,960,15,1984,31,1650,1650,19793356783616,0,0
simt,64,256,1,143.95601054032645,143.29783618450165,143.11517775058746,145.50016323725382,1.016664797711552,5,5,0,simt_rotate_aligned_event_median,results/v4_retest_full_23.json,True,4,4,1020,0,0,0.125,7.0,56.0,64,8,512,1024,1.0,32640,255,32640,255,1650,1650,19792499048448,0,0
simt,64,256,2,162.0586762825648,161.7278258005778,161.3613267739614,163.74665995438895,1.014782558052271,5,5,0,simt_rotate_aligned_event_median,results/v4_retest_full_23.json,True,4,8,2040,0,0,0.125,7.0,112.0,64,16,1024,1024,0.5,32640,255,32640,255,1650,1650,19792499048448,0,0
simt,64,256,3,200.6953408320745,200.28450588385263,199.91166392962137,200.93566675980887,1.0051222765598509,5,5,0,simt_rotate_aligned_event_median,results/v4_retest_full_23.json,True,4,12,3060,0,0,0.125,7.0,168.0,64,24,1536,1024,0.3333333333333333,18105,170,32640,255,1650,1650,19792499048448,0,0
simt,64,256,4,217.16550985972086,216.95583562056223,216.5609896183014,218.98166835308075,1.0111778152614002,5,5,0,simt_rotate_aligned_event_median,results/v4_retest_full_23.json,True,4,16,4080,0,0,0.125,7.0,224.0,64,32,2048,1024,0.25,16256,127,32640,255,1650,1650,19792499048448,0,0
simt,64,256,5,448.1806755065918,447.778840859731,420.06651560465497,449.4466582934062,1.0699416439952627,5,5,0,simt_rotate_aligned_event_median,results/v4_retest_full_23.json,True,4,20,5100,1,1,0.125,7.0,280.0,64,40,2560,1024,0.2,11679,102,32640,255,1650,1650,19792499048448,0,0
simt,64,256,6,517.5395210584005,515.605017542839,471.1549977461497,519.1531727711359,1.1018734286054348,5,5,0,simt_rotate_aligned_event_median,results/v4_retest_full_23.json,True,4,24,6120,1,1,0.125,7.0,336.0,64,48,3072,1024,0.16666666666666666,10795,85,32640,255,1650,1650,19792499048448,0,0
simt,64,256,7,628.1501352787018,627.6973187923431,533.7183276812235,630.8674613634745,1.1820232295644075,5,5,0,simt_rotate_aligned_event_median,results/v4_retest_full_23.json,True,4,28,7140,1,1,0.125,7.0,392.0,64,56,3584,1024,0.14285714285714285,8587,73,32640,255,1650,1650,19792499048448,0,0
simt,64,256,8,735.6088558832804,735.0589632987976,648.5498050848643,738.0021810531616,1.1379267640926858,5,5,0,simt_rotate_aligned_event_median,results/v4_retest_full_23.json,True,4,32,8160,1,1,0.125,7.0,448.0,64,64,4096,1024,0.125,8064,63,32640,255,1650,1650,19792499048448,0,0
simt,64,256,9,746.0568249225616,744.3244655927023,674.7420231501261,747.2473283608755,1.1074563354928575,5,5,0,simt_rotate_aligned_event_median,results/v4_retest_full_23.json,True,4,36,9180,2,1,0.125,7.0,504.0,64,72,4608,1024,0.1111111111111111,6762,56,32640,255,1650,1650,19792499048448,0,0
simt,64,256,10,765.7846709092458,765.4231786727905,764.83353972435,787.4150176843008,1.029524696273243,5,5,0,simt_rotate_aligned_event_median,results/v4_retest_full_23.json,True,4,40,10200,2,1,0.125,7.0,560.0,64,80,5120,1024,0.1,6426,51,32640,255,1650,1650,19792499048448,0,0
simt,64,256,11,836.1116945743561,835.189700126648,798.8685071468353,837.2334837913513,1.0480241445260332,5,5,0,simt_rotate_aligned_event_median,results/v4_retest_full_23.json,True,4,44,11220,2,1,0.125,7.0,616.0,64,88,5632,1024,0.09090909090909091,5566,46,32640,255,1650,1650,19792499048448,0,0
simt,64,256,12,828.1555275122324,825.303296248118,819.9666837851206,880.5960118770599,1.073941209186772,5,5,0,simt_rotate_aligned_event_median,results/v4_retest_full_23.json,True,4,48,12240,2,1,0.125,7.0,672.0,64,96,6144,1024,0.08333333333333333,5334,42,32640,255,1650,1650,19793356783616,0,0
simt,64,256,16,943.690816561381,895.5894708633423,880.6151350339254,1567.4370924631755,1.77993430967183,5,5,0,simt_rotate_aligned_event_median,results/v4_retest_full_23.json,True,4,64,16320,3,1,0.125,7.0,896.0,64,128,8192,1024,0.0625,3968,31,32640,255,1650,1650,19793356783616,0,0
simt,64,256,20,2313.794175783793,2294.5343255996704,2289.936065673828,2547.9380091031394,1.1126677496794621,5,5,0,simt_rotate_aligned_event_median,results/v4_retest_full_23.json,True,4,80,20400,4,1,0.125,7.0,1120.0,64,160,10240,1024,0.05,4476,51,32640,255,1650,1650,19793356783616,0,0
simt,64,256,24,2654.518206914266,2605.165878931681,2603.4916639328003,2799.3579308191934,1.075232146735788,5,5,0,simt_rotate_aligned_event_median,results/v4_retest_full_23.json,True,4,96,24480,5,1,0.125,7.0,1344.0,64,192,12288,1024,0.041666666666666664,4431,42,32640,255,1650,1650,19793356783616,0,0
simt,64,256,32,3324.3679205576577,3191.4337476094565,3039.980411529541,3417.3585573832192,1.124138347873039,5,5,0,simt_rotate_aligned_event_median,results/v4_retest_full_23.json,True,4,128,32640,7,1,0.125,7.0,1792.0,64,256,16384,1024,0.03125,3968,31,32640,255,1650,1650,19793356783616,0,0
simt,64,256,40,3074.2782751719155,3020.502249399821,2910.902738571167,3165.167729059855,1.0873491879751005,5,5,0,simt_rotate_aligned_event_median,results/v4_retest_full_23.json,True,4,160,40800,9,1,0.125,7.0,1792.0,64,256,16384,1024,0.03125,4138,38,22185,204,1650,1650,19793356783616,0,0
simt,64,256,48,2837.549924850464,2821.352243423462,2792.5848166147866,3078.9928436279297,1.1025601891513295,5,5,0,simt_rotate_aligned_event_median,results/v4_retest_full_23.json,True,4,192,48960,11,1,0.125,7.0,1792.0,64,256,16384,1024,0.03125,3968,31,18105,170,1650,1650,19793356783616,0,0
simt,64,256,64,3140.0996843973794,3004.6016375223794,2727.2066275278726,3229.7632694244385,1.184275234895611,5,5,0,simt_rotate_aligned_event_median,results/v4_retest_full_23.json,True,4,256,65280,15,1,0.125,7.0,1792.0,64,256,16384,1024,0.03125,3968,31,16256,127,1650,1650,19793356783616,0,0
simt,64,256,96,2898.4394868214927,2865.7596906026206,2851.9652684529624,3070.425113042196,1.076599756317417,5,5,0,simt_rotate_aligned_event_median,results/v4_retest_full_23.json,True,4,384,97920,23,1,0.125,7.0,1792.0,64,256,16384,1024,0.03125,3968,31,10795,85,1650,1650,19793356783616,0,0
simt,64,256,128,2944.1282749176025,2842.297077178955,2826.448440551758,3078.8389841715493,1.0892960012992565,5,5,0,simt_rotate_aligned_event_median,results/v4_retest_full_23.json,True,4,512,130560,31,1,0.125,7.0,1792.0,64,256,16384,1024,0.03125,3968,31,8064,63,1650,1650,19793356783616,0,0
simt,64,256,192,2929.3739000956216,2813.441435496012,2717.8494930267334,3035.7163747151694,1.1169552922279165,5,5,0,simt_rotate_aligned_event_median,results/v4_retest_full_23.json,True,4,768,195840,47,1,0.125,7.0,1792.0,64,256,16384,1024,0.03125,3968,31,5334,42,1650,1650,19793356783616,0,0
simt,64,256,256,2787.9966100056968,2705.5246035257974,2560.8773231506348,2802.2079467773438,1.0942374792595693,5,5,0,simt_rotate_aligned_event_median,results/v4_retest_full_23.json,True,4,1024,261120,63,1,0.125,7.0,1792.0,64,256,16384,1024,0.03125,3968,31,3968,31,1650,1650,19793356783616,0,0
simt,64,512,1,145.91150979200998,145.82783977190653,145.4461763302485,146.4348336060842,1.0067974098789017,5,5,0,simt_rotate_aligned_event_median,results/v4_retest_full_23.json,True,4,4,2044,0,0,0.25,3.0,48.0,64,16,1024,2048,1.0,130816,511,130816,511,1650,1650,19792499048448,0,0
simt,64,512,2,170.80833514531454,168.70016853014627,167.16699302196503,171.2810049454371,1.0246101927725142,5,5,0,simt_rotate_aligned_event_median,results/v4_retest_full_23.json,True,4,8,4088,0,0,0.25,3.0,96.0,64,32,2048,2048,0.5,65280,255,130816,511,1650,1650,19792499048448,0,0
simt,64,512,3,450.2738167842229,449.95200137297314,416.5123403072357,451.64283116658527,1.0843444178230972,5,5,0,simt_rotate_aligned_event_median,results/v4_retest_full_23.json,True,4,12,6132,1,1,0.25,3.0,144.0,64,48,3072,2048,0.3333333333333333,43435,170,130816,511,1650,1650,19792499048448,0,0
simt,64,512,4,489.8413419723511,489.5871579647064,443.15682848294574,490.6404912471771,1.107148665466313,5,5,0,simt_rotate_aligned_event_median,results/v4_retest_full_23.json,True,4,16,8176,1,1,0.25,3.0,192.0,64,64,4096,2048,0.25,32512,127,130816,511,1650,1650,19792499048448,0,0
simt,64,512,5,533.9440206686655,533.5900088151296,533.0608387788137,540.8556461334229,1.0146227349442256,5,5,0,simt_rotate_aligned_event_median,results/v4_retest_full_23.json,True,4,20,10220,2,1,0.25,3.0,240.0,64,80,5120,2048,0.2,25959,102,130816,511,1650,1650,19792499048448,0,0
simt,64,512,6,633.8829696178436,630.2293241024017,627.5571386019388,674.4804680347443,1.0747714057358035,5,5,0,simt_rotate_aligned_event_median,results/v4_retest_full_23.json,True,4,24,12264,2,1,0.25,3.0,288.0,64,96,6144,2048,0.16666666666666666,21590,85,130816,511,1650,1650,19793356783616,0,0
simt,64,512,7,731.8418025970459,728.1740208466848,725.1798709233602,785.1605316003164,1.0827114252365881,5,5,0,simt_rotate_aligned_event_median,results/v4_retest_full_23.json,True,4,28,14308,3,1,0.25,3.0,336.0,64,112,7168,2048,0.14285714285714285,18469,73,130816,511,1650,1650,19793356783616,0,0
simt,64,512,8,799.239844083786,796.6901560624441,793.8134670257568,861.4091376463572,1.0851530912846141,5,5,0,simt_rotate_aligned_event_median,results/v4_retest_full_23.json,True,4,32,16352,3,1,0.25,3.0,384.0,64,128,8192,2048,0.125,16128,63,130816,511,1650,1650,19793356783616,0,0
simt,64,512,9,856.867661078771,851.3538241386414,844.2498743534088,895.4315086205801,1.0606237985008526,5,5,0,simt_rotate_aligned_event_median,results/v4_retest_full_23.json,True,4,36,18396,4,1,0.25,3.0,432.0,64,144,9216,2048,0.1111111111111111,17500,112,130816,511,1650,1650,19793356783616,0,0
simt,64,512,10,909.6513092517853,909.6293250719706,889.5172079404196,919.5741911729177,1.0337902212168462,5,5,0,simt_rotate_aligned_event_median,results/v4_retest_full_23.json,True,4,40,20440,4,1,0.25,3.0,480.0,64,160,10240,2048,0.1,18105,102,130816,511,1650,1650,19793356783616,0,0
simt,64,512,11,927.3018638292948,926.3933698336283,926.3905088106791,928.180972735087,1.0019327312913715,5,5,0,simt_rotate_aligned_event_median,results/v4_retest_full_23.json,True,4,44,22484,5,1,0.25,3.0,528.0,64,176,11264,2048,0.09090909090909091,18148,93,130816,511,1650,1650,19793356783616,0,0
simt,64,512,12,954.6991388003031,953.9308349291483,953.1274835268656,955.012301603953,1.001977508895361,5,5,0,simt_rotate_aligned_event_median,results/v4_retest_full_23.json,True,4,48,24528,5,1,0.25,3.0,576.0,64,192,12288,2048,0.08333333333333333,17935,85,130816,511,1650,1650,19793356783616,0,0
simt,64,512,16,1702.4813095728557,1696.2517897288005,1675.3588914871216,1711.7665608723958,1.021731265802372,5,5,0,simt_rotate_aligned_event_median,results/v4_retest_full_23.json,True,4,64,32704,7,1,0.25,3.0,768.0,64,256,16384,2048,0.0625,16128,63,130816,511,1650,1650,19793356783616,0,0
simt,64,512,20,2337.4233643213906,2331.9700161616006,2330.9631745020547,2391.189614931742,1.0258375769675354,5,5,0,simt_rotate_aligned_event_median,results/v4_retest_full_23.json,True,4,80,40880,9,1,0.25,3.0,960.0,64,320,20480,2048,0.05,16806,77,88996,409,1650,1650,19793356783616,0,0
simt,64,512,24,2763.2725636164346,2713.506817817688,2697.744886080424,2830.9539556503296,1.0493779342358225,5,5,0,simt_rotate_aligned_event_median,results/v4_retest_full_23.json,True,4,96,49056,11,1,0.25,3.0,1152.0,64,384,24576,2048,0.041666666666666664,16128,63,72676,341,1650,1650,19793356783616,0,0
simt,64,512,32,3378.668228785197,3351.8547217051187,3270.7151571909585,3409.289757410685,1.0423682875334033,5,5,0,simt_rotate_aligned_event_median,results/v4_retest_full_23.json,True,4,128,65408,15,1,0.25,3.0,1536.0,64,512,32768,2048,0.03125,16128,63,65280,255,1650,1650,19793356783616,0,0
simt,64,512,40,2999.676545461019,2978.120803833008,2891.899903615316,3119.835138320923,1.0788185076601902,5,5,0,simt_rotate_aligned_event_median,results/v4_retest_full_23.json,True,4,160,81760,19,1,0.25,3.0,1536.0,64,512,32768,2048,0.03125,16128,63,46971,204,1650,1650,19793356783616,0,0
simt,64,512,48,2934.399207433065,2830.7220935821533,2736.241261164347,3070.5602963765464,1.1221818558024146,5,5,0,simt_rotate_aligned_event_median,results/v4_retest_full_23.json,True,4,192,98112,23,1,0.25,3.0,1536.0,64,512,32768,2048,0.03125,16128,63,43435,170,1650,1650,19793356783616,0,0
simt,64,512,64,3150.2535343170166,3083.5089683532715,3037.3100439707437,3252.017021179199,1.0706898453237141,5,5,0,simt_rotate_aligned_event_median,results/v4_retest_full_23.json,True,4,256,130816,31,1,0.25,3.0,1536.0,64,512,32768,2048,0.03125,16128,63,32512,127,1650,1650,19793356783616,0,0
simt,64,512,96,2990.269740422567,2957.9830964406333,2907.0425828297934,3159.9780718485513,1.0870078376260122,5,5,0,simt_rotate_aligned_event_median,results/v4_retest_full_23.json,True,4,384,196224,47,1,0.25,3.0,1536.0,64,512,32768,2048,0.03125,16128,63,21590,85,1650,1650,19793356783616,0,0
simt,64,512,128,2981.3548723856607,2911.0726515452066,2501.7542044321694,2986.741860707601,1.193859035158696,5,5,0,simt_rotate_aligned_event_median,results/v4_retest_full_23.json,True,4,512,261632,63,1,0.25,3.0,1536.0,64,512,32768,2048,0.03125,16128,63,16128,63,1650,1650,19793356783616,0,0
simt,64,512,192,2855.172077814738,2832.1959177652993,2781.571547190348,2890.1559511820474,1.0390370702854579,5,5,0,simt_rotate_aligned_event_median,results/v4_retest_full_23.json,True,4,768,392448,95,1,0.25,3.0,1536.0,64,512,32768,2048,0.03125,16128,63,10668,42,1650,1650,19793356783616,0,0
simt,64,512,256,2811.7589950561523,2656.770388285319,2547.4541982014975,2855.2323977152505,1.1208179521857722,5,5,0,simt_rotate_aligned_event_median,results/v4_retest_full_23.json,True,4,1024,523264,127,1,0.25,3.0,1536.0,64,512,32768,2048,0.03125,16128,63,7936,31,1650,1650,19793356783616,0,0
