row_id,path,source_file,case_index,block,stride,num_warps,target_ns,target_kind,valid,correctness_ok,n_candidates,n_valid_candidates,f_intercept,f_iters_per_thread,f_active_threads,f_active_warps,f_tail_elems,f_tail_lanes_gt0,f_L,f_line_elems_max,f_line_elems_min,f_line_density,f_mean_warp_lines,f_min_warp_lines,f_max_warp_lines,f_stride_bytes,f_stride_gt_line,f_page_cross,f_bucket_pairs_2k8,f_bucket_worst_2k8,f_bucket_pairs_32k16,f_bucket_worst_32k16,f_num_warps_minus1
0,triton_stride_load,board_template_stride_load_pass2.json,0,4,3,32,245.18632888793945,min_across_probe_passes,1,1,2,2,1.0,1.0,4.0,1.0,4.0,1.0,1.0,4.0,4.0,4.0,1.0,1.0,1.0,12.0,0.0,0.0,6.0,3.0,6.0,3.0,31.0
1,triton_stride_load,board_template_stride_load_pass1.json,1,4,5,32,237.78400818506876,min_across_probe_passes,1,1,2,2,1.0,1.0,4.0,1.0,4.0,1.0,1.0,4.0,4.0,4.0,1.0,1.0,1.0,20.0,0.0,0.0,6.0,3.0,6.0,3.0,31.0
2,triton_stride_load,board_template_stride_load_pass1.json,2,4,6,32,243.2961662610372,min_across_probe_passes,1,1,2,2,1.0,1.0,4.0,1.0,4.0,1.0,1.0,4.0,4.0,4.0,1.0,1.0,1.0,24.0,0.0,0.0,6.0,3.0,6.0,3.0,31.0
3,triton_stride_load,board_template_stride_load_pass1.json,3,4,7,32,232.46083656946817,min_across_probe_passes,1,1,2,2,1.0,1.0,4.0,1.0,4.0,1.0,1.0,4.0,4.0,4.0,1.0,1.0,1.0,28.0,0.0,0.0,6.0,3.0,6.0,3.0,31.0
4,triton_stride_load,board_template_stride_load_pass2.json,4,4,9,32,243.839830160141,min_across_probe_passes,1,1,2,2,1.0,1.0,4.0,1.0,4.0,1.0,1.0,4.0,4.0,4.0,1.0,1.0,1.0,36.0,0.0,0.0,6.0,3.0,6.0,3.0,31.0
5,triton_stride_load,board_template_stride_load_pass1.json,5,4,10,32,244.591494401296,min_across_probe_passes,1,1,2,2,1.0,1.0,4.0,1.0,4.0,1.0,1.0,4.0,4.0,4.0,1.0,1.0,1.0,40.0,0.0,0.0,6.0,3.0,6.0,3.0,31.0
6,triton_stride_load,board_template_stride_load_pass1.json,6,4,11,32,258.0165167649587,min_across_probe_passes,1,1,2,2,1.0,1.0,4.0,1.0,4.0,1.0,2.0,3.0,1.0,2.0,2.0,2.0,2.0,44.0,0.0,0.0,6.0,3.0,6.0,3.0,31.0
7,triton_stride_load,board_template_stride_load_pass1.json,7,4,12,32,268.06331674257916,min_across_probe_passes,1,1,2,2,1.0,1.0,4.0,1.0,4.0,1.0,2.0,3.0,1.0,2.0,2.0,2.0,2.0,48.0,0.0,0.0,6.0,3.0,6.0,3.0,31.0
8,triton_stride_load,board_template_stride_load_pass1.json,8,4,13,32,260.0945134957631,min_across_probe_passes,1,1,2,2,1.0,1.0,4.0,1.0,4.0,1.0,2.0,3.0,1.0,2.0,2.0,2.0,2.0,52.0,0.0,0.0,6.0,3.0,6.0,3.0,31.0
9,triton_stride_load,board_template_stride_load_pass1.json,9,4,14,32,242.36668149630228,min_across_probe_passes,1,1,2,2,1.0,1.0,4.0,1.0,4.0,1.0,2.0,3.0,1.0,2.0,2.0,2.0,2.0,56.0,0.0,0.0,6.0,3.0,6.0,3.0,31.0
10,triton_stride_load,board_template_stride_load_pass2.json,10,4,15,32,272.24400639533997,min_across_probe_passes,1,1,2,2,1.0,1.0,4.0,1.0,4.0,1.0,2.0,3.0,1.0,2.0,2.0,2.0,2.0,60.0,0.0,0.0,6.0,3.0,6.0,3.0,31.0
11,triton_stride_load,board_template_stride_load_pass1.json,11,4,17,32,255.4210126399994,min_across_probe_passes,1,1,2,2,1.0,1.0,4.0,1.0,4.0,1.0,2.0,2.0,2.0,2.0,2.0,2.0,2.0,68.0,0.0,0.0,6.0,3.0,6.0,3.0,31.0
12,triton_stride_load,board_template_stride_load_pass1.json,12,4,18,32,259.6129775047302,min_across_probe_passes,1,1,2,2,1.0,1.0,4.0,1.0,4.0,1.0,2.0,2.0,2.0,2.0,2.0,2.0,2.0,72.0,0.0,0.0,6.0,3.0,6.0,3.0,31.0
13,triton_stride_load,board_template_stride_load_pass1.json,13,4,19,32,255.60165445009866,min_across_probe_passes,1,1,2,2,1.0,1.0,4.0,1.0,4.0,1.0,2.0,2.0,2.0,2.0,2.0,2.0,2.0,76.0,0.0,0.0,6.0,3.0,6.0,3.0,31.0
14,triton_stride_load,board_template_stride_load_pass1.json,14,4,20,32,256.97948535283405,min_across_probe_passes,1,1,2,2,1.0,1.0,4.0,1.0,4.0,1.0,2.0,2.0,2.0,2.0,2.0,2.0,2.0,80.0,0.0,0.0,6.0,3.0,6.0,3.0,31.0
15,triton_stride_load,board_template_stride_load_pass1.json,15,4,21,32,259.4923178354899,min_across_probe_passes,1,1,2,2,1.0,1.0,4.0,1.0,4.0,1.0,2.0,2.0,2.0,2.0,2.0,2.0,2.0,84.0,0.0,0.0,6.0,3.0,6.0,3.0,31.0
16,triton_stride_load,board_template_stride_load_pass1.json,16,4,22,32,274.3066648642222,min_across_probe_passes,1,1,2,2,1.0,1.0,4.0,1.0,4.0,1.0,3.0,2.0,1.0,1.3333333333333333,3.0,3.0,3.0,88.0,0.0,0.0,6.0,3.0,6.0,3.0,31.0
17,triton_stride_load,board_template_stride_load_pass1.json,17,4,23,32,259.51183835665387,min_across_probe_passes,1,1,2,2,1.0,1.0,4.0,1.0,4.0,1.0,3.0,2.0,1.0,1.3333333333333333,3.0,3.0,3.0,92.0,0.0,0.0,6.0,3.0,6.0,3.0,31.0
18,triton_stride_load,board_template_stride_load_pass1.json,18,4,24,32,273.27001094818115,min_across_probe_passes,1,1,2,2,1.0,1.0,4.0,1.0,4.0,1.0,3.0,2.0,1.0,1.3333333333333333,3.0,3.0,3.0,96.0,0.0,0.0,6.0,3.0,6.0,3.0,31.0
19,triton_stride_load,board_template_stride_load_pass1.json,19,4,25,32,268.82384220759076,min_across_probe_passes,1,1,2,2,1.0,1.0,4.0,1.0,4.0,1.0,3.0,2.0,1.0,1.3333333333333333,3.0,3.0,3.0,100.0,0.0,0.0,6.0,3.0,6.0,3.0,31.0
20,triton_stride_load,board_template_stride_load_pass1.json,20,4,26,32,273.1383442878723,min_across_probe_passes,1,1,2,2,1.0,1.0,4.0,1.0,4.0,1.0,3.0,2.0,1.0,1.3333333333333333,3.0,3.0,3.0,104.0,0.0,0.0,6.0,3.0,6.0,3.0,31.0
21,triton_stride_load,board_template_stride_load_pass2.json,21,4,27,32,273.4471559524536,min_across_probe_passes,1,1,2,2,1.0,1.0,4.0,1.0,4.0,1.0,3.0,2.0,1.0,1.3333333333333333,3.0,3.0,3.0,108.0,0.0,0.0,6.0,3.0,6.0,3.0,31.0
22,triton_stride_load,board_template_stride_load_pass1.json,22,4,28,32,261.06133063634235,min_across_probe_passes,1,1,2,2,1.0,1.0,4.0,1.0,4.0,1.0,3.0,2.0,1.0,1.3333333333333333,3.0,3.0,3.0,112.0,0.0,0.0,6.0,3.0,6.0,3.0,31.0
23,triton_stride_load,board_template_stride_load_pass1.json,23,4,29,32,264.0184859434764,min_across_probe_passes,1,1,2,2,1.0,1.0,4.0,1.0,4.0,1.0,3.0,2.0,1.0,1.3333333333333333,3.0,3.0,3.0,116.0,0.0,0.0,6.0,3.0,6.0,3.0,31.0
24,triton_stride_load,board_template_stride_load_pass1.json,24,4,30,32,255.63648343086243,min_across_probe_passes,1,1,2,2,1.0,1.0,4.0,1.0,4.0,1.0,3.0,2.0,1.0,1.3333333333333333,3.0,3.0,3.0,120.0,0.0,0.0,6.0,3.0,6.0,3.0,31.0
25,triton_stride_load,board_template_stride_load_pass1.json,25,4,31,32,260.2193355560303,min_across_probe_passes,1,1,2,2,1.0,1.0,4.0,1.0,4.0,1.0,3.0,2.0,1.0,1.3333333333333333,3.0,3.0,3.0,124.0,0.0,0.0,6.0,3.0,6.0,3.0,31.0
26,triton_stride_load,board_template_stride_load_pass1.json,26,4,40,32,290.7596528530121,min_across_probe_passes,1,1,2,2,1.0,1.0,4.0,1.0,4.0,1.0,4.0,1.0,1.0,1.0,4.0,4.0,4.0,160.0,1.0,0.0,6.0,3.0,6.0,3.0,31.0
27,triton_stride_load,board_template_stride_load_pass1.json,27,4,48,32,288.2078190644582,min_across_probe_passes,1,1,2,2,1.0,1.0,4.0,1.0,4.0,1.0,4.0,1.0,1.0,1.0,4.0,4.0,4.0,192.0,1.0,0.0,6.0,3.0,6.0,3.0,31.0
28,triton_stride_load,board_template_stride_load_pass2.json,28,4,63,32,280.13567129770917,min_across_probe_passes,1,1,2,2,1.0,1.0,4.0,1.0,4.0,1.0,4.0,1.0,1.0,1.0,4.0,4.0,4.0,252.0,1.0,0.0,6.0,3.0,6.0,3.0,31.0
29,triton_stride_load,board_template_stride_load_pass2.json,29,4,65,32,290.2170221010844,min_across_probe_passes,1,1,2,2,1.0,1.0,4.0,1.0,4.0,1.0,4.0,1.0,1.0,1.0,4.0,4.0,4.0,260.0,1.0,0.0,6.0,3.0,6.0,3.0,31.0
30,triton_stride_load,board_template_stride_load_pass1.json,30,4,80,32,288.2225116093953,min_across_probe_passes,1,1,2,2,1.0,1.0,4.0,1.0,4.0,1.0,4.0,1.0,1.0,1.0,4.0,4.0,4.0,320.0,1.0,0.0,6.0,3.0,6.0,3.0,31.0
31,triton_stride_load,board_template_stride_load_pass1.json,31,4,96,32,272.4999984105428,min_across_probe_passes,1,1,2,2,1.0,1.0,4.0,1.0,4.0,1.0,4.0,1.0,1.0,1.0,4.0,4.0,4.0,384.0,1.0,0.0,6.0,3.0,6.0,3.0,31.0
32,triton_stride_load,board_template_stride_load_pass1.json,32,4,127,32,265.5128240585327,min_across_probe_passes,1,1,2,2,1.0,1.0,4.0,1.0,4.0,1.0,4.0,1.0,1.0,1.0,4.0,4.0,4.0,508.0,1.0,0.0,6.0,3.0,6.0,3.0,31.0
33,triton_stride_load,board_template_stride_load_pass2.json,33,4,129,32,265.75881242752075,min_across_probe_passes,1,1,2,2,1.0,1.0,4.0,1.0,4.0,1.0,4.0,1.0,1.0,1.0,4.0,4.0,4.0,516.0,1.0,0.0,6.0,3.0,6.0,3.0,31.0
34,triton_stride_load,board_template_stride_load_pass1.json,34,4,160,32,255.03982106844583,min_across_probe_passes,1,1,2,2,1.0,1.0,4.0,1.0,4.0,1.0,4.0,1.0,1.0,1.0,4.0,4.0,4.0,640.0,1.0,0.0,6.0,3.0,6.0,3.0,31.0
35,triton_stride_load,board_template_stride_load_pass1.json,35,4,192,32,260.85415482521057,min_across_probe_passes,1,1,2,2,1.0,1.0,4.0,1.0,4.0,1.0,4.0,1.0,1.0,1.0,4.0,4.0,4.0,768.0,1.0,0.0,3.0,2.0,6.0,3.0,31.0
36,triton_stride_load,board_template_stride_load_pass1.json,36,4,255,32,249.39348300298056,min_across_probe_passes,1,1,2,2,1.0,1.0,4.0,1.0,4.0,1.0,4.0,1.0,1.0,1.0,4.0,4.0,4.0,1020.0,1.0,0.0,3.0,2.0,6.0,3.0,31.0
37,triton_stride_load,board_template_stride_load_pass2.json,37,8,3,32,243.67050329844156,min_across_probe_passes,1,1,2,2,1.0,1.0,8.0,1.0,8.0,1.0,1.0,8.0,8.0,8.0,1.0,1.0,1.0,12.0,0.0,0.0,28.0,7.0,28.0,7.0,31.0
38,triton_stride_load,board_template_stride_load_pass1.json,38,8,5,32,259.6081495285034,min_across_probe_passes,1,1,2,2,1.0,1.0,8.0,1.0,8.0,1.0,2.0,7.0,1.0,4.0,2.0,2.0,2.0,20.0,0.0,0.0,28.0,7.0,28.0,7.0,31.0
39,triton_stride_load,board_template_stride_load_pass1.json,39,8,6,32,257.4928204218547,min_across_probe_passes,1,1,2,2,1.0,1.0,8.0,1.0,8.0,1.0,2.0,6.0,2.0,4.0,2.0,2.0,2.0,24.0,0.0,0.0,28.0,7.0,28.0,7.0,31.0
40,triton_stride_load,board_template_stride_load_pass2.json,40,8,7,32,245.7644840081533,min_across_probe_passes,1,1,2,2,1.0,1.0,8.0,1.0,8.0,1.0,2.0,5.0,3.0,4.0,2.0,2.0,2.0,28.0,0.0,0.0,28.0,7.0,28.0,7.0,31.0
41,triton_stride_load,board_template_stride_load_pass1.json,41,8,9,32,257.6598326365153,min_across_probe_passes,1,1,2,2,1.0,1.0,8.0,1.0,8.0,1.0,2.0,4.0,4.0,4.0,2.0,2.0,2.0,36.0,0.0,0.0,28.0,7.0,28.0,7.0,31.0
42,triton_stride_load,board_template_stride_load_pass2.json,42,8,10,32,275.15814701716107,min_across_probe_passes,1,1,2,2,1.0,1.0,8.0,1.0,8.0,1.0,3.0,4.0,1.0,2.6666666666666665,3.0,3.0,3.0,40.0,0.0,0.0,28.0,7.0,28.0,7.0,31.0
43,triton_stride_load,board_template_stride_load_pass1.json,43,8,11,32,274.2128372192383,min_across_probe_passes,1,1,2,2,1.0,1.0,8.0,1.0,8.0,1.0,3.0,3.0,2.0,2.6666666666666665,3.0,3.0,3.0,44.0,0.0,0.0,28.0,7.0,28.0,7.0,31.0
44,triton_stride_load,board_template_stride_load_pass1.json,44,8,12,32,270.014355580012,min_across_probe_passes,1,1,2,2,1.0,1.0,8.0,1.0,8.0,1.0,3.0,3.0,2.0,2.6666666666666665,3.0,3.0,3.0,48.0,0.0,0.0,28.0,7.0,28.0,7.0,31.0
45,triton_stride_load,board_template_stride_load_pass1.json,45,8,13,32,270.74334025382996,min_across_probe_passes,1,1,2,2,1.0,1.0,8.0,1.0,8.0,1.0,3.0,3.0,2.0,2.6666666666666665,3.0,3.0,3.0,52.0,0.0,0.0,28.0,7.0,28.0,7.0,31.0
46,triton_stride_load,board_template_stride_load_pass2.json,46,8,14,32,279.47817246119183,min_across_probe_passes,1,1,2,2,1.0,1.0,8.0,1.0,8.0,1.0,4.0,3.0,1.0,2.0,4.0,4.0,4.0,56.0,0.0,0.0,28.0,7.0,28.0,7.0,31.0
47,triton_stride_load,board_template_stride_load_pass1.json,47,8,15,32,277.3851752281189,min_across_probe_passes,1,1,2,2,1.0,1.0,8.0,1.0,8.0,1.0,4.0,3.0,1.0,2.0,4.0,4.0,4.0,60.0,0.0,0.0,28.0,7.0,28.0,7.0,31.0
48,triton_stride_load,board_template_stride_load_pass1.json,48,8,17,32,289.6546721458435,min_across_probe_passes,1,1,2,2,1.0,1.0,8.0,1.0,8.0,1.0,4.0,2.0,2.0,2.0,4.0,4.0,4.0,68.0,0.0,0.0,28.0,7.0,28.0,7.0,31.0
49,triton_stride_load,board_template_stride_load_pass1.json,49,8,18,32,289.89481925964355,min_across_probe_passes,1,1,2,2,1.0,1.0,8.0,1.0,8.0,1.0,4.0,2.0,2.0,2.0,4.0,4.0,4.0,72.0,0.0,0.0,28.0,7.0,28.0,7.0,31.0
50,triton_stride_load,board_template_stride_load_pass2.json,50,8,19,32,304.917852083842,min_across_probe_passes,1,1,2,2,1.0,1.0,8.0,1.0,8.0,1.0,5.0,2.0,1.0,1.6,5.0,5.0,5.0,76.0,0.0,0.0,28.0,7.0,28.0,7.0,31.0
51,triton_stride_load,board_template_stride_load_pass1.json,51,8,20,32,303.6869963010152,min_across_probe_passes,1,1,2,2,1.0,1.0,8.0,1.0,8.0,1.0,5.0,2.0,1.0,1.6,5.0,5.0,5.0,80.0,0.0,0.0,28.0,7.0,28.0,7.0,31.0
52,triton_stride_load,board_template_stride_load_pass1.json,52,8,21,32,306.58366282780963,min_across_probe_passes,1,1,2,2,1.0,1.0,8.0,1.0,8.0,1.0,5.0,2.0,1.0,1.6,5.0,5.0,5.0,84.0,0.0,0.0,28.0,7.0,28.0,7.0,31.0
53,triton_stride_load,board_template_stride_load_pass2.json,53,8,22,32,303.93250783284503,min_across_probe_passes,1,1,2,2,1.0,1.0,8.0,1.0,8.0,1.0,5.0,2.0,1.0,1.6,5.0,5.0,5.0,88.0,0.0,0.0,28.0,7.0,28.0,7.0,31.0
54,triton_stride_load,board_template_stride_load_pass2.json,54,8,23,32,296.7931826909383,min_across_probe_passes,1,1,2,2,1.0,1.0,8.0,1.0,8.0,1.0,6.0,2.0,1.0,1.3333333333333333,6.0,6.0,6.0,92.0,0.0,0.0,28.0,7.0,28.0,7.0,31.0
55,triton_stride_load,board_template_stride_load_pass1.json,55,8,24,32,307.94551968574524,min_across_probe_passes,1,1,2,2,1.0,1.0,8.0,1.0,8.0,1.0,6.0,2.0,1.0,1.3333333333333333,6.0,6.0,6.0,96.0,0.0,0.0,28.0,7.0,28.0,7.0,31.0
56,triton_stride_load,board_template_stride_load_pass1.json,56,8,25,32,301.63365602493286,min_across_probe_passes,1,1,2,2,1.0,1.0,8.0,1.0,8.0,1.0,6.0,2.0,1.0,1.3333333333333333,6.0,6.0,6.0,100.0,0.0,0.0,28.0,7.0,28.0,7.0,31.0
57,triton_stride_load,board_template_stride_load_pass1.json,57,8,26,32,308.7560137112935,min_across_probe_passes,1,1,2,2,1.0,1.0,8.0,1.0,8.0,1.0,6.0,2.0,1.0,1.3333333333333333,6.0,6.0,6.0,104.0,0.0,0.0,28.0,7.0,28.0,7.0,31.0
58,triton_stride_load,board_template_stride_load_pass1.json,58,8,27,32,306.698481241862,min_across_probe_passes,1,1,2,2,1.0,1.0,8.0,1.0,8.0,1.0,6.0,2.0,1.0,1.3333333333333333,6.0,6.0,6.0,108.0,0.0,0.0,28.0,7.0,28.0,7.0,31.0
59,triton_stride_load,board_template_stride_load_pass1.json,59,8,28,32,295.702189207077,min_across_probe_passes,1,1,2,2,1.0,1.0,8.0,1.0,8.0,1.0,7.0,2.0,1.0,1.1428571428571428,7.0,7.0,7.0,112.0,0.0,0.0,28.0,7.0,28.0,7.0,31.0
60,triton_stride_load,board_template_stride_load_pass1.json,60,8,29,32,296.93100849787396,min_across_probe_passes,1,1,2,2,1.0,1.0,8.0,1.0,8.0,1.0,7.0,2.0,1.0,1.1428571428571428,7.0,7.0,7.0,116.0,0.0,0.0,28.0,7.0,28.0,7.0,31.0
61,triton_stride_load,board_template_stride_load_pass1.json,61,8,30,32,295.78133424123126,min_across_probe_passes,1,1,2,2,1.0,1.0,8.0,1.0,8.0,1.0,7.0,2.0,1.0,1.1428571428571428,7.0,7.0,7.0,120.0,0.0,0.0,28.0,7.0,28.0,7.0,31.0
62,triton_stride_load,board_template_stride_load_pass1.json,62,8,31,32,296.46267493565875,min_across_probe_passes,1,1,2,2,1.0,1.0,8.0,1.0,8.0,1.0,7.0,2.0,1.0,1.1428571428571428,7.0,7.0,7.0,124.0,0.0,0.0,28.0,7.0,28.0,7.0,31.0
63,triton_stride_load,board_template_stride_load_pass1.json,63,8,40,32,302.4603525797526,min_across_probe_passes,1,1,2,2,1.0,1.0,8.0,1.0,8.0,1.0,8.0,1.0,1.0,1.0,8.0,8.0,8.0,160.0,1.0,0.0,28.0,7.0,28.0,7.0,31.0
64,triton_stride_load,board_template_stride_load_pass1.json,64,8,48,32,307.5130085150401,min_across_probe_passes,1,1,2,2,1.0,1.0,8.0,1.0,8.0,1.0,8.0,1.0,1.0,1.0,8.0,8.0,8.0,192.0,1.0,0.0,28.0,7.0,28.0,7.0,31.0
65,triton_stride_load,board_template_stride_load_pass1.json,65,8,63,32,296.11900448799133,min_across_probe_passes,1,1,2,2,1.0,1.0,8.0,1.0,8.0,1.0,8.0,1.0,1.0,1.0,8.0,8.0,8.0,252.0,1.0,0.0,28.0,7.0,28.0,7.0,31.0
66,triton_stride_load,board_template_stride_load_pass1.json,66,8,65,32,297.465185324351,min_across_probe_passes,1,1,2,2,1.0,1.0,8.0,1.0,8.0,1.0,8.0,1.0,1.0,1.0,8.0,8.0,8.0,260.0,1.0,0.0,28.0,7.0,28.0,7.0,31.0
67,triton_stride_load,board_template_stride_load_pass1.json,67,8,80,32,298.7036506334941,min_across_probe_passes,1,1,2,2,1.0,1.0,8.0,1.0,8.0,1.0,8.0,1.0,1.0,1.0,8.0,8.0,8.0,320.0,1.0,0.0,21.0,6.0,28.0,7.0,31.0
68,triton_stride_load,board_template_stride_load_pass1.json,68,8,96,32,340.86082379023236,min_across_probe_passes,1,1,2,2,1.0,1.0,8.0,1.0,8.0,1.0,8.0,1.0,1.0,1.0,8.0,8.0,8.0,384.0,1.0,0.0,16.0,5.0,28.0,7.0,31.0
69,triton_stride_load,board_template_stride_load_pass1.json,69,8,127,32,380.63834110895795,min_across_probe_passes,1,1,2,1,1.0,1.0,8.0,1.0,8.0,1.0,8.0,1.0,1.0,1.0,8.0,8.0,8.0,508.0,1.0,0.0,13.0,4.0,28.0,7.0,31.0
70,triton_stride_load,board_template_stride_load_pass1.json,70,8,129,32,374.97801582018536,min_across_probe_passes,1,1,2,2,1.0,1.0,8.0,1.0,8.0,1.0,8.0,1.0,1.0,1.0,8.0,8.0,8.0,516.0,1.0,0.0,12.0,3.0,28.0,7.0,31.0
71,triton_stride_load,board_template_stride_load_pass2.json,71,8,160,32,474.5243390401204,min_across_probe_passes,0,1,2,0,1.0,1.0,8.0,1.0,8.0,1.0,8.0,1.0,1.0,1.0,8.0,8.0,8.0,640.0,1.0,1.0,9.0,3.0,28.0,7.0,31.0
72,triton_stride_load,board_template_stride_load_pass1.json,72,8,192,32,477.22968459129333,min_across_probe_passes,1,1,2,1,1.0,1.0,8.0,1.0,8.0,1.0,8.0,1.0,1.0,1.0,8.0,8.0,8.0,768.0,1.0,1.0,7.0,2.0,28.0,7.0,31.0
73,triton_stride_load,board_template_stride_load_pass1.json,73,8,255,32,450.8935709794363,min_across_probe_passes,0,1,2,0,1.0,1.0,8.0,1.0,8.0,1.0,8.0,1.0,1.0,1.0,8.0,8.0,8.0,1020.0,1.0,1.0,5.0,2.0,28.0,7.0,31.0
74,triton_stride_load,board_template_stride_load_pass1.json,74,16,3,32,256.8233211835225,min_across_probe_passes,1,1,2,2,1.0,1.0,16.0,1.0,16.0,1.0,2.0,11.0,5.0,8.0,2.0,2.0,2.0,12.0,0.0,0.0,120.0,15.0,120.0,15.0,31.0
75,triton_stride_load,board_template_stride_load_pass2.json,75,16,5,32,273.7331688404083,min_across_probe_passes,1,1,2,2,1.0,1.0,16.0,1.0,16.0,1.0,3.0,7.0,3.0,5.333333333333333,3.0,3.0,3.0,20.0,0.0,0.0,120.0,15.0,120.0,15.0,31.0
76,triton_stride_load,board_template_stride_load_pass1.json,76,16,6,32,274.84965324401855,min_across_probe_passes,1,1,2,2,1.0,1.0,16.0,1.0,16.0,1.0,3.0,6.0,5.0,5.333333333333333,3.0,3.0,3.0,24.0,0.0,0.0,120.0,15.0,120.0,15.0,31.0
77,triton_stride_load,board_template_stride_load_pass1.json,77,16,7,32,274.1828461488088,min_across_probe_passes,1,1,2,2,1.0,1.0,16.0,1.0,16.0,1.0,4.0,5.0,2.0,4.0,4.0,4.0,4.0,28.0,0.0,0.0,120.0,15.0,120.0,15.0,31.0
78,triton_stride_load,board_template_stride_load_pass2.json,78,16,9,32,303.28164498011273,min_across_probe_passes,1,1,2,2,1.0,1.0,16.0,1.0,16.0,1.0,5.0,4.0,1.0,3.2,5.0,5.0,5.0,36.0,0.0,0.0,120.0,15.0,120.0,15.0,31.0
79,triton_stride_load,board_template_stride_load_pass1.json,79,16,10,32,305.376668771108,min_across_probe_passes,1,1,2,2,1.0,1.0,16.0,1.0,16.0,1.0,5.0,4.0,3.0,3.2,5.0,5.0,5.0,40.0,0.0,0.0,120.0,15.0,120.0,15.0,31.0
80,triton_stride_load,board_template_stride_load_pass2.json,80,16,11,32,306.39031529426575,min_across_probe_passes,1,1,2,2,1.0,1.0,16.0,1.0,16.0,1.0,6.0,3.0,1.0,2.6666666666666665,6.0,6.0,6.0,44.0,0.0,0.0,120.0,15.0,120.0,15.0,31.0
81,triton_stride_load,board_template_stride_load_pass1.json,81,16,12,32,308.67717663447064,min_across_probe_passes,1,1,2,2,1.0,1.0,16.0,1.0,16.0,1.0,6.0,3.0,2.0,2.6666666666666665,6.0,6.0,6.0,48.0,0.0,0.0,120.0,15.0,120.0,15.0,31.0
82,triton_stride_load,board_template_stride_load_pass1.json,82,16,13,32,305.27785420417786,min_across_probe_passes,1,1,2,2,1.0,1.0,16.0,1.0,16.0,1.0,7.0,3.0,1.0,2.2857142857142856,7.0,7.0,7.0,52.0,0.0,0.0,120.0,15.0,120.0,15.0,31.0
83,triton_stride_load,board_template_stride_load_pass1.json,83,16,14,32,298.3684837818146,min_across_probe_passes,1,1,2,2,1.0,1.0,16.0,1.0,16.0,1.0,7.0,3.0,2.0,2.2857142857142856,7.0,7.0,7.0,56.0,0.0,0.0,120.0,15.0,120.0,15.0,31.0
84,triton_stride_load,board_template_stride_load_pass1.json,84,16,15,32,289.4654870033264,min_across_probe_passes,1,1,2,2,1.0,1.0,16.0,1.0,16.0,1.0,8.0,3.0,1.0,2.0,8.0,8.0,8.0,60.0,0.0,0.0,120.0,15.0,120.0,15.0,31.0
85,triton_stride_load,board_template_stride_load_pass1.json,85,16,17,32,311.1176590124766,min_across_probe_passes,1,1,2,2,1.0,1.0,16.0,1.0,16.0,1.0,8.0,2.0,2.0,2.0,8.0,8.0,8.0,68.0,0.0,0.0,120.0,15.0,120.0,15.0,31.0
86,triton_stride_load,board_template_stride_load_pass2.json,86,16,18,32,311.80834770202637,min_across_probe_passes,1,1,2,2,1.0,1.0,16.0,1.0,16.0,1.0,9.0,2.0,1.0,1.7777777777777777,9.0,9.0,9.0,72.0,0.0,0.0,120.0,15.0,120.0,15.0,31.0
87,triton_stride_load,board_template_stride_load_pass1.json,87,16,19,32,308.17583203315735,min_across_probe_passes,1,1,2,2,1.0,1.0,16.0,1.0,16.0,1.0,9.0,2.0,1.0,1.7777777777777777,9.0,9.0,9.0,76.0,0.0,0.0,120.0,15.0,120.0,15.0,31.0
88,triton_stride_load,board_template_stride_load_pass1.json,88,16,20,32,312.21482157707214,min_across_probe_passes,1,1,2,2,1.0,1.0,16.0,1.0,16.0,1.0,10.0,2.0,1.0,1.6,10.0,10.0,10.0,80.0,0.0,0.0,120.0,15.0,120.0,15.0,31.0
89,triton_stride_load,board_template_stride_load_pass1.json,89,16,21,32,312.5781714916229,min_across_probe_passes,1,1,2,2,1.0,1.0,16.0,1.0,16.0,1.0,10.0,2.0,1.0,1.6,10.0,10.0,10.0,84.0,0.0,0.0,120.0,15.0,120.0,15.0,31.0
90,triton_stride_load,board_template_stride_load_pass1.json,90,16,22,32,313.4741683801015,min_across_probe_passes,1,1,2,2,1.0,1.0,16.0,1.0,16.0,1.0,11.0,2.0,1.0,1.4545454545454546,11.0,11.0,11.0,88.0,0.0,0.0,120.0,15.0,120.0,15.0,31.0
91,triton_stride_load,board_template_stride_load_pass1.json,91,16,23,32,300.4881540934245,min_across_probe_passes,1,1,2,2,1.0,1.0,16.0,1.0,16.0,1.0,11.0,2.0,1.0,1.4545454545454546,11.0,11.0,11.0,92.0,0.0,0.0,120.0,15.0,120.0,15.0,31.0
92,triton_stride_load,board_template_stride_load_pass2.json,92,16,24,32,315.17518560091656,min_across_probe_passes,1,1,2,2,1.0,1.0,16.0,1.0,16.0,1.0,12.0,2.0,1.0,1.3333333333333333,12.0,12.0,12.0,96.0,0.0,0.0,120.0,15.0,120.0,15.0,31.0
93,triton_stride_load,board_template_stride_load_pass1.json,93,16,25,32,311.6978307565053,min_across_probe_passes,1,1,2,2,1.0,1.0,16.0,1.0,16.0,1.0,12.0,2.0,1.0,1.3333333333333333,12.0,12.0,12.0,100.0,0.0,0.0,120.0,15.0,120.0,15.0,31.0
94,triton_stride_load,board_template_stride_load_pass1.json,94,16,26,32,316.0404960314433,min_across_probe_passes,1,1,2,2,1.0,1.0,16.0,1.0,16.0,1.0,13.0,2.0,1.0,1.2307692307692308,13.0,13.0,13.0,104.0,0.0,0.0,120.0,15.0,120.0,15.0,31.0
95,triton_stride_load,board_template_stride_load_pass1.json,95,16,27,32,316.1180118719737,min_across_probe_passes,1,1,2,2,1.0,1.0,16.0,1.0,16.0,1.0,13.0,2.0,1.0,1.2307692307692308,13.0,13.0,13.0,108.0,0.0,0.0,120.0,15.0,120.0,15.0,31.0
96,triton_stride_load,board_template_stride_load_pass1.json,96,16,28,32,305.6883215904236,min_across_probe_passes,1,1,2,2,1.0,1.0,16.0,1.0,16.0,1.0,14.0,2.0,1.0,1.1428571428571428,14.0,14.0,14.0,112.0,0.0,0.0,120.0,15.0,120.0,15.0,31.0
97,triton_stride_load,board_template_stride_load_pass1.json,97,16,29,32,307.1451783180237,min_across_probe_passes,1,1,2,2,1.0,1.0,16.0,1.0,16.0,1.0,14.0,2.0,1.0,1.1428571428571428,14.0,14.0,14.0,116.0,0.0,0.0,120.0,15.0,120.0,15.0,31.0
98,triton_stride_load,board_template_stride_load_pass1.json,98,16,30,32,309.72400307655334,min_across_probe_passes,1,1,2,2,1.0,1.0,16.0,1.0,16.0,1.0,15.0,2.0,1.0,1.0666666666666667,15.0,15.0,15.0,120.0,0.0,0.0,120.0,15.0,120.0,15.0,31.0
99,triton_stride_load,board_template_stride_load_pass2.json,99,16,31,32,309.990515311559,min_across_probe_passes,1,1,2,2,1.0,1.0,16.0,1.0,16.0,1.0,15.0,2.0,1.0,1.0666666666666667,15.0,15.0,15.0,124.0,0.0,0.0,120.0,15.0,120.0,15.0,31.0
100,triton_stride_load,board_template_stride_load_pass1.json,100,16,40,32,312.46332327524823,min_across_probe_passes,1,1,2,2,1.0,1.0,16.0,1.0,16.0,1.0,16.0,1.0,1.0,1.0,16.0,16.0,16.0,160.0,1.0,0.0,81.0,12.0,120.0,15.0,31.0
101,triton_stride_load,board_template_stride_load_pass1.json,101,16,48,32,381.5203408400218,min_across_probe_passes,1,1,2,2,1.0,1.0,16.0,1.0,16.0,1.0,16.0,1.0,1.0,1.0,16.0,16.0,16.0,192.0,1.0,0.0,65.0,10.0,120.0,15.0,31.0
102,triton_stride_load,board_template_stride_load_pass1.json,102,16,63,32,444.4478352864583,min_across_probe_passes,1,1,2,2,1.0,1.0,16.0,1.0,16.0,1.0,16.0,1.0,1.0,1.0,16.0,16.0,16.0,252.0,1.0,0.0,57.0,8.0,120.0,15.0,31.0
103,triton_stride_load,board_template_stride_load_pass1.json,103,16,65,32,416.77648822466534,min_across_probe_passes,1,1,2,2,1.0,1.0,16.0,1.0,16.0,1.0,16.0,1.0,1.0,1.0,16.0,16.0,16.0,260.0,1.0,0.0,56.0,7.0,120.0,15.0,31.0
104,triton_stride_load,board_template_stride_load_pass2.json,104,16,80,32,536.4318490028381,min_across_probe_passes,0,1,2,0,1.0,1.0,16.0,1.0,16.0,1.0,16.0,1.0,1.0,1.0,16.0,16.0,16.0,320.0,1.0,1.0,39.0,6.0,120.0,15.0,31.0
105,triton_stride_load,board_template_stride_load_pass2.json,105,16,96,32,527.8173287709554,min_across_probe_passes,0,1,2,0,1.0,1.0,16.0,1.0,16.0,1.0,16.0,1.0,1.0,1.0,16.0,16.0,16.0,384.0,1.0,1.0,35.0,5.0,120.0,15.0,31.0
106,triton_stride_load,board_template_stride_load_pass2.json,106,16,127,32,511.2496614456177,min_across_probe_passes,0,1,2,0,1.0,1.0,16.0,1.0,16.0,1.0,16.0,1.0,1.0,1.0,16.0,16.0,16.0,508.0,1.0,1.0,25.0,4.0,120.0,15.0,31.0
107,triton_stride_load,board_template_stride_load_pass2.json,107,16,129,32,515.3249800205231,min_across_probe_passes,0,1,2,0,1.0,1.0,16.0,1.0,16.0,1.0,16.0,1.0,1.0,1.0,16.0,16.0,16.0,516.0,1.0,1.0,24.0,3.0,120.0,15.0,31.0
108,triton_stride_load,board_template_stride_load_pass2.json,108,16,160,32,553.4200072288513,min_across_probe_passes,0,1,2,0,1.0,1.0,16.0,1.0,16.0,1.0,16.0,1.0,1.0,1.0,16.0,16.0,16.0,640.0,1.0,2.0,18.0,3.0,120.0,15.0,31.0
109,triton_stride_load,board_template_stride_load_pass1.json,109,16,192,32,547.6702352364857,min_across_probe_passes,0,1,2,0,1.0,1.0,16.0,1.0,16.0,1.0,16.0,1.0,1.0,1.0,16.0,16.0,16.0,768.0,1.0,2.0,14.0,2.0,120.0,15.0,31.0
110,triton_stride_load,board_template_stride_load_pass1.json,110,16,255,32,516.2473420302073,min_across_probe_passes,1,1,2,1,1.0,1.0,16.0,1.0,16.0,1.0,16.0,1.0,1.0,1.0,16.0,16.0,16.0,1020.0,1.0,3.0,9.0,2.0,120.0,15.0,31.0
111,triton_stride_load,board_template_stride_load_pass1.json,111,32,3,32,251.57966216405234,min_across_probe_passes,1,1,2,2,1.0,1.0,32.0,1.0,32.0,1.0,3.0,11.0,10.0,10.666666666666666,3.0,3.0,3.0,12.0,0.0,0.0,496.0,31.0,496.0,31.0,31.0
112,triton_stride_load,board_template_stride_load_pass1.json,112,32,5,32,280.5044849713643,min_across_probe_passes,1,1,2,2,1.0,1.0,32.0,1.0,32.0,1.0,5.0,7.0,6.0,6.4,5.0,5.0,5.0,20.0,0.0,0.0,496.0,31.0,496.0,31.0,31.0
113,triton_stride_load,board_template_stride_load_pass1.json,113,32,6,32,284.58450237909955,min_across_probe_passes,1,1,2,2,1.0,1.0,32.0,1.0,32.0,1.0,6.0,6.0,5.0,5.333333333333333,6.0,6.0,6.0,24.0,0.0,0.0,496.0,31.0,496.0,31.0,31.0
114,triton_stride_load,board_template_stride_load_pass1.json,114,32,7,32,284.8353187243144,min_across_probe_passes,1,1,2,2,1.0,1.0,32.0,1.0,32.0,1.0,7.0,5.0,4.0,4.571428571428571,7.0,7.0,7.0,28.0,0.0,0.0,496.0,31.0,496.0,31.0,31.0
115,triton_stride_load,board_template_stride_load_pass1.json,115,32,9,32,285.69166858990985,min_across_probe_passes,1,1,2,2,1.0,1.0,32.0,1.0,32.0,1.0,9.0,4.0,3.0,3.5555555555555554,9.0,9.0,9.0,36.0,0.0,0.0,496.0,31.0,496.0,31.0,31.0
116,triton_stride_load,board_template_stride_load_pass1.json,116,32,10,32,286.83799505233765,min_across_probe_passes,1,1,2,2,1.0,1.0,32.0,1.0,32.0,1.0,10.0,4.0,3.0,3.2,10.0,10.0,10.0,40.0,0.0,0.0,496.0,31.0,496.0,31.0,31.0
117,triton_stride_load,board_template_stride_load_pass2.json,117,32,11,32,290.86365302403766,min_across_probe_passes,1,1,2,2,1.0,1.0,32.0,1.0,32.0,1.0,11.0,3.0,2.0,2.909090909090909,11.0,11.0,11.0,44.0,0.0,0.0,496.0,31.0,496.0,31.0,31.0
118,triton_stride_load,board_template_stride_load_pass1.json,118,32,12,32,288.13933332761127,min_across_probe_passes,1,1,2,2,1.0,1.0,32.0,1.0,32.0,1.0,12.0,3.0,2.0,2.6666666666666665,12.0,12.0,12.0,48.0,0.0,0.0,496.0,31.0,496.0,31.0,31.0
119,triton_stride_load,board_template_stride_load_pass1.json,119,32,13,32,293.83482535680133,min_across_probe_passes,1,1,2,2,1.0,1.0,32.0,1.0,32.0,1.0,13.0,3.0,2.0,2.4615384615384617,13.0,13.0,13.0,52.0,0.0,0.0,496.0,31.0,496.0,31.0,31.0
120,triton_stride_load,board_template_stride_load_pass1.json,120,32,14,32,296.31465673446655,min_across_probe_passes,1,1,2,2,1.0,1.0,32.0,1.0,32.0,1.0,14.0,3.0,2.0,2.2857142857142856,14.0,14.0,14.0,56.0,0.0,0.0,496.0,31.0,496.0,31.0,31.0
121,triton_stride_load,board_template_stride_load_pass2.json,121,32,15,32,299.0294893582662,min_across_probe_passes,1,1,2,2,1.0,1.0,32.0,1.0,32.0,1.0,15.0,3.0,2.0,2.1333333333333333,15.0,15.0,15.0,60.0,0.0,0.0,496.0,31.0,496.0,31.0,31.0
122,triton_stride_load,board_template_stride_load_pass1.json,122,32,17,32,301.415354013443,min_across_probe_passes,1,1,2,2,1.0,1.0,32.0,1.0,32.0,1.0,17.0,2.0,1.0,1.8823529411764706,17.0,17.0,17.0,68.0,0.0,0.0,465.0,30.0,496.0,31.0,31.0
123,triton_stride_load,board_template_stride_load_pass1.json,123,32,18,32,301.6195098559062,min_across_probe_passes,1,1,2,2,1.0,1.0,32.0,1.0,32.0,1.0,18.0,2.0,1.0,1.7777777777777777,18.0,18.0,18.0,72.0,0.0,0.0,409.0,28.0,496.0,31.0,31.0
124,triton_stride_load,board_template_stride_load_pass1.json,124,32,19,32,299.4050184885661,min_across_probe_passes,1,1,2,2,1.0,1.0,32.0,1.0,32.0,1.0,19.0,2.0,1.0,1.6842105263157894,19.0,19.0,19.0,76.0,0.0,0.0,361.0,26.0,496.0,31.0,31.0
125,triton_stride_load,board_template_stride_load_pass1.json,125,32,20,32,306.7683180173238,min_across_probe_passes,1,1,2,2,1.0,1.0,32.0,1.0,32.0,1.0,20.0,2.0,1.0,1.6,20.0,20.0,20.0,80.0,0.0,0.0,340.0,25.0,496.0,31.0,31.0
126,triton_stride_load,board_template_stride_load_pass1.json,126,32,21,32,365.7820026079814,min_across_probe_passes,1,1,2,2,1.0,1.0,32.0,1.0,32.0,1.0,21.0,2.0,1.0,1.5238095238095237,21.0,21.0,21.0,84.0,0.0,0.0,321.0,24.0,496.0,31.0,31.0
127,triton_stride_load,board_template_stride_load_pass1.json,127,32,22,32,371.1165090401967,min_across_probe_passes,1,1,2,2,1.0,1.0,32.0,1.0,32.0,1.0,22.0,2.0,1.0,1.4545454545454546,22.0,22.0,22.0,88.0,0.0,0.0,304.0,23.0,496.0,31.0,31.0
128,triton_stride_load,board_template_stride_load_pass1.json,128,32,23,32,376.28984451293945,min_across_probe_passes,1,1,2,2,1.0,1.0,32.0,1.0,32.0,1.0,23.0,2.0,1.0,1.391304347826087,23.0,23.0,23.0,92.0,0.0,0.0,289.0,22.0,496.0,31.0,31.0
129,triton_stride_load,board_template_stride_load_pass1.json,129,32,24,32,374.22067920366925,min_across_probe_passes,1,1,2,2,1.0,1.0,32.0,1.0,32.0,1.0,24.0,2.0,1.0,1.3333333333333333,24.0,24.0,24.0,96.0,0.0,0.0,276.0,21.0,496.0,31.0,31.0
130,triton_stride_load,board_template_stride_load_pass1.json,130,32,25,32,429.9995203812917,min_across_probe_passes,1,1,2,2,1.0,1.0,32.0,1.0,32.0,1.0,25.0,2.0,1.0,1.28,25.0,25.0,25.0,100.0,0.0,0.0,265.0,20.0,496.0,31.0,31.0
131,triton_stride_load,board_template_stride_load_pass1.json,131,32,26,32,432.081679503123,min_across_probe_passes,1,1,2,2,1.0,1.0,32.0,1.0,32.0,1.0,26.0,2.0,1.0,1.2307692307692308,26.0,26.0,26.0,104.0,0.0,0.0,256.0,19.0,496.0,31.0,31.0
132,triton_stride_load,board_template_stride_load_pass1.json,132,32,27,32,433.8111678759257,min_across_probe_passes,1,1,2,2,1.0,1.0,32.0,1.0,32.0,1.0,27.0,2.0,1.0,1.1851851851851851,27.0,27.0,27.0,108.0,0.0,0.0,249.0,18.0,496.0,31.0,31.0
133,triton_stride_load,board_template_stride_load_pass1.json,133,32,28,32,438.91051411628723,min_across_probe_passes,1,1,2,2,1.0,1.0,32.0,1.0,32.0,1.0,28.0,2.0,1.0,1.1428571428571428,28.0,28.0,28.0,112.0,0.0,0.0,249.0,18.0,496.0,31.0,31.0
134,triton_stride_load,board_template_stride_load_pass1.json,134,32,29,32,434.3348244825999,min_across_probe_passes,1,1,2,2,1.0,1.0,32.0,1.0,32.0,1.0,29.0,2.0,1.0,1.103448275862069,29.0,29.0,29.0,116.0,0.0,0.0,244.0,17.0,496.0,31.0,31.0
135,triton_stride_load,board_template_stride_load_pass1.json,135,32,30,32,433.1821799278259,min_across_probe_passes,1,1,2,2,1.0,1.0,32.0,1.0,32.0,1.0,30.0,2.0,1.0,1.0666666666666667,30.0,30.0,30.0,120.0,0.0,0.0,244.0,17.0,496.0,31.0,31.0
136,triton_stride_load,board_template_stride_load_pass1.json,136,32,31,32,434.4720145066579,min_across_probe_passes,1,1,2,2,1.0,1.0,32.0,1.0,32.0,1.0,31.0,2.0,1.0,1.032258064516129,31.0,31.0,31.0,124.0,0.0,0.0,241.0,16.0,496.0,31.0,31.0
137,triton_stride_load,board_template_stride_load_pass2.json,137,32,40,32,558.2741896311442,min_across_probe_passes,0,1,2,0,1.0,1.0,32.0,1.0,32.0,1.0,32.0,1.0,1.0,1.0,32.0,32.0,32.0,160.0,1.0,1.0,171.0,12.0,496.0,31.0,31.0
138,triton_stride_load,board_template_stride_load_pass2.json,138,32,48,32,553.2113313674927,min_across_probe_passes,0,1,2,0,1.0,1.0,32.0,1.0,32.0,1.0,32.0,1.0,1.0,1.0,32.0,32.0,32.0,192.0,1.0,1.0,155.0,10.0,496.0,31.0,31.0
139,triton_stride_load,board_template_stride_load_pass2.json,139,32,63,32,548.1398304303488,min_across_probe_passes,0,1,2,0,1.0,1.0,32.0,1.0,32.0,1.0,32.0,1.0,1.0,1.0,32.0,32.0,32.0,252.0,1.0,1.0,113.0,8.0,496.0,31.0,31.0
140,triton_stride_load,board_template_stride_load_pass2.json,140,32,65,32,551.9890089829763,min_across_probe_passes,0,1,2,0,1.0,1.0,32.0,1.0,32.0,1.0,32.0,1.0,1.0,1.0,32.0,32.0,32.0,260.0,1.0,1.0,112.0,7.0,496.0,31.0,31.0
141,triton_stride_load,board_template_stride_load_pass2.json,141,32,80,32,579.8786779244741,min_across_probe_passes,0,1,2,0,1.0,1.0,32.0,1.0,32.0,1.0,32.0,1.0,1.0,1.0,32.0,32.0,32.0,320.0,1.0,2.0,87.0,6.0,496.0,31.0,31.0
142,triton_stride_load,board_template_stride_load_pass1.json,142,32,96,32,571.3770886262257,min_across_probe_passes,0,1,2,0,1.0,1.0,32.0,1.0,32.0,1.0,32.0,1.0,1.0,1.0,32.0,32.0,32.0,384.0,1.0,2.0,70.0,5.0,496.0,31.0,31.0
143,triton_stride_load,board_template_stride_load_pass1.json,143,32,127,32,565.8774922291437,min_across_probe_passes,0,1,2,0,1.0,1.0,32.0,1.0,32.0,1.0,32.0,1.0,1.0,1.0,32.0,32.0,32.0,508.0,1.0,3.0,49.0,4.0,496.0,31.0,31.0
144,triton_stride_load,board_template_stride_load_pass1.json,144,32,129,32,563.5855744282404,min_across_probe_passes,0,1,2,0,1.0,1.0,32.0,1.0,32.0,1.0,32.0,1.0,1.0,1.0,32.0,32.0,32.0,516.0,1.0,3.0,48.0,3.0,496.0,31.0,31.0
145,triton_stride_load,board_template_stride_load_pass2.json,145,32,160,32,566.8795307477316,min_across_probe_passes,1,1,2,1,1.0,1.0,32.0,1.0,32.0,1.0,32.0,1.0,1.0,1.0,32.0,32.0,32.0,640.0,1.0,4.0,57.0,6.0,496.0,31.0,31.0
146,triton_stride_load,board_template_stride_load_pass1.json,146,32,192,32,559.4940880934398,min_across_probe_passes,0,1,2,0,1.0,1.0,32.0,1.0,32.0,1.0,32.0,1.0,1.0,1.0,32.0,32.0,32.0,768.0,1.0,5.0,55.0,5.0,496.0,31.0,31.0
147,triton_stride_load,board_template_stride_load_pass2.json,147,32,255,32,539.253830909729,min_across_probe_passes,0,1,2,0,1.0,1.0,32.0,1.0,32.0,1.0,32.0,1.0,1.0,1.0,32.0,32.0,32.0,1020.0,1.0,7.0,49.0,4.0,496.0,31.0,31.0
148,triton_stride_load,board_template_stride_load_pass2.json,148,64,3,32,283.0174962679545,min_across_probe_passes,1,1,2,2,1.0,1.0,64.0,2.0,64.0,1.0,6.0,11.0,10.0,10.666666666666666,3.0,3.0,3.0,12.0,0.0,0.0,2016.0,63.0,2016.0,63.0,31.0
149,triton_stride_load,board_template_stride_load_pass1.json,149,64,5,32,286.461999018987,min_across_probe_passes,1,1,2,2,1.0,1.0,64.0,2.0,64.0,1.0,10.0,7.0,6.0,6.4,5.0,5.0,5.0,20.0,0.0,0.0,2016.0,63.0,2016.0,63.0,31.0
150,triton_stride_load,board_template_stride_load_pass1.json,150,64,6,32,290.5695041020711,min_across_probe_passes,1,1,2,2,1.0,1.0,64.0,2.0,64.0,1.0,12.0,6.0,5.0,5.333333333333333,6.0,6.0,6.0,24.0,0.0,0.0,2016.0,63.0,2016.0,63.0,31.0
151,triton_stride_load,board_template_stride_load_pass1.json,151,64,7,32,296.93851868311566,min_across_probe_passes,1,1,2,2,1.0,1.0,64.0,2.0,64.0,1.0,14.0,5.0,4.0,4.571428571428571,7.0,7.0,7.0,28.0,0.0,0.0,2016.0,63.0,2016.0,63.0,31.0
152,triton_stride_load,board_template_stride_load_pass1.json,152,64,9,32,299.73800977071124,min_across_probe_passes,1,1,2,2,1.0,1.0,64.0,2.0,64.0,1.0,18.0,4.0,3.0,3.5555555555555554,9.0,9.0,9.0,36.0,0.0,0.0,1617.0,56.0,2016.0,63.0,31.0
153,triton_stride_load,board_template_stride_load_pass1.json,153,64,10,32,303.59182755152386,min_across_probe_passes,1,1,2,2,1.0,1.0,64.0,2.0,64.0,1.0,20.0,4.0,3.0,3.2,10.0,10.0,10.0,40.0,0.0,0.0,1392.0,51.0,2016.0,63.0,31.0
154,triton_stride_load,board_template_stride_load_pass1.json,154,64,11,32,371.92198634147644,min_across_probe_passes,1,1,2,2,1.0,1.0,64.0,2.0,64.0,1.0,22.0,3.0,2.0,2.909090909090909,11.0,11.0,11.0,44.0,0.0,0.0,1217.0,46.0,2016.0,63.0,31.0
155,triton_stride_load,board_template_stride_load_pass1.json,155,64,12,32,375.8389949798584,min_across_probe_passes,1,1,2,2,1.0,1.0,64.0,2.0,64.0,1.0,24.0,3.0,2.0,2.6666666666666665,12.0,12.0,12.0,48.0,0.0,0.0,1113.0,42.0,2016.0,63.0,31.0
156,triton_stride_load,board_template_stride_load_pass1.json,156,64,13,32,429.43500479062396,min_across_probe_passes,1,1,2,2,1.0,1.0,64.0,2.0,64.0,1.0,26.0,3.0,2.0,2.4615384615384617,13.0,13.0,13.0,52.0,0.0,0.0,1056.0,39.0,2016.0,63.0,31.0
157,triton_stride_load,board_template_stride_load_pass1.json,157,64,14,32,440.4176672299703,min_across_probe_passes,1,1,2,2,1.0,1.0,64.0,2.0,64.0,1.0,28.0,3.0,2.0,2.2857142857142856,14.0,14.0,14.0,56.0,0.0,0.0,1017.0,36.0,2016.0,63.0,31.0
158,triton_stride_load,board_template_stride_load_pass1.json,158,64,15,32,436.3916714986165,min_across_probe_passes,1,1,2,2,1.0,1.0,64.0,2.0,64.0,1.0,30.0,3.0,2.0,2.1333333333333333,15.0,15.0,15.0,60.0,0.0,0.0,1001.0,34.0,2016.0,63.0,31.0
159,triton_stride_load,board_template_stride_load_pass2.json,159,64,17,32,534.38734014829,min_across_probe_passes,0,1,2,0,1.0,1.0,64.0,2.0,64.0,1.0,34.0,2.0,1.0,1.8823529411764706,17.0,17.0,17.0,68.0,0.0,1.0,903.0,30.0,2016.0,63.0,31.0
160,triton_stride_load,board_template_stride_load_pass2.json,160,64,18,32,543.2908137639364,min_across_probe_passes,0,1,2,0,1.0,1.0,64.0,2.0,64.0,1.0,36.0,2.0,1.0,1.7777777777777777,18.0,18.0,18.0,72.0,0.0,1.0,805.0,28.0,2016.0,63.0,31.0
161,triton_stride_load,board_template_stride_load_pass2.json,161,64,19,32,572.0361967881521,min_across_probe_passes,0,1,2,0,1.0,1.0,64.0,2.0,64.0,1.0,38.0,2.0,1.0,1.6842105263157894,19.0,19.0,19.0,76.0,0.0,1.0,747.0,26.0,2016.0,63.0,31.0
162,triton_stride_load,board_template_stride_load_pass2.json,162,64,20,32,573.6829936504364,min_across_probe_passes,0,1,2,0,1.0,1.0,64.0,2.0,64.0,1.0,40.0,2.0,1.0,1.6,20.0,20.0,20.0,80.0,0.0,1.0,716.0,25.0,2016.0,63.0,31.0
163,triton_stride_load,board_template_stride_load_pass1.json,163,64,21,32,592.2751923402151,min_across_probe_passes,1,1,2,1,1.0,1.0,64.0,2.0,64.0,1.0,42.0,2.0,1.0,1.5238095238095237,21.0,21.0,21.0,84.0,0.0,1.0,681.0,24.0,2016.0,63.0,31.0
164,triton_stride_load,board_template_stride_load_pass2.json,164,64,22,32,584.2250088850657,min_across_probe_passes,0,1,2,0,1.0,1.0,64.0,2.0,64.0,1.0,44.0,2.0,1.0,1.4545454545454546,22.0,22.0,22.0,88.0,0.0,1.0,665.0,23.0,2016.0,63.0,31.0
165,triton_stride_load,board_template_stride_load_pass2.json,165,64,23,32,585.1931273937225,min_across_probe_passes,0,1,2,0,1.0,1.0,64.0,2.0,64.0,1.0,46.0,2.0,1.0,1.391304347826087,23.0,23.0,23.0,92.0,0.0,1.0,655.0,22.0,2016.0,63.0,31.0
166,triton_stride_load,board_template_stride_load_pass2.json,166,64,24,32,586.0716501871744,min_across_probe_passes,0,1,2,0,1.0,1.0,64.0,2.0,64.0,1.0,48.0,2.0,1.0,1.3333333333333333,24.0,24.0,24.0,96.0,0.0,1.0,651.0,21.0,2016.0,63.0,31.0
167,triton_stride_load,board_template_stride_load_pass2.json,167,64,25,32,590.9998615582784,min_across_probe_passes,0,1,2,0,1.0,1.0,64.0,2.0,64.0,1.0,50.0,2.0,1.0,1.28,25.0,25.0,25.0,100.0,0.0,1.0,611.0,20.0,2016.0,63.0,31.0
168,triton_stride_load,board_template_stride_load_pass2.json,168,64,26,32,595.9141751130422,min_across_probe_passes,0,1,2,0,1.0,1.0,64.0,2.0,64.0,1.0,52.0,2.0,1.0,1.2307692307692308,26.0,26.0,26.0,104.0,0.0,1.0,576.0,19.0,2016.0,63.0,31.0
169,triton_stride_load,board_template_stride_load_pass2.json,169,64,27,32,599.3501543998718,min_across_probe_passes,0,1,2,0,1.0,1.0,64.0,2.0,64.0,1.0,54.0,2.0,1.0,1.1851851851851851,27.0,27.0,27.0,108.0,0.0,1.0,534.0,18.0,2016.0,63.0,31.0
170,triton_stride_load,board_template_stride_load_pass2.json,170,64,28,32,604.9700280030569,min_across_probe_passes,0,1,2,0,1.0,1.0,64.0,2.0,64.0,1.0,56.0,2.0,1.0,1.1428571428571428,28.0,28.0,28.0,112.0,0.0,1.0,513.0,18.0,2016.0,63.0,31.0
171,triton_stride_load,board_template_stride_load_pass2.json,171,64,29,32,609.8371744155884,min_across_probe_passes,0,1,2,0,1.0,1.0,64.0,2.0,64.0,1.0,58.0,2.0,1.0,1.103448275862069,29.0,29.0,29.0,116.0,0.0,1.0,497.0,17.0,2016.0,63.0,31.0
172,triton_stride_load,board_template_stride_load_pass2.json,172,64,30,32,611.300508181254,min_across_probe_passes,0,1,2,0,1.0,1.0,64.0,2.0,64.0,1.0,60.0,2.0,1.0,1.0666666666666667,30.0,30.0,30.0,120.0,0.0,1.0,491.0,17.0,2016.0,63.0,31.0
173,triton_stride_load,board_template_stride_load_pass2.json,173,64,31,32,617.4593071142832,min_across_probe_passes,0,1,2,0,1.0,1.0,64.0,2.0,64.0,1.0,62.0,2.0,1.0,1.032258064516129,31.0,31.0,31.0,124.0,0.0,1.0,483.0,16.0,2016.0,63.0,31.0
174,triton_stride_load,board_template_stride_load_pass1.json,174,64,40,32,647.2821036974589,min_across_probe_passes,0,1,2,0,1.0,1.0,64.0,2.0,64.0,1.0,64.0,1.0,1.0,1.0,32.0,32.0,32.0,160.0,1.0,2.0,378.0,12.0,2016.0,63.0,31.0
175,triton_stride_load,board_template_stride_load_pass1.json,175,64,48,32,646.1159139871597,min_across_probe_passes,0,1,2,0,1.0,1.0,64.0,2.0,64.0,1.0,64.0,1.0,1.0,1.0,32.0,32.0,32.0,192.0,1.0,2.0,310.0,10.0,2016.0,63.0,31.0
176,triton_stride_load,board_template_stride_load_pass1.json,176,64,63,32,647.3614821831386,min_across_probe_passes,0,1,2,0,1.0,1.0,64.0,2.0,64.0,1.0,64.0,1.0,1.0,1.0,32.0,32.0,32.0,252.0,1.0,3.0,225.0,8.0,2016.0,63.0,31.0
177,triton_stride_load,board_template_stride_load_pass1.json,177,64,65,32,643.4490034977596,min_across_probe_passes,0,1,2,0,1.0,1.0,64.0,2.0,64.0,1.0,64.0,1.0,1.0,1.0,32.0,32.0,32.0,260.0,1.0,3.0,224.0,7.0,2016.0,63.0,31.0
178,triton_stride_load,board_template_stride_load_pass2.json,178,64,80,32,637.0576918125153,min_across_probe_passes,1,1,2,1,1.0,1.0,64.0,2.0,64.0,1.0,64.0,1.0,1.0,1.0,32.0,32.0,32.0,320.0,1.0,4.0,252.0,12.0,2016.0,63.0,31.0
179,triton_stride_load,board_template_stride_load_pass1.json,179,64,96,32,600.9421745936075,min_across_probe_passes,1,1,2,2,1.0,1.0,64.0,2.0,64.0,1.0,64.0,1.0,1.0,1.0,32.0,32.0,32.0,384.0,1.0,5.0,255.0,10.0,2016.0,63.0,31.0
180,triton_stride_load,board_template_stride_load_pass1.json,180,64,127,32,592.5943354765574,min_across_probe_passes,1,1,2,2,1.0,1.0,64.0,2.0,64.0,1.0,64.0,1.0,1.0,1.0,32.0,32.0,32.0,508.0,1.0,7.0,225.0,8.0,2016.0,63.0,31.0
181,triton_stride_load,board_template_stride_load_pass1.json,181,64,129,32,599.5180010795593,min_across_probe_passes,1,1,2,2,1.0,1.0,64.0,2.0,64.0,1.0,64.0,1.0,1.0,1.0,32.0,32.0,32.0,516.0,1.0,7.0,224.0,7.0,2016.0,63.0,31.0
182,triton_stride_load,board_template_stride_load_pass1.json,182,64,160,32,601.1925141016642,min_across_probe_passes,1,1,2,2,1.0,1.0,64.0,2.0,64.0,1.0,64.0,1.0,1.0,1.0,32.0,32.0,32.0,640.0,1.0,9.0,234.0,9.0,1392.0,51.0,31.0
183,triton_stride_load,board_template_stride_load_pass1.json,183,64,192,32,616.3016359011332,min_across_probe_passes,1,1,2,2,1.0,1.0,64.0,2.0,64.0,1.0,64.0,1.0,1.0,1.0,32.0,32.0,32.0,768.0,1.0,11.0,224.0,7.0,1113.0,42.0,31.0
184,triton_stride_load,board_template_stride_load_pass1.json,184,64,255,32,600.3076632817587,min_across_probe_passes,0,1,2,0,1.0,1.0,64.0,2.0,64.0,1.0,64.0,1.0,1.0,1.0,32.0,32.0,32.0,1020.0,1.0,15.0,225.0,8.0,993.0,32.0,31.0
185,triton_stride_load,board_template_stride_load_pass2.json,185,128,3,32,300.508846839269,min_across_probe_passes,1,1,2,2,1.0,1.0,128.0,4.0,128.0,1.0,12.0,11.0,10.0,10.666666666666666,3.0,3.0,3.0,12.0,0.0,0.0,8128.0,127.0,8128.0,127.0,31.0
186,triton_stride_load,board_template_stride_load_pass1.json,186,128,5,32,313.87998660405475,min_across_probe_passes,1,1,2,2,1.0,1.0,128.0,4.0,128.0,1.0,20.0,7.0,6.0,6.4,5.0,5.0,5.0,20.0,0.0,0.0,5553.0,102.0,8128.0,127.0,31.0
187,triton_stride_load,board_template_stride_load_pass1.json,187,128,6,32,388.4113132953644,min_across_probe_passes,1,1,2,2,1.0,1.0,128.0,4.0,128.0,1.0,24.0,6.0,5.0,5.333333333333333,6.0,6.0,6.0,24.0,0.0,0.0,4516.0,85.0,8128.0,127.0,31.0
188,triton_stride_load,board_template_stride_load_pass1.json,188,128,7,32,447.04915086428326,min_across_probe_passes,1,1,2,2,1.0,1.0,128.0,4.0,128.0,1.0,28.0,5.0,4.0,4.571428571428571,7.0,7.0,7.0,28.0,0.0,0.0,4132.0,73.0,8128.0,127.0,31.0
189,triton_stride_load,board_template_stride_load_pass2.json,189,128,9,32,550.7591962814331,min_across_probe_passes,0,1,2,0,1.0,1.0,128.0,4.0,128.0,1.0,36.0,4.0,3.0,3.5555555555555554,9.0,9.0,9.0,36.0,0.0,1.0,3283.0,56.0,8128.0,127.0,31.0
190,triton_stride_load,board_template_stride_load_pass2.json,190,128,10,32,585.1065218448639,min_across_probe_passes,0,1,2,0,1.0,1.0,128.0,4.0,128.0,1.0,40.0,4.0,3.0,3.2,10.0,10.0,10.0,40.0,0.0,1.0,2901.0,51.0,8128.0,127.0,31.0
191,triton_stride_load,board_template_stride_load_pass2.json,191,128,11,32,595.1144695281982,min_across_probe_passes,0,1,2,0,1.0,1.0,128.0,4.0,128.0,1.0,44.0,3.0,2.0,2.909090909090909,11.0,11.0,11.0,44.0,0.0,1.0,2723.0,46.0,8128.0,127.0,31.0
192,triton_stride_load,board_template_stride_load_pass2.json,192,128,12,32,600.040982166926,min_across_probe_passes,0,1,2,0,1.0,1.0,128.0,4.0,128.0,1.0,48.0,3.0,2.0,2.6666666666666665,12.0,12.0,12.0,48.0,0.0,1.0,2667.0,42.0,8128.0,127.0,31.0
193,triton_stride_load,board_template_stride_load_pass2.json,193,128,13,32,607.9678237438202,min_across_probe_passes,0,1,2,0,1.0,1.0,128.0,4.0,128.0,1.0,52.0,3.0,2.0,2.4615384615384617,13.0,13.0,13.0,52.0,0.0,1.0,2337.0,39.0,8128.0,127.0,31.0
194,triton_stride_load,board_template_stride_load_pass2.json,194,128,14,32,615.9583628177643,min_across_probe_passes,0,1,2,0,1.0,1.0,128.0,4.0,128.0,1.0,56.0,3.0,2.0,2.2857142857142856,14.0,14.0,14.0,56.0,0.0,1.0,2115.0,36.0,8128.0,127.0,31.0
195,triton_stride_load,board_template_stride_load_pass2.json,195,128,15,32,625.9371936321259,min_across_probe_passes,0,1,2,0,1.0,1.0,128.0,4.0,128.0,1.0,60.0,3.0,2.0,2.1333333333333333,15.0,15.0,15.0,60.0,0.0,1.0,2017.0,34.0,8128.0,127.0,31.0
196,triton_stride_load,board_template_stride_load_pass2.json,196,128,17,32,660.8518064022064,min_across_probe_passes,0,1,2,0,1.0,1.0,128.0,4.0,128.0,1.0,68.0,2.0,1.0,1.8823529411764706,17.0,17.0,17.0,68.0,0.0,2.0,1791.0,30.0,8128.0,127.0,31.0
197,triton_stride_load,board_template_stride_load_pass1.json,197,128,18,32,674.652174115181,min_across_probe_passes,0,1,2,0,1.0,1.0,128.0,4.0,128.0,1.0,72.0,2.0,1.0,1.7777777777777777,18.0,18.0,18.0,72.0,0.0,2.0,1659.0,28.0,8128.0,127.0,31.0
198,triton_stride_load,board_template_stride_load_pass1.json,198,128,19,32,684.67116355896,min_across_probe_passes,0,1,2,0,1.0,1.0,128.0,4.0,128.0,1.0,76.0,2.0,1.0,1.6842105263157894,19.0,19.0,19.0,76.0,0.0,2.0,1594.0,26.0,8128.0,127.0,31.0
199,triton_stride_load,board_template_stride_load_pass1.json,199,128,20,32,688.9882634083431,min_across_probe_passes,0,1,2,0,1.0,1.0,128.0,4.0,128.0,1.0,80.0,2.0,1.0,1.6,20.0,20.0,20.0,80.0,0.0,2.0,1575.0,25.0,8128.0,127.0,31.0
200,triton_stride_load,board_template_stride_load_pass1.json,200,128,21,32,694.8786626259487,min_across_probe_passes,0,1,2,0,1.0,1.0,128.0,4.0,128.0,1.0,84.0,2.0,1.0,1.5238095238095237,21.0,21.0,21.0,84.0,0.0,2.0,1443.0,24.0,8128.0,127.0,31.0
201,triton_stride_load,board_template_stride_load_pass1.json,201,128,22,32,705.531766017278,min_across_probe_passes,0,1,2,0,1.0,1.0,128.0,4.0,128.0,1.0,88.0,2.0,1.0,1.4545454545454546,22.0,22.0,22.0,88.0,0.0,2.0,1366.0,23.0,8128.0,127.0,31.0
202,triton_stride_load,board_template_stride_load_pass1.json,202,128,23,32,713.692232966423,min_across_probe_passes,0,1,2,0,1.0,1.0,128.0,4.0,128.0,1.0,92.0,2.0,1.0,1.391304347826087,23.0,23.0,23.0,92.0,0.0,2.0,1319.0,22.0,8128.0,127.0,31.0
203,triton_stride_load,board_template_stride_load_pass1.json,203,128,24,32,719.1738337278366,min_across_probe_passes,0,1,2,0,1.0,1.0,128.0,4.0,128.0,1.0,96.0,2.0,1.0,1.3333333333333333,24.0,24.0,24.0,96.0,0.0,2.0,1302.0,21.0,8128.0,127.0,31.0
204,triton_stride_load,board_template_stride_load_pass1.json,204,128,25,32,723.9978313446045,min_across_probe_passes,1,1,2,1,1.0,1.0,128.0,4.0,128.0,1.0,100.0,2.0,1.0,1.28,25.0,25.0,25.0,100.0,0.0,3.0,1210.0,20.0,8128.0,127.0,31.0
205,triton_stride_load,board_template_stride_load_pass1.json,205,128,26,32,730.6241591771444,min_across_probe_passes,1,1,2,1,1.0,1.0,128.0,4.0,128.0,1.0,104.0,2.0,1.0,1.2307692307692308,26.0,26.0,26.0,104.0,0.0,3.0,1157.0,19.0,8128.0,127.0,31.0
206,triton_stride_load,board_template_stride_load_pass2.json,206,128,27,32,738.8909657796224,min_across_probe_passes,1,1,2,2,1.0,1.0,128.0,4.0,128.0,1.0,108.0,2.0,1.0,1.1851851851851851,27.0,27.0,27.0,108.0,0.0,3.0,1117.0,18.0,8128.0,127.0,31.0
207,triton_stride_load,board_template_stride_load_pass1.json,207,128,28,32,747.4201321601868,min_across_probe_passes,1,1,2,1,1.0,1.0,128.0,4.0,128.0,1.0,112.0,2.0,1.0,1.1428571428571428,28.0,28.0,28.0,112.0,0.0,3.0,1107.0,18.0,8128.0,127.0,31.0
208,triton_stride_load,board_template_stride_load_pass1.json,208,128,29,32,750.5011757214864,min_across_probe_passes,1,1,2,1,1.0,1.0,128.0,4.0,128.0,1.0,116.0,2.0,1.0,1.103448275862069,29.0,29.0,29.0,116.0,0.0,3.0,1043.0,17.0,8128.0,127.0,31.0
209,triton_stride_load,board_template_stride_load_pass1.json,209,128,30,32,757.416844367981,min_across_probe_passes,1,1,2,2,1.0,1.0,128.0,4.0,128.0,1.0,120.0,2.0,1.0,1.0666666666666667,30.0,30.0,30.0,120.0,0.0,3.0,997.0,17.0,8128.0,127.0,31.0
210,triton_stride_load,board_template_stride_load_pass1.json,210,128,31,32,762.8346880276998,min_across_probe_passes,1,1,2,1,1.0,1.0,128.0,4.0,128.0,1.0,124.0,2.0,1.0,1.032258064516129,31.0,31.0,31.0,124.0,0.0,3.0,970.0,16.0,8128.0,127.0,31.0
211,triton_stride_load,board_template_stride_load_pass1.json,211,128,40,32,740.7291730244955,min_across_probe_passes,1,1,2,2,1.0,1.0,128.0,4.0,128.0,1.0,128.0,1.0,1.0,1.0,32.0,32.0,32.0,160.0,1.0,4.0,1081.0,25.0,8128.0,127.0,31.0
212,triton_stride_load,board_template_stride_load_pass1.json,212,128,48,32,734.372635682424,min_across_probe_passes,1,1,2,2,1.0,1.0,128.0,4.0,128.0,1.0,128.0,1.0,1.0,1.0,32.0,32.0,32.0,192.0,1.0,5.0,1071.0,21.0,8128.0,127.0,31.0
213,triton_stride_load,board_template_stride_load_pass1.json,213,128,63,32,733.9802980422974,min_across_probe_passes,1,1,2,2,1.0,1.0,128.0,4.0,128.0,1.0,128.0,1.0,1.0,1.0,32.0,32.0,32.0,252.0,1.0,7.0,961.0,16.0,8128.0,127.0,31.0
214,triton_stride_load,board_template_stride_load_pass1.json,214,128,65,32,724.8483101526896,min_across_probe_passes,1,1,2,2,1.0,1.0,128.0,4.0,128.0,1.0,128.0,1.0,1.0,1.0,32.0,32.0,32.0,260.0,1.0,8.0,960.0,15.0,8001.0,126.0,31.0
215,triton_stride_load,board_template_stride_load_pass1.json,215,128,80,32,695.2723662058512,min_across_probe_passes,1,1,2,2,1.0,1.0,128.0,4.0,128.0,1.0,128.0,1.0,1.0,1.0,32.0,32.0,32.0,320.0,1.0,9.0,998.0,19.0,5553.0,102.0,31.0
216,triton_stride_load,board_template_stride_load_pass1.json,216,128,96,32,721.7886249224345,min_across_probe_passes,1,1,2,2,1.0,1.0,128.0,4.0,128.0,1.0,128.0,1.0,1.0,1.0,32.0,32.0,32.0,384.0,1.0,11.0,960.0,15.0,4516.0,85.0,31.0
217,triton_stride_load,board_template_stride_load_pass1.json,217,128,127,32,694.4776773452759,min_across_probe_passes,1,1,2,2,1.0,1.0,128.0,4.0,128.0,1.0,128.0,1.0,1.0,1.0,32.0,32.0,32.0,508.0,1.0,15.0,961.0,16.0,4033.0,64.0,31.0
218,triton_stride_load,board_template_stride_load_pass1.json,218,128,129,32,714.5794828732809,min_across_probe_passes,1,1,2,2,1.0,1.0,128.0,4.0,128.0,1.0,128.0,1.0,1.0,1.0,32.0,32.0,32.0,516.0,1.0,15.0,960.0,15.0,4032.0,63.0,31.0
219,triton_stride_load,board_template_stride_load_pass1.json,219,128,160,32,693.5258309046427,min_across_probe_passes,1,1,2,2,1.0,1.0,128.0,4.0,128.0,1.0,128.0,1.0,1.0,1.0,32.0,32.0,32.0,640.0,1.0,19.0,960.0,15.0,2901.0,51.0,31.0
220,triton_stride_load,board_template_stride_load_pass1.json,220,128,192,32,690.0544762611389,min_across_probe_passes,1,1,2,2,1.0,1.0,128.0,4.0,128.0,1.0,128.0,1.0,1.0,1.0,32.0,32.0,32.0,768.0,1.0,23.0,960.0,15.0,2667.0,42.0,31.0
221,triton_stride_load,board_template_stride_load_pass1.json,221,128,255,32,713.7856284777323,min_across_probe_passes,1,1,2,1,1.0,1.0,128.0,4.0,128.0,1.0,128.0,1.0,1.0,1.0,32.0,32.0,32.0,1020.0,1.0,31.0,961.0,16.0,1985.0,32.0,31.0
222,triton_stride_load,board_template_stride_load_pass1.json,222,256,3,32,394.590159257253,min_across_probe_passes,1,1,2,2,1.0,1.0,256.0,8.0,256.0,1.0,24.0,11.0,10.0,10.666666666666666,3.0,3.0,3.0,12.0,0.0,0.0,18105.0,170.0,32640.0,255.0,31.0
223,triton_stride_load,board_template_stride_load_pass2.json,223,256,5,32,602.729320526123,min_across_probe_passes,0,1,2,0,1.0,1.0,256.0,8.0,256.0,1.0,40.0,7.0,6.0,6.4,5.0,5.0,5.0,20.0,0.0,1.0,11679.0,102.0,32640.0,255.0,31.0
224,triton_stride_load,board_template_stride_load_pass2.json,224,256,6,32,618.0321474870046,min_across_probe_passes,0,1,2,0,1.0,1.0,256.0,8.0,256.0,1.0,48.0,6.0,5.0,5.333333333333333,6.0,6.0,6.0,24.0,0.0,1.0,10795.0,85.0,32640.0,255.0,31.0
225,triton_stride_load,board_template_stride_load_pass2.json,225,256,7,32,614.4414941469828,min_across_probe_passes,0,1,2,0,1.0,1.0,256.0,8.0,256.0,1.0,56.0,5.0,4.0,4.571428571428571,7.0,7.0,7.0,28.0,0.0,1.0,8587.0,73.0,32640.0,255.0,31.0
226,triton_stride_load,board_template_stride_load_pass2.json,226,256,9,32,687.2839828332266,min_across_probe_passes,0,1,2,0,1.0,1.0,256.0,8.0,256.0,1.0,72.0,4.0,3.0,3.5555555555555554,9.0,9.0,9.0,36.0,0.0,2.0,6762.0,56.0,32640.0,255.0,31.0
227,triton_stride_load,board_template_stride_load_pass1.json,227,256,10,32,708.7266892194748,min_across_probe_passes,0,1,2,0,1.0,1.0,256.0,8.0,256.0,1.0,80.0,4.0,3.0,3.2,10.0,10.0,10.0,40.0,0.0,2.0,6426.0,51.0,32640.0,255.0,31.0
228,triton_stride_load,board_template_stride_load_pass1.json,228,256,11,32,724.9951958656311,min_across_probe_passes,1,1,2,1,1.0,1.0,256.0,8.0,256.0,1.0,88.0,3.0,2.0,2.909090909090909,11.0,11.0,11.0,44.0,0.0,2.0,5566.0,46.0,32640.0,255.0,31.0
229,triton_stride_load,board_template_stride_load_pass1.json,229,256,12,32,744.413157304128,min_across_probe_passes,1,1,2,1,1.0,1.0,256.0,8.0,256.0,1.0,96.0,3.0,2.0,2.6666666666666665,12.0,12.0,12.0,48.0,0.0,2.0,5334.0,42.0,32640.0,255.0,31.0
230,triton_stride_load,board_template_stride_load_pass1.json,230,256,13,32,759.1240008672079,min_across_probe_passes,1,1,2,2,1.0,1.0,256.0,8.0,256.0,1.0,104.0,3.0,2.0,2.4615384615384617,13.0,13.0,13.0,52.0,0.0,3.0,4734.0,39.0,32640.0,255.0,31.0
231,triton_stride_load,board_template_stride_load_pass1.json,231,256,14,32,762.8339529037476,min_across_probe_passes,1,1,2,2,1.0,1.0,256.0,8.0,256.0,1.0,112.0,3.0,2.0,2.2857142857142856,14.0,14.0,14.0,56.0,0.0,3.0,4554.0,36.0,32640.0,255.0,31.0
232,triton_stride_load,board_template_stride_load_pass1.json,232,256,15,32,770.9720333417257,min_across_probe_passes,1,1,2,2,1.0,1.0,256.0,8.0,256.0,1.0,120.0,3.0,2.0,2.1333333333333333,15.0,15.0,15.0,60.0,0.0,3.0,4097.0,34.0,32640.0,255.0,31.0
233,triton_stride_load,board_template_stride_load_pass1.json,233,256,17,32,800.2484639485677,min_across_probe_passes,1,1,2,2,1.0,1.0,256.0,8.0,256.0,1.0,136.0,2.0,1.0,1.8823529411764706,17.0,17.0,17.0,68.0,0.0,4.0,4080.0,45.0,32640.0,255.0,31.0
234,triton_stride_load,board_template_stride_load_pass1.json,234,256,18,32,812.2938672701517,min_across_probe_passes,1,1,2,2,1.0,1.0,256.0,8.0,256.0,1.0,144.0,2.0,1.0,1.7777777777777777,18.0,18.0,18.0,72.0,0.0,4.0,4326.0,56.0,32640.0,255.0,31.0
235,triton_stride_load,board_template_stride_load_pass1.json,235,256,19,32,846.68896595637,min_across_probe_passes,1,1,2,2,1.0,1.0,256.0,8.0,256.0,1.0,152.0,2.0,1.0,1.6842105263157894,19.0,19.0,19.0,76.0,0.0,4.0,4317.0,53.0,32640.0,255.0,31.0
236,triton_stride_load,board_template_stride_load_pass1.json,236,256,20,32,896.248976389567,min_across_probe_passes,1,1,2,2,1.0,1.0,256.0,8.0,256.0,1.0,160.0,2.0,1.0,1.6,20.0,20.0,20.0,80.0,0.0,4.0,4476.0,51.0,32640.0,255.0,31.0
237,triton_stride_load,board_template_stride_load_pass1.json,237,256,21,32,912.7363165219625,min_across_probe_passes,1,1,2,2,1.0,1.0,256.0,8.0,256.0,1.0,168.0,2.0,1.0,1.5238095238095237,21.0,21.0,21.0,84.0,0.0,5.0,4398.0,48.0,32640.0,255.0,31.0
238,triton_stride_load,board_template_stride_load_pass1.json,238,256,22,32,927.5351564089457,min_across_probe_passes,1,1,2,2,1.0,1.0,256.0,8.0,256.0,1.0,176.0,2.0,1.0,1.4545454545454546,22.0,22.0,22.0,88.0,0.0,5.0,4462.0,46.0,32640.0,255.0,31.0
239,triton_stride_load,board_template_stride_load_pass1.json,239,256,23,32,924.0341385205587,min_across_probe_passes,1,1,2,2,1.0,1.0,256.0,8.0,256.0,1.0,184.0,2.0,1.0,1.391304347826087,23.0,23.0,23.0,92.0,0.0,5.0,4389.0,44.0,32640.0,255.0,31.0
240,triton_stride_load,board_template_stride_load_pass1.json,240,256,24,32,945.4556504885355,min_across_probe_passes,1,1,2,2,1.0,1.0,256.0,8.0,256.0,1.0,192.0,2.0,1.0,1.3333333333333333,24.0,24.0,24.0,96.0,0.0,5.0,4431.0,42.0,32640.0,255.0,31.0
241,triton_stride_load,board_template_stride_load_pass1.json,241,256,25,32,965.3136928876241,min_across_probe_passes,1,1,2,2,1.0,1.0,256.0,8.0,256.0,1.0,200.0,2.0,1.0,1.28,25.0,25.0,25.0,100.0,0.0,6.0,4337.0,41.0,32640.0,255.0,31.0
242,triton_stride_load,board_template_stride_load_pass1.json,242,256,26,32,975.8406480153402,min_across_probe_passes,1,1,2,2,1.0,1.0,256.0,8.0,256.0,1.0,208.0,2.0,1.0,1.2307692307692308,26.0,26.0,26.0,104.0,0.0,6.0,4334.0,39.0,32640.0,255.0,31.0
243,triton_stride_load,board_template_stride_load_pass1.json,243,256,27,32,993.811309337616,min_across_probe_passes,1,1,2,2,1.0,1.0,256.0,8.0,256.0,1.0,216.0,2.0,1.0,1.1851851851851851,27.0,27.0,27.0,108.0,0.0,6.0,4235.0,37.0,32640.0,255.0,31.0
244,triton_stride_load,board_template_stride_load_pass1.json,244,256,28,32,998.6103177070618,min_across_probe_passes,1,1,2,2,1.0,1.0,256.0,8.0,256.0,1.0,224.0,2.0,1.0,1.1428571428571428,28.0,28.0,28.0,112.0,0.0,6.0,4212.0,36.0,32640.0,255.0,31.0
245,triton_stride_load,board_template_stride_load_pass1.json,245,256,29,32,997.7005322774252,min_across_probe_passes,1,1,2,2,1.0,1.0,256.0,8.0,256.0,1.0,232.0,2.0,1.0,1.103448275862069,29.0,29.0,29.0,116.0,0.0,7.0,4118.0,35.0,32640.0,255.0,31.0
246,triton_stride_load,board_template_stride_load_pass1.json,246,256,30,32,1026.825527350108,min_across_probe_passes,1,1,2,2,1.0,1.0,256.0,8.0,256.0,1.0,240.0,2.0,1.0,1.0666666666666667,30.0,30.0,30.0,120.0,0.0,7.0,4097.0,34.0,32640.0,255.0,31.0
247,triton_stride_load,board_template_stride_load_pass1.json,247,256,31,32,1044.4103280703227,min_across_probe_passes,1,1,2,2,1.0,1.0,256.0,8.0,256.0,1.0,248.0,2.0,1.0,1.032258064516129,31.0,31.0,31.0,124.0,0.0,7.0,3999.0,33.0,32640.0,255.0,31.0
248,triton_stride_load,board_template_stride_load_pass1.json,248,256,40,32,1028.1578501065571,min_across_probe_passes,1,1,2,2,1.0,1.0,256.0,8.0,256.0,1.0,256.0,1.0,1.0,1.0,32.0,32.0,32.0,160.0,1.0,9.0,4138.0,38.0,22185.0,204.0,31.0
249,triton_stride_load,board_template_stride_load_pass1.json,249,256,48,32,1025.2556602160137,min_across_probe_passes,1,1,2,2,1.0,1.0,256.0,8.0,256.0,1.0,256.0,1.0,1.0,1.0,32.0,32.0,32.0,192.0,1.0,11.0,3968.0,31.0,18105.0,170.0,31.0
250,triton_stride_load,board_template_stride_load_pass1.json,250,256,63,32,940.8183296521505,min_across_probe_passes,1,1,2,2,1.0,1.0,256.0,8.0,256.0,1.0,256.0,1.0,1.0,1.0,32.0,32.0,32.0,252.0,1.0,15.0,3969.0,32.0,16265.0,130.0,31.0
251,triton_stride_load,board_template_stride_load_pass1.json,251,256,65,32,916.3740277290344,min_across_probe_passes,1,1,2,2,1.0,1.0,256.0,8.0,256.0,1.0,256.0,1.0,1.0,1.0,32.0,32.0,32.0,260.0,1.0,16.0,3968.0,31.0,15879.0,126.0,31.0
252,triton_stride_load,board_template_stride_load_pass1.json,252,256,80,32,1029.9644867579143,min_across_probe_passes,1,1,2,2,1.0,1.0,256.0,8.0,256.0,1.0,256.0,1.0,1.0,1.0,32.0,32.0,32.0,320.0,1.0,19.0,3968.0,31.0,11679.0,102.0,31.0
253,triton_stride_load,board_template_stride_load_pass1.json,253,256,96,32,1043.05632909139,min_across_probe_passes,1,1,2,2,1.0,1.0,256.0,8.0,256.0,1.0,256.0,1.0,1.0,1.0,32.0,32.0,32.0,384.0,1.0,23.0,3968.0,31.0,10795.0,85.0,31.0
254,triton_stride_load,board_template_stride_load_pass1.json,254,256,127,32,902.4726748466492,min_across_probe_passes,1,1,2,2,1.0,1.0,256.0,8.0,256.0,1.0,256.0,1.0,1.0,1.0,32.0,32.0,32.0,508.0,1.0,31.0,3969.0,32.0,8067.0,64.0,31.0
255,triton_stride_load,board_template_stride_load_pass1.json,255,256,129,32,899.9590078989664,min_across_probe_passes,1,1,2,2,1.0,1.0,256.0,8.0,256.0,1.0,256.0,1.0,1.0,1.0,32.0,32.0,32.0,516.0,1.0,32.0,3968.0,31.0,8001.0,63.0,31.0
256,triton_stride_load,board_template_stride_load_pass1.json,256,256,160,32,1016.9216791788737,min_across_probe_passes,1,1,2,2,1.0,1.0,256.0,8.0,256.0,1.0,256.0,1.0,1.0,1.0,32.0,32.0,32.0,640.0,1.0,39.0,3968.0,31.0,6426.0,51.0,31.0
257,triton_stride_load,board_template_stride_load_pass1.json,257,256,192,32,858.5825363794962,min_across_probe_passes,1,1,2,2,1.0,1.0,256.0,8.0,256.0,1.0,256.0,1.0,1.0,1.0,32.0,32.0,32.0,768.0,1.0,47.0,3968.0,31.0,5334.0,42.0,31.0
258,triton_stride_load,board_template_stride_load_pass1.json,258,256,255,32,967.6406979560852,min_across_probe_passes,1,1,2,2,1.0,1.0,256.0,8.0,256.0,1.0,256.0,1.0,1.0,1.0,32.0,32.0,32.0,1020.0,1.0,63.0,3969.0,32.0,3969.0,32.0,31.0
259,triton_stride_load,board_template_stride_load_pass2.json,259,512,3,32,624.7599919637045,min_across_probe_passes,0,1,2,0,1.0,1.0,512.0,16.0,512.0,1.0,48.0,11.0,10.0,10.666666666666666,3.0,3.0,3.0,12.0,0.0,1.0,43435.0,170.0,130816.0,511.0,31.0
260,triton_stride_load,board_template_stride_load_pass1.json,260,512,5,32,717.7210251490276,min_across_probe_passes,0,1,2,0,1.0,1.0,512.0,16.0,512.0,1.0,80.0,7.0,6.0,6.4,5.0,5.0,5.0,20.0,0.0,2.0,25959.0,102.0,130816.0,511.0,31.0
261,triton_stride_load,board_template_stride_load_pass1.json,261,512,6,32,748.3291625976562,min_across_probe_passes,1,1,2,2,1.0,1.0,512.0,16.0,512.0,1.0,96.0,6.0,5.0,5.333333333333333,6.0,6.0,6.0,24.0,0.0,2.0,21590.0,85.0,130816.0,511.0,31.0
262,triton_stride_load,board_template_stride_load_pass1.json,262,512,7,32,766.0611669222513,min_across_probe_passes,1,1,2,2,1.0,1.0,512.0,16.0,512.0,1.0,112.0,5.0,4.0,4.571428571428571,7.0,7.0,7.0,28.0,0.0,3.0,18469.0,73.0,130816.0,511.0,31.0
263,triton_stride_load,board_template_stride_load_pass1.json,263,512,9,32,831.1213254928589,min_across_probe_passes,1,1,2,2,1.0,1.0,512.0,16.0,512.0,1.0,144.0,4.0,3.0,3.5555555555555554,9.0,9.0,9.0,36.0,0.0,4.0,17500.0,112.0,130816.0,511.0,31.0
264,triton_stride_load,board_template_stride_load_pass1.json,264,512,10,32,902.502159277598,min_across_probe_passes,1,1,2,2,1.0,1.0,512.0,16.0,512.0,1.0,160.0,4.0,3.0,3.2,10.0,10.0,10.0,40.0,0.0,4.0,18105.0,102.0,130816.0,511.0,31.0
265,triton_stride_load,board_template_stride_load_pass1.json,265,512,11,32,932.2581688563029,min_across_probe_passes,1,1,2,2,1.0,1.0,512.0,16.0,512.0,1.0,176.0,3.0,2.0,2.909090909090909,11.0,11.0,11.0,44.0,0.0,5.0,18148.0,93.0,130816.0,511.0,31.0
266,triton_stride_load,board_template_stride_load_pass1.json,266,512,12,32,957.2355151176453,min_across_probe_passes,1,1,2,2,1.0,1.0,512.0,16.0,512.0,1.0,192.0,3.0,2.0,2.6666666666666665,12.0,12.0,12.0,48.0,0.0,5.0,17935.0,85.0,130816.0,511.0,31.0
267,triton_stride_load,board_template_stride_load_pass1.json,267,512,13,32,993.6085343360901,min_across_probe_passes,1,1,2,2,1.0,1.0,512.0,16.0,512.0,1.0,208.0,3.0,2.0,2.4615384615384617,13.0,13.0,13.0,52.0,0.0,6.0,17551.0,79.0,130816.0,511.0,31.0
268,triton_stride_load,board_template_stride_load_pass1.json,268,512,14,32,1000.5530118942261,min_across_probe_passes,1,1,2,2,1.0,1.0,512.0,16.0,512.0,1.0,224.0,3.0,2.0,2.2857142857142856,14.0,14.0,14.0,56.0,0.0,6.0,17137.0,73.0,130816.0,511.0,31.0
269,triton_stride_load,board_template_stride_load_pass1.json,269,512,15,32,1034.8920027414958,min_across_probe_passes,1,1,2,2,1.0,1.0,512.0,16.0,512.0,1.0,240.0,3.0,2.0,2.1333333333333333,15.0,15.0,15.0,60.0,0.0,7.0,16609.0,68.0,130816.0,511.0,31.0
270,triton_stride_load,board_template_stride_load_pass1.json,270,512,17,32,1114.1351262728374,min_across_probe_passes,1,1,2,2,1.0,1.0,512.0,16.0,512.0,1.0,272.0,2.0,1.0,1.8823529411764706,17.0,17.0,17.0,68.0,0.0,8.0,16576.0,91.0,116356.0,481.0,31.0
271,triton_stride_load,board_template_stride_load_pass1.json,271,512,18,32,1141.1862969398499,min_across_probe_passes,1,1,2,2,1.0,1.0,512.0,16.0,512.0,1.0,288.0,2.0,1.0,1.7777777777777777,18.0,18.0,18.0,72.0,0.0,8.0,16716.0,84.0,105280.0,455.0,31.0
272,triton_stride_load,board_template_stride_load_pass1.json,272,512,19,32,1164.2265319824219,min_across_probe_passes,1,1,2,2,1.0,1.0,512.0,16.0,512.0,1.0,304.0,2.0,1.0,1.6842105263157894,19.0,19.0,19.0,76.0,0.0,9.0,16795.0,80.0,96256.0,431.0,31.0
273,triton_stride_load,board_template_stride_load_pass1.json,273,512,20,32,1177.6652932167053,min_across_probe_passes,1,1,2,2,1.0,1.0,512.0,16.0,512.0,1.0,320.0,2.0,1.0,1.6,20.0,20.0,20.0,80.0,0.0,9.0,16806.0,77.0,88996.0,409.0,31.0
274,triton_stride_load,board_template_stride_load_pass1.json,274,512,21,32,1190.3622547785442,min_across_probe_passes,1,1,2,2,1.0,1.0,512.0,16.0,512.0,1.0,336.0,2.0,1.0,1.5238095238095237,21.0,21.0,21.0,84.0,0.0,10.0,16649.0,74.0,83505.0,390.0,31.0
275,triton_stride_load,board_template_stride_load_pass1.json,275,512,22,32,1213.2628560066223,min_across_probe_passes,1,1,2,2,1.0,1.0,512.0,16.0,512.0,1.0,352.0,2.0,1.0,1.4545454545454546,22.0,22.0,22.0,88.0,0.0,10.0,16515.0,70.0,78969.0,372.0,31.0
276,triton_stride_load,board_template_stride_load_pass1.json,276,512,23,32,1233.7086200714111,min_across_probe_passes,1,1,2,2,1.0,1.0,512.0,16.0,512.0,1.0,368.0,2.0,1.0,1.391304347826087,23.0,23.0,23.0,92.0,0.0,11.0,16317.0,68.0,75481.0,356.0,31.0
277,triton_stride_load,board_template_stride_load_pass1.json,277,512,24,32,1256.1268210411072,min_across_probe_passes,1,1,2,2,1.0,1.0,512.0,16.0,512.0,1.0,384.0,2.0,1.0,1.3333333333333333,24.0,24.0,24.0,96.0,0.0,11.0,16128.0,63.0,72676.0,341.0,31.0
278,triton_stride_load,board_template_stride_load_pass1.json,278,512,25,32,1271.237889925639,min_across_probe_passes,1,1,2,2,1.0,1.0,512.0,16.0,512.0,1.0,400.0,2.0,1.0,1.28,25.0,25.0,25.0,100.0,0.0,12.0,16342.0,82.0,70464.0,327.0,31.0
279,triton_stride_load,board_template_stride_load_pass1.json,279,512,26,32,1291.908860206604,min_across_probe_passes,1,1,2,2,1.0,1.0,512.0,16.0,512.0,1.0,416.0,2.0,1.0,1.2307692307692308,26.0,26.0,26.0,104.0,0.0,12.0,16411.0,78.0,68880.0,315.0,31.0
280,triton_stride_load,board_template_stride_load_pass1.json,280,512,27,32,1307.681719462077,min_across_probe_passes,1,1,2,2,1.0,1.0,512.0,16.0,512.0,1.0,432.0,2.0,1.0,1.1851851851851851,27.0,27.0,27.0,108.0,0.0,13.0,16455.0,75.0,67584.0,303.0,31.0
281,triton_stride_load,board_template_stride_load_pass1.json,281,512,28,32,1323.9719470342,min_across_probe_passes,1,1,2,2,1.0,1.0,512.0,16.0,512.0,1.0,448.0,2.0,1.0,1.1428571428571428,28.0,28.0,28.0,112.0,0.0,13.0,16471.0,73.0,66649.0,292.0,31.0
282,triton_stride_load,board_template_stride_load_pass1.json,282,512,29,32,1339.7014538447063,min_across_probe_passes,1,1,2,2,1.0,1.0,512.0,16.0,512.0,1.0,464.0,2.0,1.0,1.103448275862069,29.0,29.0,29.0,116.0,0.0,14.0,16419.0,70.0,66009.0,282.0,31.0
283,triton_stride_load,board_template_stride_load_pass1.json,283,512,30,32,1360.1233561833699,min_across_probe_passes,1,1,2,2,1.0,1.0,512.0,16.0,512.0,1.0,480.0,2.0,1.0,1.0666666666666667,30.0,30.0,30.0,120.0,0.0,14.0,16337.0,68.0,65604.0,273.0,31.0
284,triton_stride_load,board_template_stride_load_pass1.json,284,512,31,32,1382.8171888987224,min_across_probe_passes,1,1,2,2,1.0,1.0,512.0,16.0,512.0,1.0,496.0,2.0,1.0,1.032258064516129,31.0,31.0,31.0,124.0,0.0,15.0,16237.0,67.0,65361.0,264.0,31.0
285,triton_stride_load,board_template_stride_load_pass1.json,285,512,40,32,1440.4801925023396,min_across_probe_passes,1,1,2,2,1.0,1.0,512.0,16.0,512.0,1.0,512.0,1.0,1.0,1.0,32.0,32.0,32.0,160.0,1.0,19.0,16128.0,63.0,46971.0,204.0,31.0
286,triton_stride_load,board_template_stride_load_pass1.json,286,512,48,32,1403.4241835276287,min_across_probe_passes,1,1,2,2,1.0,1.0,512.0,16.0,512.0,1.0,512.0,1.0,1.0,1.0,32.0,32.0,32.0,192.0,1.0,23.0,16128.0,63.0,43435.0,170.0,31.0
287,triton_stride_load,board_template_stride_load_pass1.json,287,512,63,32,1373.0080127716064,min_across_probe_passes,1,1,2,2,1.0,1.0,512.0,16.0,512.0,1.0,512.0,1.0,1.0,1.0,32.0,32.0,32.0,252.0,1.0,31.0,16129.0,64.0,32545.0,130.0,31.0
288,triton_stride_load,board_template_stride_load_pass1.json,288,512,65,32,1330.7126363118489,min_across_probe_passes,1,1,2,2,1.0,1.0,512.0,16.0,512.0,1.0,512.0,1.0,1.0,1.0,32.0,32.0,32.0,260.0,1.0,32.0,16128.0,63.0,31647.0,126.0,31.0
289,triton_stride_load,board_template_stride_load_pass1.json,289,512,80,32,1342.711369196574,min_across_probe_passes,1,1,2,2,1.0,1.0,512.0,16.0,512.0,1.0,512.0,1.0,1.0,1.0,32.0,32.0,32.0,320.0,1.0,39.0,16128.0,63.0,25959.0,102.0,31.0
290,triton_stride_load,board_template_stride_load_pass1.json,290,512,96,32,1322.8475252787273,min_across_probe_passes,1,1,2,2,1.0,1.0,512.0,16.0,512.0,1.0,512.0,1.0,1.0,1.0,32.0,32.0,32.0,384.0,1.0,47.0,16128.0,63.0,21590.0,85.0,31.0
291,triton_stride_load,board_template_stride_load_pass1.json,291,512,127,32,1286.131501197815,min_across_probe_passes,1,1,2,2,1.0,1.0,512.0,16.0,512.0,1.0,512.0,1.0,1.0,1.0,32.0,32.0,32.0,508.0,1.0,63.0,16129.0,64.0,16138.0,64.0,31.0
292,triton_stride_load,board_template_stride_load_pass1.json,292,512,129,32,1277.8242031733196,min_across_probe_passes,1,1,2,2,1.0,1.0,512.0,16.0,512.0,1.0,512.0,1.0,1.0,1.0,32.0,32.0,32.0,516.0,1.0,64.0,16128.0,63.0,15942.0,63.0,31.0
293,triton_stride_load,board_template_stride_load_pass1.json,293,512,160,32,1309.005339940389,min_across_probe_passes,1,1,2,2,1.0,1.0,512.0,16.0,512.0,1.0,512.0,1.0,1.0,1.0,32.0,32.0,32.0,640.0,1.0,79.0,16128.0,63.0,12852.0,51.0,31.0
294,triton_stride_load,board_template_stride_load_pass1.json,294,512,192,32,1170.5632209777832,min_across_probe_passes,1,1,2,2,1.0,1.0,512.0,16.0,512.0,1.0,512.0,1.0,1.0,1.0,32.0,32.0,32.0,768.0,1.0,95.0,16128.0,63.0,10668.0,42.0,31.0
295,triton_stride_load,board_template_stride_load_pass1.json,295,512,255,32,1311.8220965067546,min_across_probe_passes,1,1,2,2,1.0,1.0,512.0,16.0,512.0,1.0,512.0,1.0,1.0,1.0,32.0,32.0,32.0,1020.0,1.0,127.0,16129.0,64.0,7939.0,32.0,31.0
296,triton_stride_load,board_template_stride_load_pass1.json,296,1024,3,32,747.9666570822397,min_across_probe_passes,1,1,2,2,1.0,1.0,1024.0,32.0,0.0,0.0,96.0,11.0,10.0,10.666666666666666,3.0,3.0,3.0,12.0,0.0,2.0,86870.0,170.0,523776.0,1023.0,31.0
297,triton_stride_load,board_template_stride_load_pass1.json,297,1024,5,32,892.0778433481852,min_across_probe_passes,1,1,2,2,1.0,1.0,1024.0,32.0,0.0,0.0,160.0,7.0,6.0,6.4,5.0,5.0,5.0,20.0,0.0,4.0,72828.0,204.0,523776.0,1023.0,31.0
298,triton_stride_load,board_template_stride_load_pass1.json,298,1024,6,32,921.4919805526733,min_across_probe_passes,1,1,2,2,1.0,1.0,1024.0,32.0,0.0,0.0,192.0,6.0,5.0,5.333333333333333,6.0,6.0,6.0,24.0,0.0,5.0,72335.0,170.0,523776.0,1023.0,31.0
299,triton_stride_load,board_template_stride_load_pass1.json,299,1024,7,32,999.2594917615255,min_across_probe_passes,1,1,2,2,1.0,1.0,1024.0,32.0,0.0,0.0,224.0,5.0,4.0,4.571428571428571,7.0,7.0,7.0,28.0,0.0,6.0,68985.0,146.0,523776.0,1023.0,31.0
300,triton_stride_load,board_template_stride_load_pass1.json,300,1024,9,32,1114.0218377113342,min_across_probe_passes,1,1,2,2,1.0,1.0,1024.0,32.0,0.0,0.0,288.0,4.0,3.0,3.5555555555555554,9.0,9.0,9.0,36.0,0.0,8.0,67376.0,169.0,420833.0,910.0,31.0
301,triton_stride_load,board_template_stride_load_pass1.json,301,1024,10,32,1162.0023449261982,min_across_probe_passes,1,1,2,2,1.0,1.0,1024.0,32.0,0.0,0.0,320.0,4.0,3.0,3.2,10.0,10.0,10.0,40.0,0.0,9.0,67626.0,153.0,356496.0,819.0,31.0
302,triton_stride_load,board_template_stride_load_pass1.json,302,1024,11,32,1199.3064880371094,min_across_probe_passes,1,1,2,2,1.0,1.0,1024.0,32.0,0.0,0.0,352.0,3.0,2.0,2.909090909090909,11.0,11.0,11.0,44.0,0.0,10.0,66658.0,139.0,315921.0,744.0,31.0
303,triton_stride_load,board_template_stride_load_pass1.json,303,1024,12,32,1238.453467686971,min_across_probe_passes,1,1,2,2,1.0,1.0,1024.0,32.0,0.0,0.0,384.0,3.0,2.0,2.6666666666666665,12.0,12.0,12.0,48.0,0.0,11.0,65024.0,127.0,290873.0,682.0,31.0
304,triton_stride_load,board_template_stride_load_pass1.json,304,1024,13,32,1290.4305458068848,min_across_probe_passes,1,1,2,2,1.0,1.0,1024.0,32.0,0.0,0.0,416.0,3.0,2.0,2.4615384615384617,13.0,13.0,13.0,52.0,0.0,12.0,66112.0,156.0,275793.0,630.0,31.0
305,triton_stride_load,board_template_stride_load_pass1.json,305,1024,14,32,1330.1350275675456,min_across_probe_passes,1,1,2,2,1.0,1.0,1024.0,32.0,0.0,0.0,448.0,3.0,2.0,2.2857142857142856,14.0,14.0,14.0,56.0,0.0,13.0,66357.0,146.0,267108.0,585.0,31.0
306,triton_stride_load,board_template_stride_load_pass1.json,306,1024,15,32,1370.6810077031453,min_across_probe_passes,1,1,2,2,1.0,1.0,1024.0,32.0,0.0,0.0,480.0,3.0,2.0,2.1333333333333333,15.0,15.0,15.0,60.0,0.0,14.0,65825.0,136.0,262857.0,546.0,31.0
307,triton_stride_load,board_template_stride_load_pass1.json,307,1024,17,32,1464.659571647644,min_across_probe_passes,1,1,2,2,1.0,1.0,1024.0,32.0,0.0,0.0,544.0,2.0,1.0,1.8823529411764706,17.0,17.0,17.0,68.0,0.0,16.0,65792.0,151.0,233612.0,481.0,31.0
308,triton_stride_load,board_template_stride_load_pass1.json,308,1024,18,32,1501.2013514836628,min_across_probe_passes,1,1,2,2,1.0,1.0,1024.0,32.0,0.0,0.0,576.0,2.0,1.0,1.7777777777777777,18.0,18.0,18.0,72.0,0.0,17.0,65808.0,141.0,213353.0,455.0,31.0
309,triton_stride_load,board_template_stride_load_pass1.json,309,1024,19,32,1585.8040650685627,min_across_probe_passes,1,1,2,2,1.0,1.0,1024.0,32.0,0.0,0.0,608.0,2.0,1.0,1.6842105263157894,19.0,19.0,19.0,76.0,0.0,18.0,65558.0,134.0,198641.0,431.0,31.0
310,triton_stride_load,board_template_stride_load_pass1.json,310,1024,20,32,1580.4104804992676,min_across_probe_passes,1,1,2,2,1.0,1.0,1024.0,32.0,0.0,0.0,640.0,2.0,1.0,1.6,20.0,20.0,20.0,80.0,0.0,19.0,65024.0,127.0,188396.0,409.0,31.0
311,triton_stride_load,board_template_stride_load_pass1.json,311,1024,21,32,1693.772792816162,min_across_probe_passes,1,1,2,2,1.0,1.0,1024.0,32.0,0.0,0.0,672.0,2.0,1.0,1.5238095238095237,21.0,21.0,21.0,84.0,0.0,20.0,65400.0,144.0,181503.0,390.0,31.0
312,triton_stride_load,board_template_stride_load_pass2.json,312,1024,22,32,1715.3984308242798,min_across_probe_passes,1,1,2,2,1.0,1.0,1024.0,32.0,0.0,0.0,704.0,2.0,1.0,1.4545454545454546,22.0,22.0,22.0,88.0,0.0,21.0,65577.0,139.0,177165.0,372.0,31.0
313,triton_stride_load,board_template_stride_load_pass2.json,313,1024,23,32,1760.2489789326985,min_across_probe_passes,1,1,2,2,1.0,1.0,1024.0,32.0,0.0,0.0,736.0,2.0,1.0,1.391304347826087,23.0,23.0,23.0,92.0,0.0,22.0,65350.0,134.0,174941.0,356.0,31.0
314,triton_stride_load,board_template_stride_load_pass1.json,314,1024,24,32,1790.059010187785,min_across_probe_passes,1,1,2,2,1.0,1.0,1024.0,32.0,0.0,0.0,768.0,2.0,1.0,1.3333333333333333,24.0,24.0,24.0,96.0,0.0,23.0,65024.0,127.0,174251.0,341.0,31.0
315,triton_stride_load,board_template_stride_load_pass2.json,315,1024,25,32,1878.1380653381348,min_across_probe_passes,1,1,2,2,1.0,1.0,1024.0,32.0,0.0,0.0,800.0,2.0,1.0,1.28,25.0,25.0,25.0,100.0,0.0,24.0,65324.0,142.0,161664.0,327.0,31.0
316,triton_stride_load,board_template_stride_load_pass2.json,316,1024,26,32,1916.6577259699504,min_across_probe_passes,1,1,2,2,1.0,1.0,1024.0,32.0,0.0,0.0,832.0,2.0,1.0,1.2307692307692308,26.0,26.0,26.0,104.0,0.0,25.0,65390.0,138.0,151683.0,315.0,31.0
317,triton_stride_load,board_template_stride_load_pass1.json,317,1024,27,32,1931.8756262461345,min_across_probe_passes,1,1,2,2,1.0,1.0,1024.0,32.0,0.0,0.0,864.0,2.0,1.0,1.1851851851851851,27.0,27.0,27.0,108.0,0.0,26.0,65286.0,132.0,144193.0,303.0,31.0
318,triton_stride_load,board_template_stride_load_pass1.json,318,1024,28,32,1974.6140241622925,min_across_probe_passes,1,1,2,2,1.0,1.0,1024.0,32.0,0.0,0.0,896.0,2.0,1.0,1.1428571428571428,28.0,28.0,28.0,112.0,0.0,27.0,65024.0,127.0,138627.0,292.0,31.0
319,triton_stride_load,board_template_stride_load_pass1.json,319,1024,29,32,1982.277750968933,min_across_probe_passes,1,1,2,2,1.0,1.0,1024.0,32.0,0.0,0.0,928.0,2.0,1.0,1.103448275862069,29.0,29.0,29.0,116.0,0.0,28.0,65268.0,141.0,134827.0,282.0,31.0
320,triton_stride_load,board_template_stride_load_pass1.json,320,1024,30,32,2053.9453824361167,min_across_probe_passes,1,1,2,2,1.0,1.0,1024.0,32.0,0.0,0.0,960.0,2.0,1.0,1.0666666666666667,30.0,30.0,30.0,120.0,0.0,29.0,65297.0,136.0,132363.0,273.0,31.0
321,triton_stride_load,board_template_stride_load_pass1.json,321,1024,31,32,2097.1888303756714,min_across_probe_passes,1,1,2,2,1.0,1.0,1024.0,32.0,0.0,0.0,992.0,2.0,1.0,1.032258064516129,31.0,31.0,31.0,124.0,0.0,30.0,65233.0,132.0,130977.0,264.0,31.0
322,triton_stride_load,board_template_stride_load_pass1.json,322,1024,40,32,2190.5333598454795,min_across_probe_passes,1,1,2,2,1.0,1.0,1024.0,32.0,0.0,0.0,1024.0,1.0,1.0,1.0,32.0,32.0,32.0,160.0,1.0,39.0,65024.0,127.0,104346.0,204.0,31.0
323,triton_stride_load,board_template_stride_load_pass1.json,323,1024,48,32,2147.6051410039267,min_across_probe_passes,1,1,2,2,1.0,1.0,1024.0,32.0,0.0,0.0,1024.0,1.0,1.0,1.0,32.0,32.0,32.0,192.0,1.0,47.0,65024.0,127.0,86870.0,170.0,31.0
324,triton_stride_load,board_template_stride_load_pass1.json,324,1024,63,32,2216.5117263793945,min_across_probe_passes,1,1,2,2,1.0,1.0,1024.0,32.0,0.0,0.0,1024.0,1.0,1.0,1.0,32.0,32.0,32.0,252.0,1.0,62.0,65025.0,128.0,65153.0,130.0,31.0
325,triton_stride_load,board_template_stride_load_pass1.json,325,1024,65,32,2196.896274884542,min_across_probe_passes,1,1,2,2,1.0,1.0,1024.0,32.0,0.0,0.0,1024.0,1.0,1.0,1.0,32.0,32.0,32.0,260.0,1.0,64.0,65024.0,127.0,63231.0,126.0,31.0
326,triton_stride_load,board_template_stride_load_pass1.json,326,1024,80,32,2122.9791243871055,min_across_probe_passes,1,1,2,2,1.0,1.0,1024.0,32.0,0.0,0.0,1024.0,1.0,1.0,1.0,32.0,32.0,32.0,320.0,1.0,79.0,65024.0,127.0,51918.0,102.0,31.0
327,triton_stride_load,board_template_stride_load_pass1.json,327,1024,96,32,2136.081059773763,min_across_probe_passes,1,1,2,2,1.0,1.0,1024.0,32.0,0.0,0.0,1024.0,1.0,1.0,1.0,32.0,32.0,32.0,384.0,1.0,95.0,65024.0,127.0,43180.0,85.0,31.0
328,triton_stride_load,board_template_stride_load_pass1.json,328,1024,127,32,2116.1347230275474,min_across_probe_passes,1,1,2,2,1.0,1.0,1024.0,32.0,0.0,0.0,1024.0,1.0,1.0,1.0,32.0,32.0,32.0,508.0,1.0,126.0,65025.0,128.0,32292.0,64.0,31.0
329,triton_stride_load,board_template_stride_load_pass1.json,329,1024,129,32,2095.4043865203857,min_across_probe_passes,1,1,2,2,1.0,1.0,1024.0,32.0,0.0,0.0,1024.0,1.0,1.0,1.0,32.0,32.0,32.0,516.0,1.0,128.0,65024.0,127.0,32284.0,70.0,31.0
330,triton_stride_load,board_template_stride_load_pass1.json,330,1024,160,32,2119.5031801859536,min_across_probe_passes,1,1,2,2,1.0,1.0,1024.0,32.0,0.0,0.0,1024.0,1.0,1.0,1.0,32.0,32.0,32.0,640.0,1.0,159.0,65024.0,127.0,36159.0,102.0,31.0
331,triton_stride_load,board_template_stride_load_pass2.json,331,1024,192,32,1981.2699953715007,min_across_probe_passes,1,1,2,2,1.0,1.0,1024.0,32.0,0.0,0.0,1024.0,1.0,1.0,1.0,32.0,32.0,32.0,768.0,1.0,191.0,65024.0,127.0,35913.0,85.0,31.0
332,triton_stride_load,board_template_stride_load_pass1.json,332,1024,255,32,2028.4486611684163,min_across_probe_passes,1,1,2,2,1.0,1.0,1024.0,32.0,0.0,0.0,1024.0,1.0,1.0,1.0,32.0,32.0,32.0,1020.0,1.0,254.0,65025.0,128.0,32263.0,65.0,31.0
333,triton_stride_load,board_template_stride_load_pass1.json,333,2048,3,32,1230.3668856620789,min_across_probe_passes,1,1,2,2,1.0,2.0,1024.0,32.0,0.0,0.0,192.0,11.0,10.0,10.666666666666666,3.0,3.0,3.0,12.0,0.0,5.0,290191.0,341.0,2096128.0,2047.0,31.0
334,triton_stride_load,board_template_stride_load_pass1.json,334,2048,5,32,1382.8285137812297,min_across_probe_passes,1,1,2,2,1.0,2.0,1024.0,32.0,0.0,0.0,320.0,7.0,6.0,6.4,5.0,5.0,5.0,20.0,0.0,9.0,271526.0,307.0,1425777.0,1638.0,31.0
335,triton_stride_load,board_template_stride_load_pass1.json,335,2048,6,32,1397.4587122599285,min_across_probe_passes,1,1,2,2,1.0,2.0,1024.0,32.0,0.0,0.0,384.0,6.0,5.0,5.333333333333333,6.0,6.0,6.0,24.0,0.0,11.0,261120.0,255.0,1164516.0,1365.0,31.0
336,triton_stride_load,board_template_stride_load_pass1.json,336,2048,7,32,1438.6204878489177,min_across_probe_passes,1,1,2,2,1.0,2.0,1024.0,32.0,0.0,0.0,448.0,5.0,4.0,4.571428571428571,7.0,7.0,7.0,28.0,0.0,13.0,266377.0,292.0,1069161.0,1170.0,31.0
337,triton_stride_load,board_template_stride_load_pass1.json,337,2048,9,32,1583.4733247756958,min_across_probe_passes,1,1,2,2,1.0,2.0,1024.0,32.0,0.0,0.0,576.0,4.0,3.0,3.5555555555555554,9.0,9.0,9.0,36.0,0.0,17.0,264256.0,283.0,853751.0,910.0,31.0
338,triton_stride_load,board_template_stride_load_pass1.json,338,2048,10,32,1707.2743972142537,min_across_probe_passes,1,1,2,2,1.0,2.0,1024.0,32.0,0.0,0.0,640.0,4.0,3.0,3.2,10.0,10.0,10.0,40.0,0.0,19.0,261120.0,255.0,754197.0,819.0,31.0
339,triton_stride_load,board_template_stride_load_pass1.json,339,2048,11,32,1786.4219347635906,min_across_probe_passes,1,1,2,2,1.0,2.0,1024.0,32.0,0.0,0.0,704.0,3.0,2.0,2.909090909090909,11.0,11.0,11.0,44.0,0.0,21.0,263283.0,279.0,709683.0,744.0,31.0
340,triton_stride_load,board_template_stride_load_pass1.json,340,2048,12,32,1880.721886952718,min_across_probe_passes,1,1,2,2,1.0,2.0,1024.0,32.0,0.0,0.0,768.0,3.0,2.0,2.6666666666666665,12.0,12.0,12.0,48.0,0.0,23.0,261120.0,255.0,698027.0,682.0,31.0
341,triton_stride_load,board_template_stride_load_pass1.json,341,2048,13,32,1981.746236483256,min_across_probe_passes,1,1,2,2,1.0,2.0,1024.0,32.0,0.0,0.0,832.0,3.0,2.0,2.4615384615384617,13.0,13.0,13.0,52.0,0.0,25.0,262574.0,276.0,607281.0,630.0,31.0
342,triton_stride_load,board_template_stride_load_pass1.json,342,2048,14,32,2082.995891571045,min_across_probe_passes,1,1,2,2,1.0,2.0,1024.0,32.0,0.0,0.0,896.0,3.0,2.0,2.2857142857142856,14.0,14.0,14.0,56.0,0.0,27.0,261120.0,255.0,555531.0,585.0,31.0
343,triton_stride_load,board_template_stride_load_pass1.json,343,2048,15,32,2196.464935938517,min_across_probe_passes,1,1,2,2,1.0,2.0,1024.0,32.0,0.0,0.0,960.0,3.0,2.0,2.1333333333333333,15.0,15.0,15.0,60.0,0.0,29.0,262177.0,272.0,530337.0,546.0,31.0
344,triton_stride_load,board_template_stride_load_pass1.json,344,2048,17,32,2419.252872467041,min_across_probe_passes,1,1,2,2,1.0,2.0,1024.0,32.0,0.0,0.0,1088.0,2.0,1.0,1.8823529411764706,17.0,17.0,17.0,68.0,0.0,33.0,262144.0,271.0,470824.0,481.0,31.0
345,triton_stride_load,board_template_stride_load_pass1.json,345,2048,18,32,2500.636577606201,min_across_probe_passes,1,1,2,2,1.0,2.0,1024.0,32.0,0.0,0.0,1152.0,2.0,1.0,1.7777777777777777,18.0,18.0,18.0,72.0,0.0,35.0,261120.0,255.0,439246.0,455.0,31.0
346,triton_stride_load,board_template_stride_load_pass1.json,346,2048,19,32,2629.474480946859,min_across_probe_passes,1,1,2,2,1.0,2.0,1024.0,32.0,0.0,0.0,1216.0,2.0,1.0,1.6842105263157894,19.0,19.0,19.0,76.0,0.0,37.0,261823.0,269.0,423094.0,431.0,31.0
347,triton_stride_load,board_template_stride_load_pass1.json,347,2048,20,32,2754.6141942342124,min_across_probe_passes,1,1,2,2,1.0,2.0,1024.0,32.0,0.0,0.0,1280.0,2.0,1.0,1.6,20.0,20.0,20.0,80.0,0.0,39.0,261120.0,255.0,418407.0,409.0,31.0
348,triton_stride_load,board_template_stride_load_pass1.json,348,2048,21,32,2847.248156865438,min_across_probe_passes,1,1,2,2,1.0,2.0,1024.0,32.0,0.0,0.0,1344.0,2.0,1.0,1.5238095238095237,21.0,21.0,21.0,84.0,0.0,41.0,261630.0,269.0,384321.0,390.0,31.0
349,triton_stride_load,board_template_stride_load_pass1.json,349,2048,22,32,2963.869571685791,min_across_probe_passes,1,1,2,2,1.0,2.0,1024.0,32.0,0.0,0.0,1408.0,2.0,1.0,1.4545454545454546,22.0,22.0,22.0,88.0,0.0,43.0,261120.0,255.0,362979.0,372.0,31.0
350,triton_stride_load,board_template_stride_load_pass1.json,350,2048,23,32,3044.037342071533,min_across_probe_passes,1,1,2,2,1.0,2.0,1024.0,32.0,0.0,0.0,1472.0,2.0,1.0,1.391304347826087,23.0,23.0,23.0,92.0,0.0,45.0,261627.0,267.0,351817.0,356.0,31.0
351,triton_stride_load,board_template_stride_load_pass1.json,351,2048,24,32,3161.082665125529,min_across_probe_passes,1,1,2,2,1.0,2.0,1024.0,32.0,0.0,0.0,1536.0,2.0,1.0,1.3333333333333333,24.0,24.0,24.0,96.0,0.0,47.0,261120.0,255.0,348502.0,341.0,31.0
352,triton_stride_load,board_template_stride_load_pass1.json,352,2048,25,32,3218.5072104136148,min_across_probe_passes,1,1,2,2,1.0,2.0,1024.0,32.0,0.0,0.0,1600.0,2.0,1.0,1.28,25.0,25.0,25.0,100.0,0.0,49.0,261520.0,265.0,324681.0,327.0,31.0
353,triton_stride_load,board_template_stride_load_pass1.json,353,2048,26,32,3265.906572341919,min_across_probe_passes,1,1,2,2,1.0,2.0,1024.0,32.0,0.0,0.0,1664.0,2.0,1.0,1.2307692307692308,26.0,26.0,26.0,104.0,0.0,51.0,261120.0,255.0,309291.0,315.0,31.0
354,triton_stride_load,board_template_stride_load_pass1.json,354,2048,27,32,3368.0640856424966,min_across_probe_passes,1,1,2,2,1.0,2.0,1024.0,32.0,0.0,0.0,1728.0,2.0,1.0,1.1851851851851851,27.0,27.0,27.0,108.0,0.0,53.0,261463.0,265.0,301078.0,303.0,31.0
355,triton_stride_load,board_template_stride_load_pass2.json,355,2048,28,32,3507.190465927124,min_across_probe_passes,1,1,2,2,1.0,2.0,1024.0,32.0,0.0,0.0,1792.0,2.0,1.0,1.1428571428571428,28.0,28.0,28.0,112.0,0.0,55.0,261120.0,255.0,298570.0,292.0,31.0
356,triton_stride_load,board_template_stride_load_pass1.json,356,2048,29,32,3512.98451423645,min_across_probe_passes,1,1,2,2,1.0,2.0,1024.0,32.0,0.0,0.0,1856.0,2.0,1.0,1.103448275862069,29.0,29.0,29.0,116.0,0.0,57.0,261446.0,265.0,280890.0,282.0,31.0
357,triton_stride_load,board_template_stride_load_pass1.json,357,2048,30,32,3672.215223312378,min_across_probe_passes,1,1,2,2,1.0,2.0,1024.0,32.0,0.0,0.0,1920.0,2.0,1.0,1.0666666666666667,30.0,30.0,30.0,120.0,0.0,59.0,261120.0,255.0,269349.0,273.0,31.0
358,triton_stride_load,board_template_stride_load_pass1.json,358,2048,31,32,3774.9826113382974,min_across_probe_passes,1,1,2,2,1.0,2.0,1024.0,32.0,0.0,0.0,1984.0,2.0,1.0,1.032258064516129,31.0,31.0,31.0,124.0,0.0,61.0,261393.0,264.0,263043.0,264.0,31.0
359,triton_stride_load,board_template_stride_load_pass1.json,359,2048,40,32,3922.116279602051,min_across_probe_passes,1,1,2,2,1.0,2.0,1024.0,32.0,0.0,0.0,2048.0,1.0,1.0,1.0,32.0,32.0,32.0,160.0,1.0,79.0,261120.0,255.0,208692.0,204.0,31.0
360,triton_stride_load,board_template_stride_load_pass1.json,360,2048,48,32,3909.2671871185303,min_across_probe_passes,1,1,2,2,1.0,2.0,1024.0,32.0,0.0,0.0,2048.0,1.0,1.0,1.0,32.0,32.0,32.0,192.0,1.0,95.0,261120.0,255.0,173740.0,170.0,31.0
361,triton_stride_load,board_template_stride_load_pass1.json,361,2048,63,32,4220.519463221232,min_across_probe_passes,1,1,2,2,1.0,2.0,1024.0,32.0,0.0,0.0,2048.0,1.0,1.0,1.0,32.0,32.0,32.0,252.0,1.0,125.0,261121.0,256.0,130561.0,130.0,31.0
362,triton_stride_load,board_template_stride_load_pass1.json,362,2048,65,32,4168.050924936931,min_across_probe_passes,1,1,2,2,1.0,2.0,1024.0,32.0,0.0,0.0,2048.0,1.0,1.0,1.0,32.0,32.0,32.0,260.0,1.0,129.0,261120.0,255.0,130528.0,157.0,31.0
363,triton_stride_load,board_template_stride_load_pass1.json,363,2048,80,32,3848.657210667928,min_across_probe_passes,1,1,2,2,1.0,2.0,1024.0,32.0,0.0,0.0,2048.0,1.0,1.0,1.0,32.0,32.0,32.0,320.0,1.0,159.0,261120.0,255.0,145758.0,204.0,31.0
364,triton_stride_load,board_template_stride_load_pass1.json,364,2048,96,32,3805.809497833252,min_across_probe_passes,1,1,2,2,1.0,2.0,1024.0,32.0,0.0,0.0,2048.0,1.0,1.0,1.0,32.0,32.0,32.0,384.0,1.0,191.0,261120.0,255.0,144585.0,170.0,31.0
365,triton_stride_load,board_template_stride_load_pass1.json,365,2048,127,32,3984.470764795939,min_across_probe_passes,1,1,2,2,1.0,2.0,1024.0,32.0,0.0,0.0,2048.0,1.0,1.0,1.0,32.0,32.0,32.0,508.0,1.0,253.0,261121.0,256.0,130175.0,129.0,31.0
366,triton_stride_load,board_template_stride_load_pass1.json,366,2048,129,32,3972.4884827931724,min_across_probe_passes,1,1,2,2,1.0,2.0,1024.0,32.0,0.0,0.0,2048.0,1.0,1.0,1.0,32.0,32.0,32.0,516.0,1.0,257.0,261120.0,255.0,130160.0,141.0,31.0
367,triton_stride_load,board_template_stride_load_pass1.json,367,2048,160,32,3770.057121912638,min_across_probe_passes,1,1,2,2,1.0,2.0,1024.0,32.0,0.0,0.0,2048.0,1.0,1.0,1.0,32.0,32.0,32.0,640.0,1.0,319.0,261120.0,255.0,135252.0,153.0,31.0
368,triton_stride_load,board_template_stride_load_pass1.json,368,2048,192,32,3628.3723513285317,min_across_probe_passes,1,1,2,2,1.0,2.0,1024.0,32.0,0.0,0.0,2048.0,1.0,1.0,1.0,32.0,32.0,32.0,768.0,1.0,383.0,261120.0,255.0,130048.0,127.0,31.0
369,triton_stride_load,board_template_stride_load_pass1.json,369,2048,255,32,3699.39653078715,min_across_probe_passes,1,1,2,2,1.0,2.0,1024.0,32.0,0.0,0.0,2048.0,1.0,1.0,1.0,32.0,32.0,32.0,1020.0,1.0,509.0,261121.0,256.0,130069.0,131.0,31.0
370,triton_stride_store,board_template_stride_store_pass1.json,370,4,3,32,229.9188276131948,min_across_probe_passes,1,1,2,2,1.0,1.0,4.0,1.0,4.0,1.0,1.0,4.0,4.0,4.0,1.0,1.0,1.0,12.0,0.0,0.0,6.0,3.0,6.0,3.0,31.0
371,triton_stride_store,board_template_stride_store_pass2.json,371,4,5,32,230.19582529862723,min_across_probe_passes,1,1,2,2,1.0,1.0,4.0,1.0,4.0,1.0,1.0,4.0,4.0,4.0,1.0,1.0,1.0,20.0,0.0,0.0,6.0,3.0,6.0,3.0,31.0
372,triton_stride_store,board_template_stride_store_pass1.json,372,4,6,32,229.80916500091553,min_across_probe_passes,1,1,2,2,1.0,1.0,4.0,1.0,4.0,1.0,1.0,4.0,4.0,4.0,1.0,1.0,1.0,24.0,0.0,0.0,6.0,3.0,6.0,3.0,31.0
373,triton_stride_store,board_template_stride_store_pass1.json,373,4,7,32,227.4338354667028,min_across_probe_passes,1,1,2,2,1.0,1.0,4.0,1.0,4.0,1.0,1.0,4.0,4.0,4.0,1.0,1.0,1.0,28.0,0.0,0.0,6.0,3.0,6.0,3.0,31.0
374,triton_stride_store,board_template_stride_store_pass1.json,374,4,9,32,227.8896669546763,min_across_probe_passes,1,1,2,2,1.0,1.0,4.0,1.0,4.0,1.0,1.0,4.0,4.0,4.0,1.0,1.0,1.0,36.0,0.0,0.0,6.0,3.0,6.0,3.0,31.0
375,triton_stride_store,board_template_stride_store_pass2.json,375,4,10,32,228.99783154328665,min_across_probe_passes,1,1,2,2,1.0,1.0,4.0,1.0,4.0,1.0,1.0,4.0,4.0,4.0,1.0,1.0,1.0,40.0,0.0,0.0,6.0,3.0,6.0,3.0,31.0
376,triton_stride_store,board_template_stride_store_pass1.json,376,4,11,32,236.8191679318746,min_across_probe_passes,1,1,2,2,1.0,1.0,4.0,1.0,4.0,1.0,2.0,3.0,1.0,2.0,2.0,2.0,2.0,44.0,0.0,0.0,6.0,3.0,6.0,3.0,31.0
377,triton_stride_store,board_template_stride_store_pass1.json,377,4,12,32,237.72949973742166,min_across_probe_passes,1,1,2,2,1.0,1.0,4.0,1.0,4.0,1.0,2.0,3.0,1.0,2.0,2.0,2.0,2.0,48.0,0.0,0.0,6.0,3.0,6.0,3.0,31.0
378,triton_stride_store,board_template_stride_store_pass1.json,378,4,13,32,236.31800214449564,min_across_probe_passes,1,1,2,2,1.0,1.0,4.0,1.0,4.0,1.0,2.0,3.0,1.0,2.0,2.0,2.0,2.0,52.0,0.0,0.0,6.0,3.0,6.0,3.0,31.0
379,triton_stride_store,board_template_stride_store_pass1.json,379,4,14,32,238.60633373260498,min_across_probe_passes,1,1,2,2,1.0,1.0,4.0,1.0,4.0,1.0,2.0,3.0,1.0,2.0,2.0,2.0,2.0,56.0,0.0,0.0,6.0,3.0,6.0,3.0,31.0
380,triton_stride_store,board_template_stride_store_pass2.json,380,4,15,32,240.20166198412576,min_across_probe_passes,1,1,2,2,1.0,1.0,4.0,1.0,4.0,1.0,2.0,3.0,1.0,2.0,2.0,2.0,2.0,60.0,0.0,0.0,6.0,3.0,6.0,3.0,31.0
381,triton_stride_store,board_template_stride_store_pass1.json,381,4,17,32,234.80800787607828,min_across_probe_passes,1,1,2,2,1.0,1.0,4.0,1.0,4.0,1.0,2.0,2.0,2.0,2.0,2.0,2.0,2.0,68.0,0.0,0.0,6.0,3.0,6.0,3.0,31.0
382,triton_stride_store,board_template_stride_store_pass1.json,382,4,18,32,236.0835075378418,min_across_probe_passes,1,1,2,2,1.0,1.0,4.0,1.0,4.0,1.0,2.0,2.0,2.0,2.0,2.0,2.0,2.0,72.0,0.0,0.0,6.0,3.0,6.0,3.0,31.0
383,triton_stride_store,board_template_stride_store_pass1.json,383,4,19,32,243.81718039512634,min_across_probe_passes,1,1,2,2,1.0,1.0,4.0,1.0,4.0,1.0,2.0,2.0,2.0,2.0,2.0,2.0,2.0,76.0,0.0,0.0,6.0,3.0,6.0,3.0,31.0
384,triton_stride_store,board_template_stride_store_pass1.json,384,4,20,32,239.7759904464086,min_across_probe_passes,1,1,2,2,1.0,1.0,4.0,1.0,4.0,1.0,2.0,2.0,2.0,2.0,2.0,2.0,2.0,80.0,0.0,0.0,6.0,3.0,6.0,3.0,31.0
385,triton_stride_store,board_template_stride_store_pass2.json,385,4,21,32,247.54865964253744,min_across_probe_passes,1,1,2,2,1.0,1.0,4.0,1.0,4.0,1.0,2.0,2.0,2.0,2.0,2.0,2.0,2.0,84.0,0.0,0.0,6.0,3.0,6.0,3.0,31.0
386,triton_stride_store,board_template_stride_store_pass1.json,386,4,22,32,238.6524776617686,min_across_probe_passes,1,1,2,2,1.0,1.0,4.0,1.0,4.0,1.0,3.0,2.0,1.0,1.3333333333333333,3.0,3.0,3.0,88.0,0.0,0.0,6.0,3.0,6.0,3.0,31.0
387,triton_stride_store,board_template_stride_store_pass1.json,387,4,23,32,247.9543387889862,min_across_probe_passes,1,1,2,2,1.0,1.0,4.0,1.0,4.0,1.0,3.0,2.0,1.0,1.3333333333333333,3.0,3.0,3.0,92.0,0.0,0.0,6.0,3.0,6.0,3.0,31.0
388,triton_stride_store,board_template_stride_store_pass1.json,388,4,24,32,248.1949826081594,min_across_probe_passes,1,1,2,2,1.0,1.0,4.0,1.0,4.0,1.0,3.0,2.0,1.0,1.3333333333333333,3.0,3.0,3.0,96.0,0.0,0.0,6.0,3.0,6.0,3.0,31.0
389,triton_stride_store,board_template_stride_store_pass1.json,389,4,25,32,246.36202057202658,min_across_probe_passes,1,1,2,2,1.0,1.0,4.0,1.0,4.0,1.0,3.0,2.0,1.0,1.3333333333333333,3.0,3.0,3.0,100.0,0.0,0.0,6.0,3.0,6.0,3.0,31.0
390,triton_stride_store,board_template_stride_store_pass1.json,390,4,26,32,246.36016289393106,min_across_probe_passes,1,1,2,2,1.0,1.0,4.0,1.0,4.0,1.0,3.0,2.0,1.0,1.3333333333333333,3.0,3.0,3.0,104.0,0.0,0.0,6.0,3.0,6.0,3.0,31.0
391,triton_stride_store,board_template_stride_store_pass1.json,391,4,27,32,244.75116531054178,min_across_probe_passes,1,1,2,2,1.0,1.0,4.0,1.0,4.0,1.0,3.0,2.0,1.0,1.3333333333333333,3.0,3.0,3.0,108.0,0.0,0.0,6.0,3.0,6.0,3.0,31.0
392,triton_stride_store,board_template_stride_store_pass1.json,392,4,28,32,246.3755210240682,min_across_probe_passes,1,1,2,2,1.0,1.0,4.0,1.0,4.0,1.0,3.0,2.0,1.0,1.3333333333333333,3.0,3.0,3.0,112.0,0.0,0.0,6.0,3.0,6.0,3.0,31.0
393,triton_stride_store,board_template_stride_store_pass2.json,393,4,29,32,248.26449155807495,min_across_probe_passes,1,1,2,2,1.0,1.0,4.0,1.0,4.0,1.0,3.0,2.0,1.0,1.3333333333333333,3.0,3.0,3.0,116.0,0.0,0.0,6.0,3.0,6.0,3.0,31.0
394,triton_stride_store,board_template_stride_store_pass1.json,394,4,30,32,244.91482973098755,min_across_probe_passes,1,1,2,2,1.0,1.0,4.0,1.0,4.0,1.0,3.0,2.0,1.0,1.3333333333333333,3.0,3.0,3.0,120.0,0.0,0.0,6.0,3.0,6.0,3.0,31.0
395,triton_stride_store,board_template_stride_store_pass1.json,395,4,31,32,240.22099375724792,min_across_probe_passes,1,1,2,2,1.0,1.0,4.0,1.0,4.0,1.0,3.0,2.0,1.0,1.3333333333333333,3.0,3.0,3.0,124.0,0.0,0.0,6.0,3.0,6.0,3.0,31.0
396,triton_stride_store,board_template_stride_store_pass1.json,396,4,40,32,254.97233867645264,min_across_probe_passes,1,1,2,2,1.0,1.0,4.0,1.0,4.0,1.0,4.0,1.0,1.0,1.0,4.0,4.0,4.0,160.0,1.0,0.0,6.0,3.0,6.0,3.0,31.0
397,triton_stride_store,board_template_stride_store_pass1.json,397,4,48,32,253.64784399668375,min_across_probe_passes,1,1,2,2,1.0,1.0,4.0,1.0,4.0,1.0,4.0,1.0,1.0,1.0,4.0,4.0,4.0,192.0,1.0,0.0,6.0,3.0,6.0,3.0,31.0
398,triton_stride_store,board_template_stride_store_pass1.json,398,4,63,32,254.85598047574362,min_across_probe_passes,1,1,2,2,1.0,1.0,4.0,1.0,4.0,1.0,4.0,1.0,1.0,1.0,4.0,4.0,4.0,252.0,1.0,0.0,6.0,3.0,6.0,3.0,31.0
399,triton_stride_store,board_template_stride_store_pass2.json,399,4,65,32,255.93865911165872,min_across_probe_passes,1,1,2,2,1.0,1.0,4.0,1.0,4.0,1.0,4.0,1.0,1.0,1.0,4.0,4.0,4.0,260.0,1.0,0.0,6.0,3.0,6.0,3.0,31.0
400,triton_stride_store,board_template_stride_store_pass1.json,400,4,80,32,251.33350491523743,min_across_probe_passes,1,1,2,2,1.0,1.0,4.0,1.0,4.0,1.0,4.0,1.0,1.0,1.0,4.0,4.0,4.0,320.0,1.0,0.0,6.0,3.0,6.0,3.0,31.0
401,triton_stride_store,board_template_stride_store_pass1.json,401,4,96,32,244.78718638420105,min_across_probe_passes,1,1,2,2,1.0,1.0,4.0,1.0,4.0,1.0,4.0,1.0,1.0,1.0,4.0,4.0,4.0,384.0,1.0,0.0,6.0,3.0,6.0,3.0,31.0
402,triton_stride_store,board_template_stride_store_pass1.json,402,4,127,32,240.74999491373697,min_across_probe_passes,1,1,2,2,1.0,1.0,4.0,1.0,4.0,1.0,4.0,1.0,1.0,1.0,4.0,4.0,4.0,508.0,1.0,0.0,6.0,3.0,6.0,3.0,31.0
403,triton_stride_store,board_template_stride_store_pass1.json,403,4,129,32,240.3518259525299,min_across_probe_passes,1,1,2,2,1.0,1.0,4.0,1.0,4.0,1.0,4.0,1.0,1.0,1.0,4.0,4.0,4.0,516.0,1.0,0.0,6.0,3.0,6.0,3.0,31.0
404,triton_stride_store,board_template_stride_store_pass1.json,404,4,160,32,241.90166592597961,min_across_probe_passes,1,1,2,2,1.0,1.0,4.0,1.0,4.0,1.0,4.0,1.0,1.0,1.0,4.0,4.0,4.0,640.0,1.0,0.0,6.0,3.0,6.0,3.0,31.0
405,triton_stride_store,board_template_stride_store_pass1.json,405,4,192,32,239.98833696047464,min_across_probe_passes,1,1,2,2,1.0,1.0,4.0,1.0,4.0,1.0,4.0,1.0,1.0,1.0,4.0,4.0,4.0,768.0,1.0,0.0,3.0,2.0,6.0,3.0,31.0
406,triton_stride_store,board_template_stride_store_pass1.json,406,4,255,32,240.54449796676636,min_across_probe_passes,1,1,2,2,1.0,1.0,4.0,1.0,4.0,1.0,4.0,1.0,1.0,1.0,4.0,4.0,4.0,1020.0,1.0,0.0,3.0,2.0,6.0,3.0,31.0
407,triton_stride_store,board_template_stride_store_pass1.json,407,8,3,32,229.85065976778665,min_across_probe_passes,1,1,2,2,1.0,1.0,8.0,1.0,8.0,1.0,1.0,8.0,8.0,8.0,1.0,1.0,1.0,12.0,0.0,0.0,28.0,7.0,28.0,7.0,31.0
408,triton_stride_store,board_template_stride_store_pass1.json,408,8,5,32,239.70516522725424,min_across_probe_passes,1,1,2,2,1.0,1.0,8.0,1.0,8.0,1.0,2.0,7.0,1.0,4.0,2.0,2.0,2.0,20.0,0.0,0.0,28.0,7.0,28.0,7.0,31.0
409,triton_stride_store,board_template_stride_store_pass1.json,409,8,6,32,239.59567149480185,min_across_probe_passes,1,1,2,2,1.0,1.0,8.0,1.0,8.0,1.0,2.0,6.0,2.0,4.0,2.0,2.0,2.0,24.0,0.0,0.0,28.0,7.0,28.0,7.0,31.0
410,triton_stride_store,board_template_stride_store_pass1.json,410,8,7,32,233.8453233242035,min_across_probe_passes,1,1,2,2,1.0,1.0,8.0,1.0,8.0,1.0,2.0,5.0,3.0,4.0,2.0,2.0,2.0,28.0,0.0,0.0,28.0,7.0,28.0,7.0,31.0
411,triton_stride_store,board_template_stride_store_pass1.json,411,8,9,32,238.45616976420084,min_across_probe_passes,1,1,2,2,1.0,1.0,8.0,1.0,8.0,1.0,2.0,4.0,4.0,4.0,2.0,2.0,2.0,36.0,0.0,0.0,28.0,7.0,28.0,7.0,31.0
412,triton_stride_store,board_template_stride_store_pass1.json,412,8,10,32,245.12832363446554,min_across_probe_passes,1,1,2,2,1.0,1.0,8.0,1.0,8.0,1.0,3.0,4.0,1.0,2.6666666666666665,3.0,3.0,3.0,40.0,0.0,0.0,28.0,7.0,28.0,7.0,31.0
413,triton_stride_store,board_template_stride_store_pass1.json,413,8,11,32,247.73101011912027,min_across_probe_passes,1,1,2,2,1.0,1.0,8.0,1.0,8.0,1.0,3.0,3.0,2.0,2.6666666666666665,3.0,3.0,3.0,44.0,0.0,0.0,28.0,7.0,28.0,7.0,31.0
414,triton_stride_store,board_template_stride_store_pass1.json,414,8,12,32,246.54701352119446,min_across_probe_passes,1,1,2,2,1.0,1.0,8.0,1.0,8.0,1.0,3.0,3.0,2.0,2.6666666666666665,3.0,3.0,3.0,48.0,0.0,0.0,28.0,7.0,28.0,7.0,31.0
415,triton_stride_store,board_template_stride_store_pass1.json,415,8,13,32,247.21833070119223,min_across_probe_passes,1,1,2,2,1.0,1.0,8.0,1.0,8.0,1.0,3.0,3.0,2.0,2.6666666666666665,3.0,3.0,3.0,52.0,0.0,0.0,28.0,7.0,28.0,7.0,31.0
416,triton_stride_store,board_template_stride_store_pass1.json,416,8,14,32,258.0796778202057,min_across_probe_passes,1,1,2,2,1.0,1.0,8.0,1.0,8.0,1.0,4.0,3.0,1.0,2.0,4.0,4.0,4.0,56.0,0.0,0.0,28.0,7.0,28.0,7.0,31.0
417,triton_stride_store,board_template_stride_store_pass1.json,417,8,15,32,257.6281825701396,min_across_probe_passes,1,1,2,2,1.0,1.0,8.0,1.0,8.0,1.0,4.0,3.0,1.0,2.0,4.0,4.0,4.0,60.0,0.0,0.0,28.0,7.0,28.0,7.0,31.0
418,triton_stride_store,board_template_stride_store_pass2.json,418,8,17,32,255.30999898910522,min_across_probe_passes,1,1,2,2,1.0,1.0,8.0,1.0,8.0,1.0,4.0,2.0,2.0,2.0,4.0,4.0,4.0,68.0,0.0,0.0,28.0,7.0,28.0,7.0,31.0
419,triton_stride_store,board_template_stride_store_pass1.json,419,8,18,32,255.38715720176697,min_across_probe_passes,1,1,2,2,1.0,1.0,8.0,1.0,8.0,1.0,4.0,2.0,2.0,2.0,4.0,4.0,4.0,72.0,0.0,0.0,28.0,7.0,28.0,7.0,31.0
420,triton_stride_store,board_template_stride_store_pass1.json,420,8,19,32,270.85598309834796,min_across_probe_passes,1,1,2,2,1.0,1.0,8.0,1.0,8.0,1.0,5.0,2.0,1.0,1.6,5.0,5.0,5.0,76.0,0.0,0.0,28.0,7.0,28.0,7.0,31.0
421,triton_stride_store,board_template_stride_store_pass1.json,421,8,20,32,260.8719766139984,min_across_probe_passes,1,1,2,2,1.0,1.0,8.0,1.0,8.0,1.0,5.0,2.0,1.0,1.6,5.0,5.0,5.0,80.0,0.0,0.0,28.0,7.0,28.0,7.0,31.0
422,triton_stride_store,board_template_stride_store_pass2.json,422,8,21,32,274.8838464419047,min_across_probe_passes,1,1,2,2,1.0,1.0,8.0,1.0,8.0,1.0,5.0,2.0,1.0,1.6,5.0,5.0,5.0,84.0,0.0,0.0,28.0,7.0,28.0,7.0,31.0
423,triton_stride_store,board_template_stride_store_pass1.json,423,8,22,32,264.7950053215027,min_across_probe_passes,1,1,2,2,1.0,1.0,8.0,1.0,8.0,1.0,5.0,2.0,1.0,1.6,5.0,5.0,5.0,88.0,0.0,0.0,28.0,7.0,28.0,7.0,31.0
424,triton_stride_store,board_template_stride_store_pass1.json,424,8,23,32,269.64415113131207,min_across_probe_passes,1,1,2,2,1.0,1.0,8.0,1.0,8.0,1.0,6.0,2.0,1.0,1.3333333333333333,6.0,6.0,6.0,92.0,0.0,0.0,28.0,7.0,28.0,7.0,31.0
425,triton_stride_store,board_template_stride_store_pass1.json,425,8,24,32,271.1928387482961,min_across_probe_passes,1,1,2,2,1.0,1.0,8.0,1.0,8.0,1.0,6.0,2.0,1.0,1.3333333333333333,6.0,6.0,6.0,96.0,0.0,0.0,28.0,7.0,28.0,7.0,31.0
426,triton_stride_store,board_template_stride_store_pass1.json,426,8,25,32,270.4425056775411,min_across_probe_passes,1,1,2,2,1.0,1.0,8.0,1.0,8.0,1.0,6.0,2.0,1.0,1.3333333333333333,6.0,6.0,6.0,100.0,0.0,0.0,28.0,7.0,28.0,7.0,31.0
427,triton_stride_store,board_template_stride_store_pass1.json,427,8,26,32,272.6476788520813,min_across_probe_passes,1,1,2,2,1.0,1.0,8.0,1.0,8.0,1.0,6.0,2.0,1.0,1.3333333333333333,6.0,6.0,6.0,104.0,0.0,0.0,28.0,7.0,28.0,7.0,31.0
428,triton_stride_store,board_template_stride_store_pass1.json,428,8,27,32,271.9789942105611,min_across_probe_passes,1,1,2,2,1.0,1.0,8.0,1.0,8.0,1.0,6.0,2.0,1.0,1.3333333333333333,6.0,6.0,6.0,108.0,0.0,0.0,28.0,7.0,28.0,7.0,31.0
429,triton_stride_store,board_template_stride_store_pass1.json,429,8,28,32,274.0578353404999,min_across_probe_passes,1,1,2,2,1.0,1.0,8.0,1.0,8.0,1.0,7.0,2.0,1.0,1.1428571428571428,7.0,7.0,7.0,112.0,0.0,0.0,28.0,7.0,28.0,7.0,31.0
430,triton_stride_store,board_template_stride_store_pass1.json,430,8,29,32,274.2065191268921,min_across_probe_passes,1,1,2,2,1.0,1.0,8.0,1.0,8.0,1.0,7.0,2.0,1.0,1.1428571428571428,7.0,7.0,7.0,116.0,0.0,0.0,28.0,7.0,28.0,7.0,31.0
431,triton_stride_store,board_template_stride_store_pass1.json,431,8,30,32,269.49334144592285,min_across_probe_passes,1,1,2,2,1.0,1.0,8.0,1.0,8.0,1.0,7.0,2.0,1.0,1.1428571428571428,7.0,7.0,7.0,120.0,0.0,0.0,28.0,7.0,28.0,7.0,31.0
432,triton_stride_store,board_template_stride_store_pass1.json,432,8,31,32,268.4693435827891,min_across_probe_passes,1,1,2,2,1.0,1.0,8.0,1.0,8.0,1.0,7.0,2.0,1.0,1.1428571428571428,7.0,7.0,7.0,124.0,0.0,0.0,28.0,7.0,28.0,7.0,31.0
433,triton_stride_store,board_template_stride_store_pass1.json,433,8,40,32,272.88785576820374,min_across_probe_passes,1,1,2,2,1.0,1.0,8.0,1.0,8.0,1.0,8.0,1.0,1.0,1.0,8.0,8.0,8.0,160.0,1.0,0.0,28.0,7.0,28.0,7.0,31.0
434,triton_stride_store,board_template_stride_store_pass1.json,434,8,48,32,266.4620081583659,min_across_probe_passes,1,1,2,2,1.0,1.0,8.0,1.0,8.0,1.0,8.0,1.0,1.0,1.0,8.0,8.0,8.0,192.0,1.0,0.0,28.0,7.0,28.0,7.0,31.0
435,triton_stride_store,board_template_stride_store_pass1.json,435,8,63,32,260.76899965604144,min_across_probe_passes,1,1,2,2,1.0,1.0,8.0,1.0,8.0,1.0,8.0,1.0,1.0,1.0,8.0,8.0,8.0,252.0,1.0,0.0,28.0,7.0,28.0,7.0,31.0
436,triton_stride_store,board_template_stride_store_pass1.json,436,8,65,32,256.90165162086487,min_across_probe_passes,1,1,2,2,1.0,1.0,8.0,1.0,8.0,1.0,8.0,1.0,1.0,1.0,8.0,8.0,8.0,260.0,1.0,0.0,28.0,7.0,28.0,7.0,31.0
437,triton_stride_store,board_template_stride_store_pass1.json,437,8,80,32,257.5753529866536,min_across_probe_passes,1,1,2,2,1.0,1.0,8.0,1.0,8.0,1.0,8.0,1.0,1.0,1.0,8.0,8.0,8.0,320.0,1.0,0.0,21.0,6.0,28.0,7.0,31.0
438,triton_stride_store,board_template_stride_store_pass2.json,438,8,96,32,249.58532055219015,min_across_probe_passes,1,1,2,2,1.0,1.0,8.0,1.0,8.0,1.0,8.0,1.0,1.0,1.0,8.0,8.0,8.0,384.0,1.0,0.0,16.0,5.0,28.0,7.0,31.0
439,triton_stride_store,board_template_stride_store_pass2.json,439,8,127,32,251.79332494735718,min_across_probe_passes,1,1,2,2,1.0,1.0,8.0,1.0,8.0,1.0,8.0,1.0,1.0,1.0,8.0,8.0,8.0,508.0,1.0,0.0,13.0,4.0,28.0,7.0,31.0
440,triton_stride_store,board_template_stride_store_pass1.json,440,8,129,32,245.47131856282553,min_across_probe_passes,1,1,2,2,1.0,1.0,8.0,1.0,8.0,1.0,8.0,1.0,1.0,1.0,8.0,8.0,8.0,516.0,1.0,0.0,12.0,3.0,28.0,7.0,31.0
441,triton_stride_store,board_template_stride_store_pass1.json,441,8,160,32,248.61701329549155,min_across_probe_passes,1,1,2,2,1.0,1.0,8.0,1.0,8.0,1.0,8.0,1.0,1.0,1.0,8.0,8.0,8.0,640.0,1.0,1.0,9.0,3.0,28.0,7.0,31.0
442,triton_stride_store,board_template_stride_store_pass2.json,442,8,192,32,246.99848890304565,min_across_probe_passes,1,1,2,2,1.0,1.0,8.0,1.0,8.0,1.0,8.0,1.0,1.0,1.0,8.0,8.0,8.0,768.0,1.0,1.0,7.0,2.0,28.0,7.0,31.0
443,triton_stride_store,board_template_stride_store_pass1.json,443,8,255,32,244.2246675491333,min_across_probe_passes,1,1,2,2,1.0,1.0,8.0,1.0,8.0,1.0,8.0,1.0,1.0,1.0,8.0,8.0,8.0,1020.0,1.0,1.0,5.0,2.0,28.0,7.0,31.0
444,triton_stride_store,board_template_stride_store_pass2.json,444,16,3,32,238.91415695349374,min_across_probe_passes,1,1,2,2,1.0,1.0,16.0,1.0,16.0,1.0,2.0,11.0,5.0,8.0,2.0,2.0,2.0,12.0,0.0,0.0,120.0,15.0,120.0,15.0,31.0
445,triton_stride_store,board_template_stride_store_pass1.json,445,16,5,32,247.69498904546103,min_across_probe_passes,1,1,2,2,1.0,1.0,16.0,1.0,16.0,1.0,3.0,7.0,3.0,5.333333333333333,3.0,3.0,3.0,20.0,0.0,0.0,120.0,15.0,120.0,15.0,31.0
446,triton_stride_store,board_template_stride_store_pass2.json,446,16,6,32,247.2243309020996,min_across_probe_passes,1,1,2,2,1.0,1.0,16.0,1.0,16.0,1.0,3.0,6.0,5.0,5.333333333333333,3.0,3.0,3.0,24.0,0.0,0.0,120.0,15.0,120.0,15.0,31.0
447,triton_stride_store,board_template_stride_store_pass1.json,447,16,7,32,252.97951698303223,min_across_probe_passes,1,1,2,2,1.0,1.0,16.0,1.0,16.0,1.0,4.0,5.0,2.0,4.0,4.0,4.0,4.0,28.0,0.0,0.0,120.0,15.0,120.0,15.0,31.0
448,triton_stride_store,board_template_stride_store_pass1.json,448,16,9,32,260.893980662028,min_across_probe_passes,1,1,2,2,1.0,1.0,16.0,1.0,16.0,1.0,5.0,4.0,1.0,3.2,5.0,5.0,5.0,36.0,0.0,0.0,120.0,15.0,120.0,15.0,31.0
449,triton_stride_store,board_template_stride_store_pass1.json,449,16,10,32,264.63134090105694,min_across_probe_passes,1,1,2,2,1.0,1.0,16.0,1.0,16.0,1.0,5.0,4.0,3.0,3.2,5.0,5.0,5.0,40.0,0.0,0.0,120.0,15.0,120.0,15.0,31.0
450,triton_stride_store,board_template_stride_store_pass1.json,450,16,11,32,270.2063322067261,min_across_probe_passes,1,1,2,2,1.0,1.0,16.0,1.0,16.0,1.0,6.0,3.0,1.0,2.6666666666666665,6.0,6.0,6.0,44.0,0.0,0.0,120.0,15.0,120.0,15.0,31.0
451,triton_stride_store,board_template_stride_store_pass1.json,451,16,12,32,274.17351802190143,min_across_probe_passes,1,1,2,2,1.0,1.0,16.0,1.0,16.0,1.0,6.0,3.0,2.0,2.6666666666666665,6.0,6.0,6.0,48.0,0.0,0.0,120.0,15.0,120.0,15.0,31.0
452,triton_stride_store,board_template_stride_store_pass1.json,452,16,13,32,274.89182353019714,min_across_probe_passes,1,1,2,2,1.0,1.0,16.0,1.0,16.0,1.0,7.0,3.0,1.0,2.2857142857142856,7.0,7.0,7.0,52.0,0.0,0.0,120.0,15.0,120.0,15.0,31.0
453,triton_stride_store,board_template_stride_store_pass2.json,453,16,14,32,273.6009955406189,min_across_probe_passes,1,1,2,2,1.0,1.0,16.0,1.0,16.0,1.0,7.0,3.0,2.0,2.2857142857142856,7.0,7.0,7.0,56.0,0.0,0.0,120.0,15.0,120.0,15.0,31.0
454,triton_stride_store,board_template_stride_store_pass1.json,454,16,15,32,279.99916672706604,min_across_probe_passes,1,1,2,2,1.0,1.0,16.0,1.0,16.0,1.0,8.0,3.0,1.0,2.0,8.0,8.0,8.0,60.0,0.0,0.0,120.0,15.0,120.0,15.0,31.0
455,triton_stride_store,board_template_stride_store_pass1.json,455,16,17,32,277.9046793778737,min_across_probe_passes,1,1,2,2,1.0,1.0,16.0,1.0,16.0,1.0,8.0,2.0,2.0,2.0,8.0,8.0,8.0,68.0,0.0,0.0,120.0,15.0,120.0,15.0,31.0
456,triton_stride_store,board_template_stride_store_pass1.json,456,16,18,32,279.1845103104909,min_across_probe_passes,1,1,2,2,1.0,1.0,16.0,1.0,16.0,1.0,9.0,2.0,1.0,1.7777777777777777,9.0,9.0,9.0,72.0,0.0,0.0,120.0,15.0,120.0,15.0,31.0
457,triton_stride_store,board_template_stride_store_pass1.json,457,16,19,32,288.73414794603985,min_across_probe_passes,1,1,2,2,1.0,1.0,16.0,1.0,16.0,1.0,9.0,2.0,1.0,1.7777777777777777,9.0,9.0,9.0,76.0,0.0,0.0,120.0,15.0,120.0,15.0,31.0
458,triton_stride_store,board_template_stride_store_pass1.json,458,16,20,32,279.3496648470561,min_across_probe_passes,1,1,2,2,1.0,1.0,16.0,1.0,16.0,1.0,10.0,2.0,1.0,1.6,10.0,10.0,10.0,80.0,0.0,0.0,120.0,15.0,120.0,15.0,31.0
459,triton_stride_store,board_template_stride_store_pass1.json,459,16,21,32,287.31651107470196,min_across_probe_passes,1,1,2,2,1.0,1.0,16.0,1.0,16.0,1.0,10.0,2.0,1.0,1.6,10.0,10.0,10.0,84.0,0.0,0.0,120.0,15.0,120.0,15.0,31.0
460,triton_stride_store,board_template_stride_store_pass1.json,460,16,22,32,276.6195038954417,min_across_probe_passes,1,1,2,2,1.0,1.0,16.0,1.0,16.0,1.0,11.0,2.0,1.0,1.4545454545454546,11.0,11.0,11.0,88.0,0.0,0.0,120.0,15.0,120.0,15.0,31.0
461,triton_stride_store,board_template_stride_store_pass1.json,461,16,23,32,279.21901146570843,min_across_probe_passes,1,1,2,2,1.0,1.0,16.0,1.0,16.0,1.0,11.0,2.0,1.0,1.4545454545454546,11.0,11.0,11.0,92.0,0.0,0.0,120.0,15.0,120.0,15.0,31.0
462,triton_stride_store,board_template_stride_store_pass1.json,462,16,24,32,281.1846633752187,min_across_probe_passes,1,1,2,2,1.0,1.0,16.0,1.0,16.0,1.0,12.0,2.0,1.0,1.3333333333333333,12.0,12.0,12.0,96.0,0.0,0.0,120.0,15.0,120.0,15.0,31.0
463,triton_stride_store,board_template_stride_store_pass1.json,463,16,25,32,282.4855148792267,min_across_probe_passes,1,1,2,2,1.0,1.0,16.0,1.0,16.0,1.0,12.0,2.0,1.0,1.3333333333333333,12.0,12.0,12.0,100.0,0.0,0.0,120.0,15.0,120.0,15.0,31.0
464,triton_stride_store,board_template_stride_store_pass1.json,464,16,26,32,283.2251489162445,min_across_probe_passes,1,1,2,2,1.0,1.0,16.0,1.0,16.0,1.0,13.0,2.0,1.0,1.2307692307692308,13.0,13.0,13.0,104.0,0.0,0.0,120.0,15.0,120.0,15.0,31.0
465,triton_stride_store,board_template_stride_store_pass1.json,465,16,27,32,282.47901797294617,min_across_probe_passes,1,1,2,2,1.0,1.0,16.0,1.0,16.0,1.0,13.0,2.0,1.0,1.2307692307692308,13.0,13.0,13.0,108.0,0.0,0.0,120.0,15.0,120.0,15.0,31.0
466,triton_stride_store,board_template_stride_store_pass1.json,466,16,28,32,284.71649686495465,min_across_probe_passes,1,1,2,2,1.0,1.0,16.0,1.0,16.0,1.0,14.0,2.0,1.0,1.1428571428571428,14.0,14.0,14.0,112.0,0.0,0.0,120.0,15.0,120.0,15.0,31.0
467,triton_stride_store,board_template_stride_store_pass1.json,467,16,29,32,281.5123498439789,min_across_probe_passes,1,1,2,2,1.0,1.0,16.0,1.0,16.0,1.0,14.0,2.0,1.0,1.1428571428571428,14.0,14.0,14.0,116.0,0.0,0.0,120.0,15.0,120.0,15.0,31.0
468,triton_stride_store,board_template_stride_store_pass1.json,468,16,30,32,280.66866596539813,min_across_probe_passes,1,1,2,2,1.0,1.0,16.0,1.0,16.0,1.0,15.0,2.0,1.0,1.0666666666666667,15.0,15.0,15.0,120.0,0.0,0.0,120.0,15.0,120.0,15.0,31.0
469,triton_stride_store,board_template_stride_store_pass1.json,469,16,31,32,282.9631765683492,min_across_probe_passes,1,1,2,2,1.0,1.0,16.0,1.0,16.0,1.0,15.0,2.0,1.0,1.0666666666666667,15.0,15.0,15.0,124.0,0.0,0.0,120.0,15.0,120.0,15.0,31.0
470,triton_stride_store,board_template_stride_store_pass1.json,470,16,40,32,273.4256486097972,min_across_probe_passes,1,1,2,2,1.0,1.0,16.0,1.0,16.0,1.0,16.0,1.0,1.0,1.0,16.0,16.0,16.0,160.0,1.0,0.0,81.0,12.0,120.0,15.0,31.0
471,triton_stride_store,board_template_stride_store_pass1.json,471,16,48,32,279.62101499239606,min_across_probe_passes,1,1,2,2,1.0,1.0,16.0,1.0,16.0,1.0,16.0,1.0,1.0,1.0,16.0,16.0,16.0,192.0,1.0,0.0,65.0,10.0,120.0,15.0,31.0
472,triton_stride_store,board_template_stride_store_pass2.json,472,16,63,32,269.9146767457326,min_across_probe_passes,1,1,2,2,1.0,1.0,16.0,1.0,16.0,1.0,16.0,1.0,1.0,1.0,16.0,16.0,16.0,252.0,1.0,0.0,57.0,8.0,120.0,15.0,31.0
473,triton_stride_store,board_template_stride_store_pass2.json,473,16,65,32,270.212322473526,min_across_probe_passes,1,1,2,2,1.0,1.0,16.0,1.0,16.0,1.0,16.0,1.0,1.0,1.0,16.0,16.0,16.0,260.0,1.0,0.0,56.0,7.0,120.0,15.0,31.0
474,triton_stride_store,board_template_stride_store_pass2.json,474,16,80,32,479.64266935984296,min_across_probe_passes,0,1,2,0,1.0,1.0,16.0,1.0,16.0,1.0,16.0,1.0,1.0,1.0,16.0,16.0,16.0,320.0,1.0,1.0,39.0,6.0,120.0,15.0,31.0
475,triton_stride_store,board_template_stride_store_pass1.json,475,16,96,32,481.706827878952,min_across_probe_passes,0,1,2,0,1.0,1.0,16.0,1.0,16.0,1.0,16.0,1.0,1.0,1.0,16.0,16.0,16.0,384.0,1.0,1.0,35.0,5.0,120.0,15.0,31.0
476,triton_stride_store,board_template_stride_store_pass1.json,476,16,127,32,483.6414108673731,min_across_probe_passes,0,1,2,0,1.0,1.0,16.0,1.0,16.0,1.0,16.0,1.0,1.0,1.0,16.0,16.0,16.0,508.0,1.0,1.0,25.0,4.0,120.0,15.0,31.0
477,triton_stride_store,board_template_stride_store_pass1.json,477,16,129,32,475.14189779758453,min_across_probe_passes,0,1,2,0,1.0,1.0,16.0,1.0,16.0,1.0,16.0,1.0,1.0,1.0,16.0,16.0,16.0,516.0,1.0,1.0,24.0,3.0,120.0,15.0,31.0
478,triton_stride_store,board_template_stride_store_pass1.json,478,16,160,32,476.4661639928818,min_across_probe_passes,0,1,2,0,1.0,1.0,16.0,1.0,16.0,1.0,16.0,1.0,1.0,1.0,16.0,16.0,16.0,640.0,1.0,2.0,18.0,3.0,120.0,15.0,31.0
479,triton_stride_store,board_template_stride_store_pass1.json,479,16,192,32,454.1536519924799,min_across_probe_passes,0,1,2,0,1.0,1.0,16.0,1.0,16.0,1.0,16.0,1.0,1.0,1.0,16.0,16.0,16.0,768.0,1.0,2.0,14.0,2.0,120.0,15.0,31.0
480,triton_stride_store,board_template_stride_store_pass1.json,480,16,255,32,387.1391713619232,min_across_probe_passes,1,1,2,1,1.0,1.0,16.0,1.0,16.0,1.0,16.0,1.0,1.0,1.0,16.0,16.0,16.0,1020.0,1.0,3.0,9.0,2.0,120.0,15.0,31.0
481,triton_stride_store,board_template_stride_store_pass1.json,481,32,3,32,221.10716005166373,min_across_probe_passes,1,1,2,2,1.0,1.0,32.0,1.0,32.0,1.0,3.0,11.0,10.0,10.666666666666666,3.0,3.0,3.0,12.0,0.0,0.0,496.0,31.0,496.0,31.0,31.0
482,triton_stride_store,board_template_stride_store_pass1.json,482,32,5,32,241.6963279247284,min_across_probe_passes,1,1,2,2,1.0,1.0,32.0,1.0,32.0,1.0,5.0,7.0,6.0,6.4,5.0,5.0,5.0,20.0,0.0,0.0,496.0,31.0,496.0,31.0,31.0
483,triton_stride_store,board_template_stride_store_pass1.json,483,32,6,32,250.1564919948578,min_across_probe_passes,1,1,2,2,1.0,1.0,32.0,1.0,32.0,1.0,6.0,6.0,5.0,5.333333333333333,6.0,6.0,6.0,24.0,0.0,0.0,496.0,31.0,496.0,31.0,31.0
484,triton_stride_store,board_template_stride_store_pass1.json,484,32,7,32,249.62914983431497,min_across_probe_passes,1,1,2,2,1.0,1.0,32.0,1.0,32.0,1.0,7.0,5.0,4.0,4.571428571428571,7.0,7.0,7.0,28.0,0.0,0.0,496.0,31.0,496.0,31.0,31.0
485,triton_stride_store,board_template_stride_store_pass1.json,485,32,9,32,256.97683294614154,min_across_probe_passes,1,1,2,2,1.0,1.0,32.0,1.0,32.0,1.0,9.0,4.0,3.0,3.5555555555555554,9.0,9.0,9.0,36.0,0.0,0.0,496.0,31.0,496.0,31.0,31.0
486,triton_stride_store,board_template_stride_store_pass1.json,486,32,10,32,253.44415505727133,min_across_probe_passes,1,1,2,2,1.0,1.0,32.0,1.0,32.0,1.0,10.0,4.0,3.0,3.2,10.0,10.0,10.0,40.0,0.0,0.0,496.0,31.0,496.0,31.0,31.0
487,triton_stride_store,board_template_stride_store_pass1.json,487,32,11,32,255.98984956741333,min_across_probe_passes,1,1,2,2,1.0,1.0,32.0,1.0,32.0,1.0,11.0,3.0,2.0,2.909090909090909,11.0,11.0,11.0,44.0,0.0,0.0,496.0,31.0,496.0,31.0,31.0
488,triton_stride_store,board_template_stride_store_pass2.json,488,32,12,32,258.5270007451375,min_across_probe_passes,1,1,2,2,1.0,1.0,32.0,1.0,32.0,1.0,12.0,3.0,2.0,2.6666666666666665,12.0,12.0,12.0,48.0,0.0,0.0,496.0,31.0,496.0,31.0,31.0
489,triton_stride_store,board_template_stride_store_pass1.json,489,32,13,32,257.0974926153819,min_across_probe_passes,1,1,2,2,1.0,1.0,32.0,1.0,32.0,1.0,13.0,3.0,2.0,2.4615384615384617,13.0,13.0,13.0,52.0,0.0,0.0,496.0,31.0,496.0,31.0,31.0
490,triton_stride_store,board_template_stride_store_pass1.json,490,32,14,32,259.73817706108093,min_across_probe_passes,1,1,2,2,1.0,1.0,32.0,1.0,32.0,1.0,14.0,3.0,2.0,2.2857142857142856,14.0,14.0,14.0,56.0,0.0,0.0,496.0,31.0,496.0,31.0,31.0
491,triton_stride_store,board_template_stride_store_pass1.json,491,32,15,32,261.85233394304913,min_across_probe_passes,1,1,2,2,1.0,1.0,32.0,1.0,32.0,1.0,15.0,3.0,2.0,2.1333333333333333,15.0,15.0,15.0,60.0,0.0,0.0,496.0,31.0,496.0,31.0,31.0
492,triton_stride_store,board_template_stride_store_pass1.json,492,32,17,32,264.4478380680084,min_across_probe_passes,1,1,2,2,1.0,1.0,32.0,1.0,32.0,1.0,17.0,2.0,1.0,1.8823529411764706,17.0,17.0,17.0,68.0,0.0,0.0,465.0,30.0,496.0,31.0,31.0
493,triton_stride_store,board_template_stride_store_pass1.json,493,32,18,32,266.6430175304413,min_across_probe_passes,1,1,2,2,1.0,1.0,32.0,1.0,32.0,1.0,18.0,2.0,1.0,1.7777777777777777,18.0,18.0,18.0,72.0,0.0,0.0,409.0,28.0,496.0,31.0,31.0
494,triton_stride_store,board_template_stride_store_pass1.json,494,32,19,32,279.6126802762349,min_across_probe_passes,1,1,2,2,1.0,1.0,32.0,1.0,32.0,1.0,19.0,2.0,1.0,1.6842105263157894,19.0,19.0,19.0,76.0,0.0,0.0,361.0,26.0,496.0,31.0,31.0
495,triton_stride_store,board_template_stride_store_pass1.json,495,32,20,32,266.319344441096,min_across_probe_passes,1,1,2,2,1.0,1.0,32.0,1.0,32.0,1.0,20.0,2.0,1.0,1.6,20.0,20.0,20.0,80.0,0.0,0.0,340.0,25.0,496.0,31.0,31.0
496,triton_stride_store,board_template_stride_store_pass1.json,496,32,21,32,278.51850787798566,min_across_probe_passes,1,1,2,2,1.0,1.0,32.0,1.0,32.0,1.0,21.0,2.0,1.0,1.5238095238095237,21.0,21.0,21.0,84.0,0.0,0.0,321.0,24.0,496.0,31.0,31.0
497,triton_stride_store,board_template_stride_store_pass1.json,497,32,22,32,270.15583713849384,min_across_probe_passes,1,1,2,2,1.0,1.0,32.0,1.0,32.0,1.0,22.0,2.0,1.0,1.4545454545454546,22.0,22.0,22.0,88.0,0.0,0.0,304.0,23.0,496.0,31.0,31.0
498,triton_stride_store,board_template_stride_store_pass1.json,498,32,23,32,270.2236771583557,min_across_probe_passes,1,1,2,2,1.0,1.0,32.0,1.0,32.0,1.0,23.0,2.0,1.0,1.391304347826087,23.0,23.0,23.0,92.0,0.0,0.0,289.0,22.0,496.0,31.0,31.0
499,triton_stride_store,board_template_stride_store_pass1.json,499,32,24,32,270.93316117922467,min_across_probe_passes,1,1,2,2,1.0,1.0,32.0,1.0,32.0,1.0,24.0,2.0,1.0,1.3333333333333333,24.0,24.0,24.0,96.0,0.0,0.0,276.0,21.0,496.0,31.0,31.0
500,triton_stride_store,board_template_stride_store_pass1.json,500,32,25,32,274.5026648044586,min_across_probe_passes,1,1,2,2,1.0,1.0,32.0,1.0,32.0,1.0,25.0,2.0,1.0,1.28,25.0,25.0,25.0,100.0,0.0,0.0,265.0,20.0,496.0,31.0,31.0
501,triton_stride_store,board_template_stride_store_pass1.json,501,32,26,32,270.425150791804,min_across_probe_passes,1,1,2,2,1.0,1.0,32.0,1.0,32.0,1.0,26.0,2.0,1.0,1.2307692307692308,26.0,26.0,26.0,104.0,0.0,0.0,256.0,19.0,496.0,31.0,31.0
502,triton_stride_store,board_template_stride_store_pass1.json,502,32,27,32,277.56168444951373,min_across_probe_passes,1,1,2,2,1.0,1.0,32.0,1.0,32.0,1.0,27.0,2.0,1.0,1.1851851851851851,27.0,27.0,27.0,108.0,0.0,0.0,249.0,18.0,496.0,31.0,31.0
503,triton_stride_store,board_template_stride_store_pass1.json,503,32,28,32,277.7320146560669,min_across_probe_passes,1,1,2,2,1.0,1.0,32.0,1.0,32.0,1.0,28.0,2.0,1.0,1.1428571428571428,28.0,28.0,28.0,112.0,0.0,0.0,249.0,18.0,496.0,31.0,31.0
504,triton_stride_store,board_template_stride_store_pass1.json,504,32,29,32,278.6581615606944,min_across_probe_passes,1,1,2,2,1.0,1.0,32.0,1.0,32.0,1.0,29.0,2.0,1.0,1.103448275862069,29.0,29.0,29.0,116.0,0.0,0.0,244.0,17.0,496.0,31.0,31.0
505,triton_stride_store,board_template_stride_store_pass1.json,505,32,30,32,279.97734149297077,min_across_probe_passes,1,1,2,2,1.0,1.0,32.0,1.0,32.0,1.0,30.0,2.0,1.0,1.0666666666666667,30.0,30.0,30.0,120.0,0.0,0.0,244.0,17.0,496.0,31.0,31.0
506,triton_stride_store,board_template_stride_store_pass1.json,506,32,31,32,280.2005112171173,min_across_probe_passes,1,1,2,2,1.0,1.0,32.0,1.0,32.0,1.0,31.0,2.0,1.0,1.032258064516129,31.0,31.0,31.0,124.0,0.0,0.0,241.0,16.0,496.0,31.0,31.0
507,triton_stride_store,board_template_stride_store_pass2.json,507,32,40,32,532.8140060106913,min_across_probe_passes,0,1,2,0,1.0,1.0,32.0,1.0,32.0,1.0,32.0,1.0,1.0,1.0,32.0,32.0,32.0,160.0,1.0,1.0,171.0,12.0,496.0,31.0,31.0
508,triton_stride_store,board_template_stride_store_pass1.json,508,32,48,32,511.7716689904531,min_across_probe_passes,0,1,2,0,1.0,1.0,32.0,1.0,32.0,1.0,32.0,1.0,1.0,1.0,32.0,32.0,32.0,192.0,1.0,1.0,155.0,10.0,496.0,31.0,31.0
509,triton_stride_store,board_template_stride_store_pass1.json,509,32,63,32,518.3924982945124,min_across_probe_passes,0,1,2,0,1.0,1.0,32.0,1.0,32.0,1.0,32.0,1.0,1.0,1.0,32.0,32.0,32.0,252.0,1.0,1.0,113.0,8.0,496.0,31.0,31.0
510,triton_stride_store,board_template_stride_store_pass1.json,510,32,65,32,507.4034035205841,min_across_probe_passes,0,1,2,0,1.0,1.0,32.0,1.0,32.0,1.0,32.0,1.0,1.0,1.0,32.0,32.0,32.0,260.0,1.0,1.0,112.0,7.0,496.0,31.0,31.0
511,triton_stride_store,board_template_stride_store_pass1.json,511,32,80,32,495.20192046960193,min_across_probe_passes,0,1,2,0,1.0,1.0,32.0,1.0,32.0,1.0,32.0,1.0,1.0,1.0,32.0,32.0,32.0,320.0,1.0,2.0,87.0,6.0,496.0,31.0,31.0
512,triton_stride_store,board_template_stride_store_pass1.json,512,32,96,32,487.5880032777786,min_across_probe_passes,0,1,2,0,1.0,1.0,32.0,1.0,32.0,1.0,32.0,1.0,1.0,1.0,32.0,32.0,32.0,384.0,1.0,2.0,70.0,5.0,496.0,31.0,31.0
513,triton_stride_store,board_template_stride_store_pass1.json,513,32,127,32,477.64524320761365,min_across_probe_passes,0,1,2,0,1.0,1.0,32.0,1.0,32.0,1.0,32.0,1.0,1.0,1.0,32.0,32.0,32.0,508.0,1.0,3.0,49.0,4.0,496.0,31.0,31.0
514,triton_stride_store,board_template_stride_store_pass1.json,514,32,129,32,456.1550219853719,min_across_probe_passes,1,1,2,1,1.0,1.0,32.0,1.0,32.0,1.0,32.0,1.0,1.0,1.0,32.0,32.0,32.0,516.0,1.0,3.0,48.0,3.0,496.0,31.0,31.0
515,triton_stride_store,board_template_stride_store_pass1.json,515,32,160,32,511.8875056505203,min_across_probe_passes,0,1,2,0,1.0,1.0,32.0,1.0,32.0,1.0,32.0,1.0,1.0,1.0,32.0,32.0,32.0,640.0,1.0,4.0,57.0,6.0,496.0,31.0,31.0
516,triton_stride_store,board_template_stride_store_pass1.json,516,32,192,32,510.1286619901657,min_across_probe_passes,0,1,2,0,1.0,1.0,32.0,1.0,32.0,1.0,32.0,1.0,1.0,1.0,32.0,32.0,32.0,768.0,1.0,5.0,55.0,5.0,496.0,31.0,31.0
517,triton_stride_store,board_template_stride_store_pass1.json,517,32,255,32,476.12493236859643,min_across_probe_passes,0,1,2,0,1.0,1.0,32.0,1.0,32.0,1.0,32.0,1.0,1.0,1.0,32.0,32.0,32.0,1020.0,1.0,7.0,49.0,4.0,496.0,31.0,31.0
518,triton_stride_store,board_template_stride_store_pass1.json,518,64,3,32,248.84932239850363,min_across_probe_passes,1,1,2,2,1.0,1.0,64.0,2.0,64.0,1.0,6.0,11.0,10.0,10.666666666666666,3.0,3.0,3.0,12.0,0.0,0.0,2016.0,63.0,2016.0,63.0,31.0
519,triton_stride_store,board_template_stride_store_pass1.json,519,64,5,32,255.1645040512085,min_across_probe_passes,1,1,2,2,1.0,1.0,64.0,2.0,64.0,1.0,10.0,7.0,6.0,6.4,5.0,5.0,5.0,20.0,0.0,0.0,2016.0,63.0,2016.0,63.0,31.0
520,triton_stride_store,board_template_stride_store_pass1.json,520,64,6,32,259.08932089805603,min_across_probe_passes,1,1,2,2,1.0,1.0,64.0,2.0,64.0,1.0,12.0,6.0,5.0,5.333333333333333,6.0,6.0,6.0,24.0,0.0,0.0,2016.0,63.0,2016.0,63.0,31.0
521,triton_stride_store,board_template_stride_store_pass1.json,521,64,7,32,262.6985013484955,min_across_probe_passes,1,1,2,2,1.0,1.0,64.0,2.0,64.0,1.0,14.0,5.0,4.0,4.571428571428571,7.0,7.0,7.0,28.0,0.0,0.0,2016.0,63.0,2016.0,63.0,31.0
522,triton_stride_store,board_template_stride_store_pass1.json,522,64,9,32,264.78464404741925,min_across_probe_passes,1,1,2,2,1.0,1.0,64.0,2.0,64.0,1.0,18.0,4.0,3.0,3.5555555555555554,9.0,9.0,9.0,36.0,0.0,0.0,1617.0,56.0,2016.0,63.0,31.0
523,triton_stride_store,board_template_stride_store_pass1.json,523,64,10,32,268.42084527015686,min_across_probe_passes,1,1,2,2,1.0,1.0,64.0,2.0,64.0,1.0,20.0,4.0,3.0,3.2,10.0,10.0,10.0,40.0,0.0,0.0,1392.0,51.0,2016.0,63.0,31.0
524,triton_stride_store,board_template_stride_store_pass1.json,524,64,11,32,268.5748239358266,min_across_probe_passes,1,1,2,2,1.0,1.0,64.0,2.0,64.0,1.0,22.0,3.0,2.0,2.909090909090909,11.0,11.0,11.0,44.0,0.0,0.0,1217.0,46.0,2016.0,63.0,31.0
525,triton_stride_store,board_template_stride_store_pass1.json,525,64,12,32,272.2606559594472,min_across_probe_passes,1,1,2,2,1.0,1.0,64.0,2.0,64.0,1.0,24.0,3.0,2.0,2.6666666666666665,12.0,12.0,12.0,48.0,0.0,0.0,1113.0,42.0,2016.0,63.0,31.0
526,triton_stride_store,board_template_stride_store_pass1.json,526,64,13,32,277.60250369707745,min_across_probe_passes,1,1,2,2,1.0,1.0,64.0,2.0,64.0,1.0,26.0,3.0,2.0,2.4615384615384617,13.0,13.0,13.0,52.0,0.0,0.0,1056.0,39.0,2016.0,63.0,31.0
527,triton_stride_store,board_template_stride_store_pass1.json,527,64,14,32,276.2923340002696,min_across_probe_passes,1,1,2,2,1.0,1.0,64.0,2.0,64.0,1.0,28.0,3.0,2.0,2.2857142857142856,14.0,14.0,14.0,56.0,0.0,0.0,1017.0,36.0,2016.0,63.0,31.0
528,triton_stride_store,board_template_stride_store_pass1.json,528,64,15,32,280.19000093142193,min_across_probe_passes,1,1,2,2,1.0,1.0,64.0,2.0,64.0,1.0,30.0,3.0,2.0,2.1333333333333333,15.0,15.0,15.0,60.0,0.0,0.0,1001.0,34.0,2016.0,63.0,31.0
529,triton_stride_store,board_template_stride_store_pass2.json,529,64,17,32,716.1698142687479,min_across_probe_passes,0,1,2,0,1.0,1.0,64.0,2.0,64.0,1.0,34.0,2.0,1.0,1.8823529411764706,17.0,17.0,17.0,68.0,0.0,1.0,903.0,30.0,2016.0,63.0,31.0
530,triton_stride_store,board_template_stride_store_pass2.json,530,64,18,32,1000.6788671016693,min_across_probe_passes,0,1,2,0,1.0,1.0,64.0,2.0,64.0,1.0,36.0,2.0,1.0,1.7777777777777777,18.0,18.0,18.0,72.0,0.0,1.0,805.0,28.0,2016.0,63.0,31.0
531,triton_stride_store,board_template_stride_store_pass1.json,531,64,19,32,560.7422540585201,min_across_probe_passes,0,1,2,0,1.0,1.0,64.0,2.0,64.0,1.0,38.0,2.0,1.0,1.6842105263157894,19.0,19.0,19.0,76.0,0.0,1.0,747.0,26.0,2016.0,63.0,31.0
532,triton_stride_store,board_template_stride_store_pass1.json,532,64,20,32,541.7710840702057,min_across_probe_passes,0,1,2,0,1.0,1.0,64.0,2.0,64.0,1.0,40.0,2.0,1.0,1.6,20.0,20.0,20.0,80.0,0.0,1.0,716.0,25.0,2016.0,63.0,31.0
533,triton_stride_store,board_template_stride_store_pass2.json,533,64,21,32,580.262690782547,min_across_probe_passes,0,1,2,0,1.0,1.0,64.0,2.0,64.0,1.0,42.0,2.0,1.0,1.5238095238095237,21.0,21.0,21.0,84.0,0.0,1.0,681.0,24.0,2016.0,63.0,31.0
534,triton_stride_store,board_template_stride_store_pass1.json,534,64,22,32,602.4949947992961,min_across_probe_passes,0,1,2,0,1.0,1.0,64.0,2.0,64.0,1.0,44.0,2.0,1.0,1.4545454545454546,22.0,22.0,22.0,88.0,0.0,1.0,665.0,23.0,2016.0,63.0,31.0
535,triton_stride_store,board_template_stride_store_pass1.json,535,64,23,32,538.6679271856943,min_across_probe_passes,0,1,2,0,1.0,1.0,64.0,2.0,64.0,1.0,46.0,2.0,1.0,1.391304347826087,23.0,23.0,23.0,92.0,0.0,1.0,655.0,22.0,2016.0,63.0,31.0
536,triton_stride_store,board_template_stride_store_pass1.json,536,64,24,32,536.8456492821375,min_across_probe_passes,0,1,2,0,1.0,1.0,64.0,2.0,64.0,1.0,48.0,2.0,1.0,1.3333333333333333,24.0,24.0,24.0,96.0,0.0,1.0,651.0,21.0,2016.0,63.0,31.0
537,triton_stride_store,board_template_stride_store_pass2.json,537,64,25,32,558.2041641076406,min_across_probe_passes,0,1,2,0,1.0,1.0,64.0,2.0,64.0,1.0,50.0,2.0,1.0,1.28,25.0,25.0,25.0,100.0,0.0,1.0,611.0,20.0,2016.0,63.0,31.0
538,triton_stride_store,board_template_stride_store_pass1.json,538,64,26,32,593.7121758858364,min_across_probe_passes,0,1,2,0,1.0,1.0,64.0,2.0,64.0,1.0,52.0,2.0,1.0,1.2307692307692308,26.0,26.0,26.0,104.0,0.0,1.0,576.0,19.0,2016.0,63.0,31.0
539,triton_stride_store,board_template_stride_store_pass1.json,539,64,27,32,547.3864277203877,min_across_probe_passes,0,1,2,0,1.0,1.0,64.0,2.0,64.0,1.0,54.0,2.0,1.0,1.1851851851851851,27.0,27.0,27.0,108.0,0.0,1.0,534.0,18.0,2016.0,63.0,31.0
540,triton_stride_store,board_template_stride_store_pass1.json,540,64,28,32,547.5816677014034,min_across_probe_passes,0,1,2,0,1.0,1.0,64.0,2.0,64.0,1.0,56.0,2.0,1.0,1.1428571428571428,28.0,28.0,28.0,112.0,0.0,1.0,513.0,18.0,2016.0,63.0,31.0
541,triton_stride_store,board_template_stride_store_pass2.json,541,64,29,32,627.5170346101125,min_across_probe_passes,0,1,2,0,1.0,1.0,64.0,2.0,64.0,1.0,58.0,2.0,1.0,1.103448275862069,29.0,29.0,29.0,116.0,0.0,1.0,497.0,17.0,2016.0,63.0,31.0
542,triton_stride_store,board_template_stride_store_pass1.json,542,64,30,32,710.2003196875255,min_across_probe_passes,0,1,2,0,1.0,1.0,64.0,2.0,64.0,1.0,60.0,2.0,1.0,1.0666666666666667,30.0,30.0,30.0,120.0,0.0,1.0,491.0,17.0,2016.0,63.0,31.0
543,triton_stride_store,board_template_stride_store_pass1.json,543,64,31,32,573.9853431781133,min_across_probe_passes,0,1,2,0,1.0,1.0,64.0,2.0,64.0,1.0,62.0,2.0,1.0,1.032258064516129,31.0,31.0,31.0,124.0,0.0,1.0,483.0,16.0,2016.0,63.0,31.0
544,triton_stride_store,board_template_stride_store_pass1.json,544,64,40,32,540.2198433876038,min_across_probe_passes,1,1,2,1,1.0,1.0,64.0,2.0,64.0,1.0,64.0,1.0,1.0,1.0,32.0,32.0,32.0,160.0,1.0,2.0,378.0,12.0,2016.0,63.0,31.0
545,triton_stride_store,board_template_stride_store_pass1.json,545,64,48,32,514.6788358688354,min_across_probe_passes,1,1,2,1,1.0,1.0,64.0,2.0,64.0,1.0,64.0,1.0,1.0,1.0,32.0,32.0,32.0,192.0,1.0,2.0,310.0,10.0,2016.0,63.0,31.0
546,triton_stride_store,board_template_stride_store_pass1.json,546,64,63,32,523.7244864304861,min_across_probe_passes,1,1,2,1,1.0,1.0,64.0,2.0,64.0,1.0,64.0,1.0,1.0,1.0,32.0,32.0,32.0,252.0,1.0,3.0,225.0,8.0,2016.0,63.0,31.0
547,triton_stride_store,board_template_stride_store_pass1.json,547,64,65,32,524.49631690979,min_across_probe_passes,1,1,2,1,1.0,1.0,64.0,2.0,64.0,1.0,64.0,1.0,1.0,1.0,32.0,32.0,32.0,260.0,1.0,3.0,224.0,7.0,2016.0,63.0,31.0
548,triton_stride_store,board_template_stride_store_pass1.json,548,64,80,32,566.5662388006846,min_across_probe_passes,0,1,2,0,1.0,1.0,64.0,2.0,64.0,1.0,64.0,1.0,1.0,1.0,32.0,32.0,32.0,320.0,1.0,4.0,252.0,12.0,2016.0,63.0,31.0
549,triton_stride_store,board_template_stride_store_pass1.json,549,64,96,32,563.7073318163555,min_across_probe_passes,0,1,2,0,1.0,1.0,64.0,2.0,64.0,1.0,64.0,1.0,1.0,1.0,32.0,32.0,32.0,384.0,1.0,5.0,255.0,10.0,2016.0,63.0,31.0
550,triton_stride_store,board_template_stride_store_pass1.json,550,64,127,32,539.5950078964233,min_across_probe_passes,1,1,2,1,1.0,1.0,64.0,2.0,64.0,1.0,64.0,1.0,1.0,1.0,32.0,32.0,32.0,508.0,1.0,7.0,225.0,8.0,2016.0,63.0,31.0
551,triton_stride_store,board_template_stride_store_pass1.json,551,64,129,32,534.6264938513438,min_across_probe_passes,1,1,2,1,1.0,1.0,64.0,2.0,64.0,1.0,64.0,1.0,1.0,1.0,32.0,32.0,32.0,516.0,1.0,7.0,224.0,7.0,2016.0,63.0,31.0
552,triton_stride_store,board_template_stride_store_pass1.json,552,64,160,32,547.9882409175236,min_across_probe_passes,0,1,2,0,1.0,1.0,64.0,2.0,64.0,1.0,64.0,1.0,1.0,1.0,32.0,32.0,32.0,640.0,1.0,9.0,234.0,9.0,1392.0,51.0,31.0
553,triton_stride_store,board_template_stride_store_pass1.json,553,64,192,32,536.6061627864838,min_across_probe_passes,1,1,2,1,1.0,1.0,64.0,2.0,64.0,1.0,64.0,1.0,1.0,1.0,32.0,32.0,32.0,768.0,1.0,11.0,224.0,7.0,1113.0,42.0,31.0
554,triton_stride_store,board_template_stride_store_pass1.json,554,64,255,32,534.6445143222809,min_across_probe_passes,0,1,2,0,1.0,1.0,64.0,2.0,64.0,1.0,64.0,1.0,1.0,1.0,32.0,32.0,32.0,1020.0,1.0,15.0,225.0,8.0,993.0,32.0,31.0
555,triton_stride_store,board_template_stride_store_pass1.json,555,128,3,32,256.46000107129413,min_across_probe_passes,1,1,2,2,1.0,1.0,128.0,4.0,128.0,1.0,12.0,11.0,10.0,10.666666666666666,3.0,3.0,3.0,12.0,0.0,0.0,8128.0,127.0,8128.0,127.0,31.0
556,triton_stride_store,board_template_stride_store_pass1.json,556,128,5,32,269.67133084932965,min_across_probe_passes,1,1,2,2,1.0,1.0,128.0,4.0,128.0,1.0,20.0,7.0,6.0,6.4,5.0,5.0,5.0,20.0,0.0,0.0,5553.0,102.0,8128.0,127.0,31.0
557,triton_stride_store,board_template_stride_store_pass1.json,557,128,6,32,273.93635114034015,min_across_probe_passes,1,1,2,2,1.0,1.0,128.0,4.0,128.0,1.0,24.0,6.0,5.0,5.333333333333333,6.0,6.0,6.0,24.0,0.0,0.0,4516.0,85.0,8128.0,127.0,31.0
558,triton_stride_store,board_template_stride_store_pass1.json,558,128,7,32,277.6619990666707,min_across_probe_passes,1,1,2,2,1.0,1.0,128.0,4.0,128.0,1.0,28.0,5.0,4.0,4.571428571428571,7.0,7.0,7.0,28.0,0.0,0.0,4132.0,73.0,8128.0,127.0,31.0
559,triton_stride_store,board_template_stride_store_pass2.json,559,128,9,32,797.2529927889506,min_across_probe_passes,0,1,2,0,1.0,1.0,128.0,4.0,128.0,1.0,36.0,4.0,3.0,3.5555555555555554,9.0,9.0,9.0,36.0,0.0,1.0,3283.0,56.0,8128.0,127.0,31.0
560,triton_stride_store,board_template_stride_store_pass1.json,560,128,10,32,577.5471776723862,min_across_probe_passes,0,1,2,0,1.0,1.0,128.0,4.0,128.0,1.0,40.0,4.0,3.0,3.2,10.0,10.0,10.0,40.0,0.0,1.0,2901.0,51.0,8128.0,127.0,31.0
561,triton_stride_store,board_template_stride_store_pass2.json,561,128,11,32,587.815523147583,min_across_probe_passes,0,1,2,0,1.0,1.0,128.0,4.0,128.0,1.0,44.0,3.0,2.0,2.909090909090909,11.0,11.0,11.0,44.0,0.0,1.0,2723.0,46.0,8128.0,127.0,31.0
562,triton_stride_store,board_template_stride_store_pass1.json,562,128,12,32,540.6990746657054,min_across_probe_passes,0,1,2,0,1.0,1.0,128.0,4.0,128.0,1.0,48.0,3.0,2.0,2.6666666666666665,12.0,12.0,12.0,48.0,0.0,1.0,2667.0,42.0,8128.0,127.0,31.0
563,triton_stride_store,board_template_stride_store_pass2.json,563,128,13,32,559.0291519959768,min_across_probe_passes,0,1,2,0,1.0,1.0,128.0,4.0,128.0,1.0,52.0,3.0,2.0,2.4615384615384617,13.0,13.0,13.0,52.0,0.0,1.0,2337.0,39.0,8128.0,127.0,31.0
564,triton_stride_store,board_template_stride_store_pass1.json,564,128,14,32,566.9474999109904,min_across_probe_passes,0,1,2,0,1.0,1.0,128.0,4.0,128.0,1.0,56.0,3.0,2.0,2.2857142857142856,14.0,14.0,14.0,56.0,0.0,1.0,2115.0,36.0,8128.0,127.0,31.0
565,triton_stride_store,board_template_stride_store_pass2.json,565,128,15,32,630.6196848551432,min_across_probe_passes,0,1,2,0,1.0,1.0,128.0,4.0,128.0,1.0,60.0,3.0,2.0,2.1333333333333333,15.0,15.0,15.0,60.0,0.0,1.0,2017.0,34.0,8128.0,127.0,31.0
566,triton_stride_store,board_template_stride_store_pass1.json,566,128,17,32,617.9454425970714,min_across_probe_passes,0,1,2,0,1.0,1.0,128.0,4.0,128.0,1.0,68.0,2.0,1.0,1.8823529411764706,17.0,17.0,17.0,68.0,0.0,2.0,1791.0,30.0,8128.0,127.0,31.0
567,triton_stride_store,board_template_stride_store_pass1.json,567,128,18,32,612.0133399963379,min_across_probe_passes,0,1,2,0,1.0,1.0,128.0,4.0,128.0,1.0,72.0,2.0,1.0,1.7777777777777777,18.0,18.0,18.0,72.0,0.0,2.0,1659.0,28.0,8128.0,127.0,31.0
568,triton_stride_store,board_template_stride_store_pass2.json,568,128,19,32,661.6106828053793,min_across_probe_passes,0,1,2,0,1.0,1.0,128.0,4.0,128.0,1.0,76.0,2.0,1.0,1.6842105263157894,19.0,19.0,19.0,76.0,0.0,2.0,1594.0,26.0,8128.0,127.0,31.0
569,triton_stride_store,board_template_stride_store_pass1.json,569,128,20,32,566.4839843908945,min_across_probe_passes,1,1,2,1,1.0,1.0,128.0,4.0,128.0,1.0,80.0,2.0,1.0,1.6,20.0,20.0,20.0,80.0,0.0,2.0,1575.0,25.0,8128.0,127.0,31.0
570,triton_stride_store,board_template_stride_store_pass1.json,570,128,21,32,587.904135386149,min_across_probe_passes,1,1,2,1,1.0,1.0,128.0,4.0,128.0,1.0,84.0,2.0,1.0,1.5238095238095237,21.0,21.0,21.0,84.0,0.0,2.0,1443.0,24.0,8128.0,127.0,31.0
571,triton_stride_store,board_template_stride_store_pass1.json,571,128,22,32,575.6980081399282,min_across_probe_passes,1,1,2,1,1.0,1.0,128.0,4.0,128.0,1.0,88.0,2.0,1.0,1.4545454545454546,22.0,22.0,22.0,88.0,0.0,2.0,1366.0,23.0,8128.0,127.0,31.0
572,triton_stride_store,board_template_stride_store_pass1.json,572,128,23,32,575.8479634920756,min_across_probe_passes,1,1,2,1,1.0,1.0,128.0,4.0,128.0,1.0,92.0,2.0,1.0,1.391304347826087,23.0,23.0,23.0,92.0,0.0,2.0,1319.0,22.0,8128.0,127.0,31.0
573,triton_stride_store,board_template_stride_store_pass1.json,573,128,24,32,571.1768368879954,min_across_probe_passes,1,1,2,1,1.0,1.0,128.0,4.0,128.0,1.0,96.0,2.0,1.0,1.3333333333333333,24.0,24.0,24.0,96.0,0.0,2.0,1302.0,21.0,8128.0,127.0,31.0
574,triton_stride_store,board_template_stride_store_pass1.json,574,128,25,32,591.9699966907501,min_across_probe_passes,1,1,2,1,1.0,1.0,128.0,4.0,128.0,1.0,100.0,2.0,1.0,1.28,25.0,25.0,25.0,100.0,0.0,3.0,1210.0,20.0,8128.0,127.0,31.0
575,triton_stride_store,board_template_stride_store_pass1.json,575,128,26,32,581.9646616776785,min_across_probe_passes,1,1,2,1,1.0,1.0,128.0,4.0,128.0,1.0,104.0,2.0,1.0,1.2307692307692308,26.0,26.0,26.0,104.0,0.0,3.0,1157.0,19.0,8128.0,127.0,31.0
576,triton_stride_store,board_template_stride_store_pass1.json,576,128,27,32,618.5803512732188,min_across_probe_passes,1,1,2,1,1.0,1.0,128.0,4.0,128.0,1.0,108.0,2.0,1.0,1.1851851851851851,27.0,27.0,27.0,108.0,0.0,3.0,1117.0,18.0,8128.0,127.0,31.0
577,triton_stride_store,board_template_stride_store_pass1.json,577,128,28,32,601.9990046819051,min_across_probe_passes,1,1,2,1,1.0,1.0,128.0,4.0,128.0,1.0,112.0,2.0,1.0,1.1428571428571428,28.0,28.0,28.0,112.0,0.0,3.0,1107.0,18.0,8128.0,127.0,31.0
578,triton_stride_store,board_template_stride_store_pass1.json,578,128,29,32,624.526689449946,min_across_probe_passes,1,1,2,2,1.0,1.0,128.0,4.0,128.0,1.0,116.0,2.0,1.0,1.103448275862069,29.0,29.0,29.0,116.0,0.0,3.0,1043.0,17.0,8128.0,127.0,31.0
579,triton_stride_store,board_template_stride_store_pass1.json,579,128,30,32,614.152212937673,min_across_probe_passes,1,1,2,1,1.0,1.0,128.0,4.0,128.0,1.0,120.0,2.0,1.0,1.0666666666666667,30.0,30.0,30.0,120.0,0.0,3.0,997.0,17.0,8128.0,127.0,31.0
580,triton_stride_store,board_template_stride_store_pass1.json,580,128,31,32,688.1866852442423,min_across_probe_passes,1,1,2,1,1.0,1.0,128.0,4.0,128.0,1.0,124.0,2.0,1.0,1.032258064516129,31.0,31.0,31.0,124.0,0.0,3.0,970.0,16.0,8128.0,127.0,31.0
581,triton_stride_store,board_template_stride_store_pass1.json,581,128,40,32,664.3606821695963,min_across_probe_passes,1,1,2,1,1.0,1.0,128.0,4.0,128.0,1.0,128.0,1.0,1.0,1.0,32.0,32.0,32.0,160.0,1.0,4.0,1081.0,25.0,8128.0,127.0,31.0
582,triton_stride_store,board_template_stride_store_pass1.json,582,128,48,32,653.6639928817749,min_across_probe_passes,1,1,2,1,1.0,1.0,128.0,4.0,128.0,1.0,128.0,1.0,1.0,1.0,32.0,32.0,32.0,192.0,1.0,5.0,1071.0,21.0,8128.0,127.0,31.0
583,triton_stride_store,board_template_stride_store_pass1.json,583,128,63,32,651.0465343793234,min_across_probe_passes,1,1,2,1,1.0,1.0,128.0,4.0,128.0,1.0,128.0,1.0,1.0,1.0,32.0,32.0,32.0,252.0,1.0,7.0,961.0,16.0,8128.0,127.0,31.0
584,triton_stride_store,board_template_stride_store_pass1.json,584,128,65,32,655.2329659461975,min_across_probe_passes,1,1,2,1,1.0,1.0,128.0,4.0,128.0,1.0,128.0,1.0,1.0,1.0,32.0,32.0,32.0,260.0,1.0,8.0,960.0,15.0,8001.0,126.0,31.0
585,triton_stride_store,board_template_stride_store_pass1.json,585,128,80,32,673.5926667849222,min_across_probe_passes,1,1,2,1,1.0,1.0,128.0,4.0,128.0,1.0,128.0,1.0,1.0,1.0,32.0,32.0,32.0,320.0,1.0,9.0,998.0,19.0,5553.0,102.0,31.0
586,triton_stride_store,board_template_stride_store_pass1.json,586,128,96,32,672.3694602648417,min_across_probe_passes,1,1,2,1,1.0,1.0,128.0,4.0,128.0,1.0,128.0,1.0,1.0,1.0,32.0,32.0,32.0,384.0,1.0,11.0,960.0,15.0,4516.0,85.0,31.0
587,triton_stride_store,board_template_stride_store_pass1.json,587,128,127,32,654.8499763011932,min_across_probe_passes,1,1,2,1,1.0,1.0,128.0,4.0,128.0,1.0,128.0,1.0,1.0,1.0,32.0,32.0,32.0,508.0,1.0,15.0,961.0,16.0,4033.0,64.0,31.0
588,triton_stride_store,board_template_stride_store_pass1.json,588,128,129,32,648.7666368484497,min_across_probe_passes,1,1,2,1,1.0,1.0,128.0,4.0,128.0,1.0,128.0,1.0,1.0,1.0,32.0,32.0,32.0,516.0,1.0,15.0,960.0,15.0,4032.0,63.0,31.0
589,triton_stride_store,board_template_stride_store_pass1.json,589,128,160,32,658.7344706058502,min_across_probe_passes,1,1,2,1,1.0,1.0,128.0,4.0,128.0,1.0,128.0,1.0,1.0,1.0,32.0,32.0,32.0,640.0,1.0,19.0,960.0,15.0,2901.0,51.0,31.0
590,triton_stride_store,board_template_stride_store_pass1.json,590,128,192,32,651.4189938704172,min_across_probe_passes,1,1,2,1,1.0,1.0,128.0,4.0,128.0,1.0,128.0,1.0,1.0,1.0,32.0,32.0,32.0,768.0,1.0,23.0,960.0,15.0,2667.0,42.0,31.0
591,triton_stride_store,board_template_stride_store_pass1.json,591,128,255,32,640.1123354832332,min_across_probe_passes,0,1,2,0,1.0,1.0,128.0,4.0,128.0,1.0,128.0,1.0,1.0,1.0,32.0,32.0,32.0,1020.0,1.0,31.0,961.0,16.0,1985.0,32.0,31.0
592,triton_stride_store,board_template_stride_store_pass1.json,592,256,3,32,281.4926505088806,min_across_probe_passes,1,1,2,2,1.0,1.0,256.0,8.0,256.0,1.0,24.0,11.0,10.0,10.666666666666666,3.0,3.0,3.0,12.0,0.0,0.0,18105.0,170.0,32640.0,255.0,31.0
593,triton_stride_store,board_template_stride_store_pass2.json,593,256,5,32,555.7586749394735,min_across_probe_passes,0,1,2,0,1.0,1.0,256.0,8.0,256.0,1.0,40.0,7.0,6.0,6.4,5.0,5.0,5.0,20.0,0.0,1.0,11679.0,102.0,32640.0,255.0,31.0
594,triton_stride_store,board_template_stride_store_pass1.json,594,256,6,32,551.8245697021484,min_across_probe_passes,0,1,2,0,1.0,1.0,256.0,8.0,256.0,1.0,48.0,6.0,5.0,5.333333333333333,6.0,6.0,6.0,24.0,0.0,1.0,10795.0,85.0,32640.0,255.0,31.0
595,triton_stride_store,board_template_stride_store_pass1.json,595,256,7,32,563.1512651840845,min_across_probe_passes,0,1,2,0,1.0,1.0,256.0,8.0,256.0,1.0,56.0,5.0,4.0,4.571428571428571,7.0,7.0,7.0,28.0,0.0,1.0,8587.0,73.0,32640.0,255.0,31.0
596,triton_stride_store,board_template_stride_store_pass1.json,596,256,9,32,584.6036970615387,min_across_probe_passes,1,1,2,1,1.0,1.0,256.0,8.0,256.0,1.0,72.0,4.0,3.0,3.5555555555555554,9.0,9.0,9.0,36.0,0.0,2.0,6762.0,56.0,32640.0,255.0,31.0
597,triton_stride_store,board_template_stride_store_pass1.json,597,256,10,32,591.8601552645365,min_across_probe_passes,1,1,2,1,1.0,1.0,256.0,8.0,256.0,1.0,80.0,4.0,3.0,3.2,10.0,10.0,10.0,40.0,0.0,2.0,6426.0,51.0,32640.0,255.0,31.0
598,triton_stride_store,board_template_stride_store_pass1.json,598,256,11,32,574.8333434263865,min_across_probe_passes,1,1,2,1,1.0,1.0,256.0,8.0,256.0,1.0,88.0,3.0,2.0,2.909090909090909,11.0,11.0,11.0,44.0,0.0,2.0,5566.0,46.0,32640.0,255.0,31.0
599,triton_stride_store,board_template_stride_store_pass1.json,599,256,12,32,573.2354621092478,min_across_probe_passes,1,1,2,1,1.0,1.0,256.0,8.0,256.0,1.0,96.0,3.0,2.0,2.6666666666666665,12.0,12.0,12.0,48.0,0.0,2.0,5334.0,42.0,32640.0,255.0,31.0
600,triton_stride_store,board_template_stride_store_pass1.json,600,256,13,32,591.5119846661886,min_across_probe_passes,1,1,2,1,1.0,1.0,256.0,8.0,256.0,1.0,104.0,3.0,2.0,2.4615384615384617,13.0,13.0,13.0,52.0,0.0,3.0,4734.0,39.0,32640.0,255.0,31.0
601,triton_stride_store,board_template_stride_store_pass1.json,601,256,14,32,603.1635204950968,min_across_probe_passes,1,1,2,2,1.0,1.0,256.0,8.0,256.0,1.0,112.0,3.0,2.0,2.2857142857142856,14.0,14.0,14.0,56.0,0.0,3.0,4554.0,36.0,32640.0,255.0,31.0
602,triton_stride_store,board_template_stride_store_pass1.json,602,256,15,32,637.2081637382507,min_across_probe_passes,1,1,2,1,1.0,1.0,256.0,8.0,256.0,1.0,120.0,3.0,2.0,2.1333333333333333,15.0,15.0,15.0,60.0,0.0,3.0,4097.0,34.0,32640.0,255.0,31.0
603,triton_stride_store,board_template_stride_store_pass1.json,603,256,17,32,742.9229815800985,min_across_probe_passes,1,1,2,1,1.0,1.0,256.0,8.0,256.0,1.0,136.0,2.0,1.0,1.8823529411764706,17.0,17.0,17.0,68.0,0.0,4.0,4080.0,45.0,32640.0,255.0,31.0
604,triton_stride_store,board_template_stride_store_pass1.json,604,256,18,32,715.546190738678,min_across_probe_passes,1,1,2,1,1.0,1.0,256.0,8.0,256.0,1.0,144.0,2.0,1.0,1.7777777777777777,18.0,18.0,18.0,72.0,0.0,4.0,4326.0,56.0,32640.0,255.0,31.0
605,triton_stride_store,board_template_stride_store_pass1.json,605,256,19,32,750.0968178113302,min_across_probe_passes,1,1,2,1,1.0,1.0,256.0,8.0,256.0,1.0,152.0,2.0,1.0,1.6842105263157894,19.0,19.0,19.0,76.0,0.0,4.0,4317.0,53.0,32640.0,255.0,31.0
606,triton_stride_store,board_template_stride_store_pass1.json,606,256,20,32,732.3036789894104,min_across_probe_passes,1,1,2,2,1.0,1.0,256.0,8.0,256.0,1.0,160.0,2.0,1.0,1.6,20.0,20.0,20.0,80.0,0.0,4.0,4476.0,51.0,32640.0,255.0,31.0
607,triton_stride_store,board_template_stride_store_pass1.json,607,256,21,32,795.7833011945089,min_across_probe_passes,1,1,2,1,1.0,1.0,256.0,8.0,256.0,1.0,168.0,2.0,1.0,1.5238095238095237,21.0,21.0,21.0,84.0,0.0,5.0,4398.0,48.0,32640.0,255.0,31.0
608,triton_stride_store,board_template_stride_store_pass1.json,608,256,22,32,759.2204610506693,min_across_probe_passes,1,1,2,2,1.0,1.0,256.0,8.0,256.0,1.0,176.0,2.0,1.0,1.4545454545454546,22.0,22.0,22.0,88.0,0.0,5.0,4462.0,46.0,32640.0,255.0,31.0
609,triton_stride_store,board_template_stride_store_pass1.json,609,256,23,32,770.4468766848246,min_across_probe_passes,1,1,2,2,1.0,1.0,256.0,8.0,256.0,1.0,184.0,2.0,1.0,1.391304347826087,23.0,23.0,23.0,92.0,0.0,5.0,4389.0,44.0,32640.0,255.0,31.0
610,triton_stride_store,board_template_stride_store_pass1.json,610,256,24,32,789.4599835077921,min_across_probe_passes,1,1,2,2,1.0,1.0,256.0,8.0,256.0,1.0,192.0,2.0,1.0,1.3333333333333333,24.0,24.0,24.0,96.0,0.0,5.0,4431.0,42.0,32640.0,255.0,31.0
611,triton_stride_store,board_template_stride_store_pass1.json,611,256,25,32,808.3507021268209,min_across_probe_passes,1,1,2,2,1.0,1.0,256.0,8.0,256.0,1.0,200.0,2.0,1.0,1.28,25.0,25.0,25.0,100.0,0.0,6.0,4337.0,41.0,32640.0,255.0,31.0
612,triton_stride_store,board_template_stride_store_pass1.json,612,256,26,32,829.1743596394857,min_across_probe_passes,1,1,2,2,1.0,1.0,256.0,8.0,256.0,1.0,208.0,2.0,1.0,1.2307692307692308,26.0,26.0,26.0,104.0,0.0,6.0,4334.0,39.0,32640.0,255.0,31.0
613,triton_stride_store,board_template_stride_store_pass1.json,613,256,27,32,828.7169535954794,min_across_probe_passes,1,1,2,2,1.0,1.0,256.0,8.0,256.0,1.0,216.0,2.0,1.0,1.1851851851851851,27.0,27.0,27.0,108.0,0.0,6.0,4235.0,37.0,32640.0,255.0,31.0
614,triton_stride_store,board_template_stride_store_pass1.json,614,256,28,32,849.8949805895487,min_across_probe_passes,1,1,2,2,1.0,1.0,256.0,8.0,256.0,1.0,224.0,2.0,1.0,1.1428571428571428,28.0,28.0,28.0,112.0,0.0,6.0,4212.0,36.0,32640.0,255.0,31.0
615,triton_stride_store,board_template_stride_store_pass1.json,615,256,29,32,855.1112016042074,min_across_probe_passes,1,1,2,2,1.0,1.0,256.0,8.0,256.0,1.0,232.0,2.0,1.0,1.103448275862069,29.0,29.0,29.0,116.0,0.0,7.0,4118.0,35.0,32640.0,255.0,31.0
616,triton_stride_store,board_template_stride_store_pass1.json,616,256,30,32,876.1460185050964,min_across_probe_passes,1,1,2,2,1.0,1.0,256.0,8.0,256.0,1.0,240.0,2.0,1.0,1.0666666666666667,30.0,30.0,30.0,120.0,0.0,7.0,4097.0,34.0,32640.0,255.0,31.0
617,triton_stride_store,board_template_stride_store_pass1.json,617,256,31,32,909.3528588612875,min_across_probe_passes,1,1,2,2,1.0,1.0,256.0,8.0,256.0,1.0,248.0,2.0,1.0,1.032258064516129,31.0,31.0,31.0,124.0,0.0,7.0,3999.0,33.0,32640.0,255.0,31.0
618,triton_stride_store,board_template_stride_store_pass1.json,618,256,40,32,899.6298511823019,min_across_probe_passes,1,1,2,2,1.0,1.0,256.0,8.0,256.0,1.0,256.0,1.0,1.0,1.0,32.0,32.0,32.0,160.0,1.0,9.0,4138.0,38.0,22185.0,204.0,31.0
619,triton_stride_store,board_template_stride_store_pass1.json,619,256,48,32,924.4811336199442,min_across_probe_passes,1,1,2,2,1.0,1.0,256.0,8.0,256.0,1.0,256.0,1.0,1.0,1.0,32.0,32.0,32.0,192.0,1.0,11.0,3968.0,31.0,18105.0,170.0,31.0
620,triton_stride_store,board_template_stride_store_pass1.json,620,256,63,32,874.2693066596985,min_across_probe_passes,1,1,2,2,1.0,1.0,256.0,8.0,256.0,1.0,256.0,1.0,1.0,1.0,32.0,32.0,32.0,252.0,1.0,15.0,3969.0,32.0,16265.0,130.0,31.0
621,triton_stride_store,board_template_stride_store_pass1.json,621,256,65,32,874.6280471483866,min_across_probe_passes,1,1,2,2,1.0,1.0,256.0,8.0,256.0,1.0,256.0,1.0,1.0,1.0,32.0,32.0,32.0,260.0,1.0,16.0,3968.0,31.0,15879.0,126.0,31.0
622,triton_stride_store,board_template_stride_store_pass1.json,622,256,80,32,906.436026096344,min_across_probe_passes,1,1,2,2,1.0,1.0,256.0,8.0,256.0,1.0,256.0,1.0,1.0,1.0,32.0,32.0,32.0,320.0,1.0,19.0,3968.0,31.0,11679.0,102.0,31.0
623,triton_stride_store,board_template_stride_store_pass1.json,623,256,96,32,926.4270265897115,min_across_probe_passes,1,1,2,2,1.0,1.0,256.0,8.0,256.0,1.0,256.0,1.0,1.0,1.0,32.0,32.0,32.0,384.0,1.0,23.0,3968.0,31.0,10795.0,85.0,31.0
624,triton_stride_store,board_template_stride_store_pass1.json,624,256,127,32,848.8428592681885,min_across_probe_passes,1,1,2,2,1.0,1.0,256.0,8.0,256.0,1.0,256.0,1.0,1.0,1.0,32.0,32.0,32.0,508.0,1.0,31.0,3969.0,32.0,8067.0,64.0,31.0
625,triton_stride_store,board_template_stride_store_pass1.json,625,256,129,32,828.9990226427714,min_across_probe_passes,1,1,2,2,1.0,1.0,256.0,8.0,256.0,1.0,256.0,1.0,1.0,1.0,32.0,32.0,32.0,516.0,1.0,32.0,3968.0,31.0,8001.0,63.0,31.0
626,triton_stride_store,board_template_stride_store_pass1.json,626,256,160,32,906.3240091005961,min_across_probe_passes,1,1,2,2,1.0,1.0,256.0,8.0,256.0,1.0,256.0,1.0,1.0,1.0,32.0,32.0,32.0,640.0,1.0,39.0,3968.0,31.0,6426.0,51.0,31.0
627,triton_stride_store,board_template_stride_store_pass1.json,627,256,192,32,780.5058360099792,min_across_probe_passes,1,1,2,2,1.0,1.0,256.0,8.0,256.0,1.0,256.0,1.0,1.0,1.0,32.0,32.0,32.0,768.0,1.0,47.0,3968.0,31.0,5334.0,42.0,31.0
628,triton_stride_store,board_template_stride_store_pass1.json,628,256,255,32,858.5898677508036,min_across_probe_passes,1,1,2,2,1.0,1.0,256.0,8.0,256.0,1.0,256.0,1.0,1.0,1.0,32.0,32.0,32.0,1020.0,1.0,63.0,3969.0,32.0,3969.0,32.0,31.0
629,triton_stride_store,board_template_stride_store_pass1.json,629,512,3,32,582.706501086553,min_across_probe_passes,0,1,2,0,1.0,1.0,512.0,16.0,512.0,1.0,48.0,11.0,10.0,10.666666666666666,3.0,3.0,3.0,12.0,0.0,1.0,43435.0,170.0,130816.0,511.0,31.0
630,triton_stride_store,board_template_stride_store_pass1.json,630,512,5,32,609.2381775379181,min_across_probe_passes,1,1,2,1,1.0,1.0,512.0,16.0,512.0,1.0,80.0,7.0,6.0,6.4,5.0,5.0,5.0,20.0,0.0,2.0,25959.0,102.0,130816.0,511.0,31.0
631,triton_stride_store,board_template_stride_store_pass1.json,631,512,6,32,586.2876375516256,min_across_probe_passes,1,1,2,1,1.0,1.0,512.0,16.0,512.0,1.0,96.0,6.0,5.0,5.333333333333333,6.0,6.0,6.0,24.0,0.0,2.0,21590.0,85.0,130816.0,511.0,31.0
632,triton_stride_store,board_template_stride_store_pass1.json,632,512,7,32,605.2314837773641,min_across_probe_passes,1,1,2,2,1.0,1.0,512.0,16.0,512.0,1.0,112.0,5.0,4.0,4.571428571428571,7.0,7.0,7.0,28.0,0.0,3.0,18469.0,73.0,130816.0,511.0,31.0
633,triton_stride_store,board_template_stride_store_pass1.json,633,512,9,32,732.5143416722616,min_across_probe_passes,1,1,2,2,1.0,1.0,512.0,16.0,512.0,1.0,144.0,4.0,3.0,3.5555555555555554,9.0,9.0,9.0,36.0,0.0,4.0,17500.0,112.0,130816.0,511.0,31.0
634,triton_stride_store,board_template_stride_store_pass1.json,634,512,10,32,756.851315498352,min_across_probe_passes,1,1,2,2,1.0,1.0,512.0,16.0,512.0,1.0,160.0,4.0,3.0,3.2,10.0,10.0,10.0,40.0,0.0,4.0,18105.0,102.0,130816.0,511.0,31.0
635,triton_stride_store,board_template_stride_store_pass1.json,635,512,11,32,788.792351881663,min_across_probe_passes,1,1,2,2,1.0,1.0,512.0,16.0,512.0,1.0,176.0,3.0,2.0,2.909090909090909,11.0,11.0,11.0,44.0,0.0,5.0,18148.0,93.0,130816.0,511.0,31.0
636,triton_stride_store,board_template_stride_store_pass1.json,636,512,12,32,814.2833312352499,min_across_probe_passes,1,1,2,2,1.0,1.0,512.0,16.0,512.0,1.0,192.0,3.0,2.0,2.6666666666666665,12.0,12.0,12.0,48.0,0.0,5.0,17935.0,85.0,130816.0,511.0,31.0
637,triton_stride_store,board_template_stride_store_pass1.json,637,512,13,32,840.4546777407328,min_across_probe_passes,1,1,2,2,1.0,1.0,512.0,16.0,512.0,1.0,208.0,3.0,2.0,2.4615384615384617,13.0,13.0,13.0,52.0,0.0,6.0,17551.0,79.0,130816.0,511.0,31.0
638,triton_stride_store,board_template_stride_store_pass1.json,638,512,14,32,868.3568239212036,min_across_probe_passes,1,1,2,2,1.0,1.0,512.0,16.0,512.0,1.0,224.0,3.0,2.0,2.2857142857142856,14.0,14.0,14.0,56.0,0.0,6.0,17137.0,73.0,130816.0,511.0,31.0
639,triton_stride_store,board_template_stride_store_pass1.json,639,512,15,32,915.6461358070374,min_across_probe_passes,1,1,2,2,1.0,1.0,512.0,16.0,512.0,1.0,240.0,3.0,2.0,2.1333333333333333,15.0,15.0,15.0,60.0,0.0,7.0,16609.0,68.0,130816.0,511.0,31.0
640,triton_stride_store,board_template_stride_store_pass1.json,640,512,17,32,997.7516333262125,min_across_probe_passes,1,1,2,2,1.0,1.0,512.0,16.0,512.0,1.0,272.0,2.0,1.0,1.8823529411764706,17.0,17.0,17.0,68.0,0.0,8.0,16576.0,91.0,116356.0,481.0,31.0
641,triton_stride_store,board_template_stride_store_pass1.json,641,512,18,32,1048.7778385480244,min_across_probe_passes,1,1,2,2,1.0,1.0,512.0,16.0,512.0,1.0,288.0,2.0,1.0,1.7777777777777777,18.0,18.0,18.0,72.0,0.0,8.0,16716.0,84.0,105280.0,455.0,31.0
642,triton_stride_store,board_template_stride_store_pass1.json,642,512,19,32,1044.5727507273357,min_across_probe_passes,1,1,2,2,1.0,1.0,512.0,16.0,512.0,1.0,304.0,2.0,1.0,1.6842105263157894,19.0,19.0,19.0,76.0,0.0,9.0,16795.0,80.0,96256.0,431.0,31.0
643,triton_stride_store,board_template_stride_store_pass1.json,643,512,20,32,1066.5039817492168,min_across_probe_passes,1,1,2,2,1.0,1.0,512.0,16.0,512.0,1.0,320.0,2.0,1.0,1.6,20.0,20.0,20.0,80.0,0.0,9.0,16806.0,77.0,88996.0,409.0,31.0
644,triton_stride_store,board_template_stride_store_pass1.json,644,512,21,32,1114.2911911010742,min_across_probe_passes,1,1,2,2,1.0,1.0,512.0,16.0,512.0,1.0,336.0,2.0,1.0,1.5238095238095237,21.0,21.0,21.0,84.0,0.0,10.0,16649.0,74.0,83505.0,390.0,31.0
645,triton_stride_store,board_template_stride_store_pass1.json,645,512,22,32,1148.7944920857747,min_across_probe_passes,1,1,2,2,1.0,1.0,512.0,16.0,512.0,1.0,352.0,2.0,1.0,1.4545454545454546,22.0,22.0,22.0,88.0,0.0,10.0,16515.0,70.0,78969.0,372.0,31.0
646,triton_stride_store,board_template_stride_store_pass1.json,646,512,23,32,1157.2551329930623,min_across_probe_passes,1,1,2,2,1.0,1.0,512.0,16.0,512.0,1.0,368.0,2.0,1.0,1.391304347826087,23.0,23.0,23.0,92.0,0.0,11.0,16317.0,68.0,75481.0,356.0,31.0
647,triton_stride_store,board_template_stride_store_pass1.json,647,512,24,32,1182.8705072402954,min_across_probe_passes,1,1,2,2,1.0,1.0,512.0,16.0,512.0,1.0,384.0,2.0,1.0,1.3333333333333333,24.0,24.0,24.0,96.0,0.0,11.0,16128.0,63.0,72676.0,341.0,31.0
648,triton_stride_store,board_template_stride_store_pass1.json,648,512,25,32,1219.569206237793,min_across_probe_passes,1,1,2,2,1.0,1.0,512.0,16.0,512.0,1.0,400.0,2.0,1.0,1.28,25.0,25.0,25.0,100.0,0.0,12.0,16342.0,82.0,70464.0,327.0,31.0
649,triton_stride_store,board_template_stride_store_pass1.json,649,512,26,32,1197.4990367889404,min_across_probe_passes,1,1,2,2,1.0,1.0,512.0,16.0,512.0,1.0,416.0,2.0,1.0,1.2307692307692308,26.0,26.0,26.0,104.0,0.0,12.0,16411.0,78.0,68880.0,315.0,31.0
650,triton_stride_store,board_template_stride_store_pass1.json,650,512,27,32,1221.5680678685505,min_across_probe_passes,1,1,2,2,1.0,1.0,512.0,16.0,512.0,1.0,432.0,2.0,1.0,1.1851851851851851,27.0,27.0,27.0,108.0,0.0,13.0,16455.0,75.0,67584.0,303.0,31.0
651,triton_stride_store,board_template_stride_store_pass1.json,651,512,28,32,1237.464427947998,min_across_probe_passes,1,1,2,2,1.0,1.0,512.0,16.0,512.0,1.0,448.0,2.0,1.0,1.1428571428571428,28.0,28.0,28.0,112.0,0.0,13.0,16471.0,73.0,66649.0,292.0,31.0
652,triton_stride_store,board_template_stride_store_pass1.json,652,512,29,32,1268.828550974528,min_across_probe_passes,1,1,2,2,1.0,1.0,512.0,16.0,512.0,1.0,464.0,2.0,1.0,1.103448275862069,29.0,29.0,29.0,116.0,0.0,14.0,16419.0,70.0,66009.0,282.0,31.0
653,triton_stride_store,board_template_stride_store_pass1.json,653,512,30,32,1289.7758881251018,min_across_probe_passes,1,1,2,2,1.0,1.0,512.0,16.0,512.0,1.0,480.0,2.0,1.0,1.0666666666666667,30.0,30.0,30.0,120.0,0.0,14.0,16337.0,68.0,65604.0,273.0,31.0
654,triton_stride_store,board_template_stride_store_pass1.json,654,512,31,32,1305.8927059173584,min_across_probe_passes,1,1,2,2,1.0,1.0,512.0,16.0,512.0,1.0,496.0,2.0,1.0,1.032258064516129,31.0,31.0,31.0,124.0,0.0,15.0,16237.0,67.0,65361.0,264.0,31.0
655,triton_stride_store,board_template_stride_store_pass1.json,655,512,40,32,1375.041166941325,min_across_probe_passes,1,1,2,2,1.0,1.0,512.0,16.0,512.0,1.0,512.0,1.0,1.0,1.0,32.0,32.0,32.0,160.0,1.0,19.0,16128.0,63.0,46971.0,204.0,31.0
656,triton_stride_store,board_template_stride_store_pass1.json,656,512,48,32,1405.5614471435547,min_across_probe_passes,1,1,2,2,1.0,1.0,512.0,16.0,512.0,1.0,512.0,1.0,1.0,1.0,32.0,32.0,32.0,192.0,1.0,23.0,16128.0,63.0,43435.0,170.0,31.0
657,triton_stride_store,board_template_stride_store_pass1.json,657,512,63,32,1353.5160621007283,min_across_probe_passes,1,1,2,2,1.0,1.0,512.0,16.0,512.0,1.0,512.0,1.0,1.0,1.0,32.0,32.0,32.0,252.0,1.0,31.0,16129.0,64.0,32545.0,130.0,31.0
658,triton_stride_store,board_template_stride_store_pass1.json,658,512,65,32,1352.8579473495483,min_across_probe_passes,1,1,2,2,1.0,1.0,512.0,16.0,512.0,1.0,512.0,1.0,1.0,1.0,32.0,32.0,32.0,260.0,1.0,32.0,16128.0,63.0,31647.0,126.0,31.0
659,triton_stride_store,board_template_stride_store_pass1.json,659,512,80,32,1357.8665653864543,min_across_probe_passes,1,1,2,2,1.0,1.0,512.0,16.0,512.0,1.0,512.0,1.0,1.0,1.0,32.0,32.0,32.0,320.0,1.0,39.0,16128.0,63.0,25959.0,102.0,31.0
660,triton_stride_store,board_template_stride_store_pass1.json,660,512,96,32,1345.0300693511963,min_across_probe_passes,1,1,2,2,1.0,1.0,512.0,16.0,512.0,1.0,512.0,1.0,1.0,1.0,32.0,32.0,32.0,384.0,1.0,47.0,16128.0,63.0,21590.0,85.0,31.0
661,triton_stride_store,board_template_stride_store_pass1.json,661,512,127,32,1282.7447255452473,min_across_probe_passes,1,1,2,2,1.0,1.0,512.0,16.0,512.0,1.0,512.0,1.0,1.0,1.0,32.0,32.0,32.0,508.0,1.0,63.0,16129.0,64.0,16138.0,64.0,31.0
662,triton_stride_store,board_template_stride_store_pass1.json,662,512,129,32,1269.5090770721436,min_across_probe_passes,1,1,2,2,1.0,1.0,512.0,16.0,512.0,1.0,512.0,1.0,1.0,1.0,32.0,32.0,32.0,516.0,1.0,64.0,16128.0,63.0,15942.0,63.0,31.0
663,triton_stride_store,board_template_stride_store_pass1.json,663,512,160,32,1229.4070720672607,min_across_probe_passes,1,1,2,2,1.0,1.0,512.0,16.0,512.0,1.0,512.0,1.0,1.0,1.0,32.0,32.0,32.0,640.0,1.0,79.0,16128.0,63.0,12852.0,51.0,31.0
664,triton_stride_store,board_template_stride_store_pass1.json,664,512,192,32,1196.4107354482014,min_across_probe_passes,1,1,2,2,1.0,1.0,512.0,16.0,512.0,1.0,512.0,1.0,1.0,1.0,32.0,32.0,32.0,768.0,1.0,95.0,16128.0,63.0,10668.0,42.0,31.0
665,triton_stride_store,board_template_stride_store_pass1.json,665,512,255,32,1197.9178190231323,min_across_probe_passes,1,1,2,2,1.0,1.0,512.0,16.0,512.0,1.0,512.0,1.0,1.0,1.0,32.0,32.0,32.0,1020.0,1.0,127.0,16129.0,64.0,7939.0,32.0,31.0
666,triton_stride_store,board_template_stride_store_pass1.json,666,1024,3,32,615.3135101000468,min_across_probe_passes,1,1,2,2,1.0,1.0,1024.0,32.0,0.0,0.0,96.0,11.0,10.0,10.666666666666666,3.0,3.0,3.0,12.0,0.0,2.0,86870.0,170.0,523776.0,1023.0,31.0
667,triton_stride_store,board_template_stride_store_pass1.json,667,1024,5,32,793.9488490422567,min_across_probe_passes,1,1,2,2,1.0,1.0,1024.0,32.0,0.0,0.0,160.0,7.0,6.0,6.4,5.0,5.0,5.0,20.0,0.0,4.0,72828.0,204.0,523776.0,1023.0,31.0
668,triton_stride_store,board_template_stride_store_pass1.json,668,1024,6,32,859.6663475036621,min_across_probe_passes,1,1,2,2,1.0,1.0,1024.0,32.0,0.0,0.0,192.0,6.0,5.0,5.333333333333333,6.0,6.0,6.0,24.0,0.0,5.0,72335.0,170.0,523776.0,1023.0,31.0
669,triton_stride_store,board_template_stride_store_pass1.json,669,1024,7,32,899.3639945983887,min_across_probe_passes,1,1,2,2,1.0,1.0,1024.0,32.0,0.0,0.0,224.0,5.0,4.0,4.571428571428571,7.0,7.0,7.0,28.0,0.0,6.0,68985.0,146.0,523776.0,1023.0,31.0
670,triton_stride_store,board_template_stride_store_pass1.json,670,1024,9,32,1090.88800350825,min_across_probe_passes,1,1,2,2,1.0,1.0,1024.0,32.0,0.0,0.0,288.0,4.0,3.0,3.5555555555555554,9.0,9.0,9.0,36.0,0.0,8.0,67376.0,169.0,420833.0,910.0,31.0
671,triton_stride_store,board_template_stride_store_pass1.json,671,1024,10,32,1133.7852875391643,min_across_probe_passes,1,1,2,2,1.0,1.0,1024.0,32.0,0.0,0.0,320.0,4.0,3.0,3.2,10.0,10.0,10.0,40.0,0.0,9.0,67626.0,153.0,356496.0,819.0,31.0
672,triton_stride_store,board_template_stride_store_pass1.json,672,1024,11,32,1169.342279434204,min_across_probe_passes,1,1,2,2,1.0,1.0,1024.0,32.0,0.0,0.0,352.0,3.0,2.0,2.909090909090909,11.0,11.0,11.0,44.0,0.0,10.0,66658.0,139.0,315921.0,744.0,31.0
673,triton_stride_store,board_template_stride_store_pass1.json,673,1024,12,32,1210.3292147318523,min_across_probe_passes,1,1,2,2,1.0,1.0,1024.0,32.0,0.0,0.0,384.0,3.0,2.0,2.6666666666666665,12.0,12.0,12.0,48.0,0.0,11.0,65024.0,127.0,290873.0,682.0,31.0
674,triton_stride_store,board_template_stride_store_pass1.json,674,1024,13,32,1308.533509572347,min_across_probe_passes,1,1,2,2,1.0,1.0,1024.0,32.0,0.0,0.0,416.0,3.0,2.0,2.4615384615384617,13.0,13.0,13.0,52.0,0.0,12.0,66112.0,156.0,275793.0,630.0,31.0
675,triton_stride_store,board_template_stride_store_pass1.json,675,1024,14,32,1355.047384897868,min_across_probe_passes,1,1,2,2,1.0,1.0,1024.0,32.0,0.0,0.0,448.0,3.0,2.0,2.2857142857142856,14.0,14.0,14.0,56.0,0.0,13.0,66357.0,146.0,267108.0,585.0,31.0
676,triton_stride_store,board_template_stride_store_pass1.json,676,1024,15,32,1434.3048731486003,min_across_probe_passes,1,1,2,2,1.0,1.0,1024.0,32.0,0.0,0.0,480.0,3.0,2.0,2.1333333333333333,15.0,15.0,15.0,60.0,0.0,14.0,65825.0,136.0,262857.0,546.0,31.0
677,triton_stride_store,board_template_stride_store_pass1.json,677,1024,17,32,1502.8104782104492,min_across_probe_passes,1,1,2,2,1.0,1.0,1024.0,32.0,0.0,0.0,544.0,2.0,1.0,1.8823529411764706,17.0,17.0,17.0,68.0,0.0,16.0,65792.0,151.0,233612.0,481.0,31.0
678,triton_stride_store,board_template_stride_store_pass2.json,678,1024,18,32,1583.9405059814453,min_across_probe_passes,1,1,2,2,1.0,1.0,1024.0,32.0,0.0,0.0,576.0,2.0,1.0,1.7777777777777777,18.0,18.0,18.0,72.0,0.0,17.0,65808.0,141.0,213353.0,455.0,31.0
679,triton_stride_store,board_template_stride_store_pass2.json,679,1024,19,32,1631.4115921656291,min_across_probe_passes,1,1,2,2,1.0,1.0,1024.0,32.0,0.0,0.0,608.0,2.0,1.0,1.6842105263157894,19.0,19.0,19.0,76.0,0.0,18.0,65558.0,134.0,198641.0,431.0,31.0
680,triton_stride_store,board_template_stride_store_pass2.json,680,1024,20,32,1671.6121832529705,min_across_probe_passes,1,1,2,2,1.0,1.0,1024.0,32.0,0.0,0.0,640.0,2.0,1.0,1.6,20.0,20.0,20.0,80.0,0.0,19.0,65024.0,127.0,188396.0,409.0,31.0
681,triton_stride_store,board_template_stride_store_pass1.json,681,1024,21,32,1747.8622198104858,min_across_probe_passes,1,1,2,2,1.0,1.0,1024.0,32.0,0.0,0.0,672.0,2.0,1.0,1.5238095238095237,21.0,21.0,21.0,84.0,0.0,20.0,65400.0,144.0,181503.0,390.0,31.0
682,triton_stride_store,board_template_stride_store_pass1.json,682,1024,22,32,1779.2713642120361,min_across_probe_passes,1,1,2,2,1.0,1.0,1024.0,32.0,0.0,0.0,704.0,2.0,1.0,1.4545454545454546,22.0,22.0,22.0,88.0,0.0,21.0,65577.0,139.0,177165.0,372.0,31.0
683,triton_stride_store,board_template_stride_store_pass1.json,683,1024,23,32,1831.1156034469604,min_across_probe_passes,1,1,2,2,1.0,1.0,1024.0,32.0,0.0,0.0,736.0,2.0,1.0,1.391304347826087,23.0,23.0,23.0,92.0,0.0,22.0,65350.0,134.0,174941.0,356.0,31.0
684,triton_stride_store,board_template_stride_store_pass1.json,684,1024,24,32,1892.2370274861653,min_across_probe_passes,1,1,2,2,1.0,1.0,1024.0,32.0,0.0,0.0,768.0,2.0,1.0,1.3333333333333333,24.0,24.0,24.0,96.0,0.0,23.0,65024.0,127.0,174251.0,341.0,31.0
685,triton_stride_store,board_template_stride_store_pass1.json,685,1024,25,32,1973.0708599090576,min_across_probe_passes,1,1,2,2,1.0,1.0,1024.0,32.0,0.0,0.0,800.0,2.0,1.0,1.28,25.0,25.0,25.0,100.0,0.0,24.0,65324.0,142.0,161664.0,327.0,31.0
686,triton_stride_store,board_template_stride_store_pass1.json,686,1024,26,32,2026.199460029602,min_across_probe_passes,1,1,2,2,1.0,1.0,1024.0,32.0,0.0,0.0,832.0,2.0,1.0,1.2307692307692308,26.0,26.0,26.0,104.0,0.0,25.0,65390.0,138.0,151683.0,315.0,31.0
687,triton_stride_store,board_template_stride_store_pass1.json,687,1024,27,32,2079.5693397521973,min_across_probe_passes,1,1,2,2,1.0,1.0,1024.0,32.0,0.0,0.0,864.0,2.0,1.0,1.1851851851851851,27.0,27.0,27.0,108.0,0.0,26.0,65286.0,132.0,144193.0,303.0,31.0
688,triton_stride_store,board_template_stride_store_pass1.json,688,1024,28,32,2139.95099067688,min_across_probe_passes,1,1,2,2,1.0,1.0,1024.0,32.0,0.0,0.0,896.0,2.0,1.0,1.1428571428571428,28.0,28.0,28.0,112.0,0.0,27.0,65024.0,127.0,138627.0,292.0,31.0
689,triton_stride_store,board_template_stride_store_pass1.json,689,1024,29,32,2220.703125,min_across_probe_passes,1,1,2,2,1.0,1.0,1024.0,32.0,0.0,0.0,928.0,2.0,1.0,1.103448275862069,29.0,29.0,29.0,116.0,0.0,28.0,65268.0,141.0,134827.0,282.0,31.0
690,triton_stride_store,board_template_stride_store_pass1.json,690,1024,30,32,2268.371025721232,min_across_probe_passes,1,1,2,2,1.0,1.0,1024.0,32.0,0.0,0.0,960.0,2.0,1.0,1.0666666666666667,30.0,30.0,30.0,120.0,0.0,29.0,65297.0,136.0,132363.0,273.0,31.0
691,triton_stride_store,board_template_stride_store_pass1.json,691,1024,31,32,2317.387660344442,min_across_probe_passes,1,1,2,2,1.0,1.0,1024.0,32.0,0.0,0.0,992.0,2.0,1.0,1.032258064516129,31.0,31.0,31.0,124.0,0.0,30.0,65233.0,132.0,130977.0,264.0,31.0
692,triton_stride_store,board_template_stride_store_pass1.json,692,1024,40,32,2388.622681299845,min_across_probe_passes,1,1,2,2,1.0,1.0,1024.0,32.0,0.0,0.0,1024.0,1.0,1.0,1.0,32.0,32.0,32.0,160.0,1.0,39.0,65024.0,127.0,104346.0,204.0,31.0
693,triton_stride_store,board_template_stride_store_pass1.json,693,1024,48,32,2307.9096476236978,min_across_probe_passes,1,1,2,2,1.0,1.0,1024.0,32.0,0.0,0.0,1024.0,1.0,1.0,1.0,32.0,32.0,32.0,192.0,1.0,47.0,65024.0,127.0,86870.0,170.0,31.0
694,triton_stride_store,board_template_stride_store_pass1.json,694,1024,63,32,2386.4986896514893,min_across_probe_passes,1,1,2,2,1.0,1.0,1024.0,32.0,0.0,0.0,1024.0,1.0,1.0,1.0,32.0,32.0,32.0,252.0,1.0,62.0,65025.0,128.0,65153.0,130.0,31.0
695,triton_stride_store,board_template_stride_store_pass1.json,695,1024,65,32,2399.6564547220864,min_across_probe_passes,1,1,2,2,1.0,1.0,1024.0,32.0,0.0,0.0,1024.0,1.0,1.0,1.0,32.0,32.0,32.0,260.0,1.0,64.0,65024.0,127.0,63231.0,126.0,31.0
696,triton_stride_store,board_template_stride_store_pass1.json,696,1024,80,32,2239.1820748647056,min_across_probe_passes,1,1,2,2,1.0,1.0,1024.0,32.0,0.0,0.0,1024.0,1.0,1.0,1.0,32.0,32.0,32.0,320.0,1.0,79.0,65024.0,127.0,51918.0,102.0,31.0
697,triton_stride_store,board_template_stride_store_pass1.json,697,1024,96,32,2216.3257598876953,min_across_probe_passes,1,1,2,2,1.0,1.0,1024.0,32.0,0.0,0.0,1024.0,1.0,1.0,1.0,32.0,32.0,32.0,384.0,1.0,95.0,65024.0,127.0,43180.0,85.0,31.0
698,triton_stride_store,board_template_stride_store_pass1.json,698,1024,127,32,2246.5250492095947,min_across_probe_passes,1,1,2,2,1.0,1.0,1024.0,32.0,0.0,0.0,1024.0,1.0,1.0,1.0,32.0,32.0,32.0,508.0,1.0,126.0,65025.0,128.0,32292.0,64.0,31.0
699,triton_stride_store,board_template_stride_store_pass1.json,699,1024,129,32,2199.2789109547934,min_across_probe_passes,1,1,2,2,1.0,1.0,1024.0,32.0,0.0,0.0,1024.0,1.0,1.0,1.0,32.0,32.0,32.0,516.0,1.0,128.0,65024.0,127.0,32284.0,70.0,31.0
700,triton_stride_store,board_template_stride_store_pass1.json,700,1024,160,32,2178.3673763275146,min_across_probe_passes,1,1,2,2,1.0,1.0,1024.0,32.0,0.0,0.0,1024.0,1.0,1.0,1.0,32.0,32.0,32.0,640.0,1.0,159.0,65024.0,127.0,36159.0,102.0,31.0
701,triton_stride_store,board_template_stride_store_pass1.json,701,1024,192,32,2115.480820337931,min_across_probe_passes,1,1,2,2,1.0,1.0,1024.0,32.0,0.0,0.0,1024.0,1.0,1.0,1.0,32.0,32.0,32.0,768.0,1.0,191.0,65024.0,127.0,35913.0,85.0,31.0
702,triton_stride_store,board_template_stride_store_pass1.json,702,1024,255,32,2127.5507609049478,min_across_probe_passes,1,1,2,2,1.0,1.0,1024.0,32.0,0.0,0.0,1024.0,1.0,1.0,1.0,32.0,32.0,32.0,1020.0,1.0,254.0,65025.0,128.0,32263.0,65.0,31.0
703,triton_stride_store,board_template_stride_store_pass1.json,703,2048,3,32,977.5288502375284,min_across_probe_passes,1,1,2,2,1.0,2.0,1024.0,32.0,0.0,0.0,192.0,11.0,10.0,10.666666666666666,3.0,3.0,3.0,12.0,0.0,5.0,290191.0,341.0,2096128.0,2047.0,31.0
704,triton_stride_store,board_template_stride_store_pass1.json,704,2048,5,32,1273.4776735305786,min_across_probe_passes,1,1,2,2,1.0,2.0,1024.0,32.0,0.0,0.0,320.0,7.0,6.0,6.4,5.0,5.0,5.0,20.0,0.0,9.0,271526.0,307.0,1425777.0,1638.0,31.0
705,triton_stride_store,board_template_stride_store_pass1.json,705,2048,6,32,1335.4496955871582,min_across_probe_passes,1,1,2,2,1.0,2.0,1024.0,32.0,0.0,0.0,384.0,6.0,5.0,5.333333333333333,6.0,6.0,6.0,24.0,0.0,11.0,261120.0,255.0,1164516.0,1365.0,31.0
706,triton_stride_store,board_template_stride_store_pass1.json,706,2048,7,32,1487.3979091644287,min_across_probe_passes,1,1,2,2,1.0,2.0,1024.0,32.0,0.0,0.0,448.0,5.0,4.0,4.571428571428571,7.0,7.0,7.0,28.0,0.0,13.0,266377.0,292.0,1069161.0,1170.0,31.0
707,triton_stride_store,board_template_stride_store_pass1.json,707,2048,9,32,1843.616247177124,min_across_probe_passes,1,1,2,2,1.0,2.0,1024.0,32.0,0.0,0.0,576.0,4.0,3.0,3.5555555555555554,9.0,9.0,9.0,36.0,0.0,17.0,264256.0,283.0,853751.0,910.0,31.0
708,triton_stride_store,board_template_stride_store_pass1.json,708,2048,10,32,1947.8460152943928,min_across_probe_passes,1,1,2,2,1.0,2.0,1024.0,32.0,0.0,0.0,640.0,4.0,3.0,3.2,10.0,10.0,10.0,40.0,0.0,19.0,261120.0,255.0,754197.0,819.0,31.0
709,triton_stride_store,board_template_stride_store_pass1.json,709,2048,11,32,2056.592345237732,min_across_probe_passes,1,1,2,2,1.0,2.0,1024.0,32.0,0.0,0.0,704.0,3.0,2.0,2.909090909090909,11.0,11.0,11.0,44.0,0.0,21.0,263283.0,279.0,709683.0,744.0,31.0
710,triton_stride_store,board_template_stride_store_pass1.json,710,2048,12,32,2151.522954305013,min_across_probe_passes,1,1,2,2,1.0,2.0,1024.0,32.0,0.0,0.0,768.0,3.0,2.0,2.6666666666666665,12.0,12.0,12.0,48.0,0.0,23.0,261120.0,255.0,698027.0,682.0,31.0
711,triton_stride_store,board_template_stride_store_pass1.json,711,2048,13,32,2359.5749537150064,min_across_probe_passes,1,1,2,2,1.0,2.0,1024.0,32.0,0.0,0.0,832.0,3.0,2.0,2.4615384615384617,13.0,13.0,13.0,52.0,0.0,25.0,262574.0,276.0,607281.0,630.0,31.0
712,triton_stride_store,board_template_stride_store_pass1.json,712,2048,14,32,2468.137343724569,min_across_probe_passes,1,1,2,2,1.0,2.0,1024.0,32.0,0.0,0.0,896.0,3.0,2.0,2.2857142857142856,14.0,14.0,14.0,56.0,0.0,27.0,261120.0,255.0,555531.0,585.0,31.0
713,triton_stride_store,board_template_stride_store_pass1.json,713,2048,15,32,2611.2133661905923,min_across_probe_passes,1,1,2,2,1.0,2.0,1024.0,32.0,0.0,0.0,960.0,3.0,2.0,2.1333333333333333,15.0,15.0,15.0,60.0,0.0,29.0,262177.0,272.0,530337.0,546.0,31.0
714,triton_stride_store,board_template_stride_store_pass2.json,714,2048,17,32,2844.689051310221,min_across_probe_passes,1,1,2,2,1.0,2.0,1024.0,32.0,0.0,0.0,1088.0,2.0,1.0,1.8823529411764706,17.0,17.0,17.0,68.0,0.0,33.0,262144.0,271.0,470824.0,481.0,31.0
715,triton_stride_store,board_template_stride_store_pass1.json,715,2048,18,32,2958.7650299072266,min_across_probe_passes,1,1,2,2,1.0,2.0,1024.0,32.0,0.0,0.0,1152.0,2.0,1.0,1.7777777777777777,18.0,18.0,18.0,72.0,0.0,35.0,261120.0,255.0,439246.0,455.0,31.0
716,triton_stride_store,board_template_stride_store_pass1.json,716,2048,19,32,3053.805192311605,min_across_probe_passes,1,1,2,2,1.0,2.0,1024.0,32.0,0.0,0.0,1216.0,2.0,1.0,1.6842105263157894,19.0,19.0,19.0,76.0,0.0,37.0,261823.0,269.0,423094.0,431.0,31.0
717,triton_stride_store,board_template_stride_store_pass2.json,717,2048,20,32,3171.2611516316733,min_across_probe_passes,1,1,2,2,1.0,2.0,1024.0,32.0,0.0,0.0,1280.0,2.0,1.0,1.6,20.0,20.0,20.0,80.0,0.0,39.0,261120.0,255.0,418407.0,409.0,31.0
718,triton_stride_store,board_template_stride_store_pass1.json,718,2048,21,32,3432.3219458262124,min_across_probe_passes,1,1,2,2,1.0,2.0,1024.0,32.0,0.0,0.0,1344.0,2.0,1.0,1.5238095238095237,21.0,21.0,21.0,84.0,0.0,41.0,261630.0,269.0,384321.0,390.0,31.0
719,triton_stride_store,board_template_stride_store_pass1.json,719,2048,22,32,3521.9040711720786,min_across_probe_passes,1,1,2,2,1.0,2.0,1024.0,32.0,0.0,0.0,1408.0,2.0,1.0,1.4545454545454546,22.0,22.0,22.0,88.0,0.0,43.0,261120.0,255.0,362979.0,372.0,31.0
720,triton_stride_store,board_template_stride_store_pass1.json,720,2048,23,32,3641.8177286783853,min_across_probe_passes,1,1,2,2,1.0,2.0,1024.0,32.0,0.0,0.0,1472.0,2.0,1.0,1.391304347826087,23.0,23.0,23.0,92.0,0.0,45.0,261627.0,267.0,351817.0,356.0,31.0
721,triton_stride_store,board_template_stride_store_pass2.json,721,2048,24,32,3758.1817309061685,min_across_probe_passes,1,1,2,2,1.0,2.0,1024.0,32.0,0.0,0.0,1536.0,2.0,1.0,1.3333333333333333,24.0,24.0,24.0,96.0,0.0,47.0,261120.0,255.0,348502.0,341.0,31.0
722,triton_stride_store,board_template_stride_store_pass1.json,722,2048,25,32,3899.8775482177734,min_across_probe_passes,1,1,2,2,1.0,2.0,1024.0,32.0,0.0,0.0,1600.0,2.0,1.0,1.28,25.0,25.0,25.0,100.0,0.0,49.0,261520.0,265.0,324681.0,327.0,31.0
723,triton_stride_store,board_template_stride_store_pass1.json,723,2048,26,32,4015.94607035319,min_across_probe_passes,1,1,2,2,1.0,2.0,1024.0,32.0,0.0,0.0,1664.0,2.0,1.0,1.2307692307692308,26.0,26.0,26.0,104.0,0.0,51.0,261120.0,255.0,309291.0,315.0,31.0
724,triton_stride_store,board_template_stride_store_pass1.json,724,2048,27,32,4123.600482940674,min_across_probe_passes,1,1,2,2,1.0,2.0,1024.0,32.0,0.0,0.0,1728.0,2.0,1.0,1.1851851851851851,27.0,27.0,27.0,108.0,0.0,53.0,261463.0,265.0,301078.0,303.0,31.0
725,triton_stride_store,board_template_stride_store_pass1.json,725,2048,28,32,4243.0464426676435,min_across_probe_passes,1,1,2,2,1.0,2.0,1024.0,32.0,0.0,0.0,1792.0,2.0,1.0,1.1428571428571428,28.0,28.0,28.0,112.0,0.0,55.0,261120.0,255.0,298570.0,292.0,31.0
726,triton_stride_store,board_template_stride_store_pass1.json,726,2048,29,32,4399.158000946045,min_across_probe_passes,1,1,2,2,1.0,2.0,1024.0,32.0,0.0,0.0,1856.0,2.0,1.0,1.103448275862069,29.0,29.0,29.0,116.0,0.0,57.0,261446.0,265.0,280890.0,282.0,31.0
727,triton_stride_store,board_template_stride_store_pass1.json,727,2048,30,32,4507.428487141927,min_across_probe_passes,1,1,2,2,1.0,2.0,1024.0,32.0,0.0,0.0,1920.0,2.0,1.0,1.0666666666666667,30.0,30.0,30.0,120.0,0.0,59.0,261120.0,255.0,269349.0,273.0,31.0
728,triton_stride_store,board_template_stride_store_pass1.json,728,2048,31,32,4636.770407358806,min_across_probe_passes,1,1,2,2,1.0,2.0,1024.0,32.0,0.0,0.0,1984.0,2.0,1.0,1.032258064516129,31.0,31.0,31.0,124.0,0.0,61.0,261393.0,264.0,263043.0,264.0,31.0
729,triton_stride_store,board_template_stride_store_pass1.json,729,2048,40,32,4637.703100840251,min_across_probe_passes,1,1,2,2,1.0,2.0,1024.0,32.0,0.0,0.0,2048.0,1.0,1.0,1.0,32.0,32.0,32.0,160.0,1.0,79.0,261120.0,255.0,208692.0,204.0,31.0
730,triton_stride_store,board_template_stride_store_pass1.json,730,2048,48,32,4600.697676340739,min_across_probe_passes,1,1,2,2,1.0,2.0,1024.0,32.0,0.0,0.0,2048.0,1.0,1.0,1.0,32.0,32.0,32.0,192.0,1.0,95.0,261120.0,255.0,173740.0,170.0,31.0
731,triton_stride_store,board_template_stride_store_pass1.json,731,2048,63,32,4618.833541870117,min_across_probe_passes,1,1,2,2,1.0,2.0,1024.0,32.0,0.0,0.0,2048.0,1.0,1.0,1.0,32.0,32.0,32.0,252.0,1.0,125.0,261121.0,256.0,130561.0,130.0,31.0
732,triton_stride_store,board_template_stride_store_pass1.json,732,2048,65,32,4620.528380076091,min_across_probe_passes,1,1,2,2,1.0,2.0,1024.0,32.0,0.0,0.0,2048.0,1.0,1.0,1.0,32.0,32.0,32.0,260.0,1.0,129.0,261120.0,255.0,130528.0,157.0,31.0
733,triton_stride_store,board_template_stride_store_pass1.json,733,2048,80,32,4443.255583445231,min_across_probe_passes,1,1,2,2,1.0,2.0,1024.0,32.0,0.0,0.0,2048.0,1.0,1.0,1.0,32.0,32.0,32.0,320.0,1.0,159.0,261120.0,255.0,145758.0,204.0,31.0
734,triton_stride_store,board_template_stride_store_pass1.json,734,2048,96,32,4385.5868975321455,min_across_probe_passes,1,1,2,2,1.0,2.0,1024.0,32.0,0.0,0.0,2048.0,1.0,1.0,1.0,32.0,32.0,32.0,384.0,1.0,191.0,261120.0,255.0,144585.0,170.0,31.0
735,triton_stride_store,board_template_stride_store_pass1.json,735,2048,127,32,4337.711175282796,min_across_probe_passes,1,1,2,2,1.0,2.0,1024.0,32.0,0.0,0.0,2048.0,1.0,1.0,1.0,32.0,32.0,32.0,508.0,1.0,253.0,261121.0,256.0,130175.0,129.0,31.0
736,triton_stride_store,board_template_stride_store_pass1.json,736,2048,129,32,4287.736256917317,min_across_probe_passes,1,1,2,2,1.0,2.0,1024.0,32.0,0.0,0.0,2048.0,1.0,1.0,1.0,32.0,32.0,32.0,516.0,1.0,257.0,261120.0,255.0,130160.0,141.0,31.0
737,triton_stride_store,board_template_stride_store_pass1.json,737,2048,160,32,4247.051080067952,min_across_probe_passes,1,1,2,2,1.0,2.0,1024.0,32.0,0.0,0.0,2048.0,1.0,1.0,1.0,32.0,32.0,32.0,640.0,1.0,319.0,261120.0,255.0,135252.0,153.0,31.0
738,triton_stride_store,board_template_stride_store_pass2.json,738,2048,192,32,4257.801691691081,min_across_probe_passes,1,1,2,2,1.0,2.0,1024.0,32.0,0.0,0.0,2048.0,1.0,1.0,1.0,32.0,32.0,32.0,768.0,1.0,383.0,261120.0,255.0,130048.0,127.0,31.0
739,triton_stride_store,board_template_stride_store_pass1.json,739,2048,255,32,4244.9846267700195,min_across_probe_passes,1,1,2,2,1.0,2.0,1024.0,32.0,0.0,0.0,2048.0,1.0,1.0,1.0,32.0,32.0,32.0,1020.0,1.0,509.0,261121.0,256.0,130069.0,131.0,31.0
