mode,block,stride,num_warps,target_ns,target_kind,target_source,target_iters,valid,raw_valid,freq_check_mhz,witness_ok,target_spread,pairs_S512,occ_G512,worst_G32768,elem_bytes,stride_bytes,elements,span_bytes,elements_per_thread,E,K_stg,dup,L,line_request_size,cross_page,page_count,n_cmd,wide,bank_pairs,bank_worst,dupL,W_times_L,L_min_64,W_times_L_minus_3072,dup_cross
simd,8,1,1,81.85087144374847,store_rotate_min_observed_ns_per_iter,min_observed_iters8000,8000,1,1,1650,1,,28,1,7,4,4,8,32,0.25,0.25,1,3.0,1,128,0,0,1,1,28,7,3.0,1,1,0,0.0
simd,16,1,1,81.31475001573563,store_rotate_min_observed_ns_per_iter,min_observed_iters8000,8000,1,1,1650,1,,120,1,15,4,4,16,64,0.5,0.5,1,1.0,1,128,0,0,1,1,120,15,1.0,1,1,0,0.0
simd,24,1,1,82.38287270069122,store_rotate_min_observed_ns_per_iter,min_observed_iters8000,8000,1,1,1650,1,,276,1,23,4,4,24,96,0.75,0.75,1,0.33333333333333326,1,128,0,0,1,1,276,23,0.33333333333333326,1,1,0,0.0
simd,32,1,1,82.17662572860718,store_rotate_min_observed_ns_per_iter,min_observed_iters8000,8000,1,1,1650,1,,496,1,31,4,4,32,128,1.0,1.0,1,0.0,1,128,0,0,1,1,496,31,0.0,1,1,0,0.0
simd,32,2,1,1574.3366479873657,store_rotate_min_observed_ns_per_iter,min_observed_iters8000,8000,1,1,1650,1,,496,1,31,4,8,32,252,1.0,1.0,1,0.0,2,64,0,0,32,0,496,31,0.0,2,2,0,0.0
simd,32,3,1,1083.7775468826294,store_rotate_min_observed_ns_per_iter,min_observed_iters8000,8000,1,1,1650,1,,496,1,31,4,12,32,376,1.0,1.0,1,0.0,3,40,0,0,32,0,496,31,0.0,3,3,0,0.0
simd,32,4,1,827.3033499717712,store_rotate_min_observed_ns_per_iter,min_observed_iters8000,8000,1,1,1650,1,,496,1,31,4,16,32,500,1.0,1.0,1,0.0,4,32,0,0,32,0,496,31,0.0,4,4,0,0.0
simd,32,5,1,721.3893532752991,store_rotate_min_observed_ns_per_iter,min_observed_iters8000,8000,1,1,1650,1,,340,2,31,4,20,32,624,1.0,1.0,1,0.0,5,24,0,0,32,0,496,31,0.0,5,5,0,0.0
simd,32,6,1,614.7851347923279,store_rotate_min_observed_ns_per_iter,min_observed_iters8000,8000,1,1,1650,1,,276,2,31,4,24,32,748,1.0,1.0,1,0.0,6,20,0,0,32,0,496,31,0.0,6,6,0,0.0
simd,32,7,1,527.9348492622375,store_rotate_min_observed_ns_per_iter,min_observed_iters8000,8000,1,1,1650,1,,249,2,31,4,28,32,872,1.0,1.0,1,0.0,7,16,0,0,32,0,496,31,0.0,7,7,0,0.0
simd,32,8,1,452.786386013031,store_rotate_min_observed_ns_per_iter,min_observed_iters8000,8000,1,1,1650,1,,240,2,31,4,32,32,996,1.0,1.0,1,0.0,8,16,0,0,32,0,496,31,0.0,8,8,0,0.0
simd,32,9,1,440.141499042511,store_rotate_min_observed_ns_per_iter,min_observed_iters8000,8000,1,1,1650,1,,199,3,31,4,36,32,1120,1.0,1.0,1,0.0,9,12,0,0,32,0,496,31,0.0,9,9,0,0.0
simd,32,10,1,415.5426323413849,store_rotate_min_observed_ns_per_iter,min_observed_iters8000,8000,1,1,1650,1,,171,3,31,4,40,32,1244,1.0,1.0,1,0.0,10,12,0,0,32,0,496,31,0.0,10,10,0,0.0
simd,32,11,1,341.98275208473206,store_rotate_min_observed_ns_per_iter,min_observed_iters8000,8000,1,1,1650,1,,160,3,31,4,44,32,1368,1.0,1.0,1,0.0,11,8,0,0,32,0,496,31,0.0,11,11,0,0.0
simd,32,12,1,337.6602530479431,store_rotate_min_observed_ns_per_iter,min_observed_iters8000,8000,1,1,1650,1,,155,3,31,4,48,32,1492,1.0,1.0,1,0.0,12,8,0,0,32,0,496,31,0.0,12,12,0,0.0
simd,32,16,1,247.3142445087433,store_rotate_min_observed_ns_per_iter,min_observed_iters8000,8000,1,1,1650,1,,112,4,31,4,64,32,1988,1.0,1.0,1,0.0,16,8,0,0,32,0,496,31,0.0,16,16,0,0.0
simd,32,20,1,237.52574622631073,store_rotate_min_observed_ns_per_iter,min_observed_iters8000,8000,1,1,1650,1,,87,5,31,4,80,32,2484,1.0,1.0,1,0.0,20,4,0,0,32,0,340,25,0.0,20,20,0,0.0
simd,32,24,1,233.59274864196777,store_rotate_min_observed_ns_per_iter,min_observed_iters8000,8000,1,1,1650,1,,70,6,31,4,96,32,2980,1.0,1.0,1,0.0,24,4,0,0,32,0,276,21,0.0,24,24,0,0.0
simd,32,32,1,150.08611977100372,store_rotate_min_observed_ns_per_iter,min_observed_iters8000,8000,1,1,1650,1,,48,8,31,4,128,32,3972,1.0,1.0,1,0.0,32,4,0,0,32,0,240,15,0.0,32,32,0,0.0
simd,32,40,1,149.5874971151352,store_rotate_min_observed_ns_per_iter,min_observed_iters2000,2000,1,0,1650,1,,36,10,31,4,160,32,4964,1.0,1.0,1,0.0,32,4,1,1,32,0,171,12,0.0,32,32,0,0.0
simd,32,48,1,144.7180062532425,store_rotate_min_observed_ns_per_iter,min_observed_iters2000,2000,1,0,1650,1,,28,12,31,4,192,32,5956,1.0,1.0,1,0.0,32,4,1,1,32,0,155,10,0.0,32,32,0,0.0
simd,32,64,1,129.8779994249344,store_rotate_min_observed_ns_per_iter,min_observed_iters2000,2000,1,0,1650,1,,16,16,31,4,256,32,7940,1.0,1.0,1,0.0,32,4,1,1,32,0,112,7,0.0,32,32,0,0.0
simd,32,96,1,126.10049545764923,store_rotate_min_observed_ns_per_iter,min_observed_iters2000,2000,1,0,1650,1,,8,24,31,4,384,32,11908,1.0,1.0,1,0.0,32,4,1,2,32,0,70,5,0.0,32,32,0,0.0
simd,32,128,1,120.85150182247162,store_rotate_min_observed_ns_per_iter,min_observed_iters2000,2000,1,0,1650,1,,0,32,31,4,512,32,15876,1.0,1.0,1,0.0,32,4,1,3,32,0,48,3,0.0,32,32,0,0.0
simd,32,192,1,119.40249800682068,store_rotate_min_observed_ns_per_iter,min_observed_iters2000,2000,1,0,1650,1,,5,27,31,4,768,32,23812,1.0,1.0,1,0.0,32,4,1,5,32,0,55,5,0.0,32,32,0,0.0
simd,32,256,1,116.95949733257294,store_rotate_min_observed_ns_per_iter,min_observed_iters2000,2000,1,0,1650,1,,16,16,31,4,1024,32,31748,1.0,1.0,1,0.0,32,4,1,7,32,0,48,3,0.0,32,32,0,0.0
simd,48,1,1,91.7849987745285,store_rotate_min_observed_ns_per_iter,min_observed_iters8000,8000,1,1,1650,1,,1128,1,47,4,4,48,192,1.5,1.5,2,0.0,2,128,0,0,1,1,1128,47,0.0,2,2,0,0.0
simd,64,1,1,82.36537128686905,store_rotate_min_observed_ns_per_iter,min_observed_iters8000,8000,1,1,1650,1,,2016,1,63,4,4,64,256,2.0,2.0,2,0.0,2,128,0,0,1,1,2016,63,0.0,2,2,0,0.0
simd,64,2,1,1867.2369718551636,store_rotate_min_observed_ns_per_iter,min_observed_iters2000,2000,1,1,1650,1,,2016,1,63,4,8,64,508,2.0,2.0,2,0.0,4,64,0,0,64,0,2016,63,0.0,4,4,0,0.0
simd,64,3,1,1221.5758562088013,store_rotate_min_observed_ns_per_iter,min_observed_iters8000,8000,1,1,1650,1,,1113,2,63,4,12,64,760,2.0,2.0,2,0.0,6,40,0,0,64,0,2016,63,0.0,6,6,0,0.0
simd,64,4,1,993.6543703079224,store_rotate_min_observed_ns_per_iter,min_observed_iters8000,8000,1,1,1650,1,,992,2,63,4,16,64,1012,2.0,2.0,2,0.0,8,32,0,0,64,0,2016,63,0.0,8,8,0,0.0
simd,64,5,1,795.5425977706909,store_rotate_min_observed_ns_per_iter,min_observed_iters8000,8000,1,1,1650,1,,716,3,63,4,20,64,1264,2.0,2.0,2,0.0,10,24,0,0,64,0,2016,63,0.0,10,10,0,0.0
simd,64,6,1,664.342999458313,store_rotate_min_observed_ns_per_iter,min_observed_iters8000,8000,1,1,1650,1,,651,3,63,4,24,64,1516,2.0,2.0,2,0.0,12,20,0,0,64,0,2016,63,0.0,12,12,0,0.0
simd,64,7,1,563.7277364730835,store_rotate_min_observed_ns_per_iter,min_observed_iters8000,8000,1,1,1650,1,,513,4,63,4,28,64,1768,2.0,2.0,2,0.0,14,16,0,0,64,0,2016,63,0.0,14,14,0,0.0
simd,64,8,1,478.44287753105164,store_rotate_min_observed_ns_per_iter,min_observed_iters8000,8000,1,1,1650,1,,480,4,63,4,32,64,2020,2.0,2.0,2,0.0,16,16,0,0,64,0,2016,63,0.0,16,16,0,0.0
simd,64,9,1,462.4638855457306,store_rotate_min_observed_ns_per_iter,min_observed_iters8000,8000,1,1,1650,1,,399,5,63,4,36,64,2272,2.0,2.0,2,0.0,18,12,0,0,64,0,1617,56,0.0,18,18,0,0.0
simd,64,10,1,446.6756284236908,store_rotate_min_observed_ns_per_iter,min_observed_iters8000,8000,1,1,1650,1,,378,5,63,4,40,64,2524,2.0,2.0,2,0.0,20,12,0,0,64,0,1392,51,0.0,20,20,0,0.0
simd,64,11,1,369.5071339607239,store_rotate_min_observed_ns_per_iter,min_observed_iters8000,8000,1,1,1650,1,,329,6,63,4,44,64,2776,2.0,2.0,2,0.0,22,8,0,0,64,0,1217,46,0.0,22,22,0,0.0
simd,64,12,1,367.4347400665283,store_rotate_min_observed_ns_per_iter,min_observed_iters8000,8000,1,1,1650,1,,310,6,63,4,48,64,3028,2.0,2.0,2,0.0,24,8,0,0,64,0,1113,42,0.0,24,24,0,0.0
simd,64,16,1,269.6908712387085,store_rotate_min_observed_ns_per_iter,min_observed_iters8000,8000,1,1,1650,1,,224,8,63,4,64,64,4036,2.0,2.0,2,0.0,32,8,0,0,64,0,992,31,0.0,32,32,0,0.0
simd,64,20,1,269.37249302864075,store_rotate_min_observed_ns_per_iter,min_observed_iters2000,2000,1,0,1650,1,,174,10,63,4,80,64,5044,2.0,2.0,2,0.0,40,4,1,1,64,0,716,25,0.0,40,40,0,0.0
simd,64,24,1,257.7269971370697,store_rotate_min_observed_ns_per_iter,min_observed_iters2000,2000,1,0,1650,1,,140,12,63,4,96,64,6052,2.0,2.0,2,0.0,48,4,1,1,64,0,651,21,0.0,48,48,0,0.0
simd,64,32,1,171.57849669456482,store_rotate_min_observed_ns_per_iter,min_observed_iters2000,2000,1,0,1650,1,,96,16,63,4,128,64,8068,2.0,2.0,2,0.0,64,4,1,1,64,0,480,15,0.0,64,64,0,0.0
simd,64,40,1,168.54649782180786,store_rotate_min_observed_ns_per_iter,min_observed_iters2000,2000,1,0,1650,1,,72,20,63,4,160,64,10084,2.0,2.0,2,0.0,64,4,1,2,64,0,378,12,0.0,64,64,0,0.0
simd,64,48,1,162.0980054140091,store_rotate_min_observed_ns_per_iter,min_observed_iters2000,2000,1,0,1650,1,,56,24,63,4,192,64,12100,2.0,2.0,2,0.0,64,4,1,2,64,0,310,10,0.0,64,64,0,0.0
simd,64,64,1,152.12300419807434,store_rotate_min_observed_ns_per_iter,min_observed_iters2000,2000,1,0,1650,1,,32,32,63,4,256,64,16132,2.0,2.0,2,0.0,64,4,1,3,64,0,224,7,0.0,64,64,0,0.0
simd,64,96,1,145.56799829006195,store_rotate_min_observed_ns_per_iter,min_observed_iters2000,2000,1,0,1650,1,,43,32,63,4,384,64,24196,2.0,2.0,2,0.0,64,4,1,5,64,0,255,10,0.0,64,64,0,0.0
simd,64,128,1,138.7224942445755,store_rotate_min_observed_ns_per_iter,min_observed_iters2000,2000,1,0,1650,1,,32,32,63,4,512,64,32260,2.0,2.0,2,0.0,64,4,1,7,64,0,224,7,0.0,64,64,0,0.0
simd,64,192,1,140.1890069246292,store_rotate_min_observed_ns_per_iter,min_observed_iters2000,2000,1,0,1650,1,,32,32,42,4,768,64,48388,2.0,2.0,2,0.0,64,4,1,11,64,0,224,7,0.0,64,64,0,0.0
simd,64,256,1,136.6885006427765,store_rotate_min_observed_ns_per_iter,min_observed_iters2000,2000,1,0,1650,1,,96,16,31,4,1024,64,64516,2.0,2.0,2,0.0,64,4,1,15,64,0,224,7,0.0,64,64,0,0.0
simd,96,1,1,91.85025095939636,store_rotate_min_observed_ns_per_iter,min_observed_iters8000,8000,1,1,1650,1,,4560,1,95,4,4,96,384,3.0,3.0,3,0.0,3,128,0,0,1,1,4560,95,0.0,3,3,0,0.0
simd,128,1,1,83.46187323331833,store_rotate_min_observed_ns_per_iter,min_observed_iters8000,8000,1,1,1650,1,,8128,1,127,4,4,128,512,4.0,4.0,4,0.0,4,128,0,0,1,1,8128,127,0.0,4,4,0,0.0
simd,128,2,1,2493.4120178222656,store_rotate_min_observed_ns_per_iter,min_observed_iters8000,8000,1,1,1650,1,,4032,2,127,4,8,128,1020,4.0,4.0,4,0.0,8,64,0,0,128,0,8128,127,0.0,8,8,0,0.0
simd,128,3,1,1436.1525774002075,store_rotate_min_observed_ns_per_iter,min_observed_iters8000,8000,1,1,1650,1,,2667,3,127,4,12,128,1528,4.0,4.0,4,0.0,12,40,0,0,128,0,8128,127,0.0,12,12,0,0.0
simd,128,4,1,1078.980803489685,store_rotate_min_observed_ns_per_iter,min_observed_iters8000,8000,1,1,1650,1,,1984,4,127,4,16,128,2036,4.0,4.0,4,0.0,16,32,0,0,128,0,8128,127,0.0,16,16,0,0.0
simd,128,5,1,848.0506539344788,store_rotate_min_observed_ns_per_iter,min_observed_iters8000,8000,1,1,1650,1,,1575,5,127,4,20,128,2544,4.0,4.0,4,0.0,20,24,0,0,128,0,5553,102,0.0,20,20,0,0.0
simd,128,6,1,731.9849729537964,store_rotate_min_observed_ns_per_iter,min_observed_iters8000,8000,1,1,1650,1,,1302,6,127,4,24,128,3052,4.0,4.0,4,0.0,24,20,0,0,128,0,4516,85,0.0,24,24,0,0.0
simd,128,7,1,621.5931177139282,store_rotate_min_observed_ns_per_iter,min_observed_iters8000,8000,1,1,1650,1,,1107,7,127,4,28,128,3560,4.0,4.0,4,0.0,28,16,0,0,128,0,4132,73,0.0,28,28,0,0.0
simd,128,8,1,526.7366170883179,store_rotate_min_observed_ns_per_iter,min_observed_iters8000,8000,1,1,1650,1,,960,8,127,4,32,128,4068,4.0,4.0,4,0.0,32,16,0,0,128,0,4032,63,0.0,32,32,0,0.0
simd,128,9,1,509.8379850387573,store_rotate_min_observed_ns_per_iter,min_observed_iters2000,2000,1,0,1650,1,,847,9,127,4,36,128,4576,4.0,4.0,4,0.0,36,12,1,1,128,0,3283,56,0.0,36,36,0,0.0
simd,128,10,1,498.6434876918793,store_rotate_min_observed_ns_per_iter,min_observed_iters2000,2000,1,1,1650,1,,756,10,127,4,40,128,5084,4.0,4.0,4,0.0,40,12,1,1,128,0,2901,51,0.0,40,40,0,0.0
simd,128,11,1,413.6914908885956,store_rotate_min_observed_ns_per_iter,min_observed_iters2000,2000,1,0,1650,1,,682,11,127,4,44,128,5592,4.0,4.0,4,0.0,44,8,1,1,128,0,2723,46,0.0,44,44,0,0.0
simd,128,12,1,408.85600447654724,store_rotate_min_observed_ns_per_iter,min_observed_iters2000,2000,1,1,1650,1,,620,12,127,4,48,128,6100,4.0,4.0,4,0.0,48,8,1,1,128,0,2667,42,0.0,48,48,0,0.0
simd,128,16,1,312.9504919052124,store_rotate_min_observed_ns_per_iter,min_observed_iters2000,2000,1,0,1650,1,,448,16,127,4,64,128,8132,4.0,4.0,4,0.0,64,8,1,1,128,0,1984,31,0.0,64,64,0,0.0
simd,128,20,1,311.7454946041107,store_rotate_min_observed_ns_per_iter,min_observed_iters2000,2000,1,0,1650,1,,348,20,127,4,80,128,10164,4.0,4.0,4,0.0,80,4,1,2,128,0,1575,25,0.0,80,64,0,0.0
simd,128,24,1,301.48449540138245,store_rotate_min_observed_ns_per_iter,min_observed_iters2000,2000,1,0,1650,1,,280,24,127,4,96,128,12196,4.0,4.0,4,0.0,96,4,1,2,128,0,1302,21,0.0,96,64,0,0.0
simd,128,32,1,211.86649799346924,store_rotate_min_observed_ns_per_iter,min_observed_iters2000,2000,1,0,1650,1,,192,32,127,4,128,128,16260,4.0,4.0,4,0.0,128,4,1,3,128,0,960,15,0.0,128,64,0,0.0
simd,128,40,1,208.1339955329895,store_rotate_min_observed_ns_per_iter,min_observed_iters2000,2000,1,0,1650,1,,225,32,127,4,160,128,20324,4.0,4.0,4,0.0,128,4,1,4,128,0,1081,25,0.0,128,64,0,0.0
simd,128,48,1,202.565997838974,store_rotate_min_observed_ns_per_iter,min_observed_iters2000,2000,1,0,1650,1,,223,32,127,4,192,128,24388,4.0,4.0,4,0.0,128,4,1,5,128,0,1071,21,0.0,128,64,0,0.0
simd,128,64,1,190.933495759964,store_rotate_min_observed_ns_per_iter,min_observed_iters2000,2000,1,0,1650,1,,192,32,127,4,256,128,32516,4.0,4.0,4,0.0,128,4,1,7,128,0,960,15,0.0,128,64,0,0.0
simd,128,96,1,184.50799584388733,store_rotate_min_observed_ns_per_iter,min_observed_iters2000,2000,1,0,1650,1,,192,32,85,4,384,128,48772,4.0,4.0,4,0.0,128,4,1,11,128,0,960,15,0.0,128,64,0,0.0
simd,128,128,1,179.92350459098816,store_rotate_min_observed_ns_per_iter,min_observed_iters2000,2000,1,0,1650,1,,192,32,63,4,512,128,65028,4.0,4.0,4,0.0,128,4,1,15,128,0,960,15,0.0,128,64,0,0.0
simd,128,192,1,180.45300245285034,store_rotate_min_observed_ns_per_iter,min_observed_iters2000,2000,1,0,1650,1,,192,32,42,4,768,128,97540,4.0,4.0,4,0.0,128,4,1,23,128,0,960,15,0.0,128,64,0,0.0
simd,128,256,1,175.27100443840027,store_rotate_min_observed_ns_per_iter,min_observed_iters2000,2000,1,0,1650,1,,448,16,31,4,1024,128,130052,4.0,4.0,4,0.0,128,4,1,31,128,0,960,15,0.0,128,64,0,0.0
simd,192,1,1,93.19324791431427,store_rotate_min_observed_ns_per_iter,min_observed_iters8000,8000,1,1,1650,1,,10144,2,191,4,4,192,768,6.0,6.0,6,0.0,6,128,0,0,1,1,18336,191,0.0,6,6,0,0.0
simd,256,1,1,91.95387363433838,store_rotate_min_observed_ns_per_iter,min_observed_iters8000,8000,1,1,1650,1,,16256,2,255,4,4,256,1024,8.0,8.0,8,0.0,8,128,0,0,1,1,32640,255,0.0,8,8,0,0.0
simd,256,2,1,3238.342523574829,store_rotate_min_observed_ns_per_iter,min_observed_iters8000,8000,1,1,1650,1,,8064,4,255,4,8,256,2044,8.0,8.0,8,0.0,16,64,0,0,256,0,32640,255,0.0,16,16,0,0.0
simd,256,3,1,2237.943172454834,store_rotate_min_observed_ns_per_iter,min_observed_iters8000,8000,1,1,1650,1,,5334,6,255,4,12,256,3064,8.0,8.0,8,0.0,24,40,0,0,256,0,18105,170,0.0,24,24,0,0.0
simd,256,4,1,1799.5622158050537,store_rotate_min_observed_ns_per_iter,min_observed_iters8000,8000,1,1,1650,1,,3968,8,255,4,16,256,4084,8.0,8.0,8,0.0,32,32,0,0,256,0,16256,127,0.0,32,32,0,0.0
simd,256,5,1,1414.760947227478,store_rotate_min_observed_ns_per_iter,min_observed_iters2000,2000,1,1,1650,1,,3150,10,255,4,20,256,5104,8.0,8.0,8,0.0,40,24,1,1,256,0,11679,102,0.0,40,40,0,0.0
simd,256,6,1,1155.495524406433,store_rotate_min_observed_ns_per_iter,min_observed_iters2000,2000,1,1,1650,1,,2604,12,255,4,24,256,6124,8.0,8.0,8,0.0,48,20,1,1,256,0,10795,85,0.0,48,48,0,0.0
simd,256,7,1,980.5734753608704,store_rotate_min_observed_ns_per_iter,min_observed_iters2000,2000,1,1,1650,1,,2214,14,255,4,28,256,7144,8.0,8.0,8,0.0,56,16,1,1,256,0,8587,73,0.0,56,56,0,0.0
simd,256,8,1,840.5364751815796,store_rotate_min_observed_ns_per_iter,min_observed_iters2000,2000,1,1,1650,1,,1920,16,255,4,32,256,8164,8.0,8.0,8,0.0,64,16,1,1,256,0,8064,63,0.0,64,64,0,0.0
simd,256,9,1,786.7615222930908,store_rotate_min_observed_ns_per_iter,min_observed_iters2000,2000,1,1,1650,1,,1694,18,255,4,36,256,9184,8.0,8.0,8,0.0,72,12,1,2,256,0,6762,56,0.0,72,64,0,0.0
simd,256,10,1,732.1835160255432,store_rotate_min_observed_ns_per_iter,min_observed_iters2000,2000,1,0,1650,1,,1512,20,255,4,40,256,10204,8.0,8.0,8,0.0,80,12,1,2,256,0,6426,51,0.0,80,64,0,0.0
simd,256,11,1,646.6565132141113,store_rotate_min_observed_ns_per_iter,min_observed_iters2000,2000,1,1,1650,1,,1364,22,255,4,44,256,11224,8.0,8.0,8,0.0,88,8,1,2,256,0,5566,46,0.0,88,64,0,0.0
simd,256,12,1,623.2879757881165,store_rotate_min_observed_ns_per_iter,min_observed_iters2000,2000,1,0,1650,1,,1240,24,255,4,48,256,12244,8.0,8.0,8,0.0,96,8,1,2,256,0,5334,42,0.0,96,64,0,0.0
simd,256,16,1,498.8884925842285,store_rotate_min_observed_ns_per_iter,min_observed_iters2000,2000,1,0,1650,1,,896,32,255,4,64,256,16324,8.0,8.0,8,0.0,128,8,1,3,256,0,3968,31,0.0,128,64,0,0.0
simd,256,20,1,458.8715136051178,store_rotate_min_observed_ns_per_iter,min_observed_iters2000,2000,1,0,1650,1,,1028,32,255,4,80,256,20404,8.0,8.0,8,0.0,160,4,1,4,256,0,4476,51,0.0,160,64,0,0.0
simd,256,24,1,426.64599418640137,store_rotate_min_observed_ns_per_iter,min_observed_iters2000,2000,1,0,1650,1,,1015,32,255,4,96,256,24484,8.0,8.0,8,0.0,192,4,1,5,256,0,4431,42,0.0,192,64,0,0.0
simd,256,32,1,313.2309913635254,store_rotate_min_observed_ns_per_iter,min_observed_iters2000,2000,1,0,1650,1,,896,32,255,4,128,256,32644,8.0,8.0,8,0.0,256,4,1,7,256,0,3968,31,0.0,256,64,0,0.0
simd,256,40,1,302.9065132141113,store_rotate_min_observed_ns_per_iter,min_observed_iters2000,2000,1,0,1650,1,,942,32,204,4,160,256,40804,8.0,8.0,8,0.0,256,4,1,9,256,0,4138,38,0.0,256,64,0,0.0
simd,256,48,1,294.1789925098419,store_rotate_min_observed_ns_per_iter,min_observed_iters2000,2000,1,0,1650,1,,896,32,170,4,192,256,48964,8.0,8.0,8,0.0,256,4,1,11,256,0,3968,31,0.0,256,64,0,0.0
simd,256,64,1,278.39648723602295,store_rotate_min_observed_ns_per_iter,min_observed_iters2000,2000,1,0,1650,1,,896,32,127,4,256,256,65284,8.0,8.0,8,0.0,256,4,1,15,256,0,3968,31,0.0,256,64,0,0.0
simd,256,96,1,263.2425129413605,store_rotate_min_observed_ns_per_iter,min_observed_iters2000,2000,1,0,1650,1,,896,32,85,4,384,256,97924,8.0,8.0,8,0.0,256,4,1,23,256,0,3968,31,0.0,256,64,0,0.0
simd,256,128,1,255.88849186897278,store_rotate_min_observed_ns_per_iter,min_observed_iters2000,2000,1,0,1650,1,,896,32,63,4,512,256,130564,8.0,8.0,8,0.0,256,4,1,31,256,0,3968,31,0.0,256,64,0,0.0
simd,256,192,1,256.58148527145386,store_rotate_min_observed_ns_per_iter,min_observed_iters2000,2000,1,0,1650,1,,896,32,42,4,768,256,195844,8.0,8.0,8,0.0,256,4,1,47,256,0,3968,31,0.0,256,64,0,0.0
simd,256,256,1,251.55049562454224,store_rotate_min_observed_ns_per_iter,min_observed_iters2000,2000,1,0,1650,1,,1920,16,31,4,1024,256,261124,8.0,8.0,8,0.0,256,4,1,63,256,0,3968,31,0.0,256,64,0,0.0
simd,384,1,1,93.51162612438202,store_rotate_min_observed_ns_per_iter,min_observed_iters8000,8000,1,1,1650,1,,24384,3,383,4,4,384,1536,12.0,12.0,12,0.0,12,128,0,0,1,1,73536,383,0.0,12,12,0,0.0
simd,512,1,1,95.70849686861038,store_rotate_min_observed_ns_per_iter,min_observed_iters8000,8000,1,1,1650,1,,32512,4,511,4,4,512,2048,16.0,16.0,16,0.0,16,128,0,0,1,1,130816,511,0.0,16,16,0,0.0
simt_only,32,1,1,28.185125440359116,store_rotate_min_observed_ns_per_iter,min_observed_iters8000,8000,1,1,1650,1,,496,1,31,4,4,32,128,1.0,1.0,1,0.0,1,128,0,0,32,0,496,31,0.0,1,1,0,0.0
simt_only,32,1,2,37.32350096106529,store_rotate_min_observed_ns_per_iter,min_observed_iters8000,8000,1,1,1650,1,,496,1,31,4,4,32,128,0.5,0.5,2,1.0,1,128,0,0,32,0,496,31,1.0,2,1,0,0.0
simt_only,32,1,4,37.348125129938126,store_rotate_min_observed_ns_per_iter,min_observed_iters8000,8000,1,1,1650,1,,496,1,31,4,4,32,128,0.25,0.25,4,3.0,1,128,0,0,32,0,496,31,3.0,4,1,0,0.0
simt_only,32,1,8,38.55162486433983,store_rotate_min_observed_ns_per_iter,min_observed_iters8000,8000,1,1,1650,1,,496,1,31,4,4,32,128,0.125,0.125,8,7.0,1,128,0,0,32,0,496,31,7.0,8,1,0,0.0
simt_only,32,1,16,40.06725177168846,store_rotate_min_observed_ns_per_iter,min_observed_iters8000,8000,1,1,1650,1,,496,1,31,4,4,32,128,0.0625,0.0625,16,15.0,1,128,0,0,32,0,496,31,15.0,16,1,0,0.0
simt_only,32,1,32,48.404499888420105,store_rotate_min_observed_ns_per_iter,min_observed_iters8000,8000,1,1,1650,1,,496,1,31,4,4,32,128,0.03125,0.03125,32,31.0,1,128,0,0,32,0,496,31,31.0,32,1,0,0.0
simt_only,32,1,64,65.78187644481659,store_rotate_min_observed_ns_per_iter,min_observed_iters8000,8000,1,1,1650,1,,496,1,31,4,4,32,128,0.015625,0.015625,64,63.0,1,128,0,0,32,0,496,31,63.0,64,1,0,0.0
simt_only,32,2,1,28.3417496830225,store_rotate_min_observed_ns_per_iter,min_observed_iters8000,8000,1,1,1650,1,,496,1,31,4,8,32,252,1.0,1.0,1,0.0,2,64,0,0,32,0,496,31,0.0,2,2,0,0.0
simt_only,32,2,2,41.002001613378525,store_rotate_min_observed_ns_per_iter,min_observed_iters8000,8000,1,1,1650,1,,496,1,31,4,8,32,252,0.5,0.5,2,1.0,2,64,0,0,32,0,496,31,2.0,4,2,0,0.0
simt_only,32,2,4,41.38199985027313,store_rotate_min_observed_ns_per_iter,min_observed_iters8000,8000,1,1,1650,1,,496,1,31,4,8,32,252,0.25,0.25,4,3.0,2,64,0,0,32,0,496,31,6.0,8,2,0,0.0
simt_only,32,2,8,42.66412556171417,store_rotate_min_observed_ns_per_iter,min_observed_iters8000,8000,1,1,1650,1,,496,1,31,4,8,32,252,0.125,0.125,8,7.0,2,64,0,0,32,0,496,31,14.0,16,2,0,0.0
simt_only,32,2,16,46.855248510837555,store_rotate_min_observed_ns_per_iter,min_observed_iters8000,8000,1,1,1650,1,,496,1,31,4,8,32,252,0.0625,0.0625,16,15.0,2,64,0,0,32,0,496,31,30.0,32,2,0,0.0
simt_only,32,2,32,52.06962674856186,store_rotate_min_observed_ns_per_iter,min_observed_iters8000,8000,1,1,1650,1,,496,1,31,4,8,32,252,0.03125,0.03125,32,31.0,2,64,0,0,32,0,496,31,62.0,64,2,0,0.0
simt_only,32,2,64,71.67749851942062,store_rotate_min_observed_ns_per_iter,min_observed_iters8000,8000,1,1,1650,1,,496,1,31,4,8,32,252,0.015625,0.015625,64,63.0,2,64,0,0,32,0,496,31,126.0,128,2,0,0.0
simt_only,32,3,1,29.416749253869057,store_rotate_min_observed_ns_per_iter,min_observed_iters8000,8000,1,1,1650,1,,496,1,31,4,12,32,376,1.0,1.0,1,0.0,3,40,0,0,32,0,496,31,0.0,3,3,0,0.0
simt_only,32,3,2,44.157374650239944,store_rotate_min_observed_ns_per_iter,min_observed_iters8000,8000,1,1,1650,1,,496,1,31,4,12,32,376,0.5,0.5,2,1.0,3,40,0,0,32,0,496,31,3.0,6,3,0,0.0
simt_only,32,3,4,44.022124260663986,store_rotate_min_observed_ns_per_iter,min_observed_iters8000,8000,1,1,1650,1,,496,1,31,4,12,32,376,0.25,0.25,4,3.0,3,40,0,0,32,0,496,31,9.0,12,3,0,0.0
simt_only,32,3,8,47.820501029491425,store_rotate_min_observed_ns_per_iter,min_observed_iters8000,8000,1,1,1650,1,,496,1,31,4,12,32,376,0.125,0.125,8,7.0,3,40,0,0,32,0,496,31,21.0,24,3,0,0.0
simt_only,32,3,16,51.76899954676628,store_rotate_min_observed_ns_per_iter,min_observed_iters8000,8000,1,1,1650,1,,496,1,31,4,12,32,376,0.0625,0.0625,16,15.0,3,40,0,0,32,0,496,31,45.0,48,3,0,0.0
simt_only,32,3,32,61.573125422000885,store_rotate_min_observed_ns_per_iter,min_observed_iters8000,8000,1,1,1650,1,,496,1,31,4,12,32,376,0.03125,0.03125,32,31.0,3,40,0,0,32,0,496,31,93.0,96,3,0,0.0
simt_only,32,3,64,100.03112256526947,store_rotate_min_observed_ns_per_iter,min_observed_iters8000,8000,1,1,1650,1,,496,1,31,4,12,32,376,0.015625,0.015625,64,63.0,3,40,0,0,32,0,496,31,189.0,192,3,0,0.0
simt_only,32,4,1,28.316250070929527,store_rotate_min_observed_ns_per_iter,min_observed_iters8000,8000,1,1,1650,1,,496,1,31,4,16,32,500,1.0,1.0,1,0.0,4,32,0,0,32,0,496,31,0.0,4,4,0,0.0
simt_only,32,4,2,41.037000715732574,store_rotate_min_observed_ns_per_iter,min_observed_iters8000,8000,1,1,1650,1,,496,1,31,4,16,32,500,0.5,0.5,2,1.0,4,32,0,0,32,0,496,31,4.0,8,4,0,0.0
simt_only,32,4,4,41.52650013566017,store_rotate_min_observed_ns_per_iter,min_observed_iters8000,8000,1,1,1650,1,,496,1,31,4,16,32,500,0.25,0.25,4,3.0,4,32,0,0,32,0,496,31,12.0,16,4,0,0.0
simt_only,32,4,8,42.54499822854996,store_rotate_min_observed_ns_per_iter,min_observed_iters8000,8000,1,1,1650,1,,496,1,31,4,16,32,500,0.125,0.125,8,7.0,4,32,0,0,32,0,496,31,28.0,32,4,0,0.0
simt_only,32,4,16,46.35624960064888,store_rotate_min_observed_ns_per_iter,min_observed_iters8000,8000,1,1,1650,1,,496,1,31,4,16,32,500,0.0625,0.0625,16,15.0,4,32,0,0,32,0,496,31,60.0,64,4,0,0.0
simt_only,32,4,32,51.9966259598732,store_rotate_min_observed_ns_per_iter,min_observed_iters8000,8000,1,1,1650,1,,496,1,31,4,16,32,500,0.03125,0.03125,32,31.0,4,32,0,0,32,0,496,31,124.0,128,4,0,0.0
simt_only,32,4,64,71.53850048780441,store_rotate_min_observed_ns_per_iter,min_observed_iters8000,8000,1,1,1650,1,,496,1,31,4,16,32,500,0.015625,0.015625,64,63.0,4,32,0,0,32,0,496,31,252.0,256,4,0,0.0
simt_only,32,5,1,29.40724976360798,store_rotate_min_observed_ns_per_iter,min_observed_iters8000,8000,1,1,1650,1,,340,2,31,4,20,32,624,1.0,1.0,1,0.0,5,24,0,0,32,0,496,31,0.0,5,5,0,0.0
simt_only,32,5,2,44.169001281261444,store_rotate_min_observed_ns_per_iter,min_observed_iters8000,8000,1,1,1650,1,,340,2,31,4,20,32,624,0.5,0.5,2,1.0,5,24,0,0,32,0,496,31,5.0,10,5,0,0.0
simt_only,32,5,4,43.969251215457916,store_rotate_min_observed_ns_per_iter,min_observed_iters8000,8000,1,1,1650,1,,340,2,31,4,20,32,624,0.25,0.25,4,3.0,5,24,0,0,32,0,496,31,15.0,20,5,0,0.0
simt_only,32,5,8,48.07687550783157,store_rotate_min_observed_ns_per_iter,min_observed_iters8000,8000,1,1,1650,1,,340,2,31,4,20,32,624,0.125,0.125,8,7.0,5,24,0,0,32,0,496,31,35.0,40,5,0,0.0
simt_only,32,5,16,51.57475173473358,store_rotate_min_observed_ns_per_iter,min_observed_iters8000,8000,1,1,1650,1,,340,2,31,4,20,32,624,0.0625,0.0625,16,15.0,5,24,0,0,32,0,496,31,75.0,80,5,0,0.0
simt_only,32,5,32,61.36287376284599,store_rotate_min_observed_ns_per_iter,min_observed_iters8000,8000,1,1,1650,1,,340,2,31,4,20,32,624,0.03125,0.03125,32,31.0,5,24,0,0,32,0,496,31,155.0,160,5,0,0.0
simt_only,32,5,64,100.20212829113007,store_rotate_min_observed_ns_per_iter,min_observed_iters8000,8000,1,1,1650,1,,340,2,31,4,20,32,624,0.015625,0.015625,64,63.0,5,24,0,0,32,0,496,31,315.0,320,5,0,0.0
simt_only,32,6,1,29.453875496983528,store_rotate_min_observed_ns_per_iter,min_observed_iters8000,8000,1,1,1650,1,,276,2,31,4,24,32,748,1.0,1.0,1,0.0,6,20,0,0,32,0,496,31,0.0,6,6,0,0.0
simt_only,32,6,2,43.88562589883804,store_rotate_min_observed_ns_per_iter,min_observed_iters8000,8000,1,1,1650,1,,276,2,31,4,24,32,748,0.5,0.5,2,1.0,6,20,0,0,32,0,496,31,6.0,12,6,0,0.0
simt_only,32,6,4,44.107623398303986,store_rotate_min_observed_ns_per_iter,min_observed_iters8000,8000,1,1,1650,1,,276,2,31,4,24,32,748,0.25,0.25,4,3.0,6,20,0,0,32,0,496,31,18.0,24,6,0,0.0
simt_only,32,6,8,48.065248876810074,store_rotate_min_observed_ns_per_iter,min_observed_iters8000,8000,1,1,1650,1,,276,2,31,4,24,32,748,0.125,0.125,8,7.0,6,20,0,0,32,0,496,31,42.0,48,6,0,0.0
simt_only,32,6,16,51.235999912023544,store_rotate_min_observed_ns_per_iter,min_observed_iters8000,8000,1,1,1650,1,,276,2,31,4,24,32,748,0.0625,0.0625,16,15.0,6,20,0,0,32,0,496,31,90.0,96,6,0,0.0
simt_only,32,6,32,61.27787381410599,store_rotate_min_observed_ns_per_iter,min_observed_iters8000,8000,1,1,1650,1,,276,2,31,4,24,32,748,0.03125,0.03125,32,31.0,6,20,0,0,32,0,496,31,186.0,192,6,0,0.0
simt_only,32,6,64,99.99199956655502,store_rotate_min_observed_ns_per_iter,min_observed_iters8000,8000,1,1,1650,1,,276,2,31,4,24,32,748,0.015625,0.015625,64,63.0,6,20,0,0,32,0,496,31,378.0,384,6,0,0.0
simt_only,32,7,1,29.583875089883804,store_rotate_min_observed_ns_per_iter,min_observed_iters8000,8000,1,1,1650,1,,249,2,31,4,28,32,872,1.0,1.0,1,0.0,7,16,0,0,32,0,496,31,0.0,7,7,0,0.0
simt_only,32,7,2,44.06474903225899,store_rotate_min_observed_ns_per_iter,min_observed_iters8000,8000,1,1,1650,1,,249,2,31,4,28,32,872,0.5,0.5,2,1.0,7,16,0,0,32,0,496,31,7.0,14,7,0,0.0
simt_only,32,7,4,43.91875118017197,store_rotate_min_observed_ns_per_iter,min_observed_iters8000,8000,1,1,1650,1,,249,2,31,4,28,32,872,0.25,0.25,4,3.0,7,16,0,0,32,0,496,31,21.0,28,7,0,0.0
simt_only,32,7,8,48.00974950194359,store_rotate_min_observed_ns_per_iter,min_observed_iters8000,8000,1,1,1650,1,,249,2,31,4,28,32,872,0.125,0.125,8,7.0,7,16,0,0,32,0,496,31,49.0,56,7,0,0.0
simt_only,32,7,16,51.459748297929764,store_rotate_min_observed_ns_per_iter,min_observed_iters8000,8000,1,1,1650,1,,249,2,31,4,28,32,872,0.0625,0.0625,16,15.0,7,16,0,0,32,0,496,31,105.0,112,7,0,0.0
simt_only,32,7,32,61.28599867224693,store_rotate_min_observed_ns_per_iter,min_observed_iters8000,8000,1,1,1650,1,,249,2,31,4,28,32,872,0.03125,0.03125,32,31.0,7,16,0,0,32,0,496,31,217.0,224,7,0,0.0
simt_only,32,7,64,100.15574842691422,store_rotate_min_observed_ns_per_iter,min_observed_iters8000,8000,1,1,1650,1,,249,2,31,4,28,32,872,0.015625,0.015625,64,63.0,7,16,0,0,32,0,496,31,441.0,448,7,0,0.0
simt_only,32,8,1,28.263874351978302,store_rotate_min_observed_ns_per_iter,min_observed_iters8000,8000,1,1,1650,1,,240,2,31,4,32,32,996,1.0,1.0,1,0.0,8,16,0,0,32,0,496,31,0.0,8,8,0,0.0
simt_only,32,8,2,41.158124804496765,store_rotate_min_observed_ns_per_iter,min_observed_iters8000,8000,1,1,1650,1,,240,2,31,4,32,32,996,0.5,0.5,2,1.0,8,16,0,0,32,0,496,31,8.0,16,8,0,0.0
simt_only,32,8,4,41.35587438941002,store_rotate_min_observed_ns_per_iter,min_observed_iters8000,8000,1,1,1650,1,,240,2,31,4,32,32,996,0.25,0.25,4,3.0,8,16,0,0,32,0,496,31,24.0,32,8,0,0.0
simt_only,32,8,8,42.754750698804855,store_rotate_min_observed_ns_per_iter,min_observed_iters8000,8000,1,1,1650,1,,240,2,31,4,32,32,996,0.125,0.125,8,7.0,8,16,0,0,32,0,496,31,56.0,64,8,0,0.0
simt_only,32,8,16,47.00149968266487,store_rotate_min_observed_ns_per_iter,min_observed_iters8000,8000,1,1,1650,1,,240,2,31,4,32,32,996,0.0625,0.0625,16,15.0,8,16,0,0,32,0,496,31,120.0,128,8,0,0.0
simt_only,32,8,32,51.99100077152252,store_rotate_min_observed_ns_per_iter,min_observed_iters8000,8000,1,1,1650,1,,240,2,31,4,32,32,996,0.03125,0.03125,32,31.0,8,16,0,0,32,0,496,31,248.0,256,8,0,0.0
simt_only,32,8,64,71.40550017356873,store_rotate_min_observed_ns_per_iter,min_observed_iters8000,8000,1,1,1650,1,,240,2,31,4,32,32,996,0.015625,0.015625,64,63.0,8,16,0,0,32,0,496,31,504.0,512,8,0,0.0
simt_only,32,9,1,29.478250071406364,store_rotate_min_observed_ns_per_iter,min_observed_iters8000,8000,1,1,1650,1,,199,3,31,4,36,32,1120,1.0,1.0,1,0.0,9,12,0,0,32,0,496,31,0.0,9,9,0,0.0
simt_only,32,9,2,44.30312663316727,store_rotate_min_observed_ns_per_iter,min_observed_iters8000,8000,1,1,1650,1,,199,3,31,4,36,32,1120,0.5,0.5,2,1.0,9,12,0,0,32,0,496,31,9.0,18,9,0,0.0
simt_only,32,9,4,44.054750353097916,store_rotate_min_observed_ns_per_iter,min_observed_iters8000,8000,1,1,1650,1,,199,3,31,4,36,32,1120,0.25,0.25,4,3.0,9,12,0,0,32,0,496,31,27.0,36,9,0,0.0
simt_only,32,9,8,48.11650142073631,store_rotate_min_observed_ns_per_iter,min_observed_iters8000,8000,1,1,1650,1,,199,3,31,4,36,32,1120,0.125,0.125,8,7.0,9,12,0,0,32,0,496,31,63.0,72,9,0,0.0
simt_only,32,9,16,51.593124866485596,store_rotate_min_observed_ns_per_iter,min_observed_iters8000,8000,1,1,1650,1,,199,3,31,4,36,32,1120,0.0625,0.0625,16,15.0,9,12,0,0,32,0,496,31,135.0,144,9,0,0.0
simt_only,32,9,32,61.205875128507614,store_rotate_min_observed_ns_per_iter,min_observed_iters8000,8000,1,1,1650,1,,199,3,31,4,36,32,1120,0.03125,0.03125,32,31.0,9,12,0,0,32,0,496,31,279.0,288,9,0,0.0
simt_only,32,9,64,100.07237643003464,store_rotate_min_observed_ns_per_iter,min_observed_iters8000,8000,1,1,1650,1,,199,3,31,4,36,32,1120,0.015625,0.015625,64,63.0,9,12,0,0,32,0,496,31,567.0,576,9,0,0.0
simt_only,32,10,1,29.715249314904213,store_rotate_min_observed_ns_per_iter,min_observed_iters8000,8000,1,1,1650,1,,171,3,31,4,40,32,1244,1.0,1.0,1,0.0,10,12,0,0,32,0,496,31,0.0,10,10,0,0.0
simt_only,32,10,2,44.52800005674362,store_rotate_min_observed_ns_per_iter,min_observed_iters8000,8000,1,1,1650,1,,171,3,31,4,40,32,1244,0.5,0.5,2,1.0,10,12,0,0,32,0,496,31,10.0,20,10,0,0.0
simt_only,32,10,4,43.46974939107895,store_rotate_min_observed_ns_per_iter,min_observed_iters8000,8000,1,1,1650,1,,171,3,31,4,40,32,1244,0.25,0.25,4,3.0,10,12,0,0,32,0,496,31,30.0,40,10,0,0.0
simt_only,32,10,8,47.95262590050697,store_rotate_min_observed_ns_per_iter,min_observed_iters8000,8000,1,1,1650,1,,171,3,31,4,40,32,1244,0.125,0.125,8,7.0,10,12,0,0,32,0,496,31,70.0,80,10,0,0.0
simt_only,32,10,16,51.607999950647354,store_rotate_min_observed_ns_per_iter,min_observed_iters8000,8000,1,1,1650,1,,171,3,31,4,40,32,1244,0.0625,0.0625,16,15.0,10,12,0,0,32,0,496,31,150.0,160,10,0,0.0
simt_only,32,10,32,61.35775148868561,store_rotate_min_observed_ns_per_iter,min_observed_iters8000,8000,1,1,1650,1,,171,3,31,4,40,32,1244,0.03125,0.03125,32,31.0,10,12,0,0,32,0,496,31,310.0,320,10,0,0.0
simt_only,32,10,64,100.17262399196625,store_rotate_min_observed_ns_per_iter,min_observed_iters8000,8000,1,1,1650,1,,171,3,31,4,40,32,1244,0.015625,0.015625,64,63.0,10,12,0,0,32,0,496,31,630.0,640,10,0,0.0
simt_only,32,11,1,29.840875416994095,store_rotate_min_observed_ns_per_iter,min_observed_iters8000,8000,1,1,1650,1,,160,3,31,4,44,32,1368,1.0,1.0,1,0.0,11,8,0,0,32,0,496,31,0.0,11,11,0,0.0
simt_only,32,11,2,43.71212422847748,store_rotate_min_observed_ns_per_iter,min_observed_iters8000,8000,1,1,1650,1,,160,3,31,4,44,32,1368,0.5,0.5,2,1.0,11,8,0,0,32,0,496,31,11.0,22,11,0,0.0
simt_only,32,11,4,43.991126120090485,store_rotate_min_observed_ns_per_iter,min_observed_iters8000,8000,1,1,1650,1,,160,3,31,4,44,32,1368,0.25,0.25,4,3.0,11,8,0,0,32,0,496,31,33.0,44,11,0,0.0
simt_only,32,11,8,47.979749739170074,store_rotate_min_observed_ns_per_iter,min_observed_iters8000,8000,1,1,1650,1,,160,3,31,4,44,32,1368,0.125,0.125,8,7.0,11,8,0,0,32,0,496,31,77.0,88,11,0,0.0
simt_only,32,11,16,51.757875829935074,store_rotate_min_observed_ns_per_iter,min_observed_iters8000,8000,1,0,1650,1,,160,3,31,4,44,32,1368,0.0625,0.0625,16,15.0,11,8,0,0,32,0,496,31,165.0,176,11,0,0.0
simt_only,32,11,32,61.313748359680176,store_rotate_min_observed_ns_per_iter,min_observed_iters8000,8000,1,1,1650,1,,160,3,31,4,44,32,1368,0.03125,0.03125,32,31.0,11,8,0,0,32,0,496,31,341.0,352,11,0,0.0
simt_only,32,11,64,100.18562525510788,store_rotate_min_observed_ns_per_iter,min_observed_iters8000,8000,1,1,1650,1,,160,3,31,4,44,32,1368,0.015625,0.015625,64,63.0,11,8,0,0,32,0,496,31,693.0,704,11,0,0.0
simt_only,32,12,1,29.637999832630157,store_rotate_min_observed_ns_per_iter,min_observed_iters8000,8000,1,0,1650,1,,155,3,31,4,48,32,1492,1.0,1.0,1,0.0,12,8,0,0,32,0,496,31,0.0,12,12,0,0.0
simt_only,32,12,2,43.88299956917763,store_rotate_min_observed_ns_per_iter,min_observed_iters8000,8000,1,1,1650,1,,155,3,31,4,48,32,1492,0.5,0.5,2,1.0,12,8,0,0,32,0,496,31,12.0,24,12,0,0.0
simt_only,32,12,4,44.16412487626076,store_rotate_min_observed_ns_per_iter,min_observed_iters8000,8000,1,1,1650,1,,155,3,31,4,48,32,1492,0.25,0.25,4,3.0,12,8,0,0,32,0,496,31,36.0,48,12,0,0.0
simt_only,32,12,8,48.098500818014145,store_rotate_min_observed_ns_per_iter,min_observed_iters8000,8000,1,1,1650,1,,155,3,31,4,48,32,1492,0.125,0.125,8,7.0,12,8,0,0,32,0,496,31,84.0,96,12,0,0.0
simt_only,32,12,16,51.63225159049034,store_rotate_min_observed_ns_per_iter,min_observed_iters8000,8000,1,0,1650,1,,155,3,31,4,48,32,1492,0.0625,0.0625,16,15.0,12,8,0,0,32,0,496,31,180.0,192,12,0,0.0
simt_only,32,12,32,61.34425103664398,store_rotate_min_observed_ns_per_iter,min_observed_iters8000,8000,1,0,1650,1,,155,3,31,4,48,32,1492,0.03125,0.03125,32,31.0,12,8,0,0,32,0,496,31,372.0,384,12,0,0.0
simt_only,32,12,64,100.2691239118576,store_rotate_min_observed_ns_per_iter,min_observed_iters8000,8000,1,1,1650,1,,155,3,31,4,48,32,1492,0.015625,0.015625,64,63.0,12,8,0,0,32,0,496,31,756.0,768,12,0,0.0
simt_only,32,16,1,28.256500139832497,store_rotate_min_observed_ns_per_iter,min_observed_iters8000,8000,1,0,1650,1,,112,4,31,4,64,32,1988,1.0,1.0,1,0.0,16,8,0,0,32,0,496,31,0.0,16,16,0,0.0
simt_only,32,16,2,41.07150062918663,store_rotate_min_observed_ns_per_iter,min_observed_iters8000,8000,1,1,1650,1,,112,4,31,4,64,32,1988,0.5,0.5,2,1.0,16,8,0,0,32,0,496,31,16.0,32,16,0,0.0
simt_only,32,16,4,41.369374841451645,store_rotate_min_observed_ns_per_iter,min_observed_iters8000,8000,1,1,1650,1,,112,4,31,4,64,32,1988,0.25,0.25,4,3.0,16,8,0,0,32,0,496,31,48.0,64,16,0,0.0
simt_only,32,16,8,42.79575124382973,store_rotate_min_observed_ns_per_iter,min_observed_iters8000,8000,1,1,1650,1,,112,4,31,4,64,32,1988,0.125,0.125,8,7.0,16,8,0,0,32,0,496,31,112.0,128,16,0,0.0
simt_only,32,16,16,47.13299870491028,store_rotate_min_observed_ns_per_iter,min_observed_iters8000,8000,1,1,1650,1,,112,4,31,4,64,32,1988,0.0625,0.0625,16,15.0,16,8,0,0,32,0,496,31,240.0,256,16,0,0.0
simt_only,32,16,32,52.219126373529434,store_rotate_min_observed_ns_per_iter,min_observed_iters8000,8000,1,1,1650,1,,112,4,31,4,64,32,1988,0.03125,0.03125,32,31.0,16,8,0,0,32,0,496,31,496.0,512,16,0,0.0
simt_only,32,16,64,71.43187522888184,store_rotate_min_observed_ns_per_iter,min_observed_iters8000,8000,1,1,1650,1,,112,4,31,4,64,32,1988,0.015625,0.015625,64,63.0,16,8,0,0,32,0,496,31,1008.0,1024,16,0,0.0
simt_only,32,20,1,29.600875452160835,store_rotate_min_observed_ns_per_iter,min_observed_iters8000,8000,1,1,1650,1,,87,5,31,4,80,32,2484,1.0,1.0,1,0.0,20,4,0,0,32,0,340,25,0.0,20,20,0,0.0
simt_only,32,20,2,43.96725073456764,store_rotate_min_observed_ns_per_iter,min_observed_iters8000,8000,1,1,1650,1,,87,5,31,4,80,32,2484,0.5,0.5,2,1.0,20,4,0,0,32,0,340,25,20.0,40,20,0,0.0
simt_only,32,20,4,44.12362352013588,store_rotate_min_observed_ns_per_iter,min_observed_iters8000,8000,1,1,1650,1,,87,5,31,4,80,32,2484,0.25,0.25,4,3.0,20,4,0,0,32,0,340,25,60.0,80,20,0,0.0
simt_only,32,20,8,47.93587327003479,store_rotate_min_observed_ns_per_iter,min_observed_iters8000,8000,1,1,1650,1,,87,5,31,4,80,32,2484,0.125,0.125,8,7.0,20,4,0,0,32,0,340,25,140.0,160,20,0,0.0
simt_only,32,20,16,51.92774906754494,store_rotate_min_observed_ns_per_iter,min_observed_iters8000,8000,1,1,1650,1,,87,5,31,4,80,32,2484,0.0625,0.0625,16,15.0,20,4,0,0,32,0,340,25,300.0,320,20,0,0.0
simt_only,32,20,32,61.46112456917763,store_rotate_min_observed_ns_per_iter,min_observed_iters8000,8000,1,1,1650,1,,87,5,31,4,80,32,2484,0.03125,0.03125,32,31.0,20,4,0,0,32,0,340,25,620.0,640,20,0,0.0
simt_only,32,20,64,99.97287392616272,store_rotate_min_observed_ns_per_iter,min_observed_iters8000,8000,1,1,1650,1,,87,5,31,4,80,32,2484,0.015625,0.015625,64,63.0,20,4,0,0,32,0,340,25,1260.0,1280,20,0,0.0
simt_only,32,24,1,34.43074971437454,store_rotate_min_observed_ns_per_iter,min_observed_iters8000,8000,1,1,1650,1,,70,6,31,4,96,32,2980,1.0,1.0,1,0.0,24,4,0,0,32,0,276,21,0.0,24,24,0,0.0
simt_only,32,24,2,44.1141240298748,store_rotate_min_observed_ns_per_iter,min_observed_iters8000,8000,1,1,1650,1,,70,6,31,4,96,32,2980,0.5,0.5,2,1.0,24,4,0,0,32,0,276,21,24.0,48,24,0,0.0
simt_only,32,24,4,44.2618764936924,store_rotate_min_observed_ns_per_iter,min_observed_iters8000,8000,1,1,1650,1,,70,6,31,4,96,32,2980,0.25,0.25,4,3.0,24,4,0,0,32,0,276,21,72.0,96,24,0,0.0
simt_only,32,24,8,48.63424971699715,store_rotate_min_observed_ns_per_iter,min_observed_iters8000,8000,1,1,1650,1,,70,6,31,4,96,32,2980,0.125,0.125,8,7.0,24,4,0,0,32,0,276,21,168.0,192,24,0,0.0
simt_only,32,24,16,54.49487641453743,store_rotate_min_observed_ns_per_iter,min_observed_iters8000,8000,1,1,1650,1,,70,6,31,4,96,32,2980,0.0625,0.0625,16,15.0,24,4,0,0,32,0,276,21,360.0,384,24,0,0.0
simt_only,32,24,32,63.533999025821686,store_rotate_min_observed_ns_per_iter,min_observed_iters8000,8000,1,1,1650,1,,70,6,31,4,96,32,2980,0.03125,0.03125,32,31.0,24,4,0,0,32,0,276,21,744.0,768,24,0,0.0
simt_only,32,24,64,100.64049810171127,store_rotate_min_observed_ns_per_iter,min_observed_iters8000,8000,1,1,1650,1,,70,6,31,4,96,32,2980,0.015625,0.015625,64,63.0,24,4,0,0,32,0,276,21,1512.0,1536,24,0,0.0
simt_only,32,32,1,49.538999795913696,store_rotate_min_observed_ns_per_iter,min_observed_iters2000,2000,1,1,1650,1,,48,8,31,4,128,32,3972,1.0,1.0,1,0.0,32,4,0,0,32,0,240,15,0.0,32,32,0,0.0
simt_only,32,32,2,49.02125149965286,store_rotate_min_observed_ns_per_iter,min_observed_iters8000,8000,1,1,1650,1,,48,8,31,4,128,32,3972,0.5,0.5,2,1.0,32,4,0,0,32,0,240,15,32.0,64,32,0,0.0
simt_only,32,32,4,50.17875134944916,store_rotate_min_observed_ns_per_iter,min_observed_iters8000,8000,1,1,1650,1,,48,8,31,4,128,32,3972,0.25,0.25,4,3.0,32,4,0,0,32,0,240,15,96.0,128,32,0,0.0
simt_only,32,32,8,48.93749952316284,store_rotate_min_observed_ns_per_iter,min_observed_iters2000,2000,1,1,1650,1,,48,8,31,4,128,32,3972,0.125,0.125,8,7.0,32,4,0,0,32,0,240,15,224.0,256,32,0,0.0
simt_only,32,32,16,50.593748688697815,store_rotate_min_observed_ns_per_iter,min_observed_iters8000,8000,1,1,1650,1,,48,8,31,4,128,32,3972,0.0625,0.0625,16,15.0,32,4,0,0,32,0,240,15,480.0,512,32,0,0.0
simt_only,32,32,32,55.23112416267395,store_rotate_min_observed_ns_per_iter,min_observed_iters8000,8000,1,1,1650,1,,48,8,31,4,128,32,3972,0.03125,0.03125,32,31.0,32,4,0,0,32,0,240,15,992.0,1024,32,0,0.0
simt_only,32,32,64,75.05837827920914,store_rotate_min_observed_ns_per_iter,min_observed_iters8000,8000,1,1,1650,1,,48,8,31,4,128,32,3972,0.015625,0.015625,64,63.0,32,4,0,0,32,0,240,15,2016.0,2048,32,0,0.0
simt_only,32,40,1,48.86312410235405,store_rotate_min_observed_ns_per_iter,min_observed_iters8000,8000,1,1,1650,1,,36,10,31,4,160,32,4964,1.0,1.0,1,0.0,32,4,1,1,32,0,171,12,0.0,32,32,0,0.0
simt_only,32,40,2,49.414001405239105,store_rotate_min_observed_ns_per_iter,min_observed_iters2000,2000,1,1,1650,1,,36,10,31,4,160,32,4964,0.5,0.5,2,1.0,32,4,1,1,32,0,171,12,32.0,64,32,0,1.0
simt_only,32,40,4,48.80400002002716,store_rotate_min_observed_ns_per_iter,min_observed_iters2000,2000,1,1,1650,1,,36,10,31,4,160,32,4964,0.25,0.25,4,3.0,32,4,1,1,32,0,171,12,96.0,128,32,0,3.0
simt_only,32,40,8,50.587624311447144,store_rotate_min_observed_ns_per_iter,min_observed_iters8000,8000,1,1,1650,1,,36,10,31,4,160,32,4964,0.125,0.125,8,7.0,32,4,1,1,32,0,171,12,224.0,256,32,0,7.0
simt_only,32,40,16,53.12725156545639,store_rotate_min_observed_ns_per_iter,min_observed_iters8000,8000,1,1,1650,1,,36,10,31,4,160,32,4964,0.0625,0.0625,16,15.0,32,4,1,1,32,0,171,12,480.0,512,32,0,15.0
simt_only,32,40,32,64.19424712657928,store_rotate_min_observed_ns_per_iter,min_observed_iters8000,8000,1,1,1650,1,,36,10,31,4,160,32,4964,0.03125,0.03125,32,31.0,32,4,1,1,32,0,171,12,992.0,1024,32,0,31.0
simt_only,32,40,64,101.84825211763382,store_rotate_min_observed_ns_per_iter,min_observed_iters8000,8000,1,1,1650,1,,36,10,31,4,160,32,4964,0.015625,0.015625,64,63.0,32,4,1,1,32,0,171,12,2016.0,2048,32,0,63.0
simt_only,32,48,1,47.82075062394142,store_rotate_min_observed_ns_per_iter,min_observed_iters8000,8000,1,1,1650,1,,28,12,31,4,192,32,5956,1.0,1.0,1,0.0,32,4,1,1,32,0,155,10,0.0,32,32,0,0.0
simt_only,32,48,2,48.70537668466568,store_rotate_min_observed_ns_per_iter,min_observed_iters8000,8000,1,1,1650,1,,28,12,31,4,192,32,5956,0.5,0.5,2,1.0,32,4,1,1,32,0,155,10,32.0,64,32,0,1.0
simt_only,32,48,4,48.05300012230873,store_rotate_min_observed_ns_per_iter,min_observed_iters8000,8000,1,1,1650,1,,28,12,31,4,192,32,5956,0.25,0.25,4,3.0,32,4,1,1,32,0,155,10,96.0,128,32,0,3.0
simt_only,32,48,8,49.288250505924225,store_rotate_min_observed_ns_per_iter,min_observed_iters8000,8000,1,1,1650,1,,28,12,31,4,192,32,5956,0.125,0.125,8,7.0,32,4,1,1,32,0,155,10,224.0,256,32,0,7.0
simt_only,32,48,16,52.860625088214874,store_rotate_min_observed_ns_per_iter,min_observed_iters8000,8000,1,1,1650,1,,28,12,31,4,192,32,5956,0.0625,0.0625,16,15.0,32,4,1,1,32,0,155,10,480.0,512,32,0,15.0
simt_only,32,48,32,62.85087764263153,store_rotate_min_observed_ns_per_iter,min_observed_iters8000,8000,1,1,1650,1,,28,12,31,4,192,32,5956,0.03125,0.03125,32,31.0,32,4,1,1,32,0,155,10,992.0,1024,32,0,31.0
simt_only,32,48,64,101.23837739229202,store_rotate_min_observed_ns_per_iter,min_observed_iters8000,8000,1,1,1650,1,,28,12,31,4,192,32,5956,0.015625,0.015625,64,63.0,32,4,1,1,32,0,155,10,2016.0,2048,32,0,63.0
simt_only,32,64,1,47.11050167679787,store_rotate_min_observed_ns_per_iter,min_observed_iters2000,2000,1,1,1650,1,,16,16,31,4,256,32,7940,1.0,1.0,1,0.0,32,4,1,1,32,0,112,7,0.0,32,32,0,0.0
simt_only,32,64,2,53.31912636756897,store_rotate_min_observed_ns_per_iter,min_observed_iters8000,8000,1,1,1650,1,,16,16,31,4,256,32,7940,0.5,0.5,2,1.0,32,4,1,1,32,0,112,7,32.0,64,32,0,1.0
simt_only,32,64,4,52.31650173664093,store_rotate_min_observed_ns_per_iter,min_observed_iters8000,8000,1,0,1650,1,,16,16,31,4,256,32,7940,0.25,0.25,4,3.0,32,4,1,1,32,0,112,7,96.0,128,32,0,3.0
simt_only,32,64,8,52.9208742082119,store_rotate_min_observed_ns_per_iter,min_observed_iters8000,8000,1,1,1650,1,,16,16,31,4,256,32,7940,0.125,0.125,8,7.0,32,4,1,1,32,0,112,7,224.0,256,32,0,7.0
simt_only,32,64,16,55.48612400889397,store_rotate_min_observed_ns_per_iter,min_observed_iters8000,8000,1,1,1650,1,,16,16,31,4,256,32,7940,0.0625,0.0625,16,15.0,32,4,1,1,32,0,112,7,480.0,512,32,0,15.0
simt_only,32,64,32,60.08412316441536,store_rotate_min_observed_ns_per_iter,min_observed_iters8000,8000,1,0,1650,1,,16,16,31,4,256,32,7940,0.03125,0.03125,32,31.0,32,4,1,1,32,0,112,7,992.0,1024,32,0,31.0
simt_only,32,64,64,83.8410034775734,store_rotate_min_observed_ns_per_iter,min_observed_iters2000,2000,1,1,1650,1,,16,16,31,4,256,32,7940,0.015625,0.015625,64,63.0,32,4,1,1,32,0,112,7,2016.0,2048,32,0,63.0
simt_only,32,96,1,47.97999933362007,store_rotate_min_observed_ns_per_iter,min_observed_iters2000,2000,1,1,1650,1,,8,24,31,4,384,32,11908,1.0,1.0,1,0.0,32,4,1,2,32,0,70,5,0.0,32,32,0,0.0
simt_only,32,96,2,50.46987533569336,store_rotate_min_observed_ns_per_iter,min_observed_iters8000,8000,1,1,1650,1,,8,24,31,4,384,32,11908,0.5,0.5,2,1.0,32,4,1,2,32,0,70,5,32.0,64,32,0,1.0
simt_only,32,96,4,50.675373524427414,store_rotate_min_observed_ns_per_iter,min_observed_iters8000,8000,1,1,1650,1,,8,24,31,4,384,32,11908,0.25,0.25,4,3.0,32,4,1,2,32,0,70,5,96.0,128,32,0,3.0
simt_only,32,96,8,55.57150021195412,store_rotate_min_observed_ns_per_iter,min_observed_iters2000,2000,1,0,1650,1,,8,24,31,4,384,32,11908,0.125,0.125,8,7.0,32,4,1,2,32,0,70,5,224.0,256,32,0,7.0
simt_only,32,96,16,54.40149828791618,store_rotate_min_observed_ns_per_iter,min_observed_iters8000,8000,1,1,1650,1,,8,24,31,4,384,32,11908,0.0625,0.0625,16,15.0,32,4,1,2,32,0,70,5,480.0,512,32,0,15.0
simt_only,32,96,32,64.07662481069565,store_rotate_min_observed_ns_per_iter,min_observed_iters8000,8000,1,1,1650,1,,8,24,31,4,384,32,11908,0.03125,0.03125,32,31.0,32,4,1,2,32,0,70,5,992.0,1024,32,0,31.0
simt_only,32,96,64,102.89887338876724,store_rotate_min_observed_ns_per_iter,min_observed_iters8000,8000,1,1,1650,1,,8,24,31,4,384,32,11908,0.015625,0.015625,64,63.0,32,4,1,2,32,0,70,5,2016.0,2048,32,0,63.0
simt_only,32,128,1,43.75100135803223,store_rotate_min_observed_ns_per_iter,min_observed_iters2000,2000,1,1,1650,1,,0,32,31,4,512,32,15876,1.0,1.0,1,0.0,32,4,1,3,32,0,48,3,0.0,32,32,0,0.0
simt_only,32,128,2,45.84699869155884,store_rotate_min_observed_ns_per_iter,min_observed_iters2000,2000,1,1,1650,1,,0,32,31,4,512,32,15876,0.5,0.5,2,1.0,32,4,1,3,32,0,48,3,32.0,64,32,0,1.0
simt_only,32,128,4,46.08900099992752,store_rotate_min_observed_ns_per_iter,min_observed_iters2000,2000,1,1,1650,1,,0,32,31,4,512,32,15876,0.25,0.25,4,3.0,32,4,1,3,32,0,48,3,96.0,128,32,0,3.0
simt_only,32,128,8,46.62900045514107,store_rotate_min_observed_ns_per_iter,min_observed_iters2000,2000,1,1,1650,1,,0,32,31,4,512,32,15876,0.125,0.125,8,7.0,32,4,1,3,32,0,48,3,224.0,256,32,0,7.0
simt_only,32,128,16,51.07149854302406,store_rotate_min_observed_ns_per_iter,min_observed_iters2000,2000,1,1,1650,1,,0,32,31,4,512,32,15876,0.0625,0.0625,16,15.0,32,4,1,3,32,0,48,3,480.0,512,32,0,15.0
simt_only,32,128,32,56.71849846839905,store_rotate_min_observed_ns_per_iter,min_observed_iters2000,2000,1,1,1650,1,,0,32,31,4,512,32,15876,0.03125,0.03125,32,31.0,32,4,1,3,32,0,48,3,992.0,1024,32,0,31.0
simt_only,32,128,64,76.36799663305283,store_rotate_min_observed_ns_per_iter,min_observed_iters2000,2000,1,1,1650,1,,0,32,31,4,512,32,15876,0.015625,0.015625,64,63.0,32,4,1,3,32,0,48,3,2016.0,2048,32,0,63.0
simt_only,32,192,1,47.12362587451935,store_rotate_min_observed_ns_per_iter,min_observed_iters8000,8000,1,1,1650,1,,5,27,31,4,768,32,23812,1.0,1.0,1,0.0,32,4,1,5,32,0,55,5,0.0,32,32,0,0.0
simt_only,32,192,2,45.97962647676468,store_rotate_min_observed_ns_per_iter,min_observed_iters8000,8000,1,1,1650,1,,5,27,31,4,768,32,23812,0.5,0.5,2,1.0,32,4,1,5,32,0,55,5,32.0,64,32,0,1.0
simt_only,32,192,4,46.142373234033585,store_rotate_min_observed_ns_per_iter,min_observed_iters8000,8000,1,1,1650,1,,5,27,31,4,768,32,23812,0.25,0.25,4,3.0,32,4,1,5,32,0,55,5,96.0,128,32,0,3.0
simt_only,32,192,8,48.66274818778038,store_rotate_min_observed_ns_per_iter,min_observed_iters8000,8000,1,1,1650,1,,5,27,31,4,768,32,23812,0.125,0.125,8,7.0,32,4,1,5,32,0,55,5,224.0,256,32,0,7.0
simt_only,32,192,16,52.306875586509705,store_rotate_min_observed_ns_per_iter,min_observed_iters8000,8000,1,1,1650,1,,5,27,31,4,768,32,23812,0.0625,0.0625,16,15.0,32,4,1,5,32,0,55,5,480.0,512,32,0,15.0
simt_only,32,192,32,61.93700060248375,store_rotate_min_observed_ns_per_iter,min_observed_iters8000,8000,1,1,1650,1,,5,27,31,4,768,32,23812,0.03125,0.03125,32,31.0,32,4,1,5,32,0,55,5,992.0,1024,32,0,31.0
simt_only,32,192,64,100.39924830198288,store_rotate_min_observed_ns_per_iter,min_observed_iters8000,8000,1,1,1650,1,,5,27,31,4,768,32,23812,0.015625,0.015625,64,63.0,32,4,1,5,32,0,55,5,2016.0,2048,32,0,63.0
simt_only,32,256,1,46.52800038456917,store_rotate_min_observed_ns_per_iter,min_observed_iters2000,2000,1,1,1650,1,,16,16,31,4,1024,32,31748,1.0,1.0,1,0.0,32,4,1,7,32,0,48,3,0.0,32,32,0,0.0
simt_only,32,256,2,48.08349907398224,store_rotate_min_observed_ns_per_iter,min_observed_iters2000,2000,1,1,1650,1,,16,16,31,4,1024,32,31748,0.5,0.5,2,1.0,32,4,1,7,32,0,48,3,32.0,64,32,0,1.0
simt_only,32,256,4,48.22700098156929,store_rotate_min_observed_ns_per_iter,min_observed_iters2000,2000,1,1,1650,1,,16,16,31,4,1024,32,31748,0.25,0.25,4,3.0,32,4,1,7,32,0,48,3,96.0,128,32,0,3.0
simt_only,32,256,8,48.23549836874008,store_rotate_min_observed_ns_per_iter,min_observed_iters2000,2000,1,1,1650,1,,16,16,31,4,1024,32,31748,0.125,0.125,8,7.0,32,4,1,7,32,0,48,3,224.0,256,32,0,7.0
simt_only,32,256,16,51.80450156331062,store_rotate_min_observed_ns_per_iter,min_observed_iters2000,2000,1,1,1650,1,,16,16,31,4,1024,32,31748,0.0625,0.0625,16,15.0,32,4,1,7,32,0,48,3,480.0,512,32,0,15.0
simt_only,32,256,32,57.574499398469925,store_rotate_min_observed_ns_per_iter,min_observed_iters2000,2000,1,1,1650,1,,16,16,31,4,1024,32,31748,0.03125,0.03125,32,31.0,32,4,1,7,32,0,48,3,992.0,1024,32,0,31.0
simt_only,32,256,64,77.61549949645996,store_rotate_min_observed_ns_per_iter,min_observed_iters2000,2000,1,1,1650,1,,16,16,31,4,1024,32,31748,0.015625,0.015625,64,63.0,32,4,1,7,32,0,48,3,2016.0,2048,32,0,63.0
simt_only,64,1,1,29.026124626398087,store_rotate_min_observed_ns_per_iter,min_observed_iters8000,8000,1,1,1650,1,,2016,1,63,4,4,64,256,2.0,2.0,2,0.0,2,128,0,0,64,0,2016,63,0.0,2,2,0,0.0
simt_only,64,1,2,28.494125232100487,store_rotate_min_observed_ns_per_iter,min_observed_iters8000,8000,1,1,1650,1,,2016,1,63,4,4,64,256,1.0,1.0,2,0.0,2,128,0,0,64,0,2016,63,0.0,4,2,0,0.0
simt_only,64,1,4,37.47587651014328,store_rotate_min_observed_ns_per_iter,min_observed_iters8000,8000,1,1,1650,1,,2016,1,63,4,4,64,256,0.5,0.5,4,1.0,2,128,0,0,64,0,2016,63,2.0,8,2,0,0.0
simt_only,64,1,8,37.67787665128708,store_rotate_min_observed_ns_per_iter,min_observed_iters8000,8000,1,1,1650,1,,2016,1,63,4,4,64,256,0.25,0.25,8,3.0,2,128,0,0,64,0,2016,63,6.0,16,2,0,0.0
simt_only,64,1,16,39.32550176978111,store_rotate_min_observed_ns_per_iter,min_observed_iters8000,8000,1,1,1650,1,,2016,1,63,4,4,64,256,0.125,0.125,16,7.0,2,128,0,0,64,0,2016,63,14.0,32,2,0,0.0
simt_only,64,1,32,47.64949902892113,store_rotate_min_observed_ns_per_iter,min_observed_iters8000,8000,1,1,1650,1,,2016,1,63,4,4,64,256,0.0625,0.0625,32,15.0,2,128,0,0,64,0,2016,63,30.0,64,2,0,0.0
simt_only,64,1,64,65.86862355470657,store_rotate_min_observed_ns_per_iter,min_observed_iters8000,8000,1,1,1650,1,,2016,1,63,4,4,64,256,0.03125,0.03125,64,31.0,2,128,0,0,64,0,2016,63,62.0,128,2,0,0.0
simt_only,64,2,1,39.20850157737732,store_rotate_min_observed_ns_per_iter,min_observed_iters8000,8000,1,1,1650,1,,2016,1,63,4,8,64,508,2.0,2.0,2,0.0,4,64,0,0,64,0,2016,63,0.0,4,4,0,0.0
simt_only,64,2,2,28.408000245690346,store_rotate_min_observed_ns_per_iter,min_observed_iters8000,8000,1,1,1650,1,,2016,1,63,4,8,64,508,1.0,1.0,2,0.0,4,64,0,0,64,0,2016,63,0.0,8,4,0,0.0
simt_only,64,2,4,41.39162600040436,store_rotate_min_observed_ns_per_iter,min_observed_iters8000,8000,1,1,1650,1,,2016,1,63,4,8,64,508,0.5,0.5,4,1.0,4,64,0,0,64,0,2016,63,4.0,16,4,0,0.0
simt_only,64,2,8,42.10812598466873,store_rotate_min_observed_ns_per_iter,min_observed_iters8000,8000,1,1,1650,1,,2016,1,63,4,8,64,508,0.25,0.25,8,3.0,4,64,0,0,64,0,2016,63,12.0,32,4,0,0.0
simt_only,64,2,16,46.90912365913391,store_rotate_min_observed_ns_per_iter,min_observed_iters8000,8000,1,1,1650,1,,2016,1,63,4,8,64,508,0.125,0.125,16,7.0,4,64,0,0,64,0,2016,63,28.0,64,4,0,0.0
simt_only,64,2,32,52.72812396287918,store_rotate_min_observed_ns_per_iter,min_observed_iters8000,8000,1,1,1650,1,,2016,1,63,4,8,64,508,0.0625,0.0625,32,15.0,4,64,0,0,64,0,2016,63,60.0,128,4,0,0.0
simt_only,64,2,64,72.02800363302231,store_rotate_min_observed_ns_per_iter,min_observed_iters8000,8000,1,1,1650,1,,2016,1,63,4,8,64,508,0.03125,0.03125,64,31.0,4,64,0,0,64,0,2016,63,124.0,256,4,0,0.0
simt_only,64,3,1,38.74162584543228,store_rotate_min_observed_ns_per_iter,min_observed_iters8000,8000,1,1,1650,1,,1113,2,63,4,12,64,760,2.0,2.0,2,0.0,6,40,0,0,64,0,2016,63,0.0,6,6,0,0.0
simt_only,64,3,2,29.102375730872154,store_rotate_min_observed_ns_per_iter,min_observed_iters8000,8000,1,1,1650,1,,1113,2,63,4,12,64,760,1.0,1.0,2,0.0,6,40,0,0,64,0,2016,63,0.0,12,6,0,0.0
simt_only,64,3,4,43.66062581539154,store_rotate_min_observed_ns_per_iter,min_observed_iters8000,8000,1,1,1650,1,,1113,2,63,4,12,64,760,0.5,0.5,4,1.0,6,40,0,0,64,0,2016,63,6.0,24,6,0,0.0
simt_only,64,3,8,46.87562584877014,store_rotate_min_observed_ns_per_iter,min_observed_iters8000,8000,1,1,1650,1,,1113,2,63,4,12,64,760,0.25,0.25,8,3.0,6,40,0,0,64,0,2016,63,18.0,48,6,0,0.0
simt_only,64,3,16,51.17737501859665,store_rotate_min_observed_ns_per_iter,min_observed_iters8000,8000,1,1,1650,1,,1113,2,63,4,12,64,760,0.125,0.125,16,7.0,6,40,0,0,64,0,2016,63,42.0,96,6,0,0.0
simt_only,64,3,32,60.86812540888786,store_rotate_min_observed_ns_per_iter,min_observed_iters8000,8000,1,1,1650,1,,1113,2,63,4,12,64,760,0.0625,0.0625,32,15.0,6,40,0,0,64,0,2016,63,90.0,192,6,0,0.0
simt_only,64,3,64,100.75012594461441,store_rotate_min_observed_ns_per_iter,min_observed_iters8000,8000,1,1,1650,1,,1113,2,63,4,12,64,760,0.03125,0.03125,64,31.0,6,40,0,0,64,0,2016,63,186.0,384,6,0,0.0
simt_only,64,4,1,38.72400149703026,store_rotate_min_observed_ns_per_iter,min_observed_iters8000,8000,1,1,1650,1,,992,2,63,4,16,64,1012,2.0,2.0,2,0.0,8,32,0,0,64,0,2016,63,0.0,8,8,0,0.0
simt_only,64,4,2,28.453249484300613,store_rotate_min_observed_ns_per_iter,min_observed_iters8000,8000,1,1,1650,1,,992,2,63,4,16,64,1012,1.0,1.0,2,0.0,8,32,0,0,64,0,2016,63,0.0,16,8,0,0.0
simt_only,64,4,4,40.98225012421608,store_rotate_min_observed_ns_per_iter,min_observed_iters8000,8000,1,1,1650,1,,992,2,63,4,16,64,1012,0.5,0.5,4,1.0,8,32,0,0,64,0,2016,63,8.0,32,8,0,0.0
simt_only,64,4,8,41.548751294612885,store_rotate_min_observed_ns_per_iter,min_observed_iters8000,8000,1,1,1650,1,,992,2,63,4,16,64,1012,0.25,0.25,8,3.0,8,32,0,0,64,0,2016,63,24.0,64,8,0,0.0
simt_only,64,4,16,46.74350097775459,store_rotate_min_observed_ns_per_iter,min_observed_iters8000,8000,1,0,1650,1,,992,2,63,4,16,64,1012,0.125,0.125,16,7.0,8,32,0,0,64,0,2016,63,56.0,128,8,0,0.0
simt_only,64,4,32,52.06349864602089,store_rotate_min_observed_ns_per_iter,min_observed_iters8000,8000,1,0,1650,1,,992,2,63,4,16,64,1012,0.0625,0.0625,32,15.0,8,32,0,0,64,0,2016,63,120.0,256,8,0,0.0
simt_only,64,4,64,72.27224856615067,store_rotate_min_observed_ns_per_iter,min_observed_iters8000,8000,1,1,1650,1,,992,2,63,4,16,64,1012,0.03125,0.03125,64,31.0,8,32,0,0,64,0,2016,63,248.0,512,8,0,0.0
simt_only,64,5,1,38.95087540149689,store_rotate_min_observed_ns_per_iter,min_observed_iters8000,8000,1,0,1650,1,,716,3,63,4,20,64,1264,2.0,2.0,2,0.0,10,24,0,0,64,0,2016,63,0.0,10,10,0,0.0
simt_only,64,5,2,29.78074923157692,store_rotate_min_observed_ns_per_iter,min_observed_iters8000,8000,1,0,1650,1,,716,3,63,4,20,64,1264,1.0,1.0,2,0.0,10,24,0,0,64,0,2016,63,0.0,20,10,0,0.0
simt_only,64,5,4,43.58537495136261,store_rotate_min_observed_ns_per_iter,min_observed_iters8000,8000,1,0,1650,1,,716,3,63,4,20,64,1264,0.5,0.5,4,1.0,10,24,0,0,64,0,2016,63,10.0,40,10,0,0.0
simt_only,64,5,8,46.102751046419144,store_rotate_min_observed_ns_per_iter,min_observed_iters8000,8000,1,0,1650,1,,716,3,63,4,20,64,1264,0.25,0.25,8,3.0,10,24,0,0,64,0,2016,63,30.0,80,10,0,0.0
simt_only,64,5,16,52.076373249292374,store_rotate_min_observed_ns_per_iter,min_observed_iters8000,8000,1,1,1650,1,,716,3,63,4,20,64,1264,0.125,0.125,16,7.0,10,24,0,0,64,0,2016,63,70.0,160,10,0,0.0
simt_only,64,5,32,60.90862676501274,store_rotate_min_observed_ns_per_iter,min_observed_iters8000,8000,1,0,1650,1,,716,3,63,4,20,64,1264,0.0625,0.0625,32,15.0,10,24,0,0,64,0,2016,63,150.0,320,10,0,0.0
simt_only,64,5,64,99.77050125598907,store_rotate_min_observed_ns_per_iter,min_observed_iters8000,8000,1,1,1650,1,,716,3,63,4,20,64,1264,0.03125,0.03125,64,31.0,10,24,0,0,64,0,2016,63,310.0,640,10,0,0.0
simt_only,64,6,1,39.55424949526787,store_rotate_min_observed_ns_per_iter,min_observed_iters8000,8000,1,1,1650,1,,651,3,63,4,24,64,1516,2.0,2.0,2,0.0,12,20,0,0,64,0,2016,63,0.0,12,12,0,0.0
simt_only,64,6,2,28.95374968647957,store_rotate_min_observed_ns_per_iter,min_observed_iters8000,8000,1,1,1650,1,,651,3,63,4,24,64,1516,1.0,1.0,2,0.0,12,20,0,0,64,0,2016,63,0.0,24,12,0,0.0
simt_only,64,6,4,43.66249963641167,store_rotate_min_observed_ns_per_iter,min_observed_iters8000,8000,1,1,1650,1,,651,3,63,4,24,64,1516,0.5,0.5,4,1.0,12,20,0,0,64,0,2016,63,12.0,48,12,0,0.0
simt_only,64,6,8,46.95162549614906,store_rotate_min_observed_ns_per_iter,min_observed_iters8000,8000,1,1,1650,1,,651,3,63,4,24,64,1516,0.25,0.25,8,3.0,12,20,0,0,64,0,2016,63,36.0,96,12,0,0.0
simt_only,64,6,16,51.25949904322624,store_rotate_min_observed_ns_per_iter,min_observed_iters8000,8000,1,1,1650,1,,651,3,63,4,24,64,1516,0.125,0.125,16,7.0,12,20,0,0,64,0,2016,63,84.0,192,12,0,0.0
simt_only,64,6,32,61.404749751091,store_rotate_min_observed_ns_per_iter,min_observed_iters8000,8000,1,1,1650,1,,651,3,63,4,24,64,1516,0.0625,0.0625,32,15.0,12,20,0,0,64,0,2016,63,180.0,384,12,0,0.0
simt_only,64,6,64,99.67637807130814,store_rotate_min_observed_ns_per_iter,min_observed_iters8000,8000,1,1,1650,1,,651,3,63,4,24,64,1516,0.03125,0.03125,64,31.0,12,20,0,0,64,0,2016,63,372.0,768,12,0,0.0
simt_only,64,7,1,38.6665016412735,store_rotate_min_observed_ns_per_iter,min_observed_iters8000,8000,1,1,1650,1,,513,4,63,4,28,64,1768,2.0,2.0,2,0.0,14,16,0,0,64,0,2016,63,0.0,14,14,0,0.0
simt_only,64,7,2,29.917124658823013,store_rotate_min_observed_ns_per_iter,min_observed_iters8000,8000,1,1,1650,1,,513,4,63,4,28,64,1768,1.0,1.0,2,0.0,14,16,0,0,64,0,2016,63,0.0,28,14,0,0.0
simt_only,64,7,4,44.17387396097183,store_rotate_min_observed_ns_per_iter,min_observed_iters8000,8000,1,1,1650,1,,513,4,63,4,28,64,1768,0.5,0.5,4,1.0,14,16,0,0,64,0,2016,63,14.0,56,14,0,0.0
simt_only,64,7,8,47.30625078082085,store_rotate_min_observed_ns_per_iter,min_observed_iters8000,8000,1,1,1650,1,,513,4,63,4,28,64,1768,0.25,0.25,8,3.0,14,16,0,0,64,0,2016,63,42.0,112,14,0,0.0
simt_only,64,7,16,51.54937505722046,store_rotate_min_observed_ns_per_iter,min_observed_iters8000,8000,1,1,1650,1,,513,4,63,4,28,64,1768,0.125,0.125,16,7.0,14,16,0,0,64,0,2016,63,98.0,224,14,0,0.0
simt_only,64,7,32,61.36099994182587,store_rotate_min_observed_ns_per_iter,min_observed_iters8000,8000,1,1,1650,1,,513,4,63,4,28,64,1768,0.0625,0.0625,32,15.0,14,16,0,0,64,0,2016,63,210.0,448,14,0,0.0
simt_only,64,7,64,100.09487718343735,store_rotate_min_observed_ns_per_iter,min_observed_iters8000,8000,1,1,1650,1,,513,4,63,4,28,64,1768,0.03125,0.03125,64,31.0,14,16,0,0,64,0,2016,63,434.0,896,14,0,0.0
simt_only,64,8,1,39.76975008845329,store_rotate_min_observed_ns_per_iter,min_observed_iters8000,8000,1,1,1650,1,,480,4,63,4,32,64,2020,2.0,2.0,2,0.0,16,16,0,0,64,0,2016,63,0.0,16,16,0,0.0
simt_only,64,8,2,28.464000672101974,store_rotate_min_observed_ns_per_iter,min_observed_iters8000,8000,1,1,1650,1,,480,4,63,4,32,64,2020,1.0,1.0,2,0.0,16,16,0,0,64,0,2016,63,0.0,32,16,0,0.0
simt_only,64,8,4,41.24649986624718,store_rotate_min_observed_ns_per_iter,min_observed_iters8000,8000,1,1,1650,1,,480,4,63,4,32,64,2020,0.5,0.5,4,1.0,16,16,0,0,64,0,2016,63,16.0,64,16,0,0.0
simt_only,64,8,8,42.05712676048279,store_rotate_min_observed_ns_per_iter,min_observed_iters8000,8000,1,1,1650,1,,480,4,63,4,32,64,2020,0.25,0.25,8,3.0,16,16,0,0,64,0,2016,63,48.0,128,16,0,0.0
simt_only,64,8,16,47.34199866652489,store_rotate_min_observed_ns_per_iter,min_observed_iters8000,8000,1,1,1650,1,,480,4,63,4,32,64,2020,0.125,0.125,16,7.0,16,16,0,0,64,0,2016,63,112.0,256,16,0,0.0
simt_only,64,8,32,52.81962454319,store_rotate_min_observed_ns_per_iter,min_observed_iters8000,8000,1,1,1650,1,,480,4,63,4,32,64,2020,0.0625,0.0625,32,15.0,16,16,0,0,64,0,2016,63,240.0,512,16,0,0.0
simt_only,64,8,64,72.09462672472,store_rotate_min_observed_ns_per_iter,min_observed_iters8000,8000,1,1,1650,1,,480,4,63,4,32,64,2020,0.03125,0.03125,64,31.0,16,16,0,0,64,0,2016,63,496.0,1024,16,0,0.0
simt_only,64,9,1,39.05787318944931,store_rotate_min_observed_ns_per_iter,min_observed_iters8000,8000,1,1,1650,1,,399,5,63,4,36,64,2272,2.0,2.0,2,0.0,18,12,0,0,64,0,1617,56,0.0,18,18,0,0.0
simt_only,64,9,2,29.755625873804092,store_rotate_min_observed_ns_per_iter,min_observed_iters8000,8000,1,1,1650,1,,399,5,63,4,36,64,2272,1.0,1.0,2,0.0,18,12,0,0,64,0,1617,56,0.0,36,18,0,0.0
simt_only,64,9,4,44.065624475479126,store_rotate_min_observed_ns_per_iter,min_observed_iters8000,8000,1,1,1650,1,,399,5,63,4,36,64,2272,0.5,0.5,4,1.0,18,12,0,0,64,0,1617,56,18.0,72,18,0,0.0
simt_only,64,9,8,47.33412340283394,store_rotate_min_observed_ns_per_iter,min_observed_iters8000,8000,1,1,1650,1,,399,5,63,4,36,64,2272,0.25,0.25,8,3.0,18,12,0,0,64,0,1617,56,54.0,144,18,0,0.0
simt_only,64,9,16,51.60187557339668,store_rotate_min_observed_ns_per_iter,min_observed_iters8000,8000,1,1,1650,1,,399,5,63,4,36,64,2272,0.125,0.125,16,7.0,18,12,0,0,64,0,1617,56,126.0,288,18,0,0.0
simt_only,64,9,32,61.37487664818764,store_rotate_min_observed_ns_per_iter,min_observed_iters8000,8000,1,1,1650,1,,399,5,63,4,36,64,2272,0.0625,0.0625,32,15.0,18,12,0,0,64,0,1617,56,270.0,576,18,0,0.0
simt_only,64,9,64,100.3435030579567,store_rotate_min_observed_ns_per_iter,min_observed_iters8000,8000,1,1,1650,1,,399,5,63,4,36,64,2272,0.03125,0.03125,64,31.0,18,12,0,0,64,0,1617,56,558.0,1152,18,0,0.0
simt_only,64,10,1,39.514124393463135,store_rotate_min_observed_ns_per_iter,min_observed_iters8000,8000,1,1,1650,1,,378,5,63,4,40,64,2524,2.0,2.0,2,0.0,20,12,0,0,64,0,1392,51,0.0,20,20,0,0.0
simt_only,64,10,2,29.936499893665314,store_rotate_min_observed_ns_per_iter,min_observed_iters8000,8000,1,1,1650,1,,378,5,63,4,40,64,2524,1.0,1.0,2,0.0,20,12,0,0,64,0,1392,51,0.0,40,20,0,0.0
simt_only,64,10,4,43.930500745773315,store_rotate_min_observed_ns_per_iter,min_observed_iters8000,8000,1,1,1650,1,,378,5,63,4,40,64,2524,0.5,0.5,4,1.0,20,12,0,0,64,0,1392,51,20.0,80,20,0,0.0
simt_only,64,10,8,47.595374286174774,store_rotate_min_observed_ns_per_iter,min_observed_iters8000,8000,1,1,1650,1,,378,5,63,4,40,64,2524,0.25,0.25,8,3.0,20,12,0,0,64,0,1392,51,60.0,160,20,0,0.0
simt_only,64,10,16,51.734499633312225,store_rotate_min_observed_ns_per_iter,min_observed_iters8000,8000,1,1,1650,1,,378,5,63,4,40,64,2524,0.125,0.125,16,7.0,20,12,0,0,64,0,1392,51,140.0,320,20,0,0.0
simt_only,64,10,32,61.40749901533127,store_rotate_min_observed_ns_per_iter,min_observed_iters8000,8000,1,1,1650,1,,378,5,63,4,40,64,2524,0.0625,0.0625,32,15.0,20,12,0,0,64,0,1392,51,300.0,640,20,0,0.0
simt_only,64,10,64,100.16675293445587,store_rotate_min_observed_ns_per_iter,min_observed_iters8000,8000,1,1,1650,1,,378,5,63,4,40,64,2524,0.03125,0.03125,64,31.0,20,12,0,0,64,0,1392,51,620.0,1280,20,0,0.0
simt_only,64,11,1,39.388999342918396,store_rotate_min_observed_ns_per_iter,min_observed_iters8000,8000,1,1,1650,1,,329,6,63,4,44,64,2776,2.0,2.0,2,0.0,22,8,0,0,64,0,1217,46,0.0,22,22,0,0.0
simt_only,64,11,2,31.20874986052513,store_rotate_min_observed_ns_per_iter,min_observed_iters8000,8000,1,1,1650,1,,329,6,63,4,44,64,2776,1.0,1.0,2,0.0,22,8,0,0,64,0,1217,46,0.0,44,22,0,0.0
simt_only,64,11,4,44.11587491631508,store_rotate_min_observed_ns_per_iter,min_observed_iters8000,8000,1,1,1650,1,,329,6,63,4,44,64,2776,0.5,0.5,4,1.0,22,8,0,0,64,0,1217,46,22.0,88,22,0,0.0
simt_only,64,11,8,47.83200100064278,store_rotate_min_observed_ns_per_iter,min_observed_iters8000,8000,1,1,1650,1,,329,6,63,4,44,64,2776,0.25,0.25,8,3.0,22,8,0,0,64,0,1217,46,66.0,176,22,0,0.0
simt_only,64,11,16,51.81587487459183,store_rotate_min_observed_ns_per_iter,min_observed_iters8000,8000,1,1,1650,1,,329,6,63,4,44,64,2776,0.125,0.125,16,7.0,22,8,0,0,64,0,1217,46,154.0,352,22,0,0.0
simt_only,64,11,32,61.57487630844116,store_rotate_min_observed_ns_per_iter,min_observed_iters8000,8000,1,1,1650,1,,329,6,63,4,44,64,2776,0.0625,0.0625,32,15.0,22,8,0,0,64,0,1217,46,330.0,704,22,0,0.0
simt_only,64,11,64,100.32849758863449,store_rotate_min_observed_ns_per_iter,min_observed_iters8000,8000,1,1,1650,1,,329,6,63,4,44,64,2776,0.03125,0.03125,64,31.0,22,8,0,0,64,0,1217,46,682.0,1408,22,0,0.0
simt_only,64,12,1,39.39000144600868,store_rotate_min_observed_ns_per_iter,min_observed_iters8000,8000,1,1,1650,1,,310,6,63,4,48,64,3028,2.0,2.0,2,0.0,24,8,0,0,64,0,1113,42,0.0,24,24,0,0.0
simt_only,64,12,2,34.241124987602234,store_rotate_min_observed_ns_per_iter,min_observed_iters8000,8000,1,1,1650,1,,310,6,63,4,48,64,3028,1.0,1.0,2,0.0,24,8,0,0,64,0,1113,42,0.0,48,24,0,0.0
simt_only,64,12,4,44.290125370025635,store_rotate_min_observed_ns_per_iter,min_observed_iters8000,8000,1,1,1650,1,,310,6,63,4,48,64,3028,0.5,0.5,4,1.0,24,8,0,0,64,0,1113,42,24.0,96,24,0,0.0
simt_only,64,12,8,47.29212448000908,store_rotate_min_observed_ns_per_iter,min_observed_iters8000,8000,1,1,1650,1,,310,6,63,4,48,64,3028,0.25,0.25,8,3.0,24,8,0,0,64,0,1113,42,72.0,192,24,0,0.0
simt_only,64,12,16,51.85775086283684,store_rotate_min_observed_ns_per_iter,min_observed_iters8000,8000,1,1,1650,1,,310,6,63,4,48,64,3028,0.125,0.125,16,7.0,24,8,0,0,64,0,1113,42,168.0,384,24,0,0.0
simt_only,64,12,32,61.182498931884766,store_rotate_min_observed_ns_per_iter,min_observed_iters8000,8000,1,0,1650,1,,310,6,63,4,48,64,3028,0.0625,0.0625,32,15.0,24,8,0,0,64,0,1113,42,360.0,768,24,0,0.0
simt_only,64,12,64,100.1758724451065,store_rotate_min_observed_ns_per_iter,min_observed_iters8000,8000,1,0,1650,1,,310,6,63,4,48,64,3028,0.03125,0.03125,64,31.0,24,8,0,0,64,0,1113,42,744.0,1536,24,0,0.0
simt_only,64,16,1,49.03599992394447,store_rotate_min_observed_ns_per_iter,min_observed_iters2000,2000,1,1,1650,1,,224,8,63,4,64,64,4036,2.0,2.0,2,0.0,32,8,0,0,64,0,992,31,0.0,32,32,0,0.0
simt_only,64,16,2,54.046500474214554,store_rotate_min_observed_ns_per_iter,min_observed_iters2000,2000,1,1,1650,1,,224,8,63,4,64,64,4036,1.0,1.0,2,0.0,32,8,0,0,64,0,992,31,0.0,64,32,0,0.0
simt_only,64,16,4,50.814248621463776,store_rotate_min_observed_ns_per_iter,min_observed_iters8000,8000,1,1,1650,1,,224,8,63,4,64,64,4036,0.5,0.5,4,1.0,32,8,0,0,64,0,992,31,32.0,128,32,0,0.0
simt_only,64,16,8,57.283125817775726,store_rotate_min_observed_ns_per_iter,min_observed_iters8000,8000,1,1,1650,1,,224,8,63,4,64,64,4036,0.25,0.25,8,3.0,32,8,0,0,64,0,992,31,96.0,256,32,0,0.0
simt_only,64,16,16,52.025873214006424,store_rotate_min_observed_ns_per_iter,min_observed_iters8000,8000,1,1,1650,1,,224,8,63,4,64,64,4036,0.125,0.125,16,7.0,32,8,0,0,64,0,992,31,224.0,512,32,0,0.0
simt_only,64,16,32,55.698998272418976,store_rotate_min_observed_ns_per_iter,min_observed_iters8000,8000,1,1,1650,1,,224,8,63,4,64,64,4036,0.0625,0.0625,32,15.0,32,8,0,0,64,0,992,31,480.0,1024,32,0,0.0
simt_only,64,16,64,76.69375091791153,store_rotate_min_observed_ns_per_iter,min_observed_iters8000,8000,1,1,1650,1,,224,8,63,4,64,64,4036,0.03125,0.03125,64,31.0,32,8,0,0,64,0,992,31,992.0,2048,32,0,0.0
simt_only,64,20,1,69.27625089883804,store_rotate_min_observed_ns_per_iter,min_observed_iters8000,8000,1,1,1650,1,,174,10,63,4,80,64,5044,2.0,2.0,2,0.0,40,4,1,1,64,0,716,25,0.0,40,40,0,0.0
simt_only,64,20,2,71.34699821472168,store_rotate_min_observed_ns_per_iter,min_observed_iters2000,2000,1,1,1650,1,,174,10,63,4,80,64,5044,1.0,1.0,2,0.0,40,4,1,1,64,0,716,25,0.0,80,40,0,0.0
simt_only,64,20,4,68.46199929714203,store_rotate_min_observed_ns_per_iter,min_observed_iters8000,8000,1,1,1650,1,,174,10,63,4,80,64,5044,0.5,0.5,4,1.0,40,4,1,1,64,0,716,25,40.0,160,40,0,1.0
simt_only,64,20,8,64.81850147247314,store_rotate_min_observed_ns_per_iter,min_observed_iters2000,2000,1,1,1650,1,,174,10,63,4,80,64,5044,0.25,0.25,8,3.0,40,4,1,1,64,0,716,25,120.0,320,40,0,3.0
simt_only,64,20,16,61.39549985527992,store_rotate_min_observed_ns_per_iter,min_observed_iters2000,2000,1,1,1650,1,,174,10,63,4,80,64,5044,0.125,0.125,16,7.0,40,4,1,1,64,0,716,25,280.0,640,40,0,7.0
simt_only,64,20,32,69.33687627315521,store_rotate_min_observed_ns_per_iter,min_observed_iters8000,8000,1,1,1650,1,,174,10,63,4,80,64,5044,0.0625,0.0625,32,15.0,40,4,1,1,64,0,716,25,600.0,1280,40,0,15.0
simt_only,64,20,64,108.2639992237091,store_rotate_min_observed_ns_per_iter,min_observed_iters8000,8000,1,1,1650,1,,174,10,63,4,80,64,5044,0.03125,0.03125,64,31.0,40,4,1,1,64,0,716,25,1240.0,2560,40,0,31.0
simt_only,64,24,1,72.3550021648407,store_rotate_min_observed_ns_per_iter,min_observed_iters2000,2000,1,1,1650,1,,140,12,63,4,96,64,6052,2.0,2.0,2,0.0,48,4,1,1,64,0,651,21,0.0,48,48,0,0.0
simt_only,64,24,2,70.65849751234055,store_rotate_min_observed_ns_per_iter,min_observed_iters2000,2000,1,1,1650,1,,140,12,63,4,96,64,6052,1.0,1.0,2,0.0,48,4,1,1,64,0,651,21,0.0,96,48,0,0.0
simt_only,64,24,4,71.23500108718872,store_rotate_min_observed_ns_per_iter,min_observed_iters2000,2000,1,1,1650,1,,140,12,63,4,96,64,6052,0.5,0.5,4,1.0,48,4,1,1,64,0,651,21,48.0,192,48,0,1.0
simt_only,64,24,8,71.18500024080276,store_rotate_min_observed_ns_per_iter,min_observed_iters2000,2000,1,1,1650,1,,140,12,63,4,96,64,6052,0.25,0.25,8,3.0,48,4,1,1,64,0,651,21,144.0,384,48,0,3.0
simt_only,64,24,16,71.58900052309036,store_rotate_min_observed_ns_per_iter,min_observed_iters2000,2000,1,1,1650,1,,140,12,63,4,96,64,6052,0.125,0.125,16,7.0,48,4,1,1,64,0,651,21,336.0,768,48,0,7.0
simt_only,64,24,32,75.86699724197388,store_rotate_min_observed_ns_per_iter,min_observed_iters2000,2000,1,1,1650,1,,140,12,63,4,96,64,6052,0.0625,0.0625,32,15.0,48,4,1,1,64,0,651,21,720.0,1536,48,0,15.0
simt_only,64,24,64,114.73387479782104,store_rotate_min_observed_ns_per_iter,min_observed_iters8000,8000,1,1,1650,1,,140,12,63,4,96,64,6052,0.03125,0.03125,64,31.0,48,4,1,1,64,0,651,21,1488.0,3072,48,0,31.0
simt_only,64,32,1,93.58450025320053,store_rotate_min_observed_ns_per_iter,min_observed_iters2000,2000,1,1,1650,1,,96,16,63,4,128,64,8068,2.0,2.0,2,0.0,64,4,1,1,64,0,480,15,0.0,64,64,0,0.0
simt_only,64,32,2,94.13950145244598,store_rotate_min_observed_ns_per_iter,min_observed_iters2000,2000,1,1,1650,1,,96,16,63,4,128,64,8068,1.0,1.0,2,0.0,64,4,1,1,64,0,480,15,0.0,128,64,0,0.0
simt_only,64,32,4,91.79600328207016,store_rotate_min_observed_ns_per_iter,min_observed_iters2000,2000,1,1,1650,1,,96,16,63,4,128,64,8068,0.5,0.5,4,1.0,64,4,1,1,64,0,480,15,64.0,256,64,0,1.0
simt_only,64,32,8,92.97999739646912,store_rotate_min_observed_ns_per_iter,min_observed_iters2000,2000,1,1,1650,1,,96,16,63,4,128,64,8068,0.25,0.25,8,3.0,64,4,1,1,64,0,480,15,192.0,512,64,0,3.0
simt_only,64,32,16,93.42999756336212,store_rotate_min_observed_ns_per_iter,min_observed_iters2000,2000,1,1,1650,1,,96,16,63,4,128,64,8068,0.125,0.125,16,7.0,64,4,1,1,64,0,480,15,448.0,1024,64,0,7.0
simt_only,64,32,32,92.73699671030045,store_rotate_min_observed_ns_per_iter,min_observed_iters2000,2000,1,1,1650,1,,96,16,63,4,128,64,8068,0.0625,0.0625,32,15.0,64,4,1,1,64,0,480,15,960.0,2048,64,0,15.0
simt_only,64,32,64,112.78499662876129,store_rotate_min_observed_ns_per_iter,min_observed_iters2000,2000,1,1,1650,1,,96,16,63,4,128,64,8068,0.03125,0.03125,64,31.0,64,4,1,1,64,0,480,15,1984.0,4096,64,1024,31.0
simt_only,64,40,1,91.04949980974197,store_rotate_min_observed_ns_per_iter,min_observed_iters2000,2000,1,1,1650,1,,72,20,63,4,160,64,10084,2.0,2.0,2,0.0,64,4,1,2,64,0,378,12,0.0,64,64,0,0.0
simt_only,64,40,2,91.30000323057175,store_rotate_min_observed_ns_per_iter,min_observed_iters2000,2000,1,1,1650,1,,72,20,63,4,160,64,10084,1.0,1.0,2,0.0,64,4,1,2,64,0,378,12,0.0,128,64,0,0.0
simt_only,64,40,4,90.15700221061707,store_rotate_min_observed_ns_per_iter,min_observed_iters2000,2000,1,1,1650,1,,72,20,63,4,160,64,10084,0.5,0.5,4,1.0,64,4,1,2,64,0,378,12,64.0,256,64,0,1.0
simt_only,64,40,8,90.53699672222137,store_rotate_min_observed_ns_per_iter,min_observed_iters2000,2000,1,1,1650,1,,72,20,63,4,160,64,10084,0.25,0.25,8,3.0,64,4,1,2,64,0,378,12,192.0,512,64,0,3.0
simt_only,64,40,16,89.61150050163269,store_rotate_min_observed_ns_per_iter,min_observed_iters2000,2000,1,1,1650,1,,72,20,63,4,160,64,10084,0.125,0.125,16,7.0,64,4,1,2,64,0,378,12,448.0,1024,64,0,7.0
simt_only,64,40,32,91.06399863958359,store_rotate_min_observed_ns_per_iter,min_observed_iters2000,2000,1,1,1650,1,,72,20,63,4,160,64,10084,0.0625,0.0625,32,15.0,64,4,1,2,64,0,378,12,960.0,2048,64,0,15.0
simt_only,64,40,64,131.19250535964966,store_rotate_min_observed_ns_per_iter,min_observed_iters2000,2000,1,1,1650,1,,72,20,63,4,160,64,10084,0.03125,0.03125,64,31.0,64,4,1,2,64,0,378,12,1984.0,4096,64,1024,31.0
simt_only,64,48,1,89.54399824142456,store_rotate_min_observed_ns_per_iter,min_observed_iters2000,2000,1,1,1650,1,,56,24,63,4,192,64,12100,2.0,2.0,2,0.0,64,4,1,2,64,0,310,10,0.0,64,64,0,0.0
simt_only,64,48,2,89.89349752664566,store_rotate_min_observed_ns_per_iter,min_observed_iters2000,2000,1,1,1650,1,,56,24,63,4,192,64,12100,1.0,1.0,2,0.0,64,4,1,2,64,0,310,10,0.0,128,64,0,0.0
simt_only,64,48,4,89.22649919986725,store_rotate_min_observed_ns_per_iter,min_observed_iters2000,2000,1,1,1650,1,,56,24,63,4,192,64,12100,0.5,0.5,4,1.0,64,4,1,2,64,0,310,10,64.0,256,64,0,1.0
simt_only,64,48,8,89.37899768352509,store_rotate_min_observed_ns_per_iter,min_observed_iters2000,2000,1,1,1650,1,,56,24,63,4,192,64,12100,0.25,0.25,8,3.0,64,4,1,2,64,0,310,10,192.0,512,64,0,3.0
simt_only,64,48,16,89.2530009150505,store_rotate_min_observed_ns_per_iter,min_observed_iters2000,2000,1,1,1650,1,,56,24,63,4,192,64,12100,0.125,0.125,16,7.0,64,4,1,2,64,0,310,10,448.0,1024,64,0,7.0
simt_only,64,48,32,93.03750097751617,store_rotate_min_observed_ns_per_iter,min_observed_iters2000,2000,1,1,1650,1,,56,24,63,4,192,64,12100,0.0625,0.0625,32,15.0,64,4,1,2,64,0,310,10,960.0,2048,64,0,15.0
simt_only,64,48,64,126.67399644851685,store_rotate_min_observed_ns_per_iter,min_observed_iters2000,2000,1,1,1650,1,,56,24,63,4,192,64,12100,0.03125,0.03125,64,31.0,64,4,1,2,64,0,310,10,1984.0,4096,64,1024,31.0
simt_only,64,64,1,91.67850017547607,store_rotate_min_observed_ns_per_iter,min_observed_iters2000,2000,1,1,1650,1,,32,32,63,4,256,64,16132,2.0,2.0,2,0.0,64,4,1,3,64,0,224,7,0.0,64,64,0,0.0
simt_only,64,64,2,91.91399812698364,store_rotate_min_observed_ns_per_iter,min_observed_iters2000,2000,1,1,1650,1,,32,32,63,4,256,64,16132,1.0,1.0,2,0.0,64,4,1,3,64,0,224,7,0.0,128,64,0,0.0
simt_only,64,64,4,92.66600012779236,store_rotate_min_observed_ns_per_iter,min_observed_iters2000,2000,1,1,1650,1,,32,32,63,4,256,64,16132,0.5,0.5,4,1.0,64,4,1,3,64,0,224,7,64.0,256,64,0,1.0
simt_only,64,64,8,93.33650022745132,store_rotate_min_observed_ns_per_iter,min_observed_iters2000,2000,1,1,1650,1,,32,32,63,4,256,64,16132,0.25,0.25,8,3.0,64,4,1,3,64,0,224,7,192.0,512,64,0,3.0
simt_only,64,64,16,92.77500212192535,store_rotate_min_observed_ns_per_iter,min_observed_iters2000,2000,1,1,1650,1,,32,32,63,4,256,64,16132,0.125,0.125,16,7.0,64,4,1,3,64,0,224,7,448.0,1024,64,0,7.0
simt_only,64,64,32,92.0490026473999,store_rotate_min_observed_ns_per_iter,min_observed_iters2000,2000,1,1,1650,1,,32,32,63,4,256,64,16132,0.0625,0.0625,32,15.0,64,4,1,3,64,0,224,7,960.0,2048,64,0,15.0
simt_only,64,64,64,112.02450096607208,store_rotate_min_observed_ns_per_iter,min_observed_iters2000,2000,1,1,1650,1,,32,32,63,4,256,64,16132,0.03125,0.03125,64,31.0,64,4,1,3,64,0,224,7,1984.0,4096,64,1024,31.0
simt_only,64,96,1,90.91850370168686,store_rotate_min_observed_ns_per_iter,min_observed_iters2000,2000,1,1,1650,1,,43,32,63,4,384,64,24196,2.0,2.0,2,0.0,64,4,1,5,64,0,255,10,0.0,64,64,0,0.0
simt_only,64,96,2,89.55399692058563,store_rotate_min_observed_ns_per_iter,min_observed_iters2000,2000,1,1,1650,1,,43,32,63,4,384,64,24196,1.0,1.0,2,0.0,64,4,1,5,64,0,255,10,0.0,128,64,0,0.0
simt_only,64,96,4,89.98949825763702,store_rotate_min_observed_ns_per_iter,min_observed_iters2000,2000,1,1,1650,1,,43,32,63,4,384,64,24196,0.5,0.5,4,1.0,64,4,1,5,64,0,255,10,64.0,256,64,0,1.0
simt_only,64,96,8,90.00600129365921,store_rotate_min_observed_ns_per_iter,min_observed_iters2000,2000,1,1,1650,1,,43,32,63,4,384,64,24196,0.25,0.25,8,3.0,64,4,1,5,64,0,255,10,192.0,512,64,0,3.0
simt_only,64,96,16,89.84050154685974,store_rotate_min_observed_ns_per_iter,min_observed_iters2000,2000,1,1,1650,1,,43,32,63,4,384,64,24196,0.125,0.125,16,7.0,64,4,1,5,64,0,255,10,448.0,1024,64,0,7.0
simt_only,64,96,32,89.56349641084671,store_rotate_min_observed_ns_per_iter,min_observed_iters2000,2000,1,1,1650,1,,43,32,63,4,384,64,24196,0.0625,0.0625,32,15.0,64,4,1,5,64,0,255,10,960.0,2048,64,0,15.0
simt_only,64,96,64,129.24699485301971,store_rotate_min_observed_ns_per_iter,min_observed_iters2000,2000,1,1,1650,1,,43,32,63,4,384,64,24196,0.03125,0.03125,64,31.0,64,4,1,5,64,0,255,10,1984.0,4096,64,1024,31.0
simt_only,64,128,1,91.98500216007233,store_rotate_min_observed_ns_per_iter,min_observed_iters2000,2000,1,1,1650,1,,32,32,63,4,512,64,32260,2.0,2.0,2,0.0,64,4,1,7,64,0,224,7,0.0,64,64,0,0.0
simt_only,64,128,2,91.05250239372253,store_rotate_min_observed_ns_per_iter,min_observed_iters2000,2000,1,1,1650,1,,32,32,63,4,512,64,32260,1.0,1.0,2,0.0,64,4,1,7,64,0,224,7,0.0,128,64,0,0.0
simt_only,64,128,4,94.77400034666061,store_rotate_min_observed_ns_per_iter,min_observed_iters2000,2000,1,1,1650,1,,32,32,63,4,512,64,32260,0.5,0.5,4,1.0,64,4,1,7,64,0,224,7,64.0,256,64,0,1.0
simt_only,64,128,8,91.730996966362,store_rotate_min_observed_ns_per_iter,min_observed_iters2000,2000,1,1,1650,1,,32,32,63,4,512,64,32260,0.25,0.25,8,3.0,64,4,1,7,64,0,224,7,192.0,512,64,0,3.0
simt_only,64,128,16,96.49550169706345,store_rotate_min_observed_ns_per_iter,min_observed_iters2000,2000,1,1,1650,1,,32,32,63,4,512,64,32260,0.125,0.125,16,7.0,64,4,1,7,64,0,224,7,448.0,1024,64,0,7.0
simt_only,64,128,32,91.7465016245842,store_rotate_min_observed_ns_per_iter,min_observed_iters2000,2000,1,1,1650,1,,32,32,63,4,512,64,32260,0.0625,0.0625,32,15.0,64,4,1,7,64,0,224,7,960.0,2048,64,0,15.0
simt_only,64,128,64,113.62549662590027,store_rotate_min_observed_ns_per_iter,min_observed_iters2000,2000,1,0,1650,1,,32,32,63,4,512,64,32260,0.03125,0.03125,64,31.0,64,4,1,7,64,0,224,7,1984.0,4096,64,1024,31.0
simt_only,64,192,1,95.61312198638916,store_rotate_min_observed_ns_per_iter,min_observed_iters8000,8000,1,0,1650,1,,32,32,42,4,768,64,48388,2.0,2.0,2,0.0,64,4,1,11,64,0,224,7,0.0,64,64,0,0.0
simt_only,64,192,2,95.55324912071228,store_rotate_min_observed_ns_per_iter,min_observed_iters8000,8000,1,1,1650,1,,32,32,42,4,768,64,48388,1.0,1.0,2,0.0,64,4,1,11,64,0,224,7,0.0,128,64,0,0.0
simt_only,64,192,4,89.3234983086586,store_rotate_min_observed_ns_per_iter,min_observed_iters2000,2000,1,0,1650,1,,32,32,42,4,768,64,48388,0.5,0.5,4,1.0,64,4,1,11,64,0,224,7,64.0,256,64,0,1.0
simt_only,64,192,8,89.38200026750565,store_rotate_min_observed_ns_per_iter,min_observed_iters2000,2000,1,0,1650,1,,32,32,42,4,768,64,48388,0.25,0.25,8,3.0,64,4,1,11,64,0,224,7,192.0,512,64,0,3.0
simt_only,64,192,16,89.7815003991127,store_rotate_min_observed_ns_per_iter,min_observed_iters2000,2000,1,0,1650,1,,32,32,42,4,768,64,48388,0.125,0.125,16,7.0,64,4,1,11,64,0,224,7,448.0,1024,64,0,7.0
simt_only,64,192,32,90.16100317239761,store_rotate_min_observed_ns_per_iter,min_observed_iters2000,2000,1,0,1650,1,,32,32,42,4,768,64,48388,0.0625,0.0625,32,15.0,64,4,1,11,64,0,224,7,960.0,2048,64,0,15.0
simt_only,64,192,64,128.31400334835052,store_rotate_min_observed_ns_per_iter,min_observed_iters2000,2000,1,1,1650,1,,32,32,42,4,768,64,48388,0.03125,0.03125,64,31.0,64,4,1,11,64,0,224,7,1984.0,4096,64,1024,31.0
simt_only,64,256,1,85.1449966430664,store_rotate_min_observed_ns_per_iter,min_observed_iters2000,2000,1,1,1650,1,,96,16,31,4,1024,64,64516,2.0,2.0,2,0.0,64,4,1,15,64,0,224,7,0.0,64,64,0,0.0
simt_only,64,256,2,85.46549826860428,store_rotate_min_observed_ns_per_iter,min_observed_iters2000,2000,1,1,1650,1,,96,16,31,4,1024,64,64516,1.0,1.0,2,0.0,64,4,1,15,64,0,224,7,0.0,128,64,0,0.0
simt_only,64,256,4,85.0059986114502,store_rotate_min_observed_ns_per_iter,min_observed_iters2000,2000,1,1,1650,1,,96,16,31,4,1024,64,64516,0.5,0.5,4,1.0,64,4,1,15,64,0,224,7,64.0,256,64,0,1.0
simt_only,64,256,8,85.12350171804428,store_rotate_min_observed_ns_per_iter,min_observed_iters2000,2000,1,1,1650,1,,96,16,31,4,1024,64,64516,0.25,0.25,8,3.0,64,4,1,15,64,0,224,7,192.0,512,64,0,3.0
simt_only,64,256,16,85.30449867248535,store_rotate_min_observed_ns_per_iter,min_observed_iters2000,2000,1,1,1650,1,,96,16,31,4,1024,64,64516,0.125,0.125,16,7.0,64,4,1,15,64,0,224,7,448.0,1024,64,0,7.0
simt_only,64,256,32,83.23937654495239,store_rotate_min_observed_ns_per_iter,min_observed_iters8000,8000,1,1,1650,1,,96,16,31,4,1024,64,64516,0.0625,0.0625,32,15.0,64,4,1,15,64,0,224,7,960.0,2048,64,0,15.0
simt_only,64,256,64,104.39900308847427,store_rotate_min_observed_ns_per_iter,min_observed_iters2000,2000,1,1,1650,1,,96,16,31,4,1024,64,64516,0.03125,0.03125,64,31.0,64,4,1,15,64,0,224,7,1984.0,4096,64,1024,31.0
simt_only,128,1,1,31.50700032711029,store_rotate_min_observed_ns_per_iter,min_observed_iters8000,8000,1,1,1650,1,,8128,1,127,4,4,128,512,4.0,4.0,4,0.0,4,128,0,0,128,0,8128,127,0.0,4,4,0,0.0
simt_only,128,1,2,29.021749272942543,store_rotate_min_observed_ns_per_iter,min_observed_iters8000,8000,1,1,1650,1,,8128,1,127,4,4,128,512,2.0,2.0,4,0.0,4,128,0,0,128,0,8128,127,0.0,8,4,0,0.0
simt_only,128,1,4,29.369374737143517,store_rotate_min_observed_ns_per_iter,min_observed_iters8000,8000,1,1,1650,1,,8128,1,127,4,4,128,512,1.0,1.0,4,0.0,4,128,0,0,128,0,8128,127,0.0,16,4,0,0.0
simt_only,128,1,8,39.109375327825546,store_rotate_min_observed_ns_per_iter,min_observed_iters8000,8000,1,1,1650,1,,8128,1,127,4,4,128,512,0.5,0.5,8,1.0,4,128,0,0,128,0,8128,127,4.0,32,4,0,0.0
simt_only,128,1,16,39.11862522363663,store_rotate_min_observed_ns_per_iter,min_observed_iters8000,8000,1,1,1650,1,,8128,1,127,4,4,128,512,0.25,0.25,16,3.0,4,128,0,0,128,0,8128,127,12.0,64,4,0,0.0
simt_only,128,1,32,47.90575057268143,store_rotate_min_observed_ns_per_iter,min_observed_iters8000,8000,1,1,1650,1,,8128,1,127,4,4,128,512,0.125,0.125,32,7.0,4,128,0,0,128,0,8128,127,28.0,128,4,0,0.0
simt_only,128,1,64,69.66587156057358,store_rotate_min_observed_ns_per_iter,min_observed_iters8000,8000,1,1,1650,1,,8128,1,127,4,4,128,512,0.0625,0.0625,64,15.0,4,128,0,0,128,0,8128,127,60.0,256,4,0,0.0
simt_only,128,2,1,47.194626182317734,store_rotate_min_observed_ns_per_iter,min_observed_iters8000,8000,1,1,1650,1,,4032,2,127,4,8,128,1020,4.0,4.0,4,0.0,8,64,0,0,128,0,8128,127,0.0,8,8,0,0.0
simt_only,128,2,2,40.614500641822815,store_rotate_min_observed_ns_per_iter,min_observed_iters8000,8000,1,1,1650,1,,4032,2,127,4,8,128,1020,2.0,2.0,4,0.0,8,64,0,0,128,0,8128,127,0.0,16,8,0,0.0
simt_only,128,2,4,28.5436250269413,store_rotate_min_observed_ns_per_iter,min_observed_iters8000,8000,1,1,1650,1,,4032,2,127,4,8,128,1020,1.0,1.0,4,0.0,8,64,0,0,128,0,8128,127,0.0,32,8,0,0.0
simt_only,128,2,8,42.229749262332916,store_rotate_min_observed_ns_per_iter,min_observed_iters8000,8000,1,1,1650,1,,4032,2,127,4,8,128,1020,0.5,0.5,8,1.0,8,64,0,0,128,0,8128,127,8.0,64,8,0,0.0
simt_only,128,2,16,47.81787469983101,store_rotate_min_observed_ns_per_iter,min_observed_iters8000,8000,1,1,1650,1,,4032,2,127,4,8,128,1020,0.25,0.25,16,3.0,8,64,0,0,128,0,8128,127,24.0,128,8,0,0.0
simt_only,128,2,32,54.33325096964836,store_rotate_min_observed_ns_per_iter,min_observed_iters8000,8000,1,1,1650,1,,4032,2,127,4,8,128,1020,0.125,0.125,32,7.0,8,64,0,0,128,0,8128,127,56.0,256,8,0,0.0
simt_only,128,2,64,73.73949885368347,store_rotate_min_observed_ns_per_iter,min_observed_iters8000,8000,1,1,1650,1,,4032,2,127,4,8,128,1020,0.0625,0.0625,64,15.0,8,64,0,0,128,0,8128,127,120.0,512,8,0,0.0
simt_only,128,3,1,47.27562516927719,store_rotate_min_observed_ns_per_iter,min_observed_iters8000,8000,1,1,1650,1,,2667,3,127,4,12,128,1528,4.0,4.0,4,0.0,12,40,0,0,128,0,8128,127,0.0,12,12,0,0.0
simt_only,128,3,2,39.46400061249733,store_rotate_min_observed_ns_per_iter,min_observed_iters8000,8000,1,1,1650,1,,2667,3,127,4,12,128,1528,2.0,2.0,4,0.0,12,40,0,0,128,0,8128,127,0.0,24,12,0,0.0
simt_only,128,3,4,29.81712482869625,store_rotate_min_observed_ns_per_iter,min_observed_iters8000,8000,1,1,1650,1,,2667,3,127,4,12,128,1528,1.0,1.0,4,0.0,12,40,0,0,128,0,8128,127,0.0,48,12,0,0.0
simt_only,128,3,8,47.08750173449516,store_rotate_min_observed_ns_per_iter,min_observed_iters8000,8000,1,1,1650,1,,2667,3,127,4,12,128,1528,0.5,0.5,8,1.0,12,40,0,0,128,0,8128,127,12.0,96,12,0,0.0
simt_only,128,3,16,52.11412534117699,store_rotate_min_observed_ns_per_iter,min_observed_iters8000,8000,1,1,1650,1,,2667,3,127,4,12,128,1528,0.25,0.25,16,3.0,12,40,0,0,128,0,8128,127,36.0,192,12,0,0.0
simt_only,128,3,32,61.708249151706696,store_rotate_min_observed_ns_per_iter,min_observed_iters8000,8000,1,1,1650,1,,2667,3,127,4,12,128,1528,0.125,0.125,32,7.0,12,40,0,0,128,0,8128,127,84.0,384,12,0,0.0
simt_only,128,3,64,100.9725034236908,store_rotate_min_observed_ns_per_iter,min_observed_iters8000,8000,1,1,1650,1,,2667,3,127,4,12,128,1528,0.0625,0.0625,64,15.0,12,40,0,0,128,0,8128,127,180.0,768,12,0,0.0
simt_only,128,4,1,47.60437458753586,store_rotate_min_observed_ns_per_iter,min_observed_iters8000,8000,1,1,1650,1,,1984,4,127,4,16,128,2036,4.0,4.0,4,0.0,16,32,0,0,128,0,8128,127,0.0,16,16,0,0.0
simt_only,128,4,2,39.493124932050705,store_rotate_min_observed_ns_per_iter,min_observed_iters8000,8000,1,1,1650,1,,1984,4,127,4,16,128,2036,2.0,2.0,4,0.0,16,32,0,0,128,0,8128,127,0.0,32,16,0,0.0
simt_only,128,4,4,28.814250603318214,store_rotate_min_observed_ns_per_iter,min_observed_iters8000,8000,1,1,1650,1,,1984,4,127,4,16,128,2036,1.0,1.0,4,0.0,16,32,0,0,128,0,8128,127,0.0,64,16,0,0.0
simt_only,128,4,8,42.56825149059296,store_rotate_min_observed_ns_per_iter,min_observed_iters8000,8000,1,1,1650,1,,1984,4,127,4,16,128,2036,0.5,0.5,8,1.0,16,32,0,0,128,0,8128,127,16.0,128,16,0,0.0
simt_only,128,4,16,48.51574823260307,store_rotate_min_observed_ns_per_iter,min_observed_iters8000,8000,1,1,1650,1,,1984,4,127,4,16,128,2036,0.25,0.25,16,3.0,16,32,0,0,128,0,8128,127,48.0,256,16,0,0.0
simt_only,128,4,32,54.304126650094986,store_rotate_min_observed_ns_per_iter,min_observed_iters8000,8000,1,1,1650,1,,1984,4,127,4,16,128,2036,0.125,0.125,32,7.0,16,32,0,0,128,0,8128,127,112.0,512,16,0,0.0
simt_only,128,4,64,73.66275042295456,store_rotate_min_observed_ns_per_iter,min_observed_iters8000,8000,1,1,1650,1,,1984,4,127,4,16,128,2036,0.0625,0.0625,64,15.0,16,32,0,0,128,0,8128,127,240.0,1024,16,0,0.0
simt_only,128,5,1,47.28874936699867,store_rotate_min_observed_ns_per_iter,min_observed_iters8000,8000,1,1,1650,1,,1575,5,127,4,20,128,2544,4.0,4.0,4,0.0,20,24,0,0,128,0,5553,102,0.0,20,20,0,0.0
simt_only,128,5,2,38.87199983000755,store_rotate_min_observed_ns_per_iter,min_observed_iters8000,8000,1,1,1650,1,,1575,5,127,4,20,128,2544,2.0,2.0,4,0.0,20,24,0,0,128,0,5553,102,0.0,40,20,0,0.0
simt_only,128,5,4,33.50687399506569,store_rotate_min_observed_ns_per_iter,min_observed_iters8000,8000,1,1,1650,1,,1575,5,127,4,20,128,2544,1.0,1.0,4,0.0,20,24,0,0,128,0,5553,102,0.0,80,20,0,0.0
simt_only,128,5,8,47.2634993493557,store_rotate_min_observed_ns_per_iter,min_observed_iters8000,8000,1,1,1650,1,,1575,5,127,4,20,128,2544,0.5,0.5,8,1.0,20,24,0,0,128,0,5553,102,20.0,160,20,0,0.0
simt_only,128,5,16,52.151501178741455,store_rotate_min_observed_ns_per_iter,min_observed_iters8000,8000,1,1,1650,1,,1575,5,127,4,20,128,2544,0.25,0.25,16,3.0,20,24,0,0,128,0,5553,102,60.0,320,20,0,0.0
simt_only,128,5,32,61.88862398266792,store_rotate_min_observed_ns_per_iter,min_observed_iters8000,8000,1,1,1650,1,,1575,5,127,4,20,128,2544,0.125,0.125,32,7.0,20,24,0,0,128,0,5553,102,140.0,640,20,0,0.0
simt_only,128,5,64,100.7702499628067,store_rotate_min_observed_ns_per_iter,min_observed_iters8000,8000,1,1,1650,1,,1575,5,127,4,20,128,2544,0.0625,0.0625,64,15.0,20,24,0,0,128,0,5553,102,300.0,1280,20,0,0.0
simt_only,128,6,1,47.32462391257286,store_rotate_min_observed_ns_per_iter,min_observed_iters8000,8000,1,1,1650,1,,1302,6,127,4,24,128,3052,4.0,4.0,4,0.0,24,20,0,0,128,0,4516,85,0.0,24,24,0,0.0
simt_only,128,6,2,39.30849954485893,store_rotate_min_observed_ns_per_iter,min_observed_iters8000,8000,1,1,1650,1,,1302,6,127,4,24,128,3052,2.0,2.0,4,0.0,24,20,0,0,128,0,4516,85,0.0,48,24,0,0.0
simt_only,128,6,4,34.82799977064133,store_rotate_min_observed_ns_per_iter,min_observed_iters8000,8000,1,1,1650,1,,1302,6,127,4,24,128,3052,1.0,1.0,4,0.0,24,20,0,0,128,0,4516,85,0.0,96,24,0,0.0
simt_only,128,6,8,46.13649845123291,store_rotate_min_observed_ns_per_iter,min_observed_iters8000,8000,1,1,1650,1,,1302,6,127,4,24,128,3052,0.5,0.5,8,1.0,24,20,0,0,128,0,4516,85,24.0,192,24,0,0.0
simt_only,128,6,16,52.17337608337402,store_rotate_min_observed_ns_per_iter,min_observed_iters8000,8000,1,1,1650,1,,1302,6,127,4,24,128,3052,0.25,0.25,16,3.0,24,20,0,0,128,0,4516,85,72.0,384,24,0,0.0
simt_only,128,6,32,61.78924813866615,store_rotate_min_observed_ns_per_iter,min_observed_iters8000,8000,1,1,1650,1,,1302,6,127,4,24,128,3052,0.125,0.125,32,7.0,24,20,0,0,128,0,4516,85,168.0,768,24,0,0.0
simt_only,128,6,64,100.68537294864655,store_rotate_min_observed_ns_per_iter,min_observed_iters8000,8000,1,1,1650,1,,1302,6,127,4,24,128,3052,0.0625,0.0625,64,15.0,24,20,0,0,128,0,4516,85,360.0,1536,24,0,0.0
simt_only,128,7,1,48.16649854183197,store_rotate_min_observed_ns_per_iter,min_observed_iters8000,8000,1,0,1650,1,,1107,7,127,4,28,128,3560,4.0,4.0,4,0.0,28,16,0,0,128,0,4132,73,0.0,28,28,0,0.0
simt_only,128,7,2,42.61250048875809,store_rotate_min_observed_ns_per_iter,min_observed_iters2000,2000,1,1,1650,1,,1107,7,127,4,28,128,3560,2.0,2.0,4,0.0,28,16,0,0,128,0,4132,73,0.0,56,28,0,0.0
simt_only,128,7,4,42.566001415252686,store_rotate_min_observed_ns_per_iter,min_observed_iters2000,2000,1,1,1650,1,,1107,7,127,4,28,128,3560,1.0,1.0,4,0.0,28,16,0,0,128,0,4132,73,0.0,112,28,0,0.0
simt_only,128,7,8,46.49387672543526,store_rotate_min_observed_ns_per_iter,min_observed_iters8000,8000,1,0,1650,1,,1107,7,127,4,28,128,3560,0.5,0.5,8,1.0,28,16,0,0,128,0,4132,73,28.0,224,28,0,0.0
simt_only,128,7,16,52.04637348651886,store_rotate_min_observed_ns_per_iter,min_observed_iters8000,8000,1,0,1650,1,,1107,7,127,4,28,128,3560,0.25,0.25,16,3.0,28,16,0,0,128,0,4132,73,84.0,448,28,0,0.0
simt_only,128,7,32,61.71324849128723,store_rotate_min_observed_ns_per_iter,min_observed_iters8000,8000,1,0,1650,1,,1107,7,127,4,28,128,3560,0.125,0.125,32,7.0,28,16,0,0,128,0,4132,73,196.0,896,28,0,0.0
simt_only,128,7,64,102.37962752580643,store_rotate_min_observed_ns_per_iter,min_observed_iters8000,8000,1,0,1650,1,,1107,7,127,4,28,128,3560,0.0625,0.0625,64,15.0,28,16,0,0,128,0,4132,73,420.0,1792,28,0,0.0
simt_only,128,8,1,58.99374932050705,store_rotate_min_observed_ns_per_iter,min_observed_iters8000,8000,1,1,1650,1,,960,8,127,4,32,128,4068,4.0,4.0,4,0.0,32,16,0,0,128,0,4032,63,0.0,32,32,0,0.0
simt_only,128,8,2,48.73799905180931,store_rotate_min_observed_ns_per_iter,min_observed_iters2000,2000,1,0,1650,1,,960,8,127,4,32,128,4068,2.0,2.0,4,0.0,32,16,0,0,128,0,4032,63,0.0,64,32,0,0.0
simt_only,128,8,4,50.11362582445145,store_rotate_min_observed_ns_per_iter,min_observed_iters8000,8000,1,1,1650,1,,960,8,127,4,32,128,4068,1.0,1.0,4,0.0,32,16,0,0,128,0,4032,63,0.0,128,32,0,0.0
simt_only,128,8,8,47.23050072789192,store_rotate_min_observed_ns_per_iter,min_observed_iters8000,8000,1,1,1650,1,,960,8,127,4,32,128,4068,0.5,0.5,8,1.0,32,16,0,0,128,0,4032,63,32.0,256,32,0,0.0
simt_only,128,8,16,50.44500157237053,store_rotate_min_observed_ns_per_iter,min_observed_iters8000,8000,1,1,1650,1,,960,8,127,4,32,128,4068,0.25,0.25,16,3.0,32,16,0,0,128,0,4032,63,96.0,512,32,0,0.0
simt_only,128,8,32,56.66400119662285,store_rotate_min_observed_ns_per_iter,min_observed_iters8000,8000,1,1,1650,1,,960,8,127,4,32,128,4068,0.125,0.125,32,7.0,32,16,0,0,128,0,4032,63,224.0,1024,32,0,0.0
simt_only,128,8,64,76.17337256669998,store_rotate_min_observed_ns_per_iter,min_observed_iters8000,8000,1,1,1650,1,,960,8,127,4,32,128,4068,0.0625,0.0625,64,15.0,32,16,0,0,128,0,4032,63,480.0,2048,32,0,0.0
simt_only,128,9,1,56.82700127363205,store_rotate_min_observed_ns_per_iter,min_observed_iters2000,2000,1,1,1650,1,,847,9,127,4,36,128,4576,4.0,4.0,4,0.0,36,12,1,1,128,0,3283,56,0.0,36,36,0,0.0
simt_only,128,9,2,57.20899999141693,store_rotate_min_observed_ns_per_iter,min_observed_iters2000,2000,1,1,1650,1,,847,9,127,4,36,128,4576,2.0,2.0,4,0.0,36,12,1,1,128,0,3283,56,0.0,72,36,0,0.0
simt_only,128,9,4,57.89100006222725,store_rotate_min_observed_ns_per_iter,min_observed_iters2000,2000,1,1,1650,1,,847,9,127,4,36,128,4576,1.0,1.0,4,0.0,36,12,1,1,128,0,3283,56,0.0,144,36,0,0.0
simt_only,128,9,8,57.48400092124939,store_rotate_min_observed_ns_per_iter,min_observed_iters2000,2000,1,1,1650,1,,847,9,127,4,36,128,4576,0.5,0.5,8,1.0,36,12,1,1,128,0,3283,56,36.0,288,36,0,1.0
simt_only,128,9,16,59.569500386714935,store_rotate_min_observed_ns_per_iter,min_observed_iters2000,2000,1,1,1650,1,,847,9,127,4,36,128,4576,0.25,0.25,16,3.0,36,12,1,1,128,0,3283,56,108.0,576,36,0,3.0
simt_only,128,9,32,68.46387684345245,store_rotate_min_observed_ns_per_iter,min_observed_iters8000,8000,1,1,1650,1,,847,9,127,4,36,128,4576,0.125,0.125,32,7.0,36,12,1,1,128,0,3283,56,252.0,1152,36,0,7.0
simt_only,128,9,64,107.53049701452255,store_rotate_min_observed_ns_per_iter,min_observed_iters8000,8000,1,1,1650,1,,847,9,127,4,36,128,4576,0.0625,0.0625,64,15.0,36,12,1,1,128,0,3283,56,540.0,2304,36,0,15.0
simt_only,128,10,1,59.48200076818466,store_rotate_min_observed_ns_per_iter,min_observed_iters2000,2000,1,1,1650,1,,756,10,127,4,40,128,5084,4.0,4.0,4,0.0,40,12,1,1,128,0,2901,51,0.0,40,40,0,0.0
simt_only,128,10,2,59.48450043797493,store_rotate_min_observed_ns_per_iter,min_observed_iters2000,2000,1,1,1650,1,,756,10,127,4,40,128,5084,2.0,2.0,4,0.0,40,12,1,1,128,0,2901,51,0.0,80,40,0,0.0
simt_only,128,10,4,60.247499495744705,store_rotate_min_observed_ns_per_iter,min_observed_iters2000,2000,1,1,1650,1,,756,10,127,4,40,128,5084,1.0,1.0,4,0.0,40,12,1,1,128,0,2901,51,0.0,160,40,0,0.0
simt_only,128,10,8,60.29399856925011,store_rotate_min_observed_ns_per_iter,min_observed_iters2000,2000,1,1,1650,1,,756,10,127,4,40,128,5084,0.5,0.5,8,1.0,40,12,1,1,128,0,2901,51,40.0,320,40,0,1.0
simt_only,128,10,16,61.59200146794319,store_rotate_min_observed_ns_per_iter,min_observed_iters2000,2000,1,1,1650,1,,756,10,127,4,40,128,5084,0.25,0.25,16,3.0,40,12,1,1,128,0,2901,51,120.0,640,40,0,3.0
simt_only,128,10,32,69.47200000286102,store_rotate_min_observed_ns_per_iter,min_observed_iters8000,8000,1,1,1650,1,,756,10,127,4,40,128,5084,0.125,0.125,32,7.0,40,12,1,1,128,0,2901,51,280.0,1280,40,0,7.0
simt_only,128,10,64,108.47274959087372,store_rotate_min_observed_ns_per_iter,min_observed_iters8000,8000,1,1,1650,1,,756,10,127,4,40,128,5084,0.0625,0.0625,64,15.0,40,12,1,1,128,0,2901,51,600.0,2560,40,0,15.0
simt_only,128,11,1,65.72850048542023,store_rotate_min_observed_ns_per_iter,min_observed_iters2000,2000,1,1,1650,1,,682,11,127,4,44,128,5592,4.0,4.0,4,0.0,44,8,1,1,128,0,2723,46,0.0,44,44,0,0.0
simt_only,128,11,2,64.33150172233582,store_rotate_min_observed_ns_per_iter,min_observed_iters2000,2000,1,1,1650,1,,682,11,127,4,44,128,5592,2.0,2.0,4,0.0,44,8,1,1,128,0,2723,46,0.0,88,44,0,0.0
simt_only,128,11,4,64.12249803543091,store_rotate_min_observed_ns_per_iter,min_observed_iters2000,2000,1,1,1650,1,,682,11,127,4,44,128,5592,1.0,1.0,4,0.0,44,8,1,1,128,0,2723,46,0.0,176,44,0,0.0
simt_only,128,11,8,65.77199697494507,store_rotate_min_observed_ns_per_iter,min_observed_iters2000,2000,1,1,1650,1,,682,11,127,4,44,128,5592,0.5,0.5,8,1.0,44,8,1,1,128,0,2723,46,44.0,352,44,0,1.0
simt_only,128,11,16,65.3809979557991,store_rotate_min_observed_ns_per_iter,min_observed_iters2000,2000,1,1,1650,1,,682,11,127,4,44,128,5592,0.25,0.25,16,3.0,44,8,1,1,128,0,2723,46,132.0,704,44,0,3.0
simt_only,128,11,32,71.9473734498024,store_rotate_min_observed_ns_per_iter,min_observed_iters8000,8000,1,1,1650,1,,682,11,127,4,44,128,5592,0.125,0.125,32,7.0,44,8,1,1,128,0,2723,46,308.0,1408,44,0,7.0
simt_only,128,11,64,110.43237149715424,store_rotate_min_observed_ns_per_iter,min_observed_iters8000,8000,1,1,1650,1,,682,11,127,4,44,128,5592,0.0625,0.0625,64,15.0,44,8,1,1,128,0,2723,46,660.0,2816,44,0,15.0
simt_only,128,12,1,70.9024965763092,store_rotate_min_observed_ns_per_iter,min_observed_iters2000,2000,1,1,1650,1,,620,12,127,4,48,128,6100,4.0,4.0,4,0.0,48,8,1,1,128,0,2667,42,0.0,48,48,0,0.0
simt_only,128,12,2,71.15399837493896,store_rotate_min_observed_ns_per_iter,min_observed_iters2000,2000,1,1,1650,1,,620,12,127,4,48,128,6100,2.0,2.0,4,0.0,48,8,1,1,128,0,2667,42,0.0,96,48,0,0.0
simt_only,128,12,4,71.0655003786087,store_rotate_min_observed_ns_per_iter,min_observed_iters2000,2000,1,1,1650,1,,620,12,127,4,48,128,6100,1.0,1.0,4,0.0,48,8,1,1,128,0,2667,42,0.0,192,48,0,0.0
simt_only,128,12,8,69.75849717855453,store_rotate_min_observed_ns_per_iter,min_observed_iters2000,2000,1,1,1650,1,,620,12,127,4,48,128,6100,0.5,0.5,8,1.0,48,8,1,1,128,0,2667,42,48.0,384,48,0,1.0
simt_only,128,12,16,71.21100276708603,store_rotate_min_observed_ns_per_iter,min_observed_iters2000,2000,1,1,1650,1,,620,12,127,4,48,128,6100,0.25,0.25,16,3.0,48,8,1,1,128,0,2667,42,144.0,768,48,0,3.0
simt_only,128,12,32,75.66287368535995,store_rotate_min_observed_ns_per_iter,min_observed_iters8000,8000,1,1,1650,1,,620,12,127,4,48,128,6100,0.125,0.125,32,7.0,48,8,1,1,128,0,2667,42,336.0,1536,48,0,7.0
simt_only,128,12,64,113.37324976921082,store_rotate_min_observed_ns_per_iter,min_observed_iters8000,8000,1,1,1650,1,,620,12,127,4,48,128,6100,0.0625,0.0625,64,15.0,48,8,1,1,128,0,2667,42,720.0,3072,48,0,15.0
simt_only,128,16,1,93.39000284671783,store_rotate_min_observed_ns_per_iter,min_observed_iters2000,2000,1,1,1650,1,,448,16,127,4,64,128,8132,4.0,4.0,4,0.0,64,8,1,1,128,0,1984,31,0.0,64,64,0,0.0
simt_only,128,16,2,93.13149750232697,store_rotate_min_observed_ns_per_iter,min_observed_iters2000,2000,1,1,1650,1,,448,16,127,4,64,128,8132,2.0,2.0,4,0.0,64,8,1,1,128,0,1984,31,0.0,128,64,0,0.0
simt_only,128,16,4,93.69850158691406,store_rotate_min_observed_ns_per_iter,min_observed_iters2000,2000,1,1,1650,1,,448,16,127,4,64,128,8132,1.0,1.0,4,0.0,64,8,1,1,128,0,1984,31,0.0,256,64,0,0.0
simt_only,128,16,8,97.85600006580353,store_rotate_min_observed_ns_per_iter,min_observed_iters2000,2000,1,1,1650,1,,448,16,127,4,64,128,8132,0.5,0.5,8,1.0,64,8,1,1,128,0,1984,31,64.0,512,64,0,1.0
simt_only,128,16,16,93.13599765300751,store_rotate_min_observed_ns_per_iter,min_observed_iters2000,2000,1,1,1650,1,,448,16,127,4,64,128,8132,0.25,0.25,16,3.0,64,8,1,1,128,0,1984,31,192.0,1024,64,0,3.0
simt_only,128,16,32,91.39300137758255,store_rotate_min_observed_ns_per_iter,min_observed_iters2000,2000,1,1,1650,1,,448,16,127,4,64,128,8132,0.125,0.125,32,7.0,64,8,1,1,128,0,1984,31,448.0,2048,64,0,7.0
simt_only,128,16,64,111.48600280284882,store_rotate_min_observed_ns_per_iter,min_observed_iters2000,2000,1,1,1650,1,,448,16,127,4,64,128,8132,0.0625,0.0625,64,15.0,64,8,1,1,128,0,1984,31,960.0,4096,64,1024,15.0
simt_only,128,20,1,114.07650262117386,store_rotate_min_observed_ns_per_iter,min_observed_iters2000,2000,1,1,1650,1,,348,20,127,4,80,128,10164,4.0,4.0,4,0.0,80,4,1,2,128,0,1575,25,0.0,80,64,0,0.0
simt_only,128,20,2,115.27600139379501,store_rotate_min_observed_ns_per_iter,min_observed_iters2000,2000,1,1,1650,1,,348,20,127,4,80,128,10164,2.0,2.0,4,0.0,80,4,1,2,128,0,1575,25,0.0,160,64,0,0.0
simt_only,128,20,4,114.0580028295517,store_rotate_min_observed_ns_per_iter,min_observed_iters2000,2000,1,1,1650,1,,348,20,127,4,80,128,10164,1.0,1.0,4,0.0,80,4,1,2,128,0,1575,25,0.0,320,64,0,0.0
simt_only,128,20,8,115.34149944782257,store_rotate_min_observed_ns_per_iter,min_observed_iters2000,2000,1,1,1650,1,,348,20,127,4,80,128,10164,0.5,0.5,8,1.0,80,4,1,2,128,0,1575,25,80.0,640,64,0,1.0
simt_only,128,20,16,114.05599862337112,store_rotate_min_observed_ns_per_iter,min_observed_iters2000,2000,1,1,1650,1,,348,20,127,4,80,128,10164,0.25,0.25,16,3.0,80,4,1,2,128,0,1575,25,240.0,1280,64,0,3.0
simt_only,128,20,32,114.56750333309174,store_rotate_min_observed_ns_per_iter,min_observed_iters2000,2000,1,1,1650,1,,348,20,127,4,80,128,10164,0.125,0.125,32,7.0,80,4,1,2,128,0,1575,25,560.0,2560,64,0,7.0
simt_only,128,20,64,153.889998793602,store_rotate_min_observed_ns_per_iter,min_observed_iters2000,2000,1,1,1650,1,,348,20,127,4,80,128,10164,0.0625,0.0625,64,15.0,80,4,1,2,128,0,1575,25,1200.0,5120,64,2048,15.0
simt_only,128,24,1,141.31200313568115,store_rotate_min_observed_ns_per_iter,min_observed_iters2000,2000,1,1,1650,1,,280,24,127,4,96,128,12196,4.0,4.0,4,0.0,96,4,1,2,128,0,1302,21,0.0,96,64,0,0.0
simt_only,128,24,2,135.40850579738617,store_rotate_min_observed_ns_per_iter,min_observed_iters2000,2000,1,0,1650,1,,280,24,127,4,96,128,12196,2.0,2.0,4,0.0,96,4,1,2,128,0,1302,21,0.0,192,64,0,0.0
simt_only,128,24,4,142.56849884986877,store_rotate_min_observed_ns_per_iter,min_observed_iters2000,2000,1,1,1650,1,,280,24,127,4,96,128,12196,1.0,1.0,4,0.0,96,4,1,2,128,0,1302,21,0.0,384,64,0,0.0
simt_only,128,24,8,159.7909927368164,store_rotate_min_observed_ns_per_iter,min_observed_iters2000,2000,1,1,1650,1,,280,24,127,4,96,128,12196,0.5,0.5,8,1.0,96,4,1,2,128,0,1302,21,96.0,768,64,0,1.0
simt_only,128,24,16,157.12536871433258,store_rotate_min_observed_ns_per_iter,min_observed_iters8000,8000,1,1,1650,1,,280,24,127,4,96,128,12196,0.25,0.25,16,3.0,96,4,1,2,128,0,1302,21,288.0,1536,64,0,3.0
simt_only,128,24,32,140.52249491214752,store_rotate_min_observed_ns_per_iter,min_observed_iters2000,2000,1,1,1650,1,,280,24,127,4,96,128,12196,0.125,0.125,32,7.0,96,4,1,2,128,0,1302,21,672.0,3072,64,0,7.0
simt_only,128,24,64,197.2733736038208,store_rotate_min_observed_ns_per_iter,min_observed_iters8000,8000,1,1,1650,1,,280,24,127,4,96,128,12196,0.0625,0.0625,64,15.0,96,4,1,2,128,0,1302,21,1440.0,6144,64,3072,15.0
simt_only,128,32,1,211.09449863433838,store_rotate_min_observed_ns_per_iter,min_observed_iters8000,8000,1,1,1650,1,,192,32,127,4,128,128,16260,4.0,4.0,4,0.0,128,4,1,3,128,0,960,15,0.0,128,64,0,0.0
simt_only,128,32,2,212.86900341510773,store_rotate_min_observed_ns_per_iter,min_observed_iters8000,8000,1,1,1650,1,,192,32,127,4,128,128,16260,2.0,2.0,4,0.0,128,4,1,3,128,0,960,15,0.0,256,64,0,0.0
simt_only,128,32,4,206.79649710655212,store_rotate_min_observed_ns_per_iter,min_observed_iters2000,2000,1,1,1650,1,,192,32,127,4,128,128,16260,1.0,1.0,4,0.0,128,4,1,3,128,0,960,15,0.0,512,64,0,0.0
simt_only,128,32,8,212.9867523908615,store_rotate_min_observed_ns_per_iter,min_observed_iters8000,8000,1,1,1650,1,,192,32,127,4,128,128,16260,0.5,0.5,8,1.0,128,4,1,3,128,0,960,15,128.0,1024,64,0,1.0
simt_only,128,32,16,215.5902534723282,store_rotate_min_observed_ns_per_iter,min_observed_iters8000,8000,1,1,1650,1,,192,32,127,4,128,128,16260,0.25,0.25,16,3.0,128,4,1,3,128,0,960,15,384.0,2048,64,0,3.0
simt_only,128,32,32,219.54825520515442,store_rotate_min_observed_ns_per_iter,min_observed_iters8000,8000,1,1,1650,1,,192,32,127,4,128,128,16260,0.125,0.125,32,7.0,128,4,1,3,128,0,960,15,896.0,4096,64,1024,7.0
simt_only,128,32,64,199.54949617385864,store_rotate_min_observed_ns_per_iter,min_observed_iters2000,2000,1,1,1650,1,,192,32,127,4,128,128,16260,0.0625,0.0625,64,15.0,128,4,1,3,128,0,960,15,1920.0,8192,64,5120,15.0
simt_only,128,40,1,178.05950343608856,store_rotate_min_observed_ns_per_iter,min_observed_iters2000,2000,1,1,1650,1,,225,32,127,4,160,128,20324,4.0,4.0,4,0.0,128,4,1,4,128,0,1081,25,0.0,128,64,0,0.0
simt_only,128,40,2,174.5384931564331,store_rotate_min_observed_ns_per_iter,min_observed_iters2000,2000,1,1,1650,1,,225,32,127,4,160,128,20324,2.0,2.0,4,0.0,128,4,1,4,128,0,1081,25,0.0,256,64,0,0.0
simt_only,128,40,4,176.8224984407425,store_rotate_min_observed_ns_per_iter,min_observed_iters2000,2000,1,1,1650,1,,225,32,127,4,160,128,20324,1.0,1.0,4,0.0,128,4,1,4,128,0,1081,25,0.0,512,64,0,0.0
simt_only,128,40,8,174.04800653457642,store_rotate_min_observed_ns_per_iter,min_observed_iters2000,2000,1,1,1650,1,,225,32,127,4,160,128,20324,0.5,0.5,8,1.0,128,4,1,4,128,0,1081,25,128.0,1024,64,0,1.0
simt_only,128,40,16,182.62700736522675,store_rotate_min_observed_ns_per_iter,min_observed_iters2000,2000,1,1,1650,1,,225,32,127,4,160,128,20324,0.25,0.25,16,3.0,128,4,1,4,128,0,1081,25,384.0,2048,64,0,3.0
simt_only,128,40,32,174.34599995613098,store_rotate_min_observed_ns_per_iter,min_observed_iters2000,2000,1,1,1650,1,,225,32,127,4,160,128,20324,0.125,0.125,32,7.0,128,4,1,4,128,0,1081,25,896.0,4096,64,1024,7.0
simt_only,128,40,64,213.2434993982315,store_rotate_min_observed_ns_per_iter,min_observed_iters2000,2000,1,1,1650,1,,225,32,127,4,160,128,20324,0.0625,0.0625,64,15.0,128,4,1,4,128,0,1081,25,1920.0,8192,64,5120,15.0
simt_only,128,48,1,173.84350299835205,store_rotate_min_observed_ns_per_iter,min_observed_iters2000,2000,1,1,1650,1,,223,32,127,4,192,128,24388,4.0,4.0,4,0.0,128,4,1,5,128,0,1071,21,0.0,128,64,0,0.0
simt_only,128,48,2,172.06500470638275,store_rotate_min_observed_ns_per_iter,min_observed_iters2000,2000,1,1,1650,1,,223,32,127,4,192,128,24388,2.0,2.0,4,0.0,128,4,1,5,128,0,1071,21,0.0,256,64,0,0.0
simt_only,128,48,4,172.09799587726593,store_rotate_min_observed_ns_per_iter,min_observed_iters2000,2000,1,1,1650,1,,223,32,127,4,192,128,24388,1.0,1.0,4,0.0,128,4,1,5,128,0,1071,21,0.0,512,64,0,0.0
simt_only,128,48,8,171.7499941587448,store_rotate_min_observed_ns_per_iter,min_observed_iters2000,2000,1,1,1650,1,,223,32,127,4,192,128,24388,0.5,0.5,8,1.0,128,4,1,5,128,0,1071,21,128.0,1024,64,0,1.0
simt_only,128,48,16,173.46049845218658,store_rotate_min_observed_ns_per_iter,min_observed_iters2000,2000,1,1,1650,1,,223,32,127,4,192,128,24388,0.25,0.25,16,3.0,128,4,1,5,128,0,1071,21,384.0,2048,64,0,3.0
simt_only,128,48,32,171.5324968099594,store_rotate_min_observed_ns_per_iter,min_observed_iters2000,2000,1,1,1650,1,,223,32,127,4,192,128,24388,0.125,0.125,32,7.0,128,4,1,5,128,0,1071,21,896.0,4096,64,1024,7.0
simt_only,128,48,64,218.43400597572327,store_rotate_min_observed_ns_per_iter,min_observed_iters2000,2000,1,1,1650,1,,223,32,127,4,192,128,24388,0.0625,0.0625,64,15.0,128,4,1,5,128,0,1071,21,1920.0,8192,64,5120,15.0
simt_only,128,64,1,175.99299550056458,store_rotate_min_observed_ns_per_iter,min_observed_iters2000,2000,1,1,1650,1,,192,32,127,4,256,128,32516,4.0,4.0,4,0.0,128,4,1,7,128,0,960,15,0.0,128,64,0,0.0
simt_only,128,64,2,176.03400349617004,store_rotate_min_observed_ns_per_iter,min_observed_iters2000,2000,1,1,1650,1,,192,32,127,4,256,128,32516,2.0,2.0,4,0.0,128,4,1,7,128,0,960,15,0.0,256,64,0,0.0
simt_only,128,64,4,175.70699751377106,store_rotate_min_observed_ns_per_iter,min_observed_iters2000,2000,1,1,1650,1,,192,32,127,4,256,128,32516,1.0,1.0,4,0.0,128,4,1,7,128,0,960,15,0.0,512,64,0,0.0
simt_only,128,64,8,176.1530041694641,store_rotate_min_observed_ns_per_iter,min_observed_iters2000,2000,1,1,1650,1,,192,32,127,4,256,128,32516,0.5,0.5,8,1.0,128,4,1,7,128,0,960,15,128.0,1024,64,0,1.0
simt_only,128,64,16,175.9530007839203,store_rotate_min_observed_ns_per_iter,min_observed_iters2000,2000,1,1,1650,1,,192,32,127,4,256,128,32516,0.25,0.25,16,3.0,128,4,1,7,128,0,960,15,384.0,2048,64,0,3.0
simt_only,128,64,32,176.18949711322784,store_rotate_min_observed_ns_per_iter,min_observed_iters2000,2000,1,1,1650,1,,192,32,127,4,256,128,32516,0.125,0.125,32,7.0,128,4,1,7,128,0,960,15,896.0,4096,64,1024,7.0
simt_only,128,64,64,195.7074999809265,store_rotate_min_observed_ns_per_iter,min_observed_iters2000,2000,1,1,1650,1,,192,32,127,4,256,128,32516,0.0625,0.0625,64,15.0,128,4,1,7,128,0,960,15,1920.0,8192,64,5120,15.0
simt_only,128,96,1,173.31750690937042,store_rotate_min_observed_ns_per_iter,min_observed_iters2000,2000,1,1,1650,1,,192,32,85,4,384,128,48772,4.0,4.0,4,0.0,128,4,1,11,128,0,960,15,0.0,128,64,0,0.0
simt_only,128,96,2,171.8605011701584,store_rotate_min_observed_ns_per_iter,min_observed_iters2000,2000,1,1,1650,1,,192,32,85,4,384,128,48772,2.0,2.0,4,0.0,128,4,1,11,128,0,960,15,0.0,256,64,0,0.0
simt_only,128,96,4,175.089493393898,store_rotate_min_observed_ns_per_iter,min_observed_iters2000,2000,1,1,1650,1,,192,32,85,4,384,128,48772,1.0,1.0,4,0.0,128,4,1,11,128,0,960,15,0.0,512,64,0,0.0
simt_only,128,96,8,172.44300246238708,store_rotate_min_observed_ns_per_iter,min_observed_iters2000,2000,1,1,1650,1,,192,32,85,4,384,128,48772,0.5,0.5,8,1.0,128,4,1,11,128,0,960,15,128.0,1024,64,0,1.0
simt_only,128,96,16,174.42350089550018,store_rotate_min_observed_ns_per_iter,min_observed_iters2000,2000,1,1,1650,1,,192,32,85,4,384,128,48772,0.25,0.25,16,3.0,128,4,1,11,128,0,960,15,384.0,2048,64,0,3.0
simt_only,128,96,32,174.37000572681427,store_rotate_min_observed_ns_per_iter,min_observed_iters2000,2000,1,1,1650,1,,192,32,85,4,384,128,48772,0.125,0.125,32,7.0,128,4,1,11,128,0,960,15,896.0,4096,64,1024,7.0
simt_only,128,96,64,213.77450227737427,store_rotate_min_observed_ns_per_iter,min_observed_iters2000,2000,1,1,1650,1,,192,32,85,4,384,128,48772,0.0625,0.0625,64,15.0,128,4,1,11,128,0,960,15,1920.0,8192,64,5120,15.0
simt_only,128,128,1,162.89649903774261,store_rotate_min_observed_ns_per_iter,min_observed_iters2000,2000,1,1,1650,1,,192,32,63,4,512,128,65028,4.0,4.0,4,0.0,128,4,1,15,128,0,960,15,0.0,128,64,0,0.0
simt_only,128,128,2,168.19849610328674,store_rotate_min_observed_ns_per_iter,min_observed_iters2000,2000,1,1,1650,1,,192,32,63,4,512,128,65028,2.0,2.0,4,0.0,128,4,1,15,128,0,960,15,0.0,256,64,0,0.0
simt_only,128,128,4,166.50350391864777,store_rotate_min_observed_ns_per_iter,min_observed_iters2000,2000,1,1,1650,1,,192,32,63,4,512,128,65028,1.0,1.0,4,0.0,128,4,1,15,128,0,960,15,0.0,512,64,0,0.0
simt_only,128,128,8,161.10500693321228,store_rotate_min_observed_ns_per_iter,min_observed_iters2000,2000,1,1,1650,1,,192,32,63,4,512,128,65028,0.5,0.5,8,1.0,128,4,1,15,128,0,960,15,128.0,1024,64,0,1.0
simt_only,128,128,16,161.7165058851242,store_rotate_min_observed_ns_per_iter,min_observed_iters2000,2000,1,1,1650,1,,192,32,63,4,512,128,65028,0.25,0.25,16,3.0,128,4,1,15,128,0,960,15,384.0,2048,64,0,3.0
simt_only,128,128,32,162.82199323177338,store_rotate_min_observed_ns_per_iter,min_observed_iters2000,2000,1,1,1650,1,,192,32,63,4,512,128,65028,0.125,0.125,32,7.0,128,4,1,15,128,0,960,15,896.0,4096,64,1024,7.0
simt_only,128,128,64,182.8169971704483,store_rotate_min_observed_ns_per_iter,min_observed_iters2000,2000,1,1,1650,1,,192,32,63,4,512,128,65028,0.0625,0.0625,64,15.0,128,4,1,15,128,0,960,15,1920.0,8192,64,5120,15.0
simt_only,128,192,1,171.9914972782135,store_rotate_min_observed_ns_per_iter,min_observed_iters2000,2000,1,1,1650,1,,192,32,42,4,768,128,97540,4.0,4.0,4,0.0,128,4,1,23,128,0,960,15,0.0,128,64,0,0.0
simt_only,128,192,2,172.01200127601624,store_rotate_min_observed_ns_per_iter,min_observed_iters2000,2000,1,1,1650,1,,192,32,42,4,768,128,97540,2.0,2.0,4,0.0,128,4,1,23,128,0,960,15,0.0,256,64,0,0.0
simt_only,128,192,4,172.14199900627136,store_rotate_min_observed_ns_per_iter,min_observed_iters2000,2000,1,1,1650,1,,192,32,42,4,768,128,97540,1.0,1.0,4,0.0,128,4,1,23,128,0,960,15,0.0,512,64,0,0.0
simt_only,128,192,8,172.01200127601624,store_rotate_min_observed_ns_per_iter,min_observed_iters2000,2000,1,1,1650,1,,192,32,42,4,768,128,97540,0.5,0.5,8,1.0,128,4,1,23,128,0,960,15,128.0,1024,64,0,1.0
simt_only,128,192,16,174.0580052137375,store_rotate_min_observed_ns_per_iter,min_observed_iters2000,2000,1,1,1650,1,,192,32,42,4,768,128,97540,0.25,0.25,16,3.0,128,4,1,23,128,0,960,15,384.0,2048,64,0,3.0
simt_only,128,192,32,172.33900725841522,store_rotate_min_observed_ns_per_iter,min_observed_iters2000,2000,1,1,1650,1,,192,32,42,4,768,128,97540,0.125,0.125,32,7.0,128,4,1,23,128,0,960,15,896.0,4096,64,1024,7.0
simt_only,128,192,64,213.3515030145645,store_rotate_min_observed_ns_per_iter,min_observed_iters2000,2000,1,1,1650,1,,192,32,42,4,768,128,97540,0.0625,0.0625,64,15.0,128,4,1,23,128,0,960,15,1920.0,8192,64,5120,15.0
simt_only,128,256,1,158.10200572013855,store_rotate_min_observed_ns_per_iter,min_observed_iters2000,2000,1,1,1650,1,,448,16,31,4,1024,128,130052,4.0,4.0,4,0.0,128,4,1,31,128,0,960,15,0.0,128,64,0,0.0
simt_only,128,256,2,164.75149989128113,store_rotate_min_observed_ns_per_iter,min_observed_iters2000,2000,1,1,1650,1,,448,16,31,4,1024,128,130052,2.0,2.0,4,0.0,128,4,1,31,128,0,960,15,0.0,256,64,0,0.0
simt_only,128,256,4,158.3855003118515,store_rotate_min_observed_ns_per_iter,min_observed_iters2000,2000,1,1,1650,1,,448,16,31,4,1024,128,130052,1.0,1.0,4,0.0,128,4,1,31,128,0,960,15,0.0,512,64,0,0.0
simt_only,128,256,8,162.31350600719452,store_rotate_min_observed_ns_per_iter,min_observed_iters2000,2000,1,1,1650,1,,448,16,31,4,1024,128,130052,0.5,0.5,8,1.0,128,4,1,31,128,0,960,15,128.0,1024,64,0,1.0
simt_only,128,256,16,158.13499689102173,store_rotate_min_observed_ns_per_iter,min_observed_iters2000,2000,1,1,1650,1,,448,16,31,4,1024,128,130052,0.25,0.25,16,3.0,128,4,1,31,128,0,960,15,384.0,2048,64,0,3.0
simt_only,128,256,32,163.19499909877777,store_rotate_min_observed_ns_per_iter,min_observed_iters2000,2000,1,1,1650,1,,448,16,31,4,1024,128,130052,0.125,0.125,32,7.0,128,4,1,31,128,0,960,15,896.0,4096,64,1024,7.0
simt_only,128,256,64,182.42575228214264,store_rotate_min_observed_ns_per_iter,min_observed_iters8000,8000,1,1,1650,1,,448,16,31,4,1024,128,130052,0.0625,0.0625,64,15.0,128,4,1,31,128,0,960,15,1920.0,8192,64,5120,15.0
simt_only,256,1,1,35.25225073099136,store_rotate_min_observed_ns_per_iter,min_observed_iters8000,8000,1,1,1650,1,,16256,2,255,4,4,256,1024,8.0,8.0,8,0.0,8,128,0,0,256,0,32640,255,0.0,8,8,0,0.0
simt_only,256,1,2,31.05287440121174,store_rotate_min_observed_ns_per_iter,min_observed_iters8000,8000,1,1,1650,1,,16256,2,255,4,4,256,1024,4.0,4.0,8,0.0,8,128,0,0,256,0,32640,255,0.0,16,8,0,0.0
simt_only,256,1,4,28.679750859737396,store_rotate_min_observed_ns_per_iter,min_observed_iters8000,8000,1,1,1650,1,,16256,2,255,4,4,256,1024,2.0,2.0,8,0.0,8,128,0,0,256,0,32640,255,0.0,32,8,0,0.0
simt_only,256,1,8,30.72812408208847,store_rotate_min_observed_ns_per_iter,min_observed_iters8000,8000,1,1,1650,1,,16256,2,255,4,4,256,1024,1.0,1.0,8,0.0,8,128,0,0,256,0,32640,255,0.0,64,8,0,0.0
simt_only,256,1,16,42.89962351322174,store_rotate_min_observed_ns_per_iter,min_observed_iters8000,8000,1,1,1650,1,,16256,2,255,4,4,256,1024,0.5,0.5,16,1.0,8,128,0,0,256,0,32640,255,8.0,128,8,0,0.0
simt_only,256,1,32,51.94874852895737,store_rotate_min_observed_ns_per_iter,min_observed_iters8000,8000,1,1,1650,1,,16256,2,255,4,4,256,1024,0.25,0.25,32,3.0,8,128,0,0,256,0,32640,255,24.0,256,8,0,0.0
simt_only,256,1,64,73.7684965133667,store_rotate_min_observed_ns_per_iter,min_observed_iters2000,2000,1,1,1650,1,,16256,2,255,4,4,256,1024,0.125,0.125,64,7.0,8,128,0,0,256,0,32640,255,56.0,512,8,0,0.0
simt_only,256,2,1,71.00912183523178,store_rotate_min_observed_ns_per_iter,min_observed_iters8000,8000,1,1,1650,1,,8064,4,255,4,8,256,2044,8.0,8.0,8,0.0,16,64,0,0,256,0,32640,255,0.0,16,16,0,0.0
simt_only,256,2,2,50.462376326322556,store_rotate_min_observed_ns_per_iter,min_observed_iters8000,8000,1,1,1650,1,,8064,4,255,4,8,256,2044,4.0,4.0,8,0.0,16,64,0,0,256,0,32640,255,0.0,32,16,0,0.0
simt_only,256,2,4,43.366000056266785,store_rotate_min_observed_ns_per_iter,min_observed_iters8000,8000,1,1,1650,1,,8064,4,255,4,8,256,2044,2.0,2.0,8,0.0,16,64,0,0,256,0,32640,255,0.0,64,16,0,0.0
simt_only,256,2,8,32.55687654018402,store_rotate_min_observed_ns_per_iter,min_observed_iters8000,8000,1,1,1650,1,,8064,4,255,4,8,256,2044,1.0,1.0,8,0.0,16,64,0,0,256,0,32640,255,0.0,128,16,0,0.0
simt_only,256,2,16,48.37162420153618,store_rotate_min_observed_ns_per_iter,min_observed_iters8000,8000,1,1,1650,1,,8064,4,255,4,8,256,2044,0.5,0.5,16,1.0,16,64,0,0,256,0,32640,255,16.0,256,16,0,0.0
simt_only,256,2,32,60.62750145792961,store_rotate_min_observed_ns_per_iter,min_observed_iters2000,2000,1,1,1650,1,,8064,4,255,4,8,256,2044,0.25,0.25,32,3.0,16,64,0,0,256,0,32640,255,48.0,512,16,0,0.0
simt_only,256,2,64,74.76849853992462,store_rotate_min_observed_ns_per_iter,min_observed_iters8000,8000,1,1,1650,1,,8064,4,255,4,8,256,2044,0.125,0.125,64,7.0,16,64,0,0,256,0,32640,255,112.0,1024,16,0,0.0
simt_only,256,3,1,71.99475169181824,store_rotate_min_observed_ns_per_iter,min_observed_iters8000,8000,1,1,1650,1,,5334,6,255,4,12,256,3064,8.0,8.0,8,0.0,24,40,0,0,256,0,18105,170,0.0,24,24,0,0.0
simt_only,256,3,2,46.63562402129173,store_rotate_min_observed_ns_per_iter,min_observed_iters8000,8000,1,1,1650,1,,5334,6,255,4,12,256,3064,4.0,4.0,8,0.0,24,40,0,0,256,0,18105,170,0.0,48,24,0,0.0
simt_only,256,3,4,40.55587574839592,store_rotate_min_observed_ns_per_iter,min_observed_iters8000,8000,1,1,1650,1,,5334,6,255,4,12,256,3064,2.0,2.0,8,0.0,24,40,0,0,256,0,18105,170,0.0,96,24,0,0.0
simt_only,256,3,8,33.11600163578987,store_rotate_min_observed_ns_per_iter,min_observed_iters8000,8000,1,1,1650,1,,5334,6,255,4,12,256,3064,1.0,1.0,8,0.0,24,40,0,0,256,0,18105,170,0.0,192,24,0,0.0
simt_only,256,3,16,53.13137546181679,store_rotate_min_observed_ns_per_iter,min_observed_iters8000,8000,1,1,1650,1,,5334,6,255,4,12,256,3064,0.5,0.5,16,1.0,24,40,0,0,256,0,18105,170,24.0,384,24,0,0.0
simt_only,256,3,32,63.120998442173004,store_rotate_min_observed_ns_per_iter,min_observed_iters8000,8000,1,1,1650,1,,5334,6,255,4,12,256,3064,0.25,0.25,32,3.0,24,40,0,0,256,0,18105,170,72.0,768,24,0,0.0
simt_only,256,3,64,101.82949900627136,store_rotate_min_observed_ns_per_iter,min_observed_iters8000,8000,1,1,1650,1,,5334,6,255,4,12,256,3064,0.125,0.125,64,7.0,24,40,0,0,256,0,18105,170,168.0,1536,24,0,0.0
simt_only,256,4,1,71.86199724674225,store_rotate_min_observed_ns_per_iter,min_observed_iters8000,8000,1,1,1650,1,,3968,8,255,4,16,256,4084,8.0,8.0,8,0.0,32,32,0,0,256,0,16256,127,0.0,32,32,0,0.0
simt_only,256,4,2,49.77462440729141,store_rotate_min_observed_ns_per_iter,min_observed_iters8000,8000,1,1,1650,1,,3968,8,255,4,16,256,4084,4.0,4.0,8,0.0,32,32,0,0,256,0,16256,127,0.0,64,32,0,0.0
simt_only,256,4,4,48.30062389373779,store_rotate_min_observed_ns_per_iter,min_observed_iters8000,8000,1,1,1650,1,,3968,8,255,4,16,256,4084,2.0,2.0,8,0.0,32,32,0,0,256,0,16256,127,0.0,128,32,0,0.0
simt_only,256,4,8,47.537125647068024,store_rotate_min_observed_ns_per_iter,min_observed_iters8000,8000,1,1,1650,1,,3968,8,255,4,16,256,4084,1.0,1.0,8,0.0,32,32,0,0,256,0,16256,127,0.0,256,32,0,0.0
simt_only,256,4,16,49.96924847364426,store_rotate_min_observed_ns_per_iter,min_observed_iters8000,8000,1,1,1650,1,,3968,8,255,4,16,256,4084,0.5,0.5,16,1.0,32,32,0,0,256,0,16256,127,32.0,512,32,0,0.0
simt_only,256,4,32,58.226000517606735,store_rotate_min_observed_ns_per_iter,min_observed_iters8000,8000,1,1,1650,1,,3968,8,255,4,16,256,4084,0.25,0.25,32,3.0,32,32,0,0,256,0,16256,127,96.0,1024,32,0,0.0
simt_only,256,4,64,76.81850343942642,store_rotate_min_observed_ns_per_iter,min_observed_iters8000,8000,1,1,1650,1,,3968,8,255,4,16,256,4084,0.125,0.125,64,7.0,32,32,0,0,256,0,16256,127,224.0,2048,32,0,0.0
simt_only,256,5,1,73.20312410593033,store_rotate_min_observed_ns_per_iter,min_observed_iters8000,8000,1,1,1650,1,,3150,10,255,4,20,256,5104,8.0,8.0,8,0.0,40,24,1,1,256,0,11679,102,0.0,40,40,0,0.0
simt_only,256,5,2,64.03899937868118,store_rotate_min_observed_ns_per_iter,min_observed_iters2000,2000,1,1,1650,1,,3150,10,255,4,20,256,5104,4.0,4.0,8,0.0,40,24,1,1,256,0,11679,102,0.0,80,40,0,0.0
simt_only,256,5,4,66.72950088977814,store_rotate_min_observed_ns_per_iter,min_observed_iters8000,8000,1,1,1650,1,,3150,10,255,4,20,256,5104,2.0,2.0,8,0.0,40,24,1,1,256,0,11679,102,0.0,160,40,0,0.0
simt_only,256,5,8,67.11649894714355,store_rotate_min_observed_ns_per_iter,min_observed_iters2000,2000,1,1,1650,1,,3150,10,255,4,20,256,5104,1.0,1.0,8,0.0,40,24,1,1,256,0,11679,102,0.0,320,40,0,0.0
simt_only,256,5,16,64.26849961280823,store_rotate_min_observed_ns_per_iter,min_observed_iters8000,8000,1,1,1650,1,,3150,10,255,4,20,256,5104,0.5,0.5,16,1.0,40,24,1,1,256,0,11679,102,40.0,640,40,0,1.0
simt_only,256,5,32,71.74187153577805,store_rotate_min_observed_ns_per_iter,min_observed_iters8000,8000,1,1,1650,1,,3150,10,255,4,20,256,5104,0.25,0.25,32,3.0,40,24,1,1,256,0,11679,102,120.0,1280,40,0,3.0
simt_only,256,5,64,110.01574993133545,store_rotate_min_observed_ns_per_iter,min_observed_iters8000,8000,1,1,1650,1,,3150,10,255,4,20,256,5104,0.125,0.125,64,7.0,40,24,1,1,256,0,11679,102,280.0,2560,40,0,7.0
simt_only,256,6,1,76.13799721002579,store_rotate_min_observed_ns_per_iter,min_observed_iters8000,8000,1,1,1650,1,,2604,12,255,4,24,256,6124,8.0,8.0,8,0.0,48,20,1,1,256,0,10795,85,0.0,48,48,0,0.0
simt_only,256,6,2,74.76849853992462,store_rotate_min_observed_ns_per_iter,min_observed_iters8000,8000,1,1,1650,1,,2604,12,255,4,24,256,6124,4.0,4.0,8,0.0,48,20,1,1,256,0,10795,85,0.0,96,48,0,0.0
simt_only,256,6,4,71.93350046873093,store_rotate_min_observed_ns_per_iter,min_observed_iters2000,2000,1,1,1650,1,,2604,12,255,4,24,256,6124,2.0,2.0,8,0.0,48,20,1,1,256,0,10795,85,0.0,192,48,0,0.0
simt_only,256,6,8,73.27837496995926,store_rotate_min_observed_ns_per_iter,min_observed_iters8000,8000,1,1,1650,1,,2604,12,255,4,24,256,6124,1.0,1.0,8,0.0,48,20,1,1,256,0,10795,85,0.0,384,48,0,0.0
simt_only,256,6,16,68.69649887084961,store_rotate_min_observed_ns_per_iter,min_observed_iters2000,2000,1,1,1650,1,,2604,12,255,4,24,256,6124,0.5,0.5,16,1.0,48,20,1,1,256,0,10795,85,48.0,768,48,0,1.0
simt_only,256,6,32,74.6803730726242,store_rotate_min_observed_ns_per_iter,min_observed_iters8000,8000,1,1,1650,1,,2604,12,255,4,24,256,6124,0.25,0.25,32,3.0,48,20,1,1,256,0,10795,85,144.0,1536,48,0,3.0
simt_only,256,6,64,114.07587677240372,store_rotate_min_observed_ns_per_iter,min_observed_iters8000,8000,1,1,1650,1,,2604,12,255,4,24,256,6124,0.125,0.125,64,7.0,48,20,1,1,256,0,10795,85,336.0,3072,48,0,7.0
simt_only,256,7,1,86.23699843883514,store_rotate_min_observed_ns_per_iter,min_observed_iters2000,2000,1,1,1650,1,,2214,14,255,4,28,256,7144,8.0,8.0,8,0.0,56,16,1,1,256,0,8587,73,0.0,56,56,0,0.0
simt_only,256,7,2,80.29349893331528,store_rotate_min_observed_ns_per_iter,min_observed_iters2000,2000,1,1,1650,1,,2214,14,255,4,28,256,7144,4.0,4.0,8,0.0,56,16,1,1,256,0,8587,73,0.0,112,56,0,0.0
simt_only,256,7,4,82.46450126171112,store_rotate_min_observed_ns_per_iter,min_observed_iters2000,2000,1,1,1650,1,,2214,14,255,4,28,256,7144,2.0,2.0,8,0.0,56,16,1,1,256,0,8587,73,0.0,224,56,0,0.0
simt_only,256,7,8,86.93999797105789,store_rotate_min_observed_ns_per_iter,min_observed_iters2000,2000,1,1,1650,1,,2214,14,255,4,28,256,7144,1.0,1.0,8,0.0,56,16,1,1,256,0,8587,73,0.0,448,56,0,0.0
simt_only,256,7,16,85.32000333070755,store_rotate_min_observed_ns_per_iter,min_observed_iters2000,2000,1,1,1650,1,,2214,14,255,4,28,256,7144,0.5,0.5,16,1.0,56,16,1,1,256,0,8587,73,56.0,896,56,0,1.0
simt_only,256,7,32,85.1920023560524,store_rotate_min_observed_ns_per_iter,min_observed_iters2000,2000,1,1,1650,1,,2214,14,255,4,28,256,7144,0.25,0.25,32,3.0,56,16,1,1,256,0,8587,73,168.0,1792,56,0,3.0
simt_only,256,7,64,123.4159991145134,store_rotate_min_observed_ns_per_iter,min_observed_iters2000,2000,1,1,1650,1,,2214,14,255,4,28,256,7144,0.125,0.125,64,7.0,56,16,1,1,256,0,8587,73,392.0,3584,56,512,7.0
simt_only,256,8,1,97.21100330352783,store_rotate_min_observed_ns_per_iter,min_observed_iters2000,2000,1,1,1650,1,,1920,16,255,4,32,256,8164,8.0,8.0,8,0.0,64,16,1,1,256,0,8064,63,0.0,64,64,0,0.0
simt_only,256,8,2,105.31400144100189,store_rotate_min_observed_ns_per_iter,min_observed_iters2000,2000,1,1,1650,1,,1920,16,255,4,32,256,8164,4.0,4.0,8,0.0,64,16,1,1,256,0,8064,63,0.0,128,64,0,0.0
simt_only,256,8,4,94.82699632644653,store_rotate_min_observed_ns_per_iter,min_observed_iters2000,2000,1,1,1650,1,,1920,16,255,4,32,256,8164,2.0,2.0,8,0.0,64,16,1,1,256,0,8064,63,0.0,256,64,0,0.0
simt_only,256,8,8,94.41299736499786,store_rotate_min_observed_ns_per_iter,min_observed_iters2000,2000,1,1,1650,1,,1920,16,255,4,32,256,8164,1.0,1.0,8,0.0,64,16,1,1,256,0,8064,63,0.0,512,64,0,0.0
simt_only,256,8,16,98.39250147342682,store_rotate_min_observed_ns_per_iter,min_observed_iters2000,2000,1,1,1650,1,,1920,16,255,4,32,256,8164,0.5,0.5,16,1.0,64,16,1,1,256,0,8064,63,64.0,1024,64,0,1.0
simt_only,256,8,32,93.00799667835236,store_rotate_min_observed_ns_per_iter,min_observed_iters2000,2000,1,1,1650,1,,1920,16,255,4,32,256,8164,0.25,0.25,32,3.0,64,16,1,1,256,0,8064,63,192.0,2048,64,0,3.0
simt_only,256,8,64,112.3030036687851,store_rotate_min_observed_ns_per_iter,min_observed_iters2000,2000,1,1,1650,1,,1920,16,255,4,32,256,8164,0.125,0.125,64,7.0,64,16,1,1,256,0,8064,63,448.0,4096,64,1024,7.0
simt_only,256,9,1,112.36699670553207,store_rotate_min_observed_ns_per_iter,min_observed_iters2000,2000,1,1,1650,1,,1694,18,255,4,36,256,9184,8.0,8.0,8,0.0,72,12,1,2,256,0,6762,56,0.0,72,64,0,0.0
simt_only,256,9,2,112.75800317525864,store_rotate_min_observed_ns_per_iter,min_observed_iters2000,2000,1,1,1650,1,,1694,18,255,4,36,256,9184,4.0,4.0,8,0.0,72,12,1,2,256,0,6762,56,0.0,144,64,0,0.0
simt_only,256,9,4,116.08850210905075,store_rotate_min_observed_ns_per_iter,min_observed_iters2000,2000,1,1,1650,1,,1694,18,255,4,36,256,9184,2.0,2.0,8,0.0,72,12,1,2,256,0,6762,56,0.0,288,64,0,0.0
simt_only,256,9,8,110.7415035367012,store_rotate_min_observed_ns_per_iter,min_observed_iters2000,2000,1,0,1650,1,,1694,18,255,4,36,256,9184,1.0,1.0,8,0.0,72,12,1,2,256,0,6762,56,0.0,576,64,0,0.0
simt_only,256,9,16,110.7574999332428,store_rotate_min_observed_ns_per_iter,min_observed_iters2000,2000,1,0,1650,1,,1694,18,255,4,36,256,9184,0.5,0.5,16,1.0,72,12,1,2,256,0,6762,56,72.0,1152,64,0,1.0
simt_only,256,9,32,111.18350178003311,store_rotate_min_observed_ns_per_iter,min_observed_iters2000,2000,1,1,1650,1,,1694,18,255,4,36,256,9184,0.25,0.25,32,3.0,72,12,1,2,256,0,6762,56,216.0,2304,64,0,3.0
simt_only,256,9,64,137.49650120735168,store_rotate_min_observed_ns_per_iter,min_observed_iters8000,8000,1,1,1650,1,,1694,18,255,4,36,256,9184,0.125,0.125,64,7.0,72,12,1,2,256,0,6762,56,504.0,4608,64,1536,7.0
simt_only,256,10,1,131.64062798023224,store_rotate_min_observed_ns_per_iter,min_observed_iters8000,8000,1,1,1650,1,,1512,20,255,4,40,256,10204,8.0,8.0,8,0.0,80,12,1,2,256,0,6426,51,0.0,80,64,0,0.0
simt_only,256,10,2,115.41099846363068,store_rotate_min_observed_ns_per_iter,min_observed_iters2000,2000,1,1,1650,1,,1512,20,255,4,40,256,10204,4.0,4.0,8,0.0,80,12,1,2,256,0,6426,51,0.0,160,64,0,0.0
simt_only,256,10,4,130.6956261396408,store_rotate_min_observed_ns_per_iter,min_observed_iters8000,8000,1,1,1650,1,,1512,20,255,4,40,256,10204,2.0,2.0,8,0.0,80,12,1,2,256,0,6426,51,0.0,320,64,0,0.0
simt_only,256,10,8,130.8864951133728,store_rotate_min_observed_ns_per_iter,min_observed_iters8000,8000,1,1,1650,1,,1512,20,255,4,40,256,10204,1.0,1.0,8,0.0,80,12,1,2,256,0,6426,51,0.0,640,64,0,0.0
simt_only,256,10,16,131.96000456809998,store_rotate_min_observed_ns_per_iter,min_observed_iters8000,8000,1,1,1650,1,,1512,20,255,4,40,256,10204,0.5,0.5,16,1.0,80,12,1,2,256,0,6426,51,80.0,1280,64,0,1.0
simt_only,256,10,32,129.44650650024414,store_rotate_min_observed_ns_per_iter,min_observed_iters2000,2000,1,1,1650,1,,1512,20,255,4,40,256,10204,0.25,0.25,32,3.0,80,12,1,2,256,0,6426,51,240.0,2560,64,0,3.0
simt_only,256,10,64,148.77849817276,store_rotate_min_observed_ns_per_iter,min_observed_iters2000,2000,1,1,1650,1,,1512,20,255,4,40,256,10204,0.125,0.125,64,7.0,80,12,1,2,256,0,6426,51,560.0,5120,64,2048,7.0
simt_only,256,11,1,143.95487308502197,store_rotate_min_observed_ns_per_iter,min_observed_iters8000,8000,1,1,1650,1,,1364,22,255,4,44,256,11224,8.0,8.0,8,0.0,88,8,1,2,256,0,5566,46,0.0,88,64,0,0.0
simt_only,256,11,2,136.68550550937653,store_rotate_min_observed_ns_per_iter,min_observed_iters2000,2000,1,1,1650,1,,1364,22,255,4,44,256,11224,4.0,4.0,8,0.0,88,8,1,2,256,0,5566,46,0.0,176,64,0,0.0
simt_only,256,11,4,139.08499479293823,store_rotate_min_observed_ns_per_iter,min_observed_iters2000,2000,1,1,1650,1,,1364,22,255,4,44,256,11224,2.0,2.0,8,0.0,88,8,1,2,256,0,5566,46,0.0,352,64,0,0.0
simt_only,256,11,8,143.37949454784393,store_rotate_min_observed_ns_per_iter,min_observed_iters8000,8000,1,1,1650,1,,1364,22,255,4,44,256,11224,1.0,1.0,8,0.0,88,8,1,2,256,0,5566,46,0.0,704,64,0,0.0
simt_only,256,11,16,125.83249807357788,store_rotate_min_observed_ns_per_iter,min_observed_iters2000,2000,1,1,1650,1,,1364,22,255,4,44,256,11224,0.5,0.5,16,1.0,88,8,1,2,256,0,5566,46,88.0,1408,64,0,1.0
simt_only,256,11,32,125.32749772071838,store_rotate_min_observed_ns_per_iter,min_observed_iters2000,2000,1,1,1650,1,,1364,22,255,4,44,256,11224,0.25,0.25,32,3.0,88,8,1,2,256,0,5566,46,264.0,2816,64,0,3.0
simt_only,256,11,64,163.82449865341187,store_rotate_min_observed_ns_per_iter,min_observed_iters2000,2000,1,1,1650,1,,1364,22,255,4,44,256,11224,0.125,0.125,64,7.0,88,8,1,2,256,0,5566,46,616.0,5632,64,2560,7.0
simt_only,256,12,1,135.62099635601044,store_rotate_min_observed_ns_per_iter,min_observed_iters2000,2000,1,1,1650,1,,1240,24,255,4,48,256,12244,8.0,8.0,8,0.0,96,8,1,2,256,0,5334,42,0.0,96,64,0,0.0
simt_only,256,12,2,135.35450398921967,store_rotate_min_observed_ns_per_iter,min_observed_iters2000,2000,1,1,1650,1,,1240,24,255,4,48,256,12244,4.0,4.0,8,0.0,96,8,1,2,256,0,5334,42,0.0,192,64,0,0.0
simt_only,256,12,4,134.9489986896515,store_rotate_min_observed_ns_per_iter,min_observed_iters2000,2000,1,1,1650,1,,1240,24,255,4,48,256,12244,2.0,2.0,8,0.0,96,8,1,2,256,0,5334,42,0.0,384,64,0,0.0
simt_only,256,12,8,135.5845034122467,store_rotate_min_observed_ns_per_iter,min_observed_iters2000,2000,1,1,1650,1,,1240,24,255,4,48,256,12244,1.0,1.0,8,0.0,96,8,1,2,256,0,5334,42,0.0,768,64,0,0.0
simt_only,256,12,16,135.54249703884125,store_rotate_min_observed_ns_per_iter,min_observed_iters2000,2000,1,1,1650,1,,1240,24,255,4,48,256,12244,0.5,0.5,16,1.0,96,8,1,2,256,0,5334,42,96.0,1536,64,0,1.0
simt_only,256,12,32,135.68750023841858,store_rotate_min_observed_ns_per_iter,min_observed_iters2000,2000,1,1,1650,1,,1240,24,255,4,48,256,12244,0.25,0.25,32,3.0,96,8,1,2,256,0,5334,42,288.0,3072,64,0,3.0
simt_only,256,12,64,174.1809993982315,store_rotate_min_observed_ns_per_iter,min_observed_iters2000,2000,1,1,1650,1,,1240,24,255,4,48,256,12244,0.125,0.125,64,7.0,96,8,1,2,256,0,5334,42,672.0,6144,64,3072,7.0
simt_only,256,16,1,182.27800726890564,store_rotate_min_observed_ns_per_iter,min_observed_iters2000,2000,1,1,1650,1,,896,32,255,4,64,256,16324,8.0,8.0,8,0.0,128,8,1,3,256,0,3968,31,0.0,128,64,0,0.0
simt_only,256,16,2,180.67850172519684,store_rotate_min_observed_ns_per_iter,min_observed_iters2000,2000,1,1,1650,1,,896,32,255,4,64,256,16324,4.0,4.0,8,0.0,128,8,1,3,256,0,3968,31,0.0,256,64,0,0.0
simt_only,256,16,4,183.10150504112244,store_rotate_min_observed_ns_per_iter,min_observed_iters2000,2000,1,1,1650,1,,896,32,255,4,64,256,16324,2.0,2.0,8,0.0,128,8,1,3,256,0,3968,31,0.0,512,64,0,0.0
simt_only,256,16,8,182.11500346660614,store_rotate_min_observed_ns_per_iter,min_observed_iters2000,2000,1,1,1650,1,,896,32,255,4,64,256,16324,1.0,1.0,8,0.0,128,8,1,3,256,0,3968,31,0.0,1024,64,0,0.0
simt_only,256,16,16,182.52700567245483,store_rotate_min_observed_ns_per_iter,min_observed_iters2000,2000,1,1,1650,1,,896,32,255,4,64,256,16324,0.5,0.5,16,1.0,128,8,1,3,256,0,3968,31,128.0,2048,64,0,1.0
simt_only,256,16,32,183.48099291324615,store_rotate_min_observed_ns_per_iter,min_observed_iters2000,2000,1,1,1650,1,,896,32,255,4,64,256,16324,0.25,0.25,32,3.0,128,8,1,3,256,0,3968,31,384.0,4096,64,1024,3.0
simt_only,256,16,64,203.28450202941895,store_rotate_min_observed_ns_per_iter,min_observed_iters2000,2000,1,1,1650,1,,896,32,255,4,64,256,16324,0.125,0.125,64,7.0,128,8,1,3,256,0,3968,31,896.0,8192,64,5120,7.0
simt_only,256,20,1,225.38800537586212,store_rotate_min_observed_ns_per_iter,min_observed_iters2000,2000,1,1,1650,1,,1028,32,255,4,80,256,20404,8.0,8.0,8,0.0,160,4,1,4,256,0,4476,51,0.0,160,64,0,0.0
simt_only,256,20,2,224.89850223064423,store_rotate_min_observed_ns_per_iter,min_observed_iters2000,2000,1,1,1650,1,,1028,32,255,4,80,256,20404,4.0,4.0,8,0.0,160,4,1,4,256,0,4476,51,0.0,320,64,0,0.0
simt_only,256,20,4,223.86400401592255,store_rotate_min_observed_ns_per_iter,min_observed_iters2000,2000,1,1,1650,1,,1028,32,255,4,80,256,20404,2.0,2.0,8,0.0,160,4,1,4,256,0,4476,51,0.0,640,64,0,0.0
simt_only,256,20,8,225.2044975757599,store_rotate_min_observed_ns_per_iter,min_observed_iters2000,2000,1,1,1650,1,,1028,32,255,4,80,256,20404,1.0,1.0,8,0.0,160,4,1,4,256,0,4476,51,0.0,1280,64,0,0.0
simt_only,256,20,16,224.49499368667603,store_rotate_min_observed_ns_per_iter,min_observed_iters2000,2000,1,1,1650,1,,1028,32,255,4,80,256,20404,0.5,0.5,16,1.0,160,4,1,4,256,0,4476,51,160.0,2560,64,0,1.0
simt_only,256,20,32,224.16700422763824,store_rotate_min_observed_ns_per_iter,min_observed_iters2000,2000,1,1,1650,1,,1028,32,255,4,80,256,20404,0.25,0.25,32,3.0,160,4,1,4,256,0,4476,51,480.0,5120,64,2048,3.0
simt_only,256,20,64,263.5450065135956,store_rotate_min_observed_ns_per_iter,min_observed_iters2000,2000,1,1,1650,1,,1028,32,255,4,80,256,20404,0.125,0.125,64,7.0,160,4,1,4,256,0,4476,51,1120.0,10240,64,7168,7.0
simt_only,256,24,1,271.91099524497986,store_rotate_min_observed_ns_per_iter,min_observed_iters2000,2000,1,1,1650,1,,1015,32,255,4,96,256,24484,8.0,8.0,8,0.0,192,4,1,5,256,0,4431,42,0.0,192,64,0,0.0
simt_only,256,24,2,270.5734968185425,store_rotate_min_observed_ns_per_iter,min_observed_iters2000,2000,1,1,1650,1,,1015,32,255,4,96,256,24484,4.0,4.0,8,0.0,192,4,1,5,256,0,4431,42,0.0,384,64,0,0.0
simt_only,256,24,4,270.9929943084717,store_rotate_min_observed_ns_per_iter,min_observed_iters2000,2000,1,1,1650,1,,1015,32,255,4,96,256,24484,2.0,2.0,8,0.0,192,4,1,5,256,0,4431,42,0.0,768,64,0,0.0
simt_only,256,24,8,270.44299244880676,store_rotate_min_observed_ns_per_iter,min_observed_iters2000,2000,1,1,1650,1,,1015,32,255,4,96,256,24484,1.0,1.0,8,0.0,192,4,1,5,256,0,4431,42,0.0,1536,64,0,0.0
simt_only,256,24,16,270.7715034484863,store_rotate_min_observed_ns_per_iter,min_observed_iters2000,2000,1,1,1650,1,,1015,32,255,4,96,256,24484,0.5,0.5,16,1.0,192,4,1,5,256,0,4431,42,192.0,3072,64,0,1.0
simt_only,256,24,32,271.15198969841003,store_rotate_min_observed_ns_per_iter,min_observed_iters2000,2000,1,1,1650,1,,1015,32,255,4,96,256,24484,0.25,0.25,32,3.0,192,4,1,5,256,0,4431,42,576.0,6144,64,3072,3.0
simt_only,256,24,64,309.74850058555603,store_rotate_min_observed_ns_per_iter,min_observed_iters2000,2000,1,1,1650,1,,1015,32,255,4,96,256,24484,0.125,0.125,64,7.0,192,4,1,5,256,0,4431,42,1344.0,12288,64,9216,7.0
simt_only,256,32,1,360.3464961051941,store_rotate_min_observed_ns_per_iter,min_observed_iters2000,2000,1,1,1650,1,,896,32,255,4,128,256,32644,8.0,8.0,8,0.0,256,4,1,7,256,0,3968,31,0.0,256,64,0,0.0
simt_only,256,32,2,358.19000005722046,store_rotate_min_observed_ns_per_iter,min_observed_iters2000,2000,1,1,1650,1,,896,32,255,4,128,256,32644,4.0,4.0,8,0.0,256,4,1,7,256,0,3968,31,0.0,512,64,0,0.0
simt_only,256,32,4,360.8900010585785,store_rotate_min_observed_ns_per_iter,min_observed_iters2000,2000,1,1,1650,1,,896,32,255,4,128,256,32644,2.0,2.0,8,0.0,256,4,1,7,256,0,3968,31,0.0,1024,64,0,0.0
simt_only,256,32,8,365.6350076198578,store_rotate_min_observed_ns_per_iter,min_observed_iters2000,2000,1,1,1650,1,,896,32,255,4,128,256,32644,1.0,1.0,8,0.0,256,4,1,7,256,0,3968,31,0.0,2048,64,0,0.0
simt_only,256,32,16,357.55449533462524,store_rotate_min_observed_ns_per_iter,min_observed_iters2000,2000,1,1,1650,1,,896,32,255,4,128,256,32644,0.5,0.5,16,1.0,256,4,1,7,256,0,3968,31,256.0,4096,64,1024,1.0
simt_only,256,32,32,362.7080023288727,store_rotate_min_observed_ns_per_iter,min_observed_iters2000,2000,1,1,1650,1,,896,32,255,4,128,256,32644,0.25,0.25,32,3.0,256,4,1,7,256,0,3968,31,768.0,8192,64,5120,3.0
simt_only,256,32,64,380.2585005760193,store_rotate_min_observed_ns_per_iter,min_observed_iters2000,2000,1,1,1650,1,,896,32,255,4,128,256,32644,0.125,0.125,64,7.0,256,4,1,7,256,0,3968,31,1792.0,16384,64,13312,7.0
simt_only,256,40,1,329.4450044631958,store_rotate_min_observed_ns_per_iter,min_observed_iters2000,2000,1,1,1650,1,,942,32,204,4,160,256,40804,8.0,8.0,8,0.0,256,4,1,9,256,0,4138,38,0.0,256,64,0,0.0
simt_only,256,40,2,331.72550797462463,store_rotate_min_observed_ns_per_iter,min_observed_iters2000,2000,1,1,1650,1,,942,32,204,4,160,256,40804,4.0,4.0,8,0.0,256,4,1,9,256,0,4138,38,0.0,512,64,0,0.0
simt_only,256,40,4,329.62149381637573,store_rotate_min_observed_ns_per_iter,min_observed_iters2000,2000,1,1,1650,1,,942,32,204,4,160,256,40804,2.0,2.0,8,0.0,256,4,1,9,256,0,4138,38,0.0,1024,64,0,0.0
simt_only,256,40,8,330.24701476097107,store_rotate_min_observed_ns_per_iter,min_observed_iters2000,2000,1,1,1650,1,,942,32,204,4,160,256,40804,1.0,1.0,8,0.0,256,4,1,9,256,0,4138,38,0.0,2048,64,0,0.0
simt_only,256,40,16,329.39550280570984,store_rotate_min_observed_ns_per_iter,min_observed_iters2000,2000,1,1,1650,1,,942,32,204,4,160,256,40804,0.5,0.5,16,1.0,256,4,1,9,256,0,4138,38,256.0,4096,64,1024,1.0
simt_only,256,40,32,416.74238443374634,store_rotate_min_observed_ns_per_iter,min_observed_iters8000,8000,1,0,1650,1,,942,32,204,4,160,256,40804,0.25,0.25,32,3.0,256,4,1,9,256,0,4138,38,768.0,8192,64,5120,3.0
simt_only,256,40,64,422.59275913238525,store_rotate_min_observed_ns_per_iter,min_observed_iters8000,8000,1,1,1650,1,,942,32,204,4,160,256,40804,0.125,0.125,64,7.0,256,4,1,9,256,0,4138,38,1792.0,16384,64,13312,7.0
simt_only,256,48,1,407.6395034790039,store_rotate_min_observed_ns_per_iter,min_observed_iters8000,8000,1,1,1650,1,,896,32,170,4,192,256,48964,8.0,8.0,8,0.0,256,4,1,11,256,0,3968,31,0.0,256,64,0,0.0
simt_only,256,48,2,407.50986337661743,store_rotate_min_observed_ns_per_iter,min_observed_iters8000,8000,1,1,1650,1,,896,32,170,4,192,256,48964,4.0,4.0,8,0.0,256,4,1,11,256,0,3968,31,0.0,512,64,0,0.0
simt_only,256,48,4,332.9874873161316,store_rotate_min_observed_ns_per_iter,min_observed_iters2000,2000,1,1,1650,1,,896,32,170,4,192,256,48964,2.0,2.0,8,0.0,256,4,1,11,256,0,3968,31,0.0,1024,64,0,0.0
simt_only,256,48,8,393.9756155014038,store_rotate_min_observed_ns_per_iter,min_observed_iters8000,8000,1,1,1650,1,,896,32,170,4,192,256,48964,1.0,1.0,8,0.0,256,4,1,11,256,0,3968,31,0.0,2048,64,0,0.0
simt_only,256,48,16,442.9726302623749,store_rotate_min_observed_ns_per_iter,min_observed_iters8000,8000,1,1,1650,1,,896,32,170,4,192,256,48964,0.5,0.5,16,1.0,256,4,1,11,256,0,3968,31,256.0,4096,64,1024,1.0
simt_only,256,48,32,388.7123763561249,store_rotate_min_observed_ns_per_iter,min_observed_iters8000,8000,1,1,1650,1,,896,32,170,4,192,256,48964,0.25,0.25,32,3.0,256,4,1,11,256,0,3968,31,768.0,8192,64,5120,3.0
simt_only,256,48,64,446.67938351631165,store_rotate_min_observed_ns_per_iter,min_observed_iters8000,8000,1,1,1650,1,,896,32,170,4,192,256,48964,0.125,0.125,64,7.0,256,4,1,11,256,0,3968,31,1792.0,16384,64,13312,7.0
simt_only,256,64,1,328.3565044403076,store_rotate_min_observed_ns_per_iter,min_observed_iters2000,2000,1,1,1650,1,,896,32,127,4,256,256,65284,8.0,8.0,8,0.0,256,4,1,15,256,0,3968,31,0.0,256,64,0,0.0
simt_only,256,64,2,328.8719952106476,store_rotate_min_observed_ns_per_iter,min_observed_iters2000,2000,1,1,1650,1,,896,32,127,4,256,256,65284,4.0,4.0,8,0.0,256,4,1,15,256,0,3968,31,0.0,512,64,0,0.0
simt_only,256,64,4,329.09300923347473,store_rotate_min_observed_ns_per_iter,min_observed_iters2000,2000,1,1,1650,1,,896,32,127,4,256,256,65284,2.0,2.0,8,0.0,256,4,1,15,256,0,3968,31,0.0,1024,64,0,0.0
simt_only,256,64,8,328.65551114082336,store_rotate_min_observed_ns_per_iter,min_observed_iters2000,2000,1,1,1650,1,,896,32,127,4,256,256,65284,1.0,1.0,8,0.0,256,4,1,15,256,0,3968,31,0.0,2048,64,0,0.0
simt_only,256,64,16,329.29500937461853,store_rotate_min_observed_ns_per_iter,min_observed_iters2000,2000,1,1,1650,1,,896,32,127,4,256,256,65284,0.5,0.5,16,1.0,256,4,1,15,256,0,3968,31,256.0,4096,64,1024,1.0
simt_only,256,64,32,329.19949293136597,store_rotate_min_observed_ns_per_iter,min_observed_iters2000,2000,1,1,1650,1,,896,32,127,4,256,256,65284,0.25,0.25,32,3.0,256,4,1,15,256,0,3968,31,768.0,8192,64,5120,3.0
simt_only,256,64,64,348.25950860977173,store_rotate_min_observed_ns_per_iter,min_observed_iters2000,2000,1,1,1650,1,,896,32,127,4,256,256,65284,0.125,0.125,64,7.0,256,4,1,15,256,0,3968,31,1792.0,16384,64,13312,7.0
simt_only,256,96,1,345.0104892253876,store_rotate_min_observed_ns_per_iter,min_observed_iters2000,2000,1,1,1650,1,,896,32,85,4,384,256,97924,8.0,8.0,8,0.0,256,4,1,23,256,0,3968,31,0.0,256,64,0,0.0
simt_only,256,96,2,345.2414870262146,store_rotate_min_observed_ns_per_iter,min_observed_iters2000,2000,1,1,1650,1,,896,32,85,4,384,256,97924,4.0,4.0,8,0.0,256,4,1,23,256,0,3968,31,0.0,512,64,0,0.0
simt_only,256,96,4,344.6804881095886,store_rotate_min_observed_ns_per_iter,min_observed_iters2000,2000,1,1,1650,1,,896,32,85,4,384,256,97924,2.0,2.0,8,0.0,256,4,1,23,256,0,3968,31,0.0,1024,64,0,0.0
simt_only,256,96,8,344.51350569725037,store_rotate_min_observed_ns_per_iter,min_observed_iters2000,2000,1,1,1650,1,,896,32,85,4,384,256,97924,1.0,1.0,8,0.0,256,4,1,23,256,0,3968,31,0.0,2048,64,0,0.0
simt_only,256,96,16,345.2324867248535,store_rotate_min_observed_ns_per_iter,min_observed_iters2000,2000,1,1,1650,1,,896,32,85,4,384,256,97924,0.5,0.5,16,1.0,256,4,1,23,256,0,3968,31,256.0,4096,64,1024,1.0
simt_only,256,96,32,344.5329964160919,store_rotate_min_observed_ns_per_iter,min_observed_iters2000,2000,1,1,1650,1,,896,32,85,4,384,256,97924,0.25,0.25,32,3.0,256,4,1,23,256,0,3968,31,768.0,8192,64,5120,3.0
simt_only,256,96,64,383.83200764656067,store_rotate_min_observed_ns_per_iter,min_observed_iters2000,2000,1,1,1650,1,,896,32,85,4,384,256,97924,0.125,0.125,64,7.0,256,4,1,23,256,0,3968,31,1792.0,16384,64,13312,7.0
simt_only,256,128,1,316.75851345062256,store_rotate_min_observed_ns_per_iter,min_observed_iters8000,8000,1,1,1650,1,,896,32,63,4,512,256,130564,8.0,8.0,8,0.0,256,4,1,31,256,0,3968,31,0.0,256,64,0,0.0
simt_only,256,128,2,318.4635043144226,store_rotate_min_observed_ns_per_iter,min_observed_iters8000,8000,1,1,1650,1,,896,32,63,4,512,256,130564,4.0,4.0,8,0.0,256,4,1,31,256,0,3968,31,0.0,512,64,0,0.0
simt_only,256,128,4,316.6177570819855,store_rotate_min_observed_ns_per_iter,min_observed_iters8000,8000,1,1,1650,1,,896,32,63,4,512,256,130564,2.0,2.0,8,0.0,256,4,1,31,256,0,3968,31,0.0,1024,64,0,0.0
simt_only,256,128,8,316.1141276359558,store_rotate_min_observed_ns_per_iter,min_observed_iters8000,8000,1,1,1650,1,,896,32,63,4,512,256,130564,1.0,1.0,8,0.0,256,4,1,31,256,0,3968,31,0.0,2048,64,0,0.0
simt_only,256,128,16,316.88088178634644,store_rotate_min_observed_ns_per_iter,min_observed_iters8000,8000,1,1,1650,1,,896,32,63,4,512,256,130564,0.5,0.5,16,1.0,256,4,1,31,256,0,3968,31,256.0,4096,64,1024,1.0
simt_only,256,128,32,316.6488707065582,store_rotate_min_observed_ns_per_iter,min_observed_iters8000,8000,1,1,1650,1,,896,32,63,4,512,256,130564,0.25,0.25,32,3.0,256,4,1,31,256,0,3968,31,768.0,8192,64,5120,3.0
simt_only,256,128,64,336.23987436294556,store_rotate_min_observed_ns_per_iter,min_observed_iters8000,8000,1,1,1650,1,,896,32,63,4,512,256,130564,0.125,0.125,64,7.0,256,4,1,31,256,0,3968,31,1792.0,16384,64,13312,7.0
simt_only,256,192,1,328.91300320625305,store_rotate_min_observed_ns_per_iter,min_observed_iters2000,2000,1,1,1650,1,,896,32,42,4,768,256,195844,8.0,8.0,8,0.0,256,4,1,47,256,0,3968,31,0.0,256,64,0,0.0
simt_only,256,192,2,328.202486038208,store_rotate_min_observed_ns_per_iter,min_observed_iters2000,2000,1,1,1650,1,,896,32,42,4,768,256,195844,4.0,4.0,8,0.0,256,4,1,47,256,0,3968,31,0.0,512,64,0,0.0
simt_only,256,192,4,329.09300923347473,store_rotate_min_observed_ns_per_iter,min_observed_iters2000,2000,1,1,1650,1,,896,32,42,4,768,256,195844,2.0,2.0,8,0.0,256,4,1,47,256,0,3968,31,0.0,1024,64,0,0.0
simt_only,256,192,8,330.1815092563629,store_rotate_min_observed_ns_per_iter,min_observed_iters2000,2000,1,1,1650,1,,896,32,42,4,768,256,195844,1.0,1.0,8,0.0,256,4,1,47,256,0,3968,31,0.0,2048,64,0,0.0
simt_only,256,192,16,329.96100187301636,store_rotate_min_observed_ns_per_iter,min_observed_iters2000,2000,1,1,1650,1,,896,32,42,4,768,256,195844,0.5,0.5,16,1.0,256,4,1,47,256,0,3968,31,256.0,4096,64,1024,1.0
simt_only,256,192,32,328.92000675201416,store_rotate_min_observed_ns_per_iter,min_observed_iters2000,2000,1,1,1650,1,,896,32,42,4,768,256,195844,0.25,0.25,32,3.0,256,4,1,47,256,0,3968,31,768.0,8192,64,5120,3.0
simt_only,256,192,64,368.0045008659363,store_rotate_min_observed_ns_per_iter,min_observed_iters2000,2000,1,1,1650,1,,896,32,42,4,768,256,195844,0.125,0.125,64,7.0,256,4,1,47,256,0,3968,31,1792.0,16384,64,13312,7.0
simt_only,256,256,1,316.3173794746399,store_rotate_min_observed_ns_per_iter,min_observed_iters8000,8000,1,1,1650,1,,1920,16,31,4,1024,256,261124,8.0,8.0,8,0.0,256,4,1,63,256,0,3968,31,0.0,256,64,0,0.0
simt_only,256,256,2,317.1499967575073,store_rotate_min_observed_ns_per_iter,min_observed_iters2000,2000,1,1,1650,1,,1920,16,31,4,1024,256,261124,4.0,4.0,8,0.0,256,4,1,63,256,0,3968,31,0.0,512,64,0,0.0
simt_only,256,256,4,316.59549474716187,store_rotate_min_observed_ns_per_iter,min_observed_iters2000,2000,1,1,1650,1,,1920,16,31,4,1024,256,261124,2.0,2.0,8,0.0,256,4,1,63,256,0,3968,31,0.0,1024,64,0,0.0
simt_only,256,256,8,316.59650802612305,store_rotate_min_observed_ns_per_iter,min_observed_iters2000,2000,1,1,1650,1,,1920,16,31,4,1024,256,261124,1.0,1.0,8,0.0,256,4,1,63,256,0,3968,31,0.0,2048,64,0,0.0
simt_only,256,256,16,316.36011600494385,store_rotate_min_observed_ns_per_iter,min_observed_iters8000,8000,1,1,1650,1,,1920,16,31,4,1024,256,261124,0.5,0.5,16,1.0,256,4,1,63,256,0,3968,31,256.0,4096,64,1024,1.0
simt_only,256,256,32,316.2670135498047,store_rotate_min_observed_ns_per_iter,min_observed_iters2000,2000,1,1,1650,1,,1920,16,31,4,1024,256,261124,0.25,0.25,32,3.0,256,4,1,63,256,0,3968,31,768.0,8192,64,5120,3.0
simt_only,256,256,64,335.7631266117096,store_rotate_min_observed_ns_per_iter,min_observed_iters8000,8000,1,1,1650,1,,1920,16,31,4,1024,256,261124,0.125,0.125,64,7.0,256,4,1,63,256,0,3968,31,1792.0,16384,64,13312,7.0
